family,arm,k,seed,runtime_seconds,realized_clusters,outer_steps,device,candidate,n_clusters,min_cluster_size,max_cluster_size,largest_cluster_fraction,silhouette,davies_bouldin,calinski_harabasz,ami_function,ami_material,ami_condition,ami_data_driven,source_file,source_nmi,source_entropy,cross_source_knn_rate,function_concentration,function_margin,function_coverage,stability_ari,adjacent_k_persistence,function_enrichment_z,function_coverage_adjusted,semantic_p_max_over_k,hard_valid,selection_score,selected,holdout_function_concentration,holdout_gain_vs_fused,delta_function_enrichment_z_vs_fused,delta_function_coverage_adjusted_vs_fused,delta_silhouette_vs_fused,delta_function_ami_vs_fused,delta_source_nmi_vs_fused,promotion_gate,verdict,epochs,heads,best_head,source,selected_nouns,linkage,lambda,t,granularity_counts,stability_method,stability_refits,stability_pairwise_ari,alpha,objective_iterations,graph_knn
amf,mb4_adaptive,4,42,1.901140161,4.0,,,amf::mb4_adaptive::k4,4,270,2039,0.5697122101145572,0.1178819686174392,2.349976344958153,278.4769396841669,0.4731245978470522,0.2569891239116285,0.2446155186597789,0.5636796103405798,C:\CoolYeah\sokAktif\satria-data\garbage-classification\semifinal\results\k_resolution_sweep\20260927\fetch_0754\k-resolution-sweep-v1\amf\mb4_adaptive\k_04\seed_42\labels.npz,0.1561492932861719,0.7159578937889937,0.1128007518796992,0.8237882726233776,0.3172672892972456,1.0,1.0,,47.907592773552665,0.1632653061224489,0.005,False,,,,,,,,,,,,,,,,,,,,,,,,"[0.28498125076293945, 0.35674089193344116, 0.15348070859909058, 0.20479720830917358]",2.0,30.0
amf,mb4_adaptive,6,42,1.6401751279999992,6.0,,,amf::mb4_adaptive::k6,6,231,2057,0.5747415479184129,0.1647421717643737,1.932825438881571,271.4656784198379,0.586449255237245,0.2859434741065589,0.2655325165613066,0.6596921512940317,C:\CoolYeah\sokAktif\satria-data\garbage-classification\semifinal\results\k_resolution_sweep\20260927\fetch_0754\k-resolution-sweep-v1\amf\mb4_adaptive\k_06\seed_42\labels.npz,0.1463634722451651,0.6988097520223379,0.1126447603803784,1.230846025534734,0.6422814918100651,1.0,1.0,,77.45920119985962,0.326530612244898,0.005,False,,,,,,,,,,,,,,,,,,,,,,,,"[0.2849811315536499, 0.35674065351486206, 0.15348070859909058, 0.20479732751846313]",2.0,30.0
amf,mb4_adaptive,8,42,1.640732479999997,8.0,,,amf::mb4_adaptive::k8,8,228,1603,0.4478904721989382,0.2185818701982498,1.7160823082897645,322.41583466651133,0.7000555913822176,0.3403540626042456,0.3452058459479621,0.7825850205003665,C:\CoolYeah\sokAktif\satria-data\garbage-classification\semifinal\results\k_resolution_sweep\20260927\fetch_0754\k-resolution-sweep-v1\amf\mb4_adaptive\k_08\seed_42\labels.npz,0.121121900245182,0.7004528134504968,0.1130823325352086,1.7701819909288417,1.1331184101890803,1.0,1.0,,122.77738984081716,0.3673469387755101,0.005,False,,,,,,,,,,,,,,,,,,,,,,,,"[0.28498101234436035, 0.3567405939102173, 0.15348076820373535, 0.2047973871231079]",2.0,30.0
amf,mb4_adaptive,10,42,1.7734759140000025,10.0,,,amf::mb4_adaptive::k10,10,47,903,0.2523051131601005,0.2478315234184265,1.6810195113212134,336.3416444062252,0.7233336816307101,0.3671312492773343,0.3993995071721814,0.8426832765744915,C:\CoolYeah\sokAktif\satria-data\garbage-classification\semifinal\results\k_resolution_sweep\20260927\fetch_0754\k-resolution-sweep-v1\amf\mb4_adaptive\k_10\seed_42\labels.npz,0.1146383865637779,0.6833911384208469,0.1136743373585478,1.9876260627878213,1.3154006450160918,0.9,1.0,0.910416875887921,142.88897100509777,0.3040816326530612,0.005,True,0.4599999999999999,,,,,,,,,,,,,,,,,,,,,,,"[0.28498125076293945, 0.3567405343055725, 0.15348106622695923, 0.20479726791381836]",2.0,30.0
amf,mb4_adaptive,11,42,2.006184733999987,11.0,,,amf::mb4_adaptive::k11,11,47,711,0.1986588432523051,0.2690159976482391,1.5430171861600384,358.1289057216041,0.7557912824350159,0.3757742710660177,0.4063057165334688,0.8779877535376274,C:\CoolYeah\sokAktif\satria-data\garbage-classification\semifinal\results\k_resolution_sweep\20260927\fetch_0754\k-resolution-sweep-v1\amf\mb4_adaptive\k_11\seed_42\labels.npz,0.1198878473556951,0.6595624018521786,0.1131820431786163,2.150298617311815,1.4701860153365316,0.9090909090909092,0.999349878417334,0.9086162452299784,156.18328948166564,0.3487940630797773,0.005,True,0.405,,,,,,,,,,,,,,,,,,,,,,,"[0.28498125076293945, 0.35674071311950684, 0.15348082780838013, 0.20479726791381836]",2.0,30.0
amf,mb4_adaptive,12,42,1.9723224260000016,12.0,,,amf::mb4_adaptive::k12,12,47,738,0.2062028499580888,0.2786655128002167,1.4898876693345953,359.67809959882044,0.7788139926363384,0.3670333644143531,0.4133896237197834,0.8816402218147001,C:\CoolYeah\sokAktif\satria-data\garbage-classification\semifinal\results\k_resolution_sweep\20260927\fetch_0754\k-resolution-sweep-v1\amf\mb4_adaptive\k_12\seed_42\labels.npz,0.1389476070067121,0.6101224590364888,0.1127134000953743,2.251001876437754,1.5906731023506,0.9166666666666666,1.0,0.9441483513947864,170.30132293616927,0.3605442176870748,0.005,True,0.7066666666666666,True,2.28347810922501,-0.0364532455122872,-25.03220512198257,0.1098153547133138,-0.03357994556427,-0.0206706807203513,-0.0194912047570878,FAIL,MULTI_RESOLUTION_ATLAS_SUPPORTED,,,,,,,,,,,,,"[0.2849811911582947, 0.35674065351486206, 0.15348076820373535, 0.2047971487045288]",2.0,30.0
amf,mb4_adaptive,13,42,1.9553559409999928,13.0,,,amf::mb4_adaptive::k13,13,47,745,0.2081587035484772,0.2705501317977905,1.4834340925956544,338.824787308156,0.7704353676410841,0.3660833058246564,0.4095495601829758,0.8728117207358949,C:\CoolYeah\sokAktif\satria-data\garbage-classification\semifinal\results\k_resolution_sweep\20260927\fetch_0754\k-resolution-sweep-v1\amf\mb4_adaptive\k_13\seed_42\labels.npz,0.1384631402359953,0.606493161463385,0.1125298215478576,2.248445816631589,1.5892067829734555,0.8461538461538461,1.0,0.974089791203891,163.30267751001043,0.2998430141287284,0.005,True,0.595,,,,,,,,,,,,,,,,,,,,,,,"[0.2849810719490051, 0.35674071311950684, 0.1534808874130249, 0.20479720830917358]",2.0,30.0
amf,mb4_adaptive,14,42,1.865696708999998,14.0,,,amf::mb4_adaptive::k14,14,44,748,0.2089969265157865,0.2704632580280304,1.4525069349627575,319.4207257374945,0.765240850387746,0.363442531031169,0.4075346893721164,0.8676301257658647,C:\CoolYeah\sokAktif\satria-data\garbage-classification\semifinal\results\k_resolution_sweep\20260927\fetch_0754\k-resolution-sweep-v1\amf\mb4_adaptive\k_14\seed_42\labels.npz,0.1375806948630437,0.6057430800118186,0.1123758594346829,2.248058452423673,1.5842024173507414,0.7857142857142857,1.0,0.9799914271168144,170.92836199469767,0.2638483965014576,0.005,True,0.7000000000000001,,,,,,,,,,,,,,,,,,,,,,,"[0.2849810719490051, 0.35674065351486206, 0.15348082780838013, 0.20479726791381836]",2.0,30.0
amf,mb4_adaptive,16,42,1.9521634529999967,16.0,,,amf::mb4_adaptive::k16,16,44,576,0.1609388097233864,0.2780401706695556,1.4682971288657465,323.1535107807443,0.7616961714076055,0.3748358926057308,0.4129106656844614,0.8582495118108925,C:\CoolYeah\sokAktif\satria-data\garbage-classification\semifinal\results\k_resolution_sweep\20260927\fetch_0754\k-resolution-sweep-v1\amf\mb4_adaptive\k_16\seed_42\labels.npz,0.1530300402924503,0.5518646271721324,0.1121291195515608,2.3336251500799325,1.6956732766060032,0.6875,1.0,,198.898735838526,0.211734693877551,0.005,True,0.6333333333333334,,,,,,,,,,,,,,,,,,,,,,,"[0.28498131036758423, 0.35674047470092773, 0.1534808874130249, 0.2047971487045288]",2.0,30.0
amf,mb4_adaptive,18,42,1.903002027,18.0,,,amf::mb4_adaptive::k18,18,44,491,0.1371891589829561,0.287923514842987,1.362280860185187,327.3710657332463,0.7505670697471503,0.3742431637874065,0.4285713136284527,0.8475842843279414,C:\CoolYeah\sokAktif\satria-data\garbage-classification\semifinal\results\k_resolution_sweep\20260927\fetch_0754\k-resolution-sweep-v1\amf\mb4_adaptive\k_18\seed_42\labels.npz,0.1995363366945499,0.4260755347990024,0.1104197263662363,2.296321608328093,1.625558129191965,0.6666666666666666,1.0,,193.9901857448673,0.2324263038548752,0.005,False,,,,,,,,,,,,,,,,,,,,,,,,"[0.28498125076293945, 0.35674071311950684, 0.15348082780838013, 0.20479708909988403]",2.0,30.0
amf,mb4_adaptive,20,42,1.9002615739999984,20.0,,,amf::mb4_adaptive::k20,20,31,496,0.1385861972618049,0.2955462634563446,1.3318432805972429,311.16925603476705,0.7496301131366879,0.3773976035547014,0.4364701801213057,0.8483124561928375,C:\CoolYeah\sokAktif\satria-data\garbage-classification\semifinal\results\k_resolution_sweep\20260927\fetch_0754\k-resolution-sweep-v1\amf\mb4_adaptive\k_20\seed_42\labels.npz,0.194954769703022,0.4287344724396772,0.1104039309757796,2.3147558369727133,1.6256224008437874,0.6,0.9993224135771712,,187.9137068838841,0.1857142857142857,0.005,False,,,,,,,,,,,,,,,,,,,,,,,,"[0.2849811911582947, 0.35674065351486206, 0.15348148345947266, 0.20479673147201538]",2.0,30.0
amf,mb4_adaptive,22,42,2.060082342000001,22.0,,,amf::mb4_adaptive::k22,22,31,517,0.1444537580329701,0.2856727838516235,1.3614177628584871,291.7409438211,0.7451289483116418,0.3830373824961166,0.4314539042909142,0.8443016762885796,C:\CoolYeah\sokAktif\satria-data\garbage-classification\semifinal\results\k_resolution_sweep\20260927\fetch_0754\k-resolution-sweep-v1\amf\mb4_adaptive\k_22\seed_42\labels.npz,0.1939954744996768,0.4241320487223303,0.1095762662470128,2.3026898966367835,1.5716461483560884,0.5454545454545454,1.0,,184.20280849573572,0.1512059369202225,0.005,False,,,,,,,,,,,,,,,,,,,,,,,,"[0.28498053550720215, 0.3567401170730591, 0.15348213911056519, 0.20479708909988403]",2.0,30.0
amf,mb4_adaptive,24,42,2.196800609999997,24.0,,,amf::mb4_adaptive::k24,24,31,522,0.1458507963118189,0.2531652748584747,1.4882875320074411,274.8385047665661,0.7302706509312158,0.3755263850664581,0.4382077780828243,0.8283800741313514,C:\CoolYeah\sokAktif\satria-data\garbage-classification\semifinal\results\k_resolution_sweep\20260927\fetch_0754\k-resolution-sweep-v1\amf\mb4_adaptive\k_24\seed_42\labels.npz,0.1958678648315804,0.4055728002221332,0.1094977994341402,2.301470604271621,1.56817620475554,0.5,1.0,,189.8659740602929,0.1275510204081632,0.005,False,,,,,,,,,,,,,,,,,,,,,,,,"[0.28498053550720215, 0.3567400574684143, 0.15348213911056519, 0.2047971487045288]",2.0,30.0
amf,mb4_uniform,4,42,2.026441716,4.0,,,amf::mb4_uniform::k4,4,255,2525,0.7055043308186645,0.1239229515194892,1.9125407757714763,278.3532409734374,0.438517306748125,0.2101933466633642,0.1981093449719716,0.5145648218570582,C:\CoolYeah\sokAktif\satria-data\garbage-classification\semifinal\results\k_resolution_sweep\20260927\fetch_0754\k-resolution-sweep-v1\amf\mb4_uniform\k_04\seed_42\labels.npz,0.0924459633947023,0.8048812915241469,0.1130139555822329,0.8072132574767499,0.2915137704648129,1.0,1.0,,58.94352037871456,0.1632653061224489,0.005,False,,,,,,,,,,,,,,,,,,,,,,,,"[0.25, 0.25, 0.25, 0.25]",2.0,30.0
amf,mb4_uniform,6,42,1.910912813,6.0,,,amf::mb4_uniform::k6,6,232,2056,0.5744621402626432,0.1647707223892212,1.9336445334249623,271.4680099723615,0.5872905659940063,0.286499010793377,0.2662907481550799,0.6616226563324706,C:\CoolYeah\sokAktif\satria-data\garbage-classification\semifinal\results\k_resolution_sweep\20260927\fetch_0754\k-resolution-sweep-v1\amf\mb4_uniform\k_06\seed_42\labels.npz,0.1461108504040541,0.6991085168350465,0.1128956336728738,1.2315757243318175,0.6434600307942103,1.0,1.0,,77.5358100328694,0.3265306122448977,0.005,False,,,,,,,,,,,,,,,,,,,,,,,,"[0.25, 0.25, 0.25, 0.25]",2.0,30.0
amf,mb4_uniform,8,42,1.884935413000001,8.0,,,amf::mb4_uniform::k8,8,228,1604,0.448169879854708,0.2185804843902588,1.7158839999980091,322.3881878370728,0.700185833066705,0.3404658545976498,0.3454980751399433,0.7842614959592094,C:\CoolYeah\sokAktif\satria-data\garbage-classification\semifinal\results\k_resolution_sweep\20260927\fetch_0754\k-resolution-sweep-v1\amf\mb4_uniform\k_08\seed_42\labels.npz,0.1211919975654723,0.7003595114067777,0.1130620096560048,1.7696255229311504,1.132999185711087,1.0,1.0,,123.28585868219002,0.3647959183673469,0.005,False,,,,,,,,,,,,,,,,,,,,,,,,"[0.25, 0.25, 0.25, 0.25]",2.0,30.0
amf,mb4_uniform,10,42,2.0030148399999987,10.0,,,amf::mb4_uniform::k10,10,47,903,0.2523051131601005,0.247792363166809,1.6812767781665727,336.2015602569541,0.7232124103748057,0.366602493273968,0.4001010239189855,0.8436020491701551,C:\CoolYeah\sokAktif\satria-data\garbage-classification\semifinal\results\k_resolution_sweep\20260927\fetch_0754\k-resolution-sweep-v1\amf\mb4_uniform\k_10\seed_42\labels.npz,0.1146495037664529,0.6833966830484112,0.1136657047387606,1.986521980705192,1.3156562826925895,0.9,1.0,0.9076923564184628,142.121304678899,0.3020408163265305,0.005,True,0.405,,,,,,,,,,,,,,,,,,,,,,,"[0.25, 0.25, 0.25, 0.25]",2.0,30.0
amf,mb4_uniform,11,42,2.027276201999996,11.0,,,amf::mb4_uniform::k11,11,47,717,0.2003352891869237,0.2689593136310577,1.540850929635662,357.91371463604685,0.7558917639620067,0.3753667416648601,0.4054633595296568,0.8789295463859081,C:\CoolYeah\sokAktif\satria-data\garbage-classification\semifinal\results\k_resolution_sweep\20260927\fetch_0754\k-resolution-sweep-v1\amf\mb4_uniform\k_11\seed_42\labels.npz,0.1194840331095947,0.6604404947026306,0.1131931603728626,2.1501005816706136,1.4690833565708512,0.9090909090909092,0.9962792230244848,0.9088536487720188,155.78287875020922,0.346938775510204,0.005,True,0.4349999999999999,,,,,,,,,,,,,,,,,,,,,,,"[0.25, 0.25, 0.25, 0.25]",2.0,30.0
amf,mb4_uniform,12,42,2.1538487680000014,12.0,,,amf::mb4_uniform::k12,12,47,739,0.2064822576138586,0.2784441709518432,1.4927092722543114,359.2062185242004,0.779401026201785,0.3671339750005435,0.4130518588801983,0.8819603795870664,C:\CoolYeah\sokAktif\satria-data\garbage-classification\semifinal\results\k_resolution_sweep\20260927\fetch_0754\k-resolution-sweep-v1\amf\mb4_uniform\k_12\seed_42\labels.npz,0.1386931056279123,0.6107537906971608,0.1130185979971387,2.2513159977120707,1.5917073422785275,0.9166666666666666,1.0,0.9400108299312872,171.88624783045256,0.3537414965986394,0.005,True,0.7566666666666666,True,2.28347810922501,-0.0364532455122872,-23.44728022769928,0.1030126336248784,-0.0338012874126434,-0.0200836471549048,-0.0197457061358876,FAIL,MULTI_RESOLUTION_ATLAS_SUPPORTED,,,,,,,,,,,,,"[0.25, 0.25, 0.25, 0.25]",2.0,30.0
amf,mb4_uniform,13,42,2.001802329,13.0,,,amf::mb4_uniform::k13,13,47,742,0.2073204805811679,0.2697903215885162,1.5216083580144495,330.0566503396054,0.7608240721184772,0.3543363627595027,0.4015410250725129,0.8645139612778752,C:\CoolYeah\sokAktif\satria-data\garbage-classification\semifinal\results\k_resolution_sweep\20260927\fetch_0754\k-resolution-sweep-v1\amf\mb4_uniform\k_13\seed_42\labels.npz,0.1366261684219565,0.6100810129676252,0.1131509570931876,2.2006491294417443,1.535921073985786,0.8461538461538461,1.0,0.9652505635801372,170.85479929735033,0.3108320251177393,0.005,True,0.62,,,,,,,,,,,,,,,,,,,,,,,"[0.25, 0.25, 0.25, 0.25]",2.0,30.0
amf,mb4_uniform,14,42,2.0641180050000045,14.0,,,amf::mb4_uniform::k14,14,44,746,0.208438111204247,0.2703592181205749,1.4531980212164153,319.1140196253107,0.7675739230592701,0.3637273084816497,0.4079262712633216,0.8680329608679033,C:\CoolYeah\sokAktif\satria-data\garbage-classification\semifinal\results\k_resolution_sweep\20260927\fetch_0754\k-resolution-sweep-v1\amf\mb4_uniform\k_14\seed_42\labels.npz,0.1373773953776924,0.606228993950621,0.112749498615223,2.2489803446908008,1.5852821211669657,0.7857142857142857,1.0,0.9807669372195056,171.6615366840468,0.2623906705539358,0.005,True,0.65,,,,,,,,,,,,,,,,,,,,,,,"[0.25, 0.25, 0.25, 0.25]",2.0,30.0
amf,mb4_uniform,16,42,2.225236314,16.0,,,amf::mb4_uniform::k16,16,44,573,0.1601005867560771,0.2779067754745483,1.464347960302307,323.0746633917018,0.7614514223935672,0.3749969330500586,0.4133889522643579,0.8573843971469528,C:\CoolYeah\sokAktif\satria-data\garbage-classification\semifinal\results\k_resolution_sweep\20260927\fetch_0754\k-resolution-sweep-v1\amf\mb4_uniform\k_16\seed_42\labels.npz,0.1549743174309608,0.5472861383112104,0.1122164589300921,2.3323886471275643,1.6937068923454306,0.6875,1.0,,198.1590569099718,0.211734693877551,0.005,True,0.6333333333333334,,,,,,,,,,,,,,,,,,,,,,,"[0.25, 0.25, 0.25, 0.25]",2.0,30.0
amf,mb4_uniform,18,42,2.1229852000000022,18.0,,,amf::mb4_uniform::k18,18,44,491,0.1371891589829561,0.2879200875759125,1.3595714566931496,327.5469923602009,0.7524978885743957,0.3751473259251747,0.429090966015143,0.8478564445141202,C:\CoolYeah\sokAktif\satria-data\garbage-classification\semifinal\results\k_resolution_sweep\20260927\fetch_0754\k-resolution-sweep-v1\amf\mb4_uniform\k_18\seed_42\labels.npz,0.2006331965801322,0.4235110197533904,0.1100307359223676,2.297193128241944,1.6257151639404894,0.6111111111111112,1.0,,193.70421138014572,0.1746031746031747,0.005,False,,,,,,,,,,,,,,,,,,,,,,,,"[0.25, 0.25, 0.25, 0.25]",2.0,30.0
amf,mb4_uniform,20,42,2.146641231000004,20.0,,,amf::mb4_uniform::k20,20,31,506,0.1413802738195026,0.2939203381538391,1.322490728141433,308.6327636882178,0.7472204164816292,0.3763609349148204,0.4337293017995645,0.8449262047913841,C:\CoolYeah\sokAktif\satria-data\garbage-classification\semifinal\results\k_resolution_sweep\20260927\fetch_0754\k-resolution-sweep-v1\amf\mb4_uniform\k_20\seed_42\labels.npz,0.1953838121422057,0.4283395330972232,0.1102993895940315,2.309970194457729,1.6192039501553777,0.6,1.0,,192.9117080598988,0.1857142857142857,0.005,False,,,,,,,,,,,,,,,,,,,,,,,,"[0.25, 0.25, 0.25, 0.25]",2.0,30.0
amf,mb4_uniform,22,42,2.442648696999996,22.0,,,amf::mb4_uniform::k22,22,31,521,0.1455713886560491,0.2856111228466034,1.3582411056012578,291.1247951802524,0.7446174330871892,0.3822921963044255,0.4292734582980093,0.8428047064789084,C:\CoolYeah\sokAktif\satria-data\garbage-classification\semifinal\results\k_resolution_sweep\20260927\fetch_0754\k-resolution-sweep-v1\amf\mb4_uniform\k_22\seed_42\labels.npz,0.1932331095669182,0.426158846782156,0.109654582231212,2.3027506170741803,1.5715648690543051,0.5454545454545454,0.9995437362721132,,180.44537833362452,0.1493506493506493,0.005,False,,,,,,,,,,,,,,,,,,,,,,,,"[0.25, 0.25, 0.25, 0.25]",2.0,30.0
amf,mb4_uniform,24,42,2.387515179999994,24.0,,,amf::mb4_uniform::k24,24,31,541,0.1511595417714445,0.2516297399997711,1.4637673546078005,270.17092034775334,0.7260317873307456,0.3723005699998034,0.4304793248674214,0.8230801548988699,C:\CoolYeah\sokAktif\satria-data\garbage-classification\semifinal\results\k_resolution_sweep\20260927\fetch_0754\k-resolution-sweep-v1\amf\mb4_uniform\k_24\seed_42\labels.npz,0.1955009937625752,0.4077131838443695,0.1090959162798017,2.2897555110640417,1.5556695900855366,0.5,0.9991018782552218,,181.1736735116947,0.1258503401360544,0.005,False,,,,,,,,,,,,,,,,,,,,,,,,"[0.25, 0.25, 0.25, 0.25]",2.0,30.0
amf,mb8_adaptive,4,42,2.523895684,4.0,,,amf::mb8_adaptive::k4,4,254,2524,0.7052249231628946,0.1241807863116264,1.912212509877629,278.861433870639,0.4401976250709581,0.2111950780186027,0.2001849939763603,0.5202549105900008,C:\CoolYeah\sokAktif\satria-data\garbage-classification\semifinal\results\k_resolution_sweep\20260927\fetch_0754\k-resolution-sweep-v1\amf\mb8_adaptive\k_04\seed_42\labels.npz,0.0942877130223736,0.8028009236478418,0.1137236533957845,0.8074643486503383,0.2909395579820107,1.0,1.0,,57.54710958362536,0.1683673469387755,0.005,False,,,,,,,,,,,,,,,,,,,,,,,,"[0.15445256233215332, 0.24699538946151733, 0.13712197542190552, 0.003635704517364502, 0.2001461386680603, 0.03422343730926514, 0.057336270809173584, 0.16608822345733643]",2.0,30.0
amf,mb8_adaptive,6,42,2.648207757000001,6.0,,,amf::mb8_adaptive::k6,6,233,2062,0.5761385861972618,0.1653196364641189,1.9310327414053183,271.9028643833423,0.5908877022856887,0.2881630689607506,0.2641272819006997,0.6645297717516379,C:\CoolYeah\sokAktif\satria-data\garbage-classification\semifinal\results\k_resolution_sweep\20260927\fetch_0754\k-resolution-sweep-v1\amf\mb8_adaptive\k_06\seed_42\labels.npz,0.1454703004619299,0.7003764509828998,0.1129975369921221,1.2316738066143016,0.6451794275793825,1.0,1.0,,77.63532376455967,0.326530612244898,0.005,False,,,,,,,,,,,,,,,,,,,,,,,,"[0.1544526219367981, 0.2469954490661621, 0.13712209463119507, 0.0036357641220092773, 0.20014625787734985, 0.03422349691390991, 0.057336390018463135, 0.1660885214805603]",2.0,30.0
amf,mb8_adaptive,8,42,2.4676461950000004,8.0,,,amf::mb8_adaptive::k8,8,227,1611,0.4501257334450964,0.2189163863658905,1.713522129963548,322.5118704516336,0.7016323183118907,0.3414676007762475,0.3450305679933727,0.786122670179549,C:\CoolYeah\sokAktif\satria-data\garbage-classification\semifinal\results\k_resolution_sweep\20260927\fetch_0754\k-resolution-sweep-v1\amf\mb8_adaptive\k_08\seed_42\labels.npz,0.1248630453468361,0.6944232021807528,0.1126301715533962,1.7675921923123648,1.1348861697733352,1.0,1.0,,122.08753131031088,0.3698979591836735,0.005,False,,,,,,,,,,,,,,,,,,,,,,,,"[0.1544526219367981, 0.2469954490661621, 0.13712197542190552, 0.0036359429359436035, 0.2001463770866394, 0.03422349691390991, 0.057336270809173584, 0.16608840227127075]",2.0,30.0
amf,mb8_adaptive,10,42,2.585040104000001,10.0,,,amf::mb8_adaptive::k10,10,47,900,0.2514668901927913,0.2481431066989898,1.681540252992507,335.944762141693,0.7248047980984953,0.3681600888823157,0.4017809484747534,0.8466631527349308,C:\CoolYeah\sokAktif\satria-data\garbage-classification\semifinal\results\k_resolution_sweep\20260927\fetch_0754\k-resolution-sweep-v1\amf\mb8_adaptive\k_10\seed_42\labels.npz,0.1192708818419585,0.6745275144019546,0.1130276550979017,1.982586499398299,1.3143185482041135,0.9,1.0,0.8987280422758898,141.76790521462578,0.2979591836734694,0.005,True,0.46625,,,,,,,,,,,,,,,,,,,,,,,"[0.15445250272750854, 0.246995210647583, 0.13712215423583984, 0.0036359429359436035, 0.20014619827270508, 0.03422361612319946, 0.05733609199523926, 0.16608840227127075]",2.0,30.0
amf,mb8_adaptive,11,42,2.677762218000005,11.0,,,amf::mb8_adaptive::k11,11,47,739,0.2064822576138586,0.2692981660366058,1.537046485241222,357.73368397573705,0.7592427942881287,0.3728489960395207,0.4054137627865007,0.8797003871491489,C:\CoolYeah\sokAktif\satria-data\garbage-classification\semifinal\results\k_resolution_sweep\20260927\fetch_0754\k-resolution-sweep-v1\amf\mb8_adaptive\k_11\seed_42\labels.npz,0.1240272028797118,0.6512290138702397,0.1123276715667606,2.145274235903134,1.465788935575781,0.9090909090909092,1.0,0.9062865751611024,152.00856892138071,0.3450834879406307,0.005,True,0.6012500000000001,,,,,,,,,,,,,,,,,,,,,,,"[0.15445250272750854, 0.24699538946151733, 0.13712215423583984, 0.0036359429359436035, 0.2001463770866394, 0.03422367572784424, 0.05733615159988403, 0.16608846187591553]",2.0,30.0
amf,mb8_adaptive,12,42,2.812961530999999,12.0,,,amf::mb8_adaptive::k12,12,47,770,0.2151438949427214,0.2762971520423889,1.5005910350545275,356.2712241872558,0.7727070589553405,0.3642139938231333,0.4064236761297023,0.8760058703139185,C:\CoolYeah\sokAktif\satria-data\garbage-classification\semifinal\results\k_resolution_sweep\20260927\fetch_0754\k-resolution-sweep-v1\amf\mb8_adaptive\k_12\seed_42\labels.npz,0.1419828298433735,0.6048192924701159,0.1118711890243902,2.226754302284377,1.573500366675917,0.9166666666666666,1.0,0.9503103669013212,169.7953027659843,0.3503401360544217,0.005,True,0.8375,True,2.272520147447164,-0.0474112072901333,-25.53822529216754,0.0996112730806607,-0.0359483063220977,-0.0267776144013492,-0.0164559819204264,FAIL,MULTI_RESOLUTION_ATLAS_SUPPORTED,,,,,,,,,,,,,"[0.15445232391357422, 0.24699527025222778, 0.13712215423583984, 0.003635883331298828, 0.20014619827270508, 0.03422361612319946, 0.05733609199523926, 0.16608846187591553]",2.0,30.0
amf,mb8_adaptive,13,42,2.731921057000001,13.0,,,amf::mb8_adaptive::k13,13,47,773,0.2159821179100307,0.2754392027854919,1.4847913581491252,333.2660030021652,0.7676209184228793,0.3624194907316276,0.403323964585657,0.869329567869829,C:\CoolYeah\sokAktif\satria-data\garbage-classification\semifinal\results\k_resolution_sweep\20260927\fetch_0754\k-resolution-sweep-v1\amf\mb8_adaptive\k_13\seed_42\labels.npz,0.1402240257530051,0.6054282453992718,0.1117934243649401,2.22631165377752,1.549497941596843,0.8461538461538461,1.0,0.9051663117371304,166.65355215184434,0.3076923076923077,0.005,True,0.665,,,,,,,,,,,,,,,,,,,,,,,"[0.15445220470428467, 0.24699550867080688, 0.13712191581726074, 0.0036360621452331543, 0.20014619827270508, 0.03422367572784424, 0.057336270809173584, 0.16608816385269165]",2.0,30.0
amf,mb8_adaptive,14,42,2.700564965999994,14.0,,,amf::mb8_adaptive::k14,14,47,617,0.1723945236099469,0.2783278524875641,1.5501662860762913,331.38496633786445,0.7624276008595275,0.3791658310016426,0.3997077168483238,0.8627275232023559,C:\CoolYeah\sokAktif\satria-data\garbage-classification\semifinal\results\k_resolution_sweep\20260927\fetch_0754\k-resolution-sweep-v1\amf\mb8_adaptive\k_14\seed_42\labels.npz,0.1431376063410735,0.5889067028790889,0.1117698979200245,2.2697244974014046,1.5784930500713732,0.7857142857142857,0.9969301053690668,0.8329455997483789,165.21553699149234,0.2463556851311953,0.005,True,0.405,,,,,,,,,,,,,,,,,,,,,,,"[0.15445220470428467, 0.24699538946151733, 0.13712191581726074, 0.003635883331298828, 0.2001461386680603, 0.03422379493713379, 0.057336270809173584, 0.1660882830619812]",2.0,30.0
amf,mb8_adaptive,16,42,2.814183240999995,16.0,,,amf::mb8_adaptive::k16,16,47,577,0.1612182173791561,0.271687775850296,1.488518317673337,307.7609101503284,0.7469694977975936,0.3731089205707398,0.3885192138978581,0.8430976930141778,C:\CoolYeah\sokAktif\satria-data\garbage-classification\semifinal\results\k_resolution_sweep\20260927\fetch_0754\k-resolution-sweep-v1\amf\mb8_adaptive\k_16\seed_42\labels.npz,0.1317353620534439,0.6050543813965639,0.1125835468151087,2.2890876328422225,1.5792950347303245,0.6875,0.9780859043088018,,165.49956799463337,0.1926020408163265,0.005,True,0.41875,,,,,,,,,,,,,,,,,,,,,,,"[0.15445226430892944, 0.24699515104293823, 0.13712185621261597, 0.003635883331298828, 0.20014643669128418, 0.03422349691390991, 0.05733615159988403, 0.16608840227127075]",2.0,30.0
amf,mb8_adaptive,18,42,2.8892133089999987,18.0,,,amf::mb8_adaptive::k18,18,47,524,0.1464096116233584,0.2899340093135834,1.3714221782584797,328.2624032113693,0.755420646010211,0.3812543277857755,0.4134722865866305,0.850023168458813,C:\CoolYeah\sokAktif\satria-data\garbage-classification\semifinal\results\k_resolution_sweep\20260927\fetch_0754\k-resolution-sweep-v1\amf\mb8_adaptive\k_18\seed_42\labels.npz,0.1872618057766205,0.4575717570672012,0.1101145700729082,2.277973885241752,1.556754938814686,0.6111111111111112,1.0,,170.7390043591973,0.1825396825396826,0.005,False,,,,,,,,,,,,,,,,,,,,,,,,"[0.15445208549499512, 0.24699527025222778, 0.13712185621261597, 0.0036360621452331543, 0.20014667510986328, 0.03422355651855469, 0.05733615159988403, 0.16608834266662598]",2.0,30.0
amf,mb8_adaptive,20,42,2.8369010170000024,20.0,,,amf::mb8_adaptive::k20,20,36,565,0.1578653255099189,0.287030428647995,1.3850556991277465,295.7257547212337,0.7453643855661717,0.378377429671978,0.4064214762670195,0.8371073093786933,C:\CoolYeah\sokAktif\satria-data\garbage-classification\semifinal\results\k_resolution_sweep\20260927\fetch_0754\k-resolution-sweep-v1\amf\mb8_adaptive\k_20\seed_42\labels.npz,0.1750789092079007,0.4833909829170195,0.1096081277213352,2.259599262940614,1.542757275351668,0.6,0.9985342939488046,,169.3378079635165,0.1908163265306122,0.005,True,0.5625,,,,,,,,,,,,,,,,,,,,,,,"[0.15445220470428467, 0.24699509143829346, 0.13712161779403687, 0.0036359429359436035, 0.20014631748199463, 0.03422391414642334, 0.05733644962310791, 0.16608881950378418]",2.0,30.0
amf,mb8_adaptive,22,42,2.991587383000009,22.0,,,amf::mb8_adaptive::k22,22,30,527,0.1472478345906678,0.2832194864749908,1.3730987596025086,283.39975766885755,0.7338978785192788,0.3763043508792563,0.4156550477107573,0.8275839265098958,C:\CoolYeah\sokAktif\satria-data\garbage-classification\semifinal\results\k_resolution_sweep\20260927\fetch_0754\k-resolution-sweep-v1\amf\mb8_adaptive\k_22\seed_42\labels.npz,0.1821008034343096,0.4562332389102671,0.1099239897618862,2.26898372609644,1.5357242960625437,0.5,0.9917415671624568,,170.96176128453726,0.1020408163265305,0.005,True,0.54375,,,,,,,,,,,,,,,,,,,,,,,"[0.15445202589035034, 0.246995210647583, 0.137121319770813, 0.0036364197731018066, 0.20014572143554688, 0.034224510192871094, 0.05733609199523926, 0.16608887910842896]",2.0,30.0
amf,mb8_adaptive,24,42,2.9851123500000085,24.0,,,amf::mb8_adaptive::k24,24,31,487,0.136071528359877,0.2361985445022583,1.485237002739683,266.2174686714641,0.713057316068368,0.3734221279999027,0.4195769959417186,0.8082270912929763,C:\CoolYeah\sokAktif\satria-data\garbage-classification\semifinal\results\k_resolution_sweep\20260927\fetch_0754\k-resolution-sweep-v1\amf\mb8_adaptive\k_24\seed_42\labels.npz,0.196761477813665,0.4045803165133728,0.1079164948251144,2.2713129626169124,1.546795191229239,0.5,0.9963761552744376,,165.09677270572644,0.125,0.005,False,,,,,,,,,,,,,,,,,,,,,,,,"[0.15445148944854736, 0.246995210647583, 0.1371210813522339, 0.003636658191680908, 0.20014631748199463, 0.03422468900680542, 0.057335853576660156, 0.16608887910842896]",2.0,30.0
amf,mb8_uniform,4,42,2.3654235440000004,4.0,,,amf::mb8_uniform::k4,4,254,2526,0.7057837384744342,0.1241245940327644,1.9105139214379367,278.7302918953555,0.4388002218542168,0.2103857988427284,0.1999848377119516,0.5186511086595609,C:\CoolYeah\sokAktif\satria-data\garbage-classification\semifinal\results\k_resolution_sweep\20260927\fetch_0754\k-resolution-sweep-v1\amf\mb8_uniform\k_04\seed_42\labels.npz,0.0939756911513786,0.8032095647403351,0.1136968334270189,0.8069321953007947,0.2920591495462755,1.0,1.0,,56.99509981148718,0.1683673469387755,0.005,False,,,,,,,,,,,,,,,,,,,,,,,,"[0.125, 0.125, 0.125, 0.125, 0.125, 0.125, 0.125, 0.125]",2.0,30.0
amf,mb8_uniform,6,42,2.3768251000000014,6.0,,,amf::mb8_uniform::k6,6,233,2064,0.5766974015088013,0.1651855707168579,1.9301491673915256,271.7281890313769,0.589913480150571,0.2878820709955529,0.2645833856011764,0.6647384222126459,C:\CoolYeah\sokAktif\satria-data\garbage-classification\semifinal\results\k_resolution_sweep\20260927\fetch_0754\k-resolution-sweep-v1\amf\mb8_uniform\k_06\seed_42\labels.npz,0.1471988790304907,0.6980150618046341,0.1128304441018313,1.230286514902288,0.6446200837366872,1.0,1.0,,77.5614384310171,0.326530612244898,0.005,False,,,,,,,,,,,,,,,,,,,,,,,,"[0.125, 0.125, 0.125, 0.125, 0.125, 0.125, 0.125, 0.125]",2.0,30.0
amf,mb8_uniform,8,42,2.851737668999995,8.0,,,amf::mb8_uniform::k8,8,227,1611,0.4501257334450964,0.2188648283481598,1.7133833951158088,322.4617382303028,0.7007342201500355,0.3414791357253833,0.3449469842331992,0.7879057712479589,C:\CoolYeah\sokAktif\satria-data\garbage-classification\semifinal\results\k_resolution_sweep\20260927\fetch_0754\k-resolution-sweep-v1\amf\mb8_uniform\k_08\seed_42\labels.npz,0.1248723628511799,0.6944062107540221,0.1126683620608458,1.7673522375355422,1.1347275008100075,1.0,1.0,,121.82908114794104,0.3647959183673469,0.005,False,,,,,,,,,,,,,,,,,,,,,,,,"[0.125, 0.125, 0.125, 0.125, 0.125, 0.125, 0.125, 0.125]",2.0,30.0
amf,mb8_uniform,10,42,3.20184974,10.0,,,amf::mb8_uniform::k10,10,47,898,0.2509080748812517,0.2481736689805984,1.681086651596957,336.0805503698674,0.7251816827738119,0.3675329367932056,0.40149437705941,0.8462002993056844,C:\CoolYeah\sokAktif\satria-data\garbage-classification\semifinal\results\k_resolution_sweep\20260927\fetch_0754\k-resolution-sweep-v1\amf\mb8_uniform\k_10\seed_42\labels.npz,0.1192829517233741,0.674463553320779,0.1130573248407643,1.9839583512423724,1.314867014557198,0.9,1.0,0.9014613726570438,141.49141701582283,0.3061224489795918,0.005,True,0.42375,,,,,,,,,,,,,,,,,,,,,,,"[0.125, 0.125, 0.125, 0.125, 0.125, 0.125, 0.125, 0.125]",2.0,30.0
amf,mb8_uniform,11,42,2.9919754649999994,11.0,,,amf::mb8_uniform::k11,11,47,738,0.2062028499580888,0.2694366872310638,1.5367031794221484,357.910199608863,0.7600291515429387,0.3737315979050009,0.4065820933422485,0.8787336859831321,C:\CoolYeah\sokAktif\satria-data\garbage-classification\semifinal\results\k_resolution_sweep\20260927\fetch_0754\k-resolution-sweep-v1\amf\mb8_uniform\k_11\seed_42\labels.npz,0.1242519859678632,0.6508092959811547,0.1124740481133692,2.144857799983551,1.4634895109870507,0.9090909090909092,1.0,0.90631832815766,152.71514568678268,0.3450834879406307,0.005,True,0.54125,,,,,,,,,,,,,,,,,,,,,,,"[0.125, 0.125, 0.125, 0.125, 0.125, 0.125, 0.125, 0.125]",2.0,30.0
amf,mb8_uniform,12,42,2.6934401359999995,12.0,,,amf::mb8_uniform::k12,12,47,774,0.2162615255658005,0.2758948802947998,1.5023699964413315,355.8553030257564,0.7728226656082537,0.3643006421666329,0.4061147925961912,0.8756619885928105,C:\CoolYeah\sokAktif\satria-data\garbage-classification\semifinal\results\k_resolution_sweep\20260927\fetch_0754\k-resolution-sweep-v1\amf\mb8_uniform\k_12\seed_42\labels.npz,0.1430843174828013,0.6026536341299696,0.111631716282879,2.225183581533163,1.570264174772328,0.9166666666666666,1.0,0.9499521919567556,168.9007814823802,0.3554421768707482,0.005,True,0.715,True,2.272520147447164,-0.0474112072901333,-26.43274657577163,0.1047133138969872,-0.0363505780696868,-0.026662007748436,-0.0153544942809986,FAIL,MULTI_RESOLUTION_ATLAS_SUPPORTED,,,,,,,,,,,,,"[0.125, 0.125, 0.125, 0.125, 0.125, 0.125, 0.125, 0.125]",2.0,30.0
amf,mb8_uniform,13,42,2.6505527729999976,13.0,,,amf::mb8_uniform::k13,13,47,776,0.21682034087734,0.2750997841358185,1.486023087234078,333.039156335861,0.7674801901915562,0.3619789284136081,0.4024718925490019,0.869219849047331,C:\CoolYeah\sokAktif\satria-data\garbage-classification\semifinal\results\k_resolution_sweep\20260927\fetch_0754\k-resolution-sweep-v1\amf\mb8_uniform\k_13\seed_42\labels.npz,0.1406298589658519,0.6046943812906398,0.1116892522919168,2.2246306765908868,1.5467488995541672,0.8461538461538461,1.0,0.9738125325116268,165.75537528361747,0.3124018838304553,0.005,True,0.7000000000000001,,,,,,,,,,,,,,,,,,,,,,,"[0.125, 0.125, 0.125, 0.125, 0.125, 0.125, 0.125, 0.125]",2.0,30.0
amf,mb8_uniform,14,42,2.8025079340000048,14.0,,,amf::mb8_uniform::k14,14,47,776,0.21682034087734,0.2668845057487488,1.4718913017049118,316.1598097521001,0.7588353548817041,0.3608550134233528,0.3993048899513695,0.8603297024619426,C:\CoolYeah\sokAktif\satria-data\garbage-classification\semifinal\results\k_resolution_sweep\20260927\fetch_0754\k-resolution-sweep-v1\amf\mb8_uniform\k_14\seed_42\labels.npz,0.1373076541656602,0.6070945522271032,0.1123126215814166,2.2226991235094054,1.5450594333271368,0.7857142857142857,1.0,0.9626609542546016,154.76381620014376,0.2653061224489796,0.005,True,0.5575000000000001,,,,,,,,,,,,,,,,,,,,,,,"[0.125, 0.125, 0.125, 0.125, 0.125, 0.125, 0.125, 0.125]",2.0,30.0
amf,mb8_uniform,16,42,2.7102438709999888,16.0,,,amf::mb8_uniform::k16,16,47,586,0.1637328862810841,0.2784115374088287,1.4783596209211232,322.6700244073681,0.7642957061765818,0.3891837322215806,0.3996389798695046,0.8584668432048884,C:\CoolYeah\sokAktif\satria-data\garbage-classification\semifinal\results\k_resolution_sweep\20260927\fetch_0754\k-resolution-sweep-v1\amf\mb8_uniform\k_16\seed_42\labels.npz,0.1391409077283979,0.5858781021657327,0.1108239469217713,2.3368839370235115,1.64726113979961,0.6875,0.8549803681839615,,156.28116445785332,0.2028061224489796,0.005,True,0.44375,,,,,,,,,,,,,,,,,,,,,,,"[0.125, 0.125, 0.125, 0.125, 0.125, 0.125, 0.125, 0.125]",2.0,30.0
amf,mb8_uniform,18,42,2.8024273939999915,18.0,,,amf::mb8_uniform::k18,18,47,521,0.1455713886560491,0.2896954417228699,1.3698709623352434,328.5312796447914,0.7551018943355242,0.3824836248093553,0.4145525463705929,0.8500012408203711,C:\CoolYeah\sokAktif\satria-data\garbage-classification\semifinal\results\k_resolution_sweep\20260927\fetch_0754\k-resolution-sweep-v1\amf\mb8_uniform\k_18\seed_42\labels.npz,0.1884894142844833,0.4545734223214613,0.1100225637860875,2.2789200644198,1.557746966921374,0.6111111111111112,0.9988981041760489,,174.5922433835017,0.1848072562358277,0.005,False,,,,,,,,,,,,,,,,,,,,,,,,"[0.125, 0.125, 0.125, 0.125, 0.125, 0.125, 0.125, 0.125]",2.0,30.0
amf,mb8_uniform,20,42,2.976594199999994,20.0,,,amf::mb8_uniform::k20,20,36,566,0.1581447331656887,0.2866045832633972,1.3861472074895562,295.4343099735728,0.7455378674652864,0.3788694325902432,0.4071265458234363,0.8371864217542014,C:\CoolYeah\sokAktif\satria-data\garbage-classification\semifinal\results\k_resolution_sweep\20260927\fetch_0754\k-resolution-sweep-v1\amf\mb8_uniform\k_20\seed_42\labels.npz,0.1755965689734905,0.482198280083802,0.109709376572114,2.258781924997838,1.5420102326521563,0.6,0.9970745048263346,,173.62472269066367,0.1918367346938775,0.005,True,0.5750000000000001,,,,,,,,,,,,,,,,,,,,,,,"[0.125, 0.125, 0.125, 0.125, 0.125, 0.125, 0.125, 0.125]",2.0,30.0
amf,mb8_uniform,22,42,3.0236772530000025,22.0,,,amf::mb8_uniform::k22,22,30,524,0.1464096116233584,0.2828828692436218,1.3722557507611404,283.3582403517443,0.7346511013056258,0.3774689799715423,0.4167501905954724,0.8274935948933855,C:\CoolYeah\sokAktif\satria-data\garbage-classification\semifinal\results\k_resolution_sweep\20260927\fetch_0754\k-resolution-sweep-v1\amf\mb8_uniform\k_22\seed_42\labels.npz,0.1823623760197866,0.4556114212976024,0.109904809910626,2.2697433660602595,1.5387847647882766,0.5,0.9969639160043874,,174.8604067875531,0.1048237476808905,0.005,True,0.54375,,,,,,,,,,,,,,,,,,,,,,,"[0.125, 0.125, 0.125, 0.125, 0.125, 0.125, 0.125, 0.125]",2.0,30.0
amf,mb8_uniform,24,42,3.253116316999993,24.0,,,amf::mb8_uniform::k24,24,21,499,0.1394244202291142,0.2406363934278488,1.4488440835353238,264.2682914654426,0.7205578169948287,0.3738634920534788,0.4160172371012827,0.8133137144804233,C:\CoolYeah\sokAktif\satria-data\garbage-classification\semifinal\results\k_resolution_sweep\20260927\fetch_0754\k-resolution-sweep-v1\amf\mb8_uniform\k_24\seed_42\labels.npz,0.1994168814246172,0.4016057177324491,0.1085471086642458,2.2701717357823354,1.534954500634699,0.4583333333333333,0.959470874513648,,170.47827038205787,0.0790816326530612,0.005,False,,,,,,,,,,,,,,,,,,,,,,,,"[0.125, 0.125, 0.125, 0.125, 0.125, 0.125, 0.125, 0.125]",2.0,30.0
classic,evidence_accumulation,4,42,6.635618360000002,4.0,,,classic::evidence_accumulation::k4,4,585,1527,0.4266554903604359,0.1599942147731781,2.2322658849860746,384.1178582378572,0.5001750806507722,0.2608950012574274,0.3849580100199605,0.5981641670592789,C:\CoolYeah\sokAktif\satria-data\garbage-classification\semifinal\results\k_resolution_sweep\20260927\fetch_0754\k-resolution-sweep-v1\classic\evidence_accumulation\k_04\seed_42\labels.npz,0.1904858887058124,0.6415496879512725,0.1081713567353254,1.094992927330504,0.5129043611776699,1.0,0.8392333464920534,,78.2575062628774,0.1683673469387755,0.005,False,,,,,,,,,,,,,,,,,,,,,,,,,,
classic,evidence_accumulation,6,42,7.783266836000003,6.0,,,classic::evidence_accumulation::k6,6,456,791,0.2210114557138865,0.1967909187078476,2.1597941988990623,373.0818151559017,0.6538014822890459,0.3386104557301281,0.4239814152286086,0.753420406048541,C:\CoolYeah\sokAktif\satria-data\garbage-classification\semifinal\results\k_resolution_sweep\20260927\fetch_0754\k-resolution-sweep-v1\classic\evidence_accumulation\k_06\seed_42\labels.npz,0.1222912701950325,0.6960230466177442,0.1115068917453925,1.499351587765841,0.6559337188192306,1.0,0.923055990132134,,104.45300430212428,0.2789115646258503,0.005,True,0.3625,,,,,,,,,,,,,,,,,,,,,,,,,
classic,evidence_accumulation,8,42,8.151837287999996,8.0,,,classic::evidence_accumulation::k8,8,3,825,0.2305113160100586,0.1873831003904342,1.8650835453795287,322.8419445865267,0.6610718944175102,0.3569437211717997,0.3851840266390302,0.7960267591760132,C:\CoolYeah\sokAktif\satria-data\garbage-classification\semifinal\results\k_resolution_sweep\20260927\fetch_0754\k-resolution-sweep-v1\classic\evidence_accumulation\k_08\seed_42\labels.npz,0.1104131082858313,0.7066271057429094,0.1125368675067989,1.5679845416735725,0.7205131996207546,0.875,0.7511307435344223,,121.38662181038552,0.1862244897959183,0.005,False,,,,,,,,,,,,,,,,,,,,,,,,,,
classic,evidence_accumulation,10,42,9.046370432000003,10.0,,,classic::evidence_accumulation::k10,10,234,591,0.1651299245599329,0.2698411047458648,1.6899886409806792,397.5030086209769,0.7321106837626241,0.3637179982082035,0.4176418877923127,0.8924290177988116,C:\CoolYeah\sokAktif\satria-data\garbage-classification\semifinal\results\k_resolution_sweep\20260927\fetch_0754\k-resolution-sweep-v1\classic\evidence_accumulation\k_10\seed_42\labels.npz,0.1499611591809676,0.5972264546752152,0.1121152435021048,1.9521840564046835,1.137549001458105,1.0,0.9575128453144032,,147.59110742836947,0.4122448979591836,0.005,True,0.6500000000000001,,,,,,,,,,,,,,,,,,,,,,,,,
classic,evidence_accumulation,12,42,8.776980092999992,12.0,,,classic::evidence_accumulation::k12,12,231,452,0.1262922604079351,0.3000169098377228,1.5284864361957882,414.1980473318519,0.7738020552111113,0.3886175211883524,0.4515091524248794,0.926388915873692,C:\CoolYeah\sokAktif\satria-data\garbage-classification\semifinal\results\k_resolution_sweep\20260927\fetch_0754\k-resolution-sweep-v1\classic\evidence_accumulation\k_12\seed_42\labels.npz,0.1726173667957234,0.5223634019743021,0.1101655397528561,2.2569089678620187,1.5508316210376114,0.9166666666666666,0.9314847611213396,0.910072162292081,181.7989609265432,0.3690476190476189,0.005,True,0.6375,,,,,,,,,,,,,,,,,,,,,,,,,
classic,evidence_accumulation,13,42,8.860525167999981,13.0,,,classic::evidence_accumulation::k13,13,10,454,0.1268510757194747,0.2952801883220672,1.6257942657910116,381.86084706516,0.7709314974401605,0.4124657404116255,0.4453969296065738,0.9204038084080652,C:\CoolYeah\sokAktif\satria-data\garbage-classification\semifinal\results\k_resolution_sweep\20260927\fetch_0754\k-resolution-sweep-v1\classic\evidence_accumulation\k_13\seed_42\labels.npz,0.1646388627282226,0.538929815385239,0.1102882422872288,2.2559091436626457,1.528000140996178,0.8461538461538461,0.9515874949960148,0.9049996228776248,181.63234806470484,0.2998430141287284,0.005,False,,,,,,,,,,,,,,,,,,,,,,,,,,
classic,evidence_accumulation,14,42,9.99008108000001,14.0,,,classic::evidence_accumulation::k14,14,124,447,0.1248952221290863,0.3137125670909881,1.6761854699822814,400.3483794214455,0.7963463857629787,0.4076896700902123,0.447705800704658,0.9085205451293208,C:\CoolYeah\sokAktif\satria-data\garbage-classification\semifinal\results\k_resolution_sweep\20260927\fetch_0754\k-resolution-sweep-v1\classic\evidence_accumulation\k_14\seed_42\labels.npz,0.1746205185456333,0.5015858529116813,0.1106541323932628,2.3526512267087285,1.6522316058676614,0.8571428571428571,0.9706498663029972,0.918616300746396,210.6146020144347,0.3425655976676385,0.005,True,0.85,True,2.2907459810907795,-0.0291853736465177,15.281073956282851,0.0918367346938775,0.0014671087265014,-0.0031382875937111,0.0161817067818333,FAIL,MULTI_RESOLUTION_ATLAS_SUPPORTED,,,,,,,,,,,,,,,
classic,evidence_accumulation,15,42,9.443868104000046,15.0,,,classic::evidence_accumulation::k15,15,3,445,0.1243364068175468,0.3069091439247131,1.6676335696824365,372.84321344034345,0.7986521547435695,0.4063049064999839,0.4464590516591478,0.8996318022441157,C:\CoolYeah\sokAktif\satria-data\garbage-classification\semifinal\results\k_resolution_sweep\20260927\fetch_0754\k-resolution-sweep-v1\classic\evidence_accumulation\k_15\seed_42\labels.npz,0.1760326734202494,0.4971034412936775,0.1103070949523473,2.355016564316975,1.6604869709597117,0.8,0.951383391455388,0.9438044241232147,195.0704889145541,0.3061224489795919,0.005,False,,,,,,,,,,,,,,,,,,,,,,,,,,
classic,evidence_accumulation,16,42,11.143274292,16.0,,,classic::evidence_accumulation::k16,16,3,450,0.1257334450963956,0.3102462887763977,1.6529946217205749,366.6983107771045,0.7887331026584782,0.3999255227189908,0.4416514874568929,0.895828645693425,C:\CoolYeah\sokAktif\satria-data\garbage-classification\semifinal\results\k_resolution_sweep\20260927\fetch_0754\k-resolution-sweep-v1\classic\evidence_accumulation\k_16\seed_42\labels.npz,0.1721705884187202,0.5001306603089891,0.1118073232817701,2.362933374543735,1.6522189849713356,0.75,0.9525047702503974,0.9280550747813522,201.33959099427364,0.2704081632653061,0.005,False,,,,,,,,,,,,,,,,,,,,,,,,,,
classic,evidence_accumulation,18,42,13.38218500000005,18.0,,,classic::evidence_accumulation::k18,18,1,453,0.1265716680637049,0.283221960067749,1.547436003120638,322.2056214420357,0.7803958968365704,0.3963198991584796,0.4493362496814707,0.8888794375957352,C:\CoolYeah\sokAktif\satria-data\garbage-classification\semifinal\results\k_resolution_sweep\20260927\fetch_0754\k-resolution-sweep-v1\classic\evidence_accumulation\k_18\seed_42\labels.npz,0.1784200068689587,0.4850260536333956,0.1097539422264988,2.328973393927876,1.616739854487203,0.6666666666666666,0.9559254710980918,,200.2392492845977,0.199546485260771,0.005,False,,,,,,,,,,,,,,,,,,,,,,,,,,
classic,evidence_accumulation,20,42,11.614563335000014,20.0,,,classic::evidence_accumulation::k20,20,3,449,0.1254540374406258,0.2907752692699432,1.6081347804369568,324.82722526596774,0.7729712292420582,0.4016294750493386,0.4357107029240934,0.8683865494293915,C:\CoolYeah\sokAktif\satria-data\garbage-classification\semifinal\results\k_resolution_sweep\20260927\fetch_0754\k-resolution-sweep-v1\classic\evidence_accumulation\k_20\seed_42\labels.npz,0.1728842517698122,0.4793865700778353,0.1114185756922894,2.3795044679120787,1.6549504604143748,0.6,0.916807204642866,,188.4785726043009,0.1795918367346938,0.005,False,,,,,,,,,,,,,,,,,,,,,,,,,,
classic,evidence_accumulation,22,42,14.530158192999975,22.0,,,classic::evidence_accumulation::k22,22,1,440,0.1229393685386979,0.2669706344604492,1.635823939606381,292.6154379681963,0.7699246835064945,0.3961840221579986,0.4289047097650816,0.8607216774685368,C:\CoolYeah\sokAktif\satria-data\garbage-classification\semifinal\results\k_resolution_sweep\20260927\fetch_0754\k-resolution-sweep-v1\classic\evidence_accumulation\k_22\seed_42\labels.npz,0.176825361185285,0.4665230874809463,0.1100816895795975,2.377690425629255,1.6382531591652825,0.5454545454545454,0.903813106574184,,197.0158950267504,0.1178107606679034,0.005,False,,,,,,,,,,,,,,,,,,,,,,,,,,
classic,evidence_accumulation,24,42,13.064875513000004,24.0,,,classic::evidence_accumulation::k24,24,2,449,0.1254540374406258,0.2571637630462646,1.5818127265608035,288.7789833521012,0.7587012705815638,0.3957439979243236,0.4265958818315641,0.8524747349739181,C:\CoolYeah\sokAktif\satria-data\garbage-classification\semifinal\results\k_resolution_sweep\20260927\fetch_0754\k-resolution-sweep-v1\classic\evidence_accumulation\k_24\seed_42\labels.npz,0.181859404492567,0.4421042753940609,0.1100051654944967,2.3784241511955644,1.6379333905881928,0.5,0.8917197858721152,,197.9480092320424,0.1215986394557823,0.005,False,,,,,,,,,,,,,,,,,,,,,,,,,,
classic,gmm_diag_fused,4,42,0.5802167930000017,4.0,,,classic::gmm_diag_fused::k4,4,405,2297,0.6417993853031573,0.1118545159697532,2.2234885209147324,295.34415700989825,0.4357595958003196,0.2229263578829597,0.2692353528139394,0.4535335922562774,C:\CoolYeah\sokAktif\satria-data\garbage-classification\semifinal\results\k_resolution_sweep\20260927\fetch_0754\k-resolution-sweep-v1\classic\gmm_diag_fused\k_04\seed_42\labels.npz,0.0717249641441924,0.8212604709527873,0.1112790744547909,0.8481375673657258,0.343360442440248,1.0,0.4631088689420209,,75.19303319208043,0.1173469387755101,0.005,False,,,,,,,,,,,,,,,,,,,,,,,,,,
classic,gmm_diag_fused,6,42,0.6518230770000031,6.0,,,classic::gmm_diag_fused::k6,6,377,1075,0.3003632299525007,0.1201842874288559,3.3760551940980044,248.3533134021609,0.5066364586707801,0.2372832473136245,0.2916526702324706,0.5172639246301017,C:\CoolYeah\sokAktif\satria-data\garbage-classification\semifinal\results\k_resolution_sweep\20260927\fetch_0754\k-resolution-sweep-v1\classic\gmm_diag_fused\k_06\seed_42\labels.npz,0.0989534917286065,0.7428484755077898,0.1083846453178291,1.171431898113135,0.4579481756838716,1.0,0.6419370958476233,,92.7195172298501,0.2414965986394558,0.005,True,0.315,,,,,,,,,,,,,,,,,,,,,,,,,
classic,gmm_diag_fused,8,42,0.6616346759999914,8.0,,,classic::gmm_diag_fused::k8,8,185,1064,0.2972897457390333,0.1555054485797882,2.489206974374768,257.3403772231826,0.5486779694070035,0.2418921470570861,0.2980480661031366,0.6096757490415041,C:\CoolYeah\sokAktif\satria-data\garbage-classification\semifinal\results\k_resolution_sweep\20260927\fetch_0754\k-resolution-sweep-v1\classic\gmm_diag_fused\k_08\seed_42\labels.npz,0.096902456647727,0.7342116071499698,0.1094993186513692,1.4095334934935153,0.7118470010293799,0.875,0.6734245225434622,,111.89082965301276,0.1632653061224489,0.005,True,0.3400000000000001,,,,,,,,,,,,,,,,,,,,,,,,,
classic,gmm_diag_fused,10,42,0.9146469729999892,10.0,,,classic::gmm_diag_fused::k10,10,170,1325,0.3702151438949427,0.1918359845876693,1.894403768093514,286.5862413510553,0.633199616380657,0.3434752448173742,0.3583799437632659,0.6926423434029457,C:\CoolYeah\sokAktif\satria-data\garbage-classification\semifinal\results\k_resolution_sweep\20260927\fetch_0754\k-resolution-sweep-v1\classic\gmm_diag_fused\k_10\seed_42\labels.npz,0.1400760424705294,0.640523209326,0.110061834854667,1.666546959655849,1.0126500213052947,0.9,0.6498183542861339,,135.56422104192853,0.283673469387755,0.005,False,,,,,,,,,,,,,,,,,,,,,,,,,,
classic,gmm_diag_fused,12,42,0.6359554870000039,12.0,,,classic::gmm_diag_fused::k12,12,134,918,0.2564962279966471,0.2087191641330719,2.001368039172577,287.7482279273499,0.6529141345238216,0.3627643892868413,0.3804197326673272,0.7159502426941144,C:\CoolYeah\sokAktif\satria-data\garbage-classification\semifinal\results\k_resolution_sweep\20260927\fetch_0754\k-resolution-sweep-v1\classic\gmm_diag_fused\k_12\seed_42\labels.npz,0.1453717478203223,0.5990440669146622,0.106898951672539,1.8362263069701747,1.1236664252795463,0.8333333333333334,0.7636411209233746,0.8664625747222946,170.33284751350968,0.2670068027210884,0.005,True,0.605,,,,,,,,,,,,,,,,,,,,,,,,,
classic,gmm_diag_fused,13,42,0.7538895849999676,13.0,,,classic::gmm_diag_fused::k13,13,168,814,0.2274378317965912,0.2373665422201156,1.904329252222169,313.6680673693375,0.6883424439865665,0.3721775463577247,0.3861100511922101,0.7700710069768929,C:\CoolYeah\sokAktif\satria-data\garbage-classification\semifinal\results\k_resolution_sweep\20260927\fetch_0754\k-resolution-sweep-v1\classic\gmm_diag_fused\k_13\seed_42\labels.npz,0.1452165117675107,0.5870499086166758,0.1076979535445989,1.994989845898605,1.3855342424492092,0.8461538461538461,0.9202267116229808,0.8834899454743737,169.02403635031052,0.3171114599686028,0.005,True,0.7849999999999999,,,,,,,,,,,,,,,,,,,,,,,,,
classic,gmm_diag_fused,14,42,0.8821681980000164,14.0,,,classic::gmm_diag_fused::k14,14,84,904,0.2525845208158703,0.2344093769788742,1.8126956742530485,299.11305302290754,0.6863345121921753,0.3674988614360397,0.3857249068279941,0.7481047436365814,C:\CoolYeah\sokAktif\satria-data\garbage-classification\semifinal\results\k_resolution_sweep\20260927\fetch_0754\k-resolution-sweep-v1\classic\gmm_diag_fused\k_14\seed_42\labels.npz,0.1480798677711149,0.5795892967705667,0.1066224303929222,1.9806960501061968,1.4042354232274343,0.8571428571428571,0.9028142249961456,0.9206610212040668,162.05096643975537,0.3469387755102041,0.005,True,0.73,True,2.290824740578731,-0.0291066141585663,-33.28256161839647,0.0962099125364431,-0.0778360813856124,-0.1131501611645144,-0.010358943992685,FAIL,MULTI_RESOLUTION_ATLAS_SUPPORTED,,,,,,,,,,,,,,,
classic,gmm_diag_fused,15,42,0.8522227459999954,15.0,,,classic::gmm_diag_fused::k15,15,111,867,0.2422464375523889,0.2267535775899887,1.8125634152497525,289.84432196174674,0.6692905818289312,0.3699491143071019,0.3855565005215253,0.7314084321921527,C:\CoolYeah\sokAktif\satria-data\garbage-classification\semifinal\results\k_resolution_sweep\20260927\fetch_0754\k-resolution-sweep-v1\classic\gmm_diag_fused\k_15\seed_42\labels.npz,0.1546931274553517,0.5568615876828257,0.1059683578832515,1.9776639446145696,1.344753199836984,0.7333333333333333,0.8630238010334836,0.9317011815050846,170.93635407694438,0.238095238095238,0.005,True,0.735,,,,,,,,,,,,,,,,,,,,,,,,,
classic,gmm_diag_fused,16,42,1.029900466000015,16.0,,,classic::gmm_diag_fused::k16,16,80,880,0.2458787370773959,0.227874681353569,1.7484142651873045,281.1924187929526,0.6735613269577649,0.366749456851788,0.3924510671600659,0.7363932890715619,C:\CoolYeah\sokAktif\satria-data\garbage-classification\semifinal\results\k_resolution_sweep\20260927\fetch_0754\k-resolution-sweep-v1\classic\gmm_diag_fused\k_16\seed_42\labels.npz,0.1606836090317928,0.5403262258722195,0.1059287848062624,1.985167980077514,1.3666778502267112,0.75,0.9051351923633844,0.9691226137463828,157.4204648600132,0.2908163265306122,0.005,True,0.7000000000000002,,,,,,,,,,,,,,,,,,,,,,,,,
classic,gmm_diag_fused,18,42,1.1081834089999916,18.0,,,classic::gmm_diag_fused::k18,18,24,846,0.2363788767812238,0.2246155142784118,1.7226664728706904,259.4258692600648,0.6576261684957267,0.3677375591841513,0.3810714937182288,0.7201175049097369,C:\CoolYeah\sokAktif\satria-data\garbage-classification\semifinal\results\k_resolution_sweep\20260927\fetch_0754\k-resolution-sweep-v1\classic\gmm_diag_fused\k_18\seed_42\labels.npz,0.1512082711184124,0.5533886056466444,0.106346183314726,1.979565267116206,1.3324686614002852,0.6111111111111112,0.8451246065980843,,153.88107365719924,0.1609977324263039,0.005,False,,,,,,,,,,,,,,,,,,,,,,,,,,
classic,gmm_diag_fused,20,42,1.088247741000032,20.0,,,classic::gmm_diag_fused::k20,20,54,887,0.2478345906677843,0.2147644311189651,1.6554428322659718,245.7679534403372,0.6524707252164628,0.3567166434415316,0.3781968449420015,0.7130027671946535,C:\CoolYeah\sokAktif\satria-data\garbage-classification\semifinal\results\k_resolution_sweep\20260927\fetch_0754\k-resolution-sweep-v1\classic\gmm_diag_fused\k_20\seed_42\labels.npz,0.1525866815049201,0.544094555830272,0.1075075206956369,1.985747019537304,1.3695799696167343,0.6,0.7694507740795563,,151.7842747342375,0.1857142857142857,0.005,True,0.485,,,,,,,,,,,,,,,,,,,,,,,,,
classic,gmm_diag_fused,22,42,1.3479852909999863,22.0,,,classic::gmm_diag_fused::k22,22,45,835,0.2333053925677563,0.1834326982498169,1.7340347098885522,235.3530364453168,0.6471612301869483,0.3551771896618966,0.3831803480907992,0.7094505191202846,C:\CoolYeah\sokAktif\satria-data\garbage-classification\semifinal\results\k_resolution_sweep\20260927\fetch_0754\k-resolution-sweep-v1\classic\gmm_diag_fused\k_22\seed_42\labels.npz,0.1535258907023657,0.5275742235067074,0.1059615942190601,2.0073462328528784,1.362740288011586,0.5454545454545454,0.7669452504243445,,141.89155617986947,0.1512059369202226,0.005,True,0.375,,,,,,,,,,,,,,,,,,,,,,,,,
classic,gmm_diag_fused,24,42,1.126100805999954,24.0,,,classic::gmm_diag_fused::k24,24,78,710,0.1983794355965353,0.1766372621059417,1.8313349652034123,228.48278076816112,0.6506809147342841,0.3458632737066339,0.3899543017551464,0.7039103533204965,C:\CoolYeah\sokAktif\satria-data\garbage-classification\semifinal\results\k_resolution_sweep\20260927\fetch_0754\k-resolution-sweep-v1\classic\gmm_diag_fused\k_24\seed_42\labels.npz,0.1613478631436267,0.4933346485700793,0.1096218930004258,2.062971510419835,1.3825268801546324,0.5,0.762489582489867,,169.09203488106132,0.1139455782312924,0.005,True,0.43,,,,,,,,,,,,,,,,,,,,,,,,,
classic,kmeans_aimv2,4,42,0.8326743059999995,4.0,,,classic::kmeans_aimv2::k4,4,528,1384,0.386700195585359,0.1448697298765182,2.341032322253742,349.77097665692094,0.4248620863600966,0.2484306563323379,0.3713224710808668,0.50835489371448,C:\CoolYeah\sokAktif\satria-data\garbage-classification\semifinal\results\k_resolution_sweep\20260927\fetch_0754\k-resolution-sweep-v1\classic\kmeans_aimv2\k_04\seed_42\labels.npz,0.1422316693814361,0.7070933897121633,0.110946867044428,1.0225455299307096,0.4695000800549501,1.0,0.9995062278984556,,73.2115611181775,0.1530612244897958,0.005,False,,,,,,,,,,,,,,,,,,,,,,,,,,
classic,kmeans_aimv2,6,42,0.8076579000000024,6.0,,,classic::kmeans_aimv2::k6,6,449,757,0.2115115954177144,0.179277554154396,2.251179148060841,342.23406646923524,0.5635392983100769,0.3204276559675984,0.4004358985251136,0.6388477885338681,C:\CoolYeah\sokAktif\satria-data\garbage-classification\semifinal\results\k_resolution_sweep\20260927\fetch_0754\k-resolution-sweep-v1\classic\kmeans_aimv2\k_06\seed_42\labels.npz,0.1197194023670363,0.7002219587523539,0.1114036531183149,1.439011985211773,0.652080341952911,1.0,0.932436287139646,,115.9562647471259,0.2687074829931972,0.005,True,0.45,,,,,,,,,,,,,,,,,,,,,,,,,
classic,kmeans_aimv2,8,42,1.1059067310000046,8.0,,,classic::kmeans_aimv2::k8,8,224,604,0.1687622240849399,0.2071934044361114,1.9987629797218969,337.4657524475232,0.6133443034978853,0.3409813622190312,0.421692413853538,0.7033310410208052,C:\CoolYeah\sokAktif\satria-data\garbage-classification\semifinal\results\k_resolution_sweep\20260927\fetch_0754\k-resolution-sweep-v1\classic\kmeans_aimv2\k_08\seed_42\labels.npz,0.1528040472208875,0.6139722525763093,0.1091632967857589,1.7071354664064846,0.8060252626503803,0.875,0.9926241315956282,,134.79680875365327,0.2142857142857143,0.005,True,0.4791666666666667,,,,,,,,,,,,,,,,,,,,,,,,,
classic,kmeans_aimv2,10,42,1.1459358379999998,10.0,,,classic::kmeans_aimv2::k10,10,209,533,0.1489242805252864,0.2472504526376724,1.7727948344453406,362.3749007091818,0.6468688879940127,0.3477748473462141,0.394319013495721,0.7756824814863275,C:\CoolYeah\sokAktif\satria-data\garbage-classification\semifinal\results\k_resolution_sweep\20260927\fetch_0754\k-resolution-sweep-v1\classic\kmeans_aimv2\k_10\seed_42\labels.npz,0.1427026903120873,0.6117057236437162,0.1087652345192662,1.880991715913913,1.1027508653485931,0.9,0.8621985717212507,0.8525297823727752,146.82539806821663,0.2979591836734693,0.005,True,0.5008333333333334,,,,,,,,,,,,,,,,,,,,,,,,,
classic,kmeans_aimv2,11,42,1.106770599000015,11.0,,,classic::kmeans_aimv2::k11,11,210,588,0.1642917015926236,0.2604580223560333,1.6957159174249858,358.31402860680856,0.6623896303505898,0.3626204888618728,0.4185542875796933,0.7906339908742483,C:\CoolYeah\sokAktif\satria-data\garbage-classification\semifinal\results\k_resolution_sweep\20260927\fetch_0754\k-resolution-sweep-v1\classic\kmeans_aimv2\k_11\seed_42\labels.npz,0.1436727043907117,0.6001227102647811,0.1089786243034184,2.0686737609728985,1.3981035638951362,0.8181818181818182,0.8394379648005836,0.8701811028539792,190.71355302908947,0.2337662337662338,0.005,True,0.6808333333333333,,,,,,,,,,,,,,,,,,,,,,,,,
classic,kmeans_aimv2,12,42,1.129106906999997,12.0,,,classic::kmeans_aimv2::k12,12,211,471,0.1316010058675607,0.2765932381153106,1.636025931890268,375.0537602254354,0.6979961541155061,0.3676618623364017,0.4298427569147295,0.8372936511175638,C:\CoolYeah\sokAktif\satria-data\garbage-classification\semifinal\results\k_resolution_sweep\20260927\fetch_0754\k-resolution-sweep-v1\classic\kmeans_aimv2\k_12\seed_42\labels.npz,0.1681416297392082,0.5343443072350889,0.1072924187725631,2.155120045521233,1.4730028123887566,0.8333333333333334,0.9695428971137636,0.8761794329412533,181.2728189269897,0.2993197278911564,0.005,True,0.7316666666666667,True,2.260600886934747,-0.0593304678025501,-14.060709131162156,0.0485908649173955,-0.035652220249176,-0.1014885192411837,0.0097028179754082,FAIL,MULTI_RESOLUTION_ATLAS_SUPPORTED,,,,,,,,,,,,,,,
classic,kmeans_aimv2,13,42,1.0589043219999894,13.0,,,classic::kmeans_aimv2::k13,13,203,427,0.1193070690136909,0.276139497756958,1.792383815334593,362.1085886656399,0.7005203245316395,0.3710961215416813,0.4304957330422468,0.8319971381348312,C:\CoolYeah\sokAktif\satria-data\garbage-classification\semifinal\results\k_resolution_sweep\20260927\fetch_0754\k-resolution-sweep-v1\classic\kmeans_aimv2\k_13\seed_42\labels.npz,0.1636785786938843,0.533635059474754,0.1077378826396621,2.134617811193277,1.4451827785095446,0.7692307692307693,0.9454302414965085,0.8972678306853925,189.00218719603052,0.2307692307692308,0.005,True,0.7533333333333333,,,,,,,,,,,,,,,,,,,,,,,,,
classic,kmeans_aimv2,14,42,1.1924780639999994,14.0,,,classic::kmeans_aimv2::k14,14,124,424,0.1184688460463816,0.2807949185371399,1.7495088867589454,358.0309415801902,0.7057085563472542,0.3742180868061805,0.4163784352869565,0.8116582538812378,C:\CoolYeah\sokAktif\satria-data\garbage-classification\semifinal\results\k_resolution_sweep\20260927\fetch_0754\k-resolution-sweep-v1\classic\kmeans_aimv2\k_14\seed_42\labels.npz,0.1517248970687073,0.5547380371145384,0.1087973157177309,2.172962792319737,1.4680850288244425,0.7142857142857143,0.9836769446244552,0.901785288475428,173.1008328553569,0.1618075801749271,0.005,True,0.7541666666666667,,,,,,,,,,,,,,,,,,,,,,,,,
classic,kmeans_aimv2,16,42,1.323891967999998,16.0,,,classic::kmeans_aimv2::k16,16,101,404,0.1128806929309863,0.2503465116024017,1.8750100276150992,322.8066338504196,0.6819003107714152,0.3714234808383568,0.4041147593868578,0.784026492873869,C:\CoolYeah\sokAktif\satria-data\garbage-classification\semifinal\results\k_resolution_sweep\20260927\fetch_0754\k-resolution-sweep-v1\classic\kmeans_aimv2\k_16\seed_42\labels.npz,0.1504423421664273,0.5438794874988089,0.1035338280980324,2.1514276008460733,1.4373318157854875,0.625,0.9357139843177592,,185.3075969824553,0.1173469387755101,0.005,True,0.6041666666666667,,,,,,,,,,,,,,,,,,,,,,,,,
classic,kmeans_aimv2,18,42,1.781454014000019,18.0,,,classic::kmeans_aimv2::k18,18,91,365,0.1019837943559653,0.245224729180336,1.9735049713254715,290.48472625523107,0.6548296918760194,0.3587585516662931,0.4150328659603647,0.7468941122979957,C:\CoolYeah\sokAktif\satria-data\garbage-classification\semifinal\results\k_resolution_sweep\20260927\fetch_0754\k-resolution-sweep-v1\classic\kmeans_aimv2\k_18\seed_42\labels.npz,0.1469593107131699,0.5413929719797396,0.103240425017049,2.104193416678329,1.4108183423245075,0.6111111111111112,0.8393219134700217,,150.91577251912057,0.145124716553288,0.005,True,0.3958333333333333,,,,,,,,,,,,,,,,,,,,,,,,,
classic,kmeans_aimv2,20,42,1.488516603999983,20.0,,,classic::kmeans_aimv2::k20,20,73,312,0.0871751886001676,0.2388153821229934,1.960572868674337,292.58684529890115,0.676151080452393,0.3674368277708539,0.4085932905702659,0.765662474180138,C:\CoolYeah\sokAktif\satria-data\garbage-classification\semifinal\results\k_resolution_sweep\20260927\fetch_0754\k-resolution-sweep-v1\classic\kmeans_aimv2\k_20\seed_42\labels.npz,0.1647561474578158,0.4844991288153928,0.1027346475924633,2.192907495700504,1.4984436351915218,0.6,0.8384654788561772,,155.3075616352723,0.1836734693877549,0.005,True,0.375,,,,,,,,,,,,,,,,,,,,,,,,,
classic,kmeans_aimv2,22,42,1.8450607159999777,22.0,,,classic::kmeans_aimv2::k22,22,66,252,0.0704107292539815,0.2297133803367614,1.8883285847426887,272.2009647600329,0.65611189862441,0.3533825575517523,0.4020793770016826,0.7424185347384099,C:\CoolYeah\sokAktif\satria-data\garbage-classification\semifinal\results\k_resolution_sweep\20260927\fetch_0754\k-resolution-sweep-v1\classic\kmeans_aimv2\k_22\seed_42\labels.npz,0.1596397360887319,0.4870809102912826,0.1041167598261023,2.175093162206339,1.4342548882088604,0.5454545454545454,0.854760235997071,,144.39287812837114,0.1502782931354359,0.005,True,0.3333333333333333,,,,,,,,,,,,,,,,,,,,,,,,,
classic,kmeans_aimv2,24,42,1.9716405490000284,24.0,,,classic::kmeans_aimv2::k24,24,52,309,0.0863369656328583,0.2333233207464218,1.8796930065080133,261.7343996077331,0.6571798280485865,0.3668614926171687,0.4036878480869817,0.7446048853309104,C:\CoolYeah\sokAktif\satria-data\garbage-classification\semifinal\results\k_resolution_sweep\20260927\fetch_0754\k-resolution-sweep-v1\classic\kmeans_aimv2\k_24\seed_42\labels.npz,0.1634846600348126,0.472086062667278,0.1022628182769445,2.191684112564816,1.4702032501386444,0.5,0.8782772706584311,,159.50359609189016,0.1215986394557823,0.005,True,0.4416666666666667,,,,,,,,,,,,,,,,,,,,,,,,,
classic,kmeans_convnext,4,42,0.6959769720000004,4.0,,,classic::kmeans_convnext::k4,4,493,1429,0.3992735400949986,0.1317551136016845,2.6844605445496965,303.40670178009543,0.5155372398563446,0.2173265808555433,0.1862736053823318,0.5508917994441557,C:\CoolYeah\sokAktif\satria-data\garbage-classification\semifinal\results\k_resolution_sweep\20260927\fetch_0754\k-resolution-sweep-v1\classic\kmeans_convnext\k_04\seed_42\labels.npz,0.063937076648998,0.8196242858014963,0.1122809116468265,1.0613583193940468,0.2338608127877378,1.0,0.4581938847028146,,80.34346851705698,0.1071428571428571,0.005,False,,,,,,,,,,,,,,,,,,,,,,,,,,
classic,kmeans_convnext,6,42,0.7244383329999948,6.0,,,classic::kmeans_convnext::k6,6,257,968,0.2704666107851355,0.1762338876724243,2.036769000941464,322.37731350715086,0.5776701208944379,0.2524106836421002,0.2845024805891927,0.6795162894415365,C:\CoolYeah\sokAktif\satria-data\garbage-classification\semifinal\results\k_resolution_sweep\20260927\fetch_0754\k-resolution-sweep-v1\classic\kmeans_convnext\k_06\seed_42\labels.npz,0.0902386293209493,0.757372612449991,0.1122096390836279,1.4045564337594778,0.4531616056121971,1.0,0.5821378567190608,,107.84839432164632,0.2312925170068025,0.005,False,,,,,,,,,,,,,,,,,,,,,,,,,,
classic,kmeans_convnext,8,42,0.8974423519999988,8.0,,,classic::kmeans_convnext::k8,8,224,943,0.2634814193908913,0.2172449976205825,1.9212375840633584,340.47743023828303,0.6404002408259608,0.2764136294158227,0.3415645000576838,0.7355003418958717,C:\CoolYeah\sokAktif\satria-data\garbage-classification\semifinal\results\k_resolution_sweep\20260927\fetch_0754\k-resolution-sweep-v1\classic\kmeans_convnext\k_08\seed_42\labels.npz,0.0874768225761856,0.7449481651743216,0.1128738516330082,1.750238299636276,0.959877188777284,1.0,0.6482302284345204,,133.9631701893092,0.3775510204081632,0.005,True,0.3613636363636363,,,,,,,,,,,,,,,,,,,,,,,,,
classic,kmeans_convnext,10,42,1.0380082490000009,10.0,,,classic::kmeans_convnext::k10,10,231,649,0.1813355685945795,0.2548895180225372,1.708104503399391,367.7787289516093,0.6854619610025801,0.3241848460934389,0.4206834101067669,0.8047066733355881,C:\CoolYeah\sokAktif\satria-data\garbage-classification\semifinal\results\k_resolution_sweep\20260927\fetch_0754\k-resolution-sweep-v1\classic\kmeans_convnext\k_10\seed_42\labels.npz,0.1443014868569497,0.6102893243582168,0.1122008314162328,1.958084820385384,1.1214368510559372,0.9,0.9988846381071272,0.9029438139850025,135.65458563637324,0.336734693877551,0.005,True,0.5145454545454545,,,,,,,,,,,,,,,,,,,,,,,,,
classic,kmeans_convnext,11,42,0.9141995720000012,11.0,,,classic::kmeans_convnext::k11,11,228,549,0.1533948030176027,0.2698355615139007,1.706676184264913,375.81132617943854,0.7106934101712469,0.3642473075673252,0.4104046519947403,0.8326901442608502,C:\CoolYeah\sokAktif\satria-data\garbage-classification\semifinal\results\k_resolution_sweep\20260927\fetch_0754\k-resolution-sweep-v1\classic\kmeans_convnext\k_11\seed_42\labels.npz,0.1371000774182134,0.6130875734194469,0.1114018539929816,2.1150538602515483,1.4402208611698049,0.9090909090909092,0.9996909867050696,0.897906602324578,162.86735662017907,0.3413729128014842,0.005,True,0.5981818181818183,,,,,,,,,,,,,,,,,,,,,,,,,
classic,kmeans_convnext,12,42,0.9678383890000006,12.0,,,classic::kmeans_convnext::k12,12,228,463,0.1293657446214026,0.2794868946075439,1.671953478027535,380.1588770577713,0.7237009061008375,0.3731823126971744,0.4154417753464376,0.8456300792469027,C:\CoolYeah\sokAktif\satria-data\garbage-classification\semifinal\results\k_resolution_sweep\20260927\fetch_0754\k-resolution-sweep-v1\classic\kmeans_convnext\k_12\seed_42\labels.npz,0.1498090784831529,0.5741941184704648,0.1097411611006777,2.185492136569022,1.4984941668235978,0.9166666666666666,0.9984498792647032,0.9083829679949104,169.14319124692784,0.3877551020408163,0.005,True,0.7081818181818181,True,2.249240903299069,-0.070690451438228,-26.190336811224,0.1370262390670553,-0.0327585637569427,-0.0757837672558523,-0.008629733280647,FAIL,MULTI_RESOLUTION_ATLAS_SUPPORTED,,,,,,,,,,,,,,,
classic,kmeans_convnext,13,42,1.2410958680000022,13.0,,,classic::kmeans_convnext::k13,13,208,440,0.1229393685386979,0.2825065851211548,1.862156854578484,367.0498231285883,0.7185431904359989,0.386400034479177,0.412338410074798,0.8289766421004303,C:\CoolYeah\sokAktif\satria-data\garbage-classification\semifinal\results\k_resolution_sweep\20260927\fetch_0754\k-resolution-sweep-v1\classic\kmeans_convnext\k_13\seed_42\labels.npz,0.1584476168964982,0.545104283174981,0.1082787896530812,2.160592255028775,1.4733762070016176,0.9230769230769232,0.9837797195505554,0.9157089794642352,158.1751891693126,0.3987441130298274,0.005,True,0.57,,,,,,,,,,,,,,,,,,,,,,,,,
classic,kmeans_convnext,14,42,1.0981845160000034,14.0,,,classic::kmeans_convnext::k14,14,180,436,0.1218217379156188,0.2862130999565124,1.814297144287065,361.5621253647404,0.7314444550380452,0.3818756729438388,0.4160273603543149,0.8216957667650755,C:\CoolYeah\sokAktif\satria-data\garbage-classification\semifinal\results\k_resolution_sweep\20260927\fetch_0754\k-resolution-sweep-v1\classic\kmeans_convnext\k_14\seed_42\labels.npz,0.1612787067814822,0.5308186620402913,0.1080747162541357,2.2432384417772493,1.6023517475635454,0.8571428571428571,0.9937863683452792,0.9261350738260976,177.64799278702793,0.3556851311953353,0.005,True,0.7318181818181818,,,,,,,,,,,,,,,,,,,,,,,,,
classic,kmeans_convnext,16,42,1.2788561529999924,16.0,,,classic::kmeans_convnext::k16,16,127,299,0.0835428890751606,0.2579053044319153,1.93277419572372,335.22178074800405,0.7146257117169059,0.3722597059338708,0.4050541280329267,0.7994101752207566,C:\CoolYeah\sokAktif\satria-data\garbage-classification\semifinal\results\k_resolution_sweep\20260927\fetch_0754\k-resolution-sweep-v1\classic\kmeans_convnext\k_16\seed_42\labels.npz,0.1540194490765944,0.5326084118389364,0.1035606387570133,2.2442861581171782,1.5856544603412797,0.75,0.9858934700084164,,182.9767129373478,0.274234693877551,0.005,True,0.6159090909090909,,,,,,,,,,,,,,,,,,,,,,,,,
classic,kmeans_convnext,18,42,1.707746909999969,18.0,,,classic::kmeans_convnext::k18,18,111,289,0.0807488125174629,0.2444317489862442,1.9346546300660583,314.782209009374,0.7012425472534076,0.3625994442535921,0.4015538156826434,0.783266992879032,C:\CoolYeah\sokAktif\satria-data\garbage-classification\semifinal\results\k_resolution_sweep\20260927\fetch_0754\k-resolution-sweep-v1\classic\kmeans_convnext\k_18\seed_42\labels.npz,0.1557417622995078,0.5164419385370084,0.1046044397602266,2.2486692422027192,1.5740103074652618,0.6666666666666666,0.9284884326659166,,189.0603175338396,0.2335600907029478,0.005,True,0.593181818181818,,,,,,,,,,,,,,,,,,,,,,,,,
classic,kmeans_convnext,20,42,1.3126380920000429,20.0,,,classic::kmeans_convnext::k20,20,74,263,0.073484213467449,0.2379982024431228,2.1140307890800134,285.6831706736288,0.6892886036728818,0.3572316685623011,0.3950409395820309,0.7693237140538284,C:\CoolYeah\sokAktif\satria-data\garbage-classification\semifinal\results\k_resolution_sweep\20260927\fetch_0754\k-resolution-sweep-v1\classic\kmeans_convnext\k_20\seed_42\labels.npz,0.1512859544987317,0.5182405803916601,0.1043532504567125,2.243818383179886,1.5622605366742155,0.6,0.8729488463623567,,172.6151905215198,0.1755102040816325,0.005,True,0.4795454545454545,,,,,,,,,,,,,,,,,,,,,,,,,
classic,kmeans_convnext,22,42,1.709016193000025,22.0,,,classic::kmeans_convnext::k22,22,79,265,0.0740430287789885,0.2228481024503708,2.00878952518657,276.79652746924165,0.6876654427467978,0.3593342142609667,0.3977988995271405,0.7690599905161948,C:\CoolYeah\sokAktif\satria-data\garbage-classification\semifinal\results\k_resolution_sweep\20260927\fetch_0754\k-resolution-sweep-v1\classic\kmeans_convnext\k_22\seed_42\labels.npz,0.1533922061039367,0.5033261486978947,0.1036504549028417,2.2547283049201328,1.5315113504044868,0.5454545454545454,0.8475134681838558,,187.4266823419916,0.1419294990723561,0.005,True,0.5022727272727273,,,,,,,,,,,,,,,,,,,,,,,,,
classic,kmeans_convnext,24,42,1.6588034880000464,24.0,,,classic::kmeans_convnext::k24,24,77,267,0.074601844090528,0.195771038532257,2.1373875001493827,260.63840726818097,0.6780488149308078,0.3555009876809398,0.392252492955276,0.7545698120890139,C:\CoolYeah\sokAktif\satria-data\garbage-classification\semifinal\results\k_resolution_sweep\20260927\fetch_0754\k-resolution-sweep-v1\classic\kmeans_convnext\k_24\seed_42\labels.npz,0.1521444869935153,0.4965047792065772,0.1067932228259623,2.268564153422054,1.556224852163354,0.5,0.8035068812515039,,168.5195327277528,0.1139455782312925,0.005,True,0.325,,,,,,,,,,,,,,,,,,,,,,,,,
classic,kmeans_dinov2,4,42,0.8159354289999996,4.0,,,classic::kmeans_dinov2::k4,4,282,2098,0.5861972618049734,0.1347976624965667,2.2291675766747385,326.9998807034619,0.4153632966726834,0.2464346358550849,0.2953481407059006,0.5184177693899654,C:\CoolYeah\sokAktif\satria-data\garbage-classification\semifinal\results\k_resolution_sweep\20260927\fetch_0754\k-resolution-sweep-v1\classic\kmeans_dinov2\k_04\seed_42\labels.npz,0.0468284032990599,0.8493953561321027,0.1148861713582525,0.8170000881114863,0.4022819886296846,1.0,0.6453944727060356,,63.11530962561913,0.1173469387755101,0.005,False,,,,,,,,,,,,,,,,,,,,,,,,,,
classic,kmeans_dinov2,6,42,0.8282167329999979,6.0,,,classic::kmeans_dinov2::k6,6,276,1465,0.4093322157027103,0.1737960577011108,2.129535433595112,340.0476203875445,0.5787969020605864,0.3214336511936756,0.2864491208986846,0.6634861276279554,C:\CoolYeah\sokAktif\satria-data\garbage-classification\semifinal\results\k_resolution_sweep\20260927\fetch_0754\k-resolution-sweep-v1\classic\kmeans_dinov2\k_06\seed_42\labels.npz,0.0535636603876739,0.8212583426119099,0.1170126612281984,1.3110403273817746,0.5892291335577937,1.0,0.942211986662554,,120.00978840338784,0.1802721088435375,0.005,False,,,,,,,,,,,,,,,,,,,,,,,,,,
classic,kmeans_dinov2,8,42,0.9321579610000016,8.0,,,classic::kmeans_dinov2::k8,8,201,1088,0.3039955294775077,0.205552726984024,1.9773644430575168,332.5874958682738,0.6186507768840376,0.3455617797721926,0.3129329580201737,0.7003105798026112,C:\CoolYeah\sokAktif\satria-data\garbage-classification\semifinal\results\k_resolution_sweep\20260927\fetch_0754\k-resolution-sweep-v1\classic\kmeans_dinov2\k_08\seed_42\labels.npz,0.0639649396161924,0.7898832100166194,0.1167503441574216,1.6068002149092149,0.9925525509201972,1.0,0.9863825217838732,,132.01783172507376,0.3290816326530612,0.005,True,0.5431818181818182,,,,,,,,,,,,,,,,,,,,,,,,,
classic,kmeans_dinov2,10,42,0.9210291759999903,10.0,,,classic::kmeans_dinov2::k10,10,197,851,0.2377759150600726,0.2412094324827194,1.839182181653578,350.9639951899421,0.6855338159254803,0.3350170269736038,0.3444750680459328,0.7731128462710704,C:\CoolYeah\sokAktif\satria-data\garbage-classification\semifinal\results\k_resolution_sweep\20260927\fetch_0754\k-resolution-sweep-v1\classic\kmeans_dinov2\k_10\seed_42\labels.npz,0.1080685307225359,0.6875415396611189,0.1156799353404728,1.902873321064493,1.1448514263168266,0.9,0.9985561934196544,,135.434315017839,0.2714285714285714,0.005,True,0.584090909090909,,,,,,,,,,,,,,,,,,,,,,,,,
classic,kmeans_dinov2,12,42,0.860017808000002,12.0,,,classic::kmeans_dinov2::k12,12,108,651,0.181894383906119,0.2577227652072906,1.7726286390499666,341.7258467933462,0.7169041919117138,0.3601076688950536,0.3427776468787332,0.7734115669963261,C:\CoolYeah\sokAktif\satria-data\garbage-classification\semifinal\results\k_resolution_sweep\20260927\fetch_0754\k-resolution-sweep-v1\classic\kmeans_dinov2\k_12\seed_42\labels.npz,0.0962706308440459,0.6981638018011411,0.1160281724545047,2.153294292965825,1.4561740331857622,0.8333333333333334,0.8150911142089333,0.8291152829631112,172.03931735707482,0.2210884353741496,0.005,True,0.4254545454545454,,,,,,,,,,,,,,,,,,,,,,,,,
classic,kmeans_dinov2,13,42,1.1503936230000136,13.0,,,classic::kmeans_dinov2::k13,13,153,511,0.1427773120983514,0.2779850661754608,1.6957362185941256,364.1714316447069,0.7408398939491656,0.4025548797464628,0.3888651971411574,0.8032051903102283,C:\CoolYeah\sokAktif\satria-data\garbage-classification\semifinal\results\k_resolution_sweep\20260927\fetch_0754\k-resolution-sweep-v1\classic\kmeans_dinov2\k_13\seed_42\labels.npz,0.1244263965162014,0.6264462124258753,0.1148790052217729,2.252058202043264,1.5185667555336846,0.8461538461538461,0.8290557265213311,0.8767700996675324,175.89259155618794,0.2700156985871271,0.005,True,0.630909090909091,,,,,,,,,,,,,,,,,,,,,,,,,
classic,kmeans_dinov2,14,42,1.1429911799999957,14.0,,,classic::kmeans_dinov2::k14,14,107,487,0.136071528359877,0.2760591506958008,1.8022273358752223,346.47357066703546,0.727653117008063,0.3886624314647086,0.3782318068100783,0.7855649920841659,C:\CoolYeah\sokAktif\satria-data\garbage-classification\semifinal\results\k_resolution_sweep\20260927\fetch_0754\k-resolution-sweep-v1\classic\kmeans_dinov2\k_14\seed_42\labels.npz,0.128241499600325,0.612435037579534,0.1160866440817164,2.2046956533025384,1.4660965201241172,0.7857142857142857,0.9528448918474608,0.9099757134667298,183.99253743961847,0.2346938775510204,0.005,True,0.8090909090909091,True,2.312104482517656,-0.0078268722196419,-11.340990618533368,-0.0160349854227405,-0.0361863076686859,-0.0718315563486268,-0.0301973121634749,FAIL,MULTI_RESOLUTION_ATLAS_SUPPORTED,,,,,,,,,,,,,,,
classic,kmeans_dinov2,15,42,1.1727223870000216,15.0,,,classic::kmeans_dinov2::k15,15,108,511,0.1427773120983514,0.2737418115139007,1.704109921364946,336.1750166709497,0.7256267051837579,0.3728441611581274,0.3785201153108838,0.7897785773014483,C:\CoolYeah\sokAktif\satria-data\garbage-classification\semifinal\results\k_resolution_sweep\20260927\fetch_0754\k-resolution-sweep-v1\classic\kmeans_dinov2\k_15\seed_42\labels.npz,0.1302138865910251,0.6047406513741901,0.1158542821493587,2.1596289414305634,1.4142295937026537,0.7333333333333333,0.891192235730497,0.8789550130842323,169.5179157236014,0.2231292517006802,0.005,True,0.5745454545454546,,,,,,,,,,,,,,,,,,,,,,,,,
classic,kmeans_dinov2,16,42,1.225097003999991,16.0,,,classic::kmeans_dinov2::k16,16,93,409,0.1142777312098351,0.2812372744083404,1.8488419240556464,324.5018222151895,0.7109506071074376,0.3890199172614596,0.3844828381051587,0.7756485861833173,C:\CoolYeah\sokAktif\satria-data\garbage-classification\semifinal\results\k_resolution_sweep\20260927\fetch_0754\k-resolution-sweep-v1\classic\kmeans_dinov2\k_16\seed_42\labels.npz,0.1325989199257036,0.5905773322025022,0.1150180400008342,2.207013209760772,1.5307495318567597,0.75,0.8415072285584868,0.8400446707444846,162.38100024805942,0.2448979591836735,0.005,True,0.4327272727272727,,,,,,,,,,,,,,,,,,,,,,,,,
classic,kmeans_dinov2,18,42,1.1866394850000006,18.0,,,classic::kmeans_dinov2::k18,18,47,453,0.1265716680637049,0.2640163898468017,1.814379698211692,306.4725617926632,0.7232722265883598,0.3747445495173232,0.3780107023362171,0.7809459713253589,C:\CoolYeah\sokAktif\satria-data\garbage-classification\semifinal\results\k_resolution_sweep\20260927\fetch_0754\k-resolution-sweep-v1\classic\kmeans_dinov2\k_18\seed_42\labels.npz,0.1298489162613517,0.5903062518665476,0.1169509661987788,2.233723252120715,1.5024231378010913,0.6666666666666666,0.8768341309784077,,176.9675197798953,0.1882086167800453,0.005,True,0.6022727272727272,,,,,,,,,,,,,,,,,,,,,,,,,
classic,kmeans_dinov2,20,42,1.2518514559999971,20.0,,,classic::kmeans_dinov2::k20,20,78,396,0.1106454316848281,0.2469741553068161,1.8790283083554224,291.05848941714936,0.709558112990793,0.3791717907058555,0.3718712591097704,0.7675298355219827,C:\CoolYeah\sokAktif\satria-data\garbage-classification\semifinal\results\k_resolution_sweep\20260927\fetch_0754\k-resolution-sweep-v1\classic\kmeans_dinov2\k_20\seed_42\labels.npz,0.1262535166219117,0.5889475254412955,0.1167527675276752,2.250614982588593,1.527576533616938,0.6,0.8702106898198961,,162.5055939361284,0.1571428571428571,0.005,True,0.4431818181818182,,,,,,,,,,,,,,,,,,,,,,,,,
classic,kmeans_dinov2,22,42,1.9339100700000245,22.0,,,classic::kmeans_dinov2::k22,22,46,388,0.10841017043867,0.2295743376016616,1.9930732957723232,271.1908948006726,0.6994928086478316,0.3709932586078068,0.3681741279682143,0.7541807799685416,C:\CoolYeah\sokAktif\satria-data\garbage-classification\semifinal\results\k_resolution_sweep\20260927\fetch_0754\k-resolution-sweep-v1\classic\kmeans_dinov2\k_22\seed_42\labels.npz,0.1299388727146316,0.5704806418048913,0.1149593111888862,2.265865728504733,1.5494901103059415,0.5454545454545454,0.8535741942853458,,172.6062745357481,0.1363636363636363,0.005,True,0.4386363636363636,,,,,,,,,,,,,,,,,,,,,,,,,
classic,kmeans_dinov2,24,42,1.45310843499999,24.0,,,classic::kmeans_dinov2::k24,24,46,386,0.1078513551271304,0.2057714909315109,2.1074444820210547,249.03764724662008,0.6841403487235825,0.3634056065341411,0.364573521299857,0.7414641961662797,C:\CoolYeah\sokAktif\satria-data\garbage-classification\semifinal\results\k_resolution_sweep\20260927\fetch_0754\k-resolution-sweep-v1\classic\kmeans_dinov2\k_24\seed_42\labels.npz,0.1266102357683531,0.5732757266492338,0.1166695857780891,2.242283635563809,1.5165543264601942,0.5,0.8375714499510106,,185.81142739144383,0.1037414965986394,0.005,True,0.5159090909090909,,,,,,,,,,,,,,,,,,,,,,,,,
classic,kmeans_dinov3,4,42,0.9940999069999998,4.0,,,classic::kmeans_dinov3::k4,4,595,1520,0.4246996367700475,0.1477008908987045,2.328169425167677,354.9329235637229,0.5340216385544682,0.3096518684102379,0.369142207516313,0.5350906328302035,C:\CoolYeah\sokAktif\satria-data\garbage-classification\semifinal\results\k_resolution_sweep\20260927\fetch_0754\k-resolution-sweep-v1\classic\kmeans_dinov3\k_04\seed_42\labels.npz,0.061239641935595,0.8222481736163865,0.1123731848020688,1.2325339172432028,0.3719202092520582,1.0,0.9699572421120743,,88.53887568288867,0.0459183673469387,0.005,False,,,,,,,,,,,,,,,,,,,,,,,,,,
classic,kmeans_dinov3,6,42,0.8702665230000051,6.0,,,classic::kmeans_dinov3::k6,6,481,827,0.2310701313215982,0.185011550784111,2.2166190239067043,354.2659696255256,0.6566964306744837,0.3580823874533463,0.3998572000503061,0.6874031325476243,C:\CoolYeah\sokAktif\satria-data\garbage-classification\semifinal\results\k_resolution_sweep\20260927\fetch_0754\k-resolution-sweep-v1\classic\kmeans_dinov3\k_06\seed_42\labels.npz,0.1003871071961647,0.7338967708650024,0.1142293749751025,1.6623856693914263,0.6025296896154836,1.0,0.8981872438963832,,125.76272875664311,0.2278911564625849,0.005,True,0.4125000000000001,,,,,,,,,,,,,,,,,,,,,,,,,
classic,kmeans_dinov3,8,42,0.938277767999992,8.0,,,classic::kmeans_dinov3::k8,8,221,634,0.1771444537580329,0.2170835435390472,1.873989451661312,345.1238918031136,0.7315206958451848,0.3601989156412803,0.3879011422591881,0.7325649441286789,C:\CoolYeah\sokAktif\satria-data\garbage-classification\semifinal\results\k_resolution_sweep\20260927\fetch_0754\k-resolution-sweep-v1\classic\kmeans_dinov3\k_08\seed_42\labels.npz,0.1058703963181678,0.7070418486325785,0.1137601235619096,1.9831330144028985,1.0645995629703109,1.0,0.732807446345283,,150.91293895321735,0.3112244897959183,0.005,True,0.4125,,,,,,,,,,,,,,,,,,,,,,,,,
classic,kmeans_dinov3,10,42,0.8531543730000095,10.0,,,classic::kmeans_dinov3::k10,10,232,605,0.1690416317407096,0.2569315731525421,1.7636987141441494,373.41492213632046,0.7026309360740548,0.3562189228549606,0.3728916442017759,0.8097139178683092,C:\CoolYeah\sokAktif\satria-data\garbage-classification\semifinal\results\k_resolution_sweep\20260927\fetch_0754\k-resolution-sweep-v1\classic\kmeans_dinov3\k_10\seed_42\labels.npz,0.1012992617728406,0.6975142236979052,0.1138298718866873,1.939764663939304,1.1173126523339505,0.9,0.9881368328176512,0.8386588690211371,136.3213212598728,0.2795918367346939,0.005,True,0.5133333333333334,,,,,,,,,,,,,,,,,,,,,,,,,
classic,kmeans_dinov3,11,42,1.0648680670000203,11.0,,,classic::kmeans_dinov3::k11,11,229,506,0.1413802738195026,0.2718299627304077,1.763702780663874,379.7561836509557,0.7125300333807928,0.3743154135127153,0.400144281790287,0.8229325812419593,C:\CoolYeah\sokAktif\satria-data\garbage-classification\semifinal\results\k_resolution_sweep\20260927\fetch_0754\k-resolution-sweep-v1\classic\kmeans_dinov3\k_11\seed_42\labels.npz,0.1383796340984366,0.6096988151780927,0.1133871840612535,2.094459514406081,1.3554647393351862,0.9090909090909092,0.8526382634228051,0.8660609925184057,161.36077050409764,0.3228200371057514,0.005,True,0.5266666666666667,,,,,,,,,,,,,,,,,,,,,,,,,
classic,kmeans_dinov3,12,42,1.2286861990000002,12.0,,,classic::kmeans_dinov3::k12,12,216,467,0.1304833752444817,0.2855719625949859,1.648944278244989,387.8520757008906,0.7414508007123636,0.3879308870310018,0.3949691856235041,0.8283004359970345,C:\CoolYeah\sokAktif\satria-data\garbage-classification\semifinal\results\k_resolution_sweep\20260927\fetch_0754\k-resolution-sweep-v1\classic\kmeans_dinov3\k_12\seed_42\labels.npz,0.1463595714149407,0.5823380246635201,0.1134972383402125,2.271605327746228,1.5409344903714632,0.8333333333333334,0.9963803875660964,0.9219583239130862,181.81543605834693,0.239795918367347,0.005,True,0.7733333333333332,True,2.304874125891365,-0.015057228845932,-13.51809199980491,-0.0109329446064139,-0.0266734957695007,-0.0580338726443262,-0.0120792403488592,FAIL,MULTI_RESOLUTION_ATLAS_SUPPORTED,,,,,,,,,,,,,,,
classic,kmeans_dinov3,13,42,1.1274447670000145,13.0,,,classic::kmeans_dinov3::k13,13,142,469,0.1310421905560212,0.2927913665771484,1.5643029840919556,388.0287123449553,0.7541479386020217,0.4016522455517219,0.4037331617985077,0.8405381901187542,C:\CoolYeah\sokAktif\satria-data\garbage-classification\semifinal\results\k_resolution_sweep\20260927\fetch_0754\k-resolution-sweep-v1\classic\kmeans_dinov3\k_13\seed_42\labels.npz,0.1435325176349443,0.5811008067278117,0.1131168468504408,2.2955474010490446,1.5502502759031225,0.7692307692307693,0.995288009331638,0.9388688385578262,170.91510992963185,0.1930926216640501,0.005,True,0.6825000000000001,,,,,,,,,,,,,,,,,,,,,,,,,
classic,kmeans_dinov3,14,42,1.3466606249999984,14.0,,,classic::kmeans_dinov3::k14,14,111,469,0.1310421905560212,0.2949275374412536,1.6599193074270422,375.2016355325008,0.7505923498031977,0.4000799445319254,0.3990768387196589,0.8328610607339023,C:\CoolYeah\sokAktif\satria-data\garbage-classification\semifinal\results\k_resolution_sweep\20260927\fetch_0754\k-resolution-sweep-v1\classic\kmeans_dinov3\k_14\seed_42\labels.npz,0.1433803727187504,0.5749506378828636,0.1133801829939736,2.291246830717616,1.5273149717483616,0.7142857142857143,0.9499738574800446,0.944050053977831,174.0768419622016,0.1399416909620991,0.005,True,0.6666666666666666,,,,,,,,,,,,,,,,,,,,,,,,,
classic,kmeans_dinov3,16,42,1.207740562999987,16.0,,,classic::kmeans_dinov3::k16,16,105,442,0.1234981838502375,0.3047906756401062,1.752872761647044,359.9670125620354,0.7563719074804942,0.3943157045639354,0.4066640823329915,0.8315729066559261,C:\CoolYeah\sokAktif\satria-data\garbage-classification\semifinal\results\k_resolution_sweep\20260927\fetch_0754\k-resolution-sweep-v1\classic\kmeans_dinov3\k_16\seed_42\labels.npz,0.1510530038381908,0.5449939772680463,0.1127804324937231,2.323860790383786,1.6157308237683876,0.75,0.9856901697133506,,168.352644099601,0.2410714285714286,0.005,True,0.6125,,,,,,,,,,,,,,,,,,,,,,,,,
classic,kmeans_dinov3,18,42,1.4006051550000225,18.0,,,classic::kmeans_dinov3::k18,18,46,419,0.1170718077675328,0.2909128665924072,1.7345609083702869,330.97705442950945,0.7391479487386963,0.3949555794248757,0.4003680771364744,0.8132035654910352,C:\CoolYeah\sokAktif\satria-data\garbage-classification\semifinal\results\k_resolution_sweep\20260927\fetch_0754\k-resolution-sweep-v1\classic\kmeans_dinov3\k_18\seed_42\labels.npz,0.1462212387557964,0.5480437277990553,0.1122954327755925,2.312058992511102,1.5932341853427834,0.6666666666666666,0.894482461218412,,167.1193351733979,0.1938775510204081,0.005,True,0.5000000000000001,,,,,,,,,,,,,,,,,,,,,,,,,
classic,kmeans_dinov3,20,42,1.5877058929999637,20.0,,,classic::kmeans_dinov3::k20,20,84,379,0.1058955015367421,0.2462350279092788,1.8448469826529568,303.82957413383855,0.7244456538406389,0.3790850532635413,0.3918168681427654,0.7937750107015863,C:\CoolYeah\sokAktif\satria-data\garbage-classification\semifinal\results\k_resolution_sweep\20260927\fetch_0754\k-resolution-sweep-v1\classic\kmeans_dinov3\k_20\seed_42\labels.npz,0.1484212535288189,0.5288471910701233,0.110265122912996,2.314138776898284,1.5743084057112184,0.6,0.8184873793249988,,179.65046638783167,0.1806122448979592,0.005,True,0.4666666666666666,,,,,,,,,,,,,,,,,,,,,,,,,
classic,kmeans_dinov3,22,42,2.5101833720000286,22.0,,,classic::kmeans_dinov3::k22,22,46,370,0.1033808326348142,0.247620090842247,1.9369265264620323,289.14031051396955,0.7192710452059856,0.376672686904854,0.3937024247281002,0.7888436482415805,C:\CoolYeah\sokAktif\satria-data\garbage-classification\semifinal\results\k_resolution_sweep\20260927\fetch_0754\k-resolution-sweep-v1\classic\kmeans_dinov3\k_22\seed_42\labels.npz,0.156951737618334,0.4988636319604514,0.1088758657432072,2.3043573546855933,1.569619511568736,0.5454545454545454,0.8297316020523825,,201.0827676222914,0.1447124304267161,0.005,True,0.5291666666666666,,,,,,,,,,,,,,,,,,,,,,,,,
classic,kmeans_dinov3,24,42,1.690779415999998,24.0,,,classic::kmeans_dinov3::k24,24,46,262,0.0732048058116792,0.2133378535509109,2.002423878470133,272.415827210232,0.7023135488615226,0.3708204542323367,0.393513312754624,0.7723406607896834,C:\CoolYeah\sokAktif\satria-data\garbage-classification\semifinal\results\k_resolution_sweep\20260927\fetch_0754\k-resolution-sweep-v1\classic\kmeans_dinov3\k_24\seed_42\labels.npz,0.1514495766065948,0.4998913450803763,0.1043748759017803,2.309898030103402,1.5713259275564435,0.5,0.8007986975357827,,181.57236171486727,0.1173469387755102,0.005,True,0.4041666666666667,,,,,,,,,,,,,,,,,,,,,,,,,
classic,kmeans_eva02,4,42,0.7412696180000005,4.0,,,classic::kmeans_eva02::k4,4,504,1717,0.4797429449566918,0.1322310715913772,2.585492184961449,307.0947096543951,0.5582137778207096,0.2183496605514748,0.2065537045133855,0.5528430478883768,C:\CoolYeah\sokAktif\satria-data\garbage-classification\semifinal\results\k_resolution_sweep\20260927\fetch_0754\k-resolution-sweep-v1\classic\kmeans_eva02\k_04\seed_42\labels.npz,0.0548266941346723,0.8333361353432402,0.1136641502843059,1.080706988642688,0.2222742483948289,1.0,0.8950272052520253,,83.3723141136976,0.1020408163265306,0.005,False,,,,,,,,,,,,,,,,,,,,,,,,,,
classic,kmeans_eva02,6,42,0.7991804350000038,6.0,,,classic::kmeans_eva02::k6,6,258,1280,0.3576417993853031,0.1852246522903442,2.1512660094807994,342.7115815005326,0.6731993751553906,0.3092741258506936,0.3089720221185787,0.6692395976580178,C:\CoolYeah\sokAktif\satria-data\garbage-classification\semifinal\results\k_resolution_sweep\20260927\fetch_0754\k-resolution-sweep-v1\classic\kmeans_eva02\k_06\seed_42\labels.npz,0.067181464637801,0.7967162397744922,0.1126103975294557,1.6123916419666884,0.7189633933216808,1.0,0.8832690269131714,,113.85632075034086,0.2176870748299321,0.005,False,,,,,,,,,,,,,,,,,,,,,,,,,,
classic,kmeans_eva02,8,42,0.7944774540000026,8.0,,,classic::kmeans_eva02::k8,8,240,1051,0.2936574462140263,0.225197285413742,1.8522461698882955,348.9118577566424,0.704976439289122,0.3169027716511076,0.3011582561856426,0.7484794275675865,C:\CoolYeah\sokAktif\satria-data\garbage-classification\semifinal\results\k_resolution_sweep\20260927\fetch_0754\k-resolution-sweep-v1\classic\kmeans_eva02\k_08\seed_42\labels.npz,0.0702555067988632,0.7774777750572981,0.1142534608757649,1.8743957637841224,1.063064812797846,1.0,0.995558361798742,,135.7274015397034,0.2933673469387755,0.005,True,0.4704545454545454,,,,,,,,,,,,,,,,,,,,,,,,,
classic,kmeans_eva02,10,42,1.0033638419999988,10.0,,,classic::kmeans_eva02::k10,10,241,815,0.227717239452361,0.2580433487892151,1.6902216056966215,359.67374829952394,0.763996723519732,0.3407533833256554,0.3595105599054456,0.8011609633588335,C:\CoolYeah\sokAktif\satria-data\garbage-classification\semifinal\results\k_resolution_sweep\20260927\fetch_0754\k-resolution-sweep-v1\classic\kmeans_eva02\k_10\seed_42\labels.npz,0.1117242779167889,0.679417735813349,0.1123882250534145,2.1860786043222005,1.321250291335646,0.9,0.9982490835973802,0.9187112262127354,174.89921246343917,0.283673469387755,0.005,True,0.6627272727272727,,,,,,,,,,,,,,,,,,,,,,,,,
classic,kmeans_eva02,11,42,0.9924475999999912,11.0,,,classic::kmeans_eva02::k11,11,232,627,0.1751886001676446,0.2685492038726806,1.6217821538765451,377.91643838688987,0.7506738668301073,0.3442304757854717,0.4127105547574565,0.8329273926768744,C:\CoolYeah\sokAktif\satria-data\garbage-classification\semifinal\results\k_resolution_sweep\20260927\fetch_0754\k-resolution-sweep-v1\classic\kmeans_eva02\k_11\seed_42\labels.npz,0.1551253146563661,0.5752603932284219,0.1121458134352117,2.156306605043941,1.2768133969472153,0.9090909090909092,0.9951022119866364,0.8990974241064855,173.80793291183286,0.3302411873840445,0.005,True,0.5690909090909091,,,,,,,,,,,,,,,,,,,,,,,,,
classic,kmeans_eva02,12,42,0.9236196100000028,12.0,,,classic::kmeans_eva02::k12,12,213,448,0.1251746297848561,0.2859145104885101,1.530004913492365,385.2839967906624,0.7687750058725101,0.3809735811666126,0.4056893425881253,0.8438091233448698,C:\CoolYeah\sokAktif\satria-data\garbage-classification\semifinal\results\k_resolution_sweep\20260927\fetch_0754\k-resolution-sweep-v1\classic\kmeans_eva02\k_12\seed_42\labels.npz,0.1559199969926436,0.5611513435366556,0.1118874139135642,2.3098447295532907,1.5846154839341684,0.9166666666666666,0.9232794587760506,0.9271287184870544,207.922553209152,0.3435374149659863,0.005,True,0.8045454545454545,True,2.299794528922454,-0.0201368258148431,12.5890251510001,0.0928085519922253,-0.0263309478759765,-0.0307096674841796,-0.0025188147711563,FAIL,MULTI_RESOLUTION_ATLAS_SUPPORTED,,,,,,,,,,,,,,,
classic,kmeans_eva02,13,42,1.146779299000002,13.0,,,classic::kmeans_eva02::k13,13,176,451,0.1260128527521654,0.2904426157474518,1.5353407947344035,378.2308035033488,0.7827071118724582,0.3790510138657335,0.4064811069240908,0.8531795152455985,C:\CoolYeah\sokAktif\satria-data\garbage-classification\semifinal\results\k_resolution_sweep\20260927\fetch_0754\k-resolution-sweep-v1\classic\kmeans_eva02\k_13\seed_42\labels.npz,0.1649209318520957,0.5319711166973662,0.1106097071801043,2.3329910904077487,1.6254433257665073,0.8461538461538461,0.9872812430308828,0.925201523186505,187.517802911582,0.3328100470957613,0.005,True,0.6699999999999999,,,,,,,,,,,,,,,,,,,,,,,,,
classic,kmeans_eva02,14,42,1.0093129979999844,14.0,,,classic::kmeans_eva02::k14,14,178,405,0.113160100586756,0.2916648983955383,1.7630659707173617,369.47650628605584,0.7779323234823249,0.3870143504935499,0.4009934437597177,0.8437416386861976,C:\CoolYeah\sokAktif\satria-data\garbage-classification\semifinal\results\k_resolution_sweep\20260927\fetch_0754\k-resolution-sweep-v1\classic\kmeans_eva02\k_14\seed_42\labels.npz,0.1634766969307501,0.5246095356069107,0.1088178195565546,2.3362398212533586,1.6364160813026902,0.8571428571428571,0.9955975280220714,0.8989404151160827,190.23194126694884,0.3542274052478134,0.005,True,0.7345454545454545,,,,,,,,,,,,,,,,,,,,,,,,,
classic,kmeans_eva02,16,42,1.2593258570000216,16.0,,,classic::kmeans_eva02::k16,16,102,289,0.0807488125174629,0.255140870809555,1.9783129783790057,336.20024920168004,0.7676551981210076,0.3799290788841466,0.3964381757519866,0.8288747903125948,C:\CoolYeah\sokAktif\satria-data\garbage-classification\semifinal\results\k_resolution_sweep\20260927\fetch_0754\k-resolution-sweep-v1\classic\kmeans_eva02\k_16\seed_42\labels.npz,0.1605249827543958,0.5169517733869244,0.1047142436603726,2.35395147134952,1.6534828009402895,0.75,0.9900400298632812,,194.54951604768283,0.2691326530612244,0.005,True,0.6522727272727272,,,,,,,,,,,,,,,,,,,,,,,,,
classic,kmeans_eva02,18,42,1.289908395000026,18.0,,,classic::kmeans_eva02::k18,18,102,289,0.0807488125174629,0.2452566772699356,1.9417471742631551,319.3536721295416,0.7571724309211233,0.3740131428714457,0.3945709335861332,0.8113587669265709,C:\CoolYeah\sokAktif\satria-data\garbage-classification\semifinal\results\k_resolution_sweep\20260927\fetch_0754\k-resolution-sweep-v1\classic\kmeans_eva02\k_18\seed_42\labels.npz,0.1636825121918264,0.4965025082140245,0.1032109603051158,2.3685482411985457,1.6398082587948122,0.6666666666666666,0.9328777956167036,,159.03587544901004,0.2256235827664399,0.005,True,0.3386363636363637,,,,,,,,,,,,,,,,,,,,,,,,,
classic,kmeans_eva02,20,42,1.8377674459999864,20.0,,,classic::kmeans_eva02::k20,20,96,287,0.0801899972059234,0.2409551739692688,1.9286744884632323,304.8740721053928,0.7403814886542482,0.3681585642714141,0.3848473015475268,0.7975638586454651,C:\CoolYeah\sokAktif\satria-data\garbage-classification\semifinal\results\k_resolution_sweep\20260927\fetch_0754\k-resolution-sweep-v1\classic\kmeans_eva02\k_20\seed_42\labels.npz,0.1530616856857688,0.5130788210482236,0.1023684662998624,2.3575053193210125,1.6353428284527036,0.6,0.8898521163273206,,180.8917000003676,0.1520408163265305,0.005,True,0.4795454545454545,,,,,,,,,,,,,,,,,,,,,,,,,
classic,kmeans_eva02,22,42,1.4385197699999708,22.0,,,classic::kmeans_eva02::k22,22,95,288,0.0804694048616932,0.2396307736635208,1.907018127411917,293.5344871862238,0.7288160379932684,0.3699819645865259,0.3975070989554771,0.7910124714932935,C:\CoolYeah\sokAktif\satria-data\garbage-classification\semifinal\results\k_resolution_sweep\20260927\fetch_0754\k-resolution-sweep-v1\classic\kmeans_eva02\k_22\seed_42\labels.npz,0.1633749960916234,0.4765356516216234,0.1023450440240606,2.362873028962764,1.61443367819441,0.5454545454545454,0.867751237568602,,162.64954614053127,0.1447124304267161,0.005,True,0.2840909090909091,,,,,,,,,,,,,,,,,,,,,,,,,
classic,kmeans_eva02,24,42,1.6736074610000171,24.0,,,classic::kmeans_eva02::k24,24,88,289,0.0807488125174629,0.2376830577850341,1.9947884188998408,279.20799267094736,0.7269932944045916,0.3677322324551844,0.3954378913977128,0.7895500891979651,C:\CoolYeah\sokAktif\satria-data\garbage-classification\semifinal\results\k_resolution_sweep\20260927\fetch_0754\k-resolution-sweep-v1\classic\kmeans_eva02\k_24\seed_42\labels.npz,0.1629806545657683,0.4683266006477452,0.0995270047299527,2.3831066805479013,1.636431729453807,0.5,0.8477631986854545,,175.5568128964636,0.1122448979591837,0.005,True,0.3340909090909091,,,,,,,,,,,,,,,,,,,,,,,,,
classic,kmeans_fused,4,42,0.7122712950000007,4.0,,,classic::kmeans_fused::k4,4,475,1341,0.374685666387259,0.1632088422775268,2.232352317219428,393.73634059594673,0.5480720579726066,0.2642364764019351,0.4077026351276111,0.628362570656968,C:\CoolYeah\sokAktif\satria-data\garbage-classification\semifinal\results\k_resolution_sweep\20260927\fetch_0754\k-resolution-sweep-v1\classic\kmeans_fused\k_04\seed_42\labels.npz,0.0917706038794013,0.7784650307398184,0.1149685872927433,1.253310964756353,0.4176748582157019,1.0,0.9995441315919708,,85.26520551933092,0.2193877551020407,0.005,False,,,,,,,,,,,,,,,,,,,,,,,,,,
classic,kmeans_fused,6,42,0.7437154690000014,6.0,,,classic::kmeans_fused::k6,6,293,860,0.2402905839620005,0.1948756128549575,2.1221853813855835,369.5002193570171,0.6240220334923053,0.2938749668497439,0.3802828185566614,0.7553070306011848,C:\CoolYeah\sokAktif\satria-data\garbage-classification\semifinal\results\k_resolution_sweep\20260927\fetch_0754\k-resolution-sweep-v1\classic\kmeans_fused\k_06\seed_42\labels.npz,0.084869949106691,0.7634068694010914,0.1155844908525394,1.4377235566047557,0.3994494831638651,1.0,0.5459593951527122,,94.12401814393158,0.2687074829931972,0.005,False,,,,,,,,,,,,,,,,,,,,,,,,,,
classic,kmeans_fused,8,42,0.7672383790000055,8.0,,,classic::kmeans_fused::k8,8,237,639,0.1785414920368818,0.2335696667432785,1.7771864778516868,372.23819137240105,0.709882980002467,0.3433236841478687,0.3967854939138254,0.8323569094276577,C:\CoolYeah\sokAktif\satria-data\garbage-classification\semifinal\results\k_resolution_sweep\20260927\fetch_0754\k-resolution-sweep-v1\classic\kmeans_fused\k_08\seed_42\labels.npz,0.085792554462436,0.7438347320485057,0.1136855949249574,1.8861890144939693,0.9382213763798972,1.0,0.7353727127934246,,129.58095788053876,0.3290816326530612,0.005,True,0.3522727272727273,,,,,,,,,,,,,,,,,,,,,,,,,
classic,kmeans_fused,10,42,1.4235867519999914,10.0,,,classic::kmeans_fused::k10,10,237,562,0.1570271025426096,0.2739118337631225,1.6638849794158737,403.8888144474179,0.7451198700647343,0.3898495687230663,0.4041170689811651,0.8952385051056388,C:\CoolYeah\sokAktif\satria-data\garbage-classification\semifinal\results\k_resolution_sweep\20260927\fetch_0754\k-resolution-sweep-v1\classic\kmeans_fused\k_10\seed_42\labels.npz,0.1335398344679266,0.6297045891851516,0.1130892678034102,2.029476113794369,1.2144766846459882,1.0,0.8814215918132233,,152.07933874156953,0.3734693877551019,0.005,True,0.4613636363636364,,,,,,,,,,,,,,,,,,,,,,,,,
classic,kmeans_fused,12,42,0.8999229189999909,12.0,,,classic::kmeans_fused::k12,12,238,461,0.1288069293098631,0.3047722280025482,1.4865777050444908,421.5546108987704,0.7882275189705215,0.4036409781195705,0.44090321522329,0.9668406017426142,C:\CoolYeah\sokAktif\satria-data\garbage-classification\semifinal\results\k_resolution_sweep\20260927\fetch_0754\k-resolution-sweep-v1\classic\kmeans_fused\k_12\seed_42\labels.npz,0.1599727044951604,0.550404496654464,0.1121068421561986,2.297165222193283,1.5872571004039917,0.9166666666666666,0.9995841832099616,0.9591068746945298,184.9272099214716,0.3554421768707483,0.005,True,0.7109090909090909,,,,,,,,,,,,,,,,,,,,,,,,,
classic,kmeans_fused,13,42,0.9579233400000078,13.0,,,classic::kmeans_fused::k13,13,135,461,0.1288069293098631,0.3098684251308441,1.4244421917803518,415.9091051514525,0.8065186161517861,0.4060913938066076,0.437320895483108,0.94747587154569,C:\CoolYeah\sokAktif\satria-data\garbage-classification\semifinal\results\k_resolution_sweep\20260927\fetch_0754\k-resolution-sweep-v1\classic\kmeans_fused\k_13\seed_42\labels.npz,0.1617992669223122,0.5388690887649517,0.1118436360815946,2.374903051446489,1.6930242621655502,0.8461538461538461,0.974195764477126,0.9486354224123326,190.52089638782783,0.3092621664050236,0.005,True,0.6327272727272727,,,,,,,,,,,,,,,,,,,,,,,,,
classic,kmeans_fused,14,42,1.1626786120000077,14.0,,,classic::kmeans_fused::k14,14,130,461,0.1288069293098631,0.3122454583644867,1.4350342145376385,404.2755694043753,0.7994846733566898,0.4001026292045294,0.4341620140544414,0.9308280635971606,C:\CoolYeah\sokAktif\satria-data\garbage-classification\semifinal\results\k_resolution_sweep\20260927\fetch_0754\k-resolution-sweep-v1\classic\kmeans_fused\k_14\seed_42\labels.npz,0.1584388117637999,0.5402987430423499,0.112934194449293,2.379453339658992,1.6866654952950038,0.7857142857142857,0.9949426770764443,0.9566263999574282,195.33352805815184,0.2507288629737609,0.005,True,0.7809090909090909,True,2.3199313547372973,0.0,0.0,0.0,0.0,0.0,0.0,FAIL,MULTI_RESOLUTION_ATLAS_SUPPORTED,,,,,,,,,,,,,,,
classic,kmeans_fused,15,42,1.1326268250000169,15.0,,,classic::kmeans_fused::k15,15,107,461,0.1288069293098631,0.3138164579868316,1.4097931729819448,392.5419861194179,0.7910999341778866,0.3972063890533422,0.429901316488103,0.9227895973280258,C:\CoolYeah\sokAktif\satria-data\garbage-classification\semifinal\results\k_resolution_sweep\20260927\fetch_0754\k-resolution-sweep-v1\classic\kmeans_fused\k_15\seed_42\labels.npz,0.1567044010026993,0.5391978178641978,0.1130514170276412,2.376810130842507,1.676380430729438,0.7333333333333333,0.9572311115046344,0.9602535202347758,202.1764497639305,0.2163265306122449,0.005,True,0.8045454545454546,,,,,,,,,,,,,,,,,,,,,,,,,
classic,kmeans_fused,16,42,1.260456511000001,16.0,,,classic::kmeans_fused::k16,16,107,455,0.1271304833752445,0.3211464583873749,1.593880809123999,387.2316002969214,0.7954822545913534,0.409127754390087,0.4349355667819202,0.8989757804893154,C:\CoolYeah\sokAktif\satria-data\garbage-classification\semifinal\results\k_resolution_sweep\20260927\fetch_0754\k-resolution-sweep-v1\classic\kmeans_fused\k_16\seed_42\labels.npz,0.1668288279510726,0.5076277708111845,0.1126903355364488,2.389163554181064,1.677347556651721,0.75,0.9943103505316956,0.9362832664490296,193.8168071668588,0.2576530612244898,0.005,True,0.6799999999999999,,,,,,,,,,,,,,,,,,,,,,,,,
classic,kmeans_fused,18,42,1.1199157800000137,18.0,,,classic::kmeans_fused::k18,18,92,454,0.1268510757194747,0.3085303008556366,1.6331093729240267,363.379316725674,0.7884210121410014,0.4071928627145872,0.4267744807981375,0.8854170296626047,C:\CoolYeah\sokAktif\satria-data\garbage-classification\semifinal\results\k_resolution_sweep\20260927\fetch_0754\k-resolution-sweep-v1\classic\kmeans_fused\k_18\seed_42\labels.npz,0.1672435459844985,0.494674650043999,0.1130795548389633,2.396301602810979,1.670306370657361,0.6666666666666666,0.8956429492270178,,191.7226549641868,0.2222222222222221,0.005,True,0.5340909090909092,,,,,,,,,,,,,,,,,,,,,,,,,
classic,kmeans_fused,20,42,1.3448469179999734,20.0,,,classic::kmeans_fused::k20,20,59,453,0.1265716680637049,0.292899340391159,1.599042328115012,343.2014865950362,0.7686326370010834,0.3996609233988866,0.4220965718532475,0.860630269652868,C:\CoolYeah\sokAktif\satria-data\garbage-classification\semifinal\results\k_resolution_sweep\20260927\fetch_0754\k-resolution-sweep-v1\classic\kmeans_fused\k_20\seed_42\labels.npz,0.1724792353925348,0.4708498600669281,0.1110804742584787,2.395098464203867,1.6663640832294797,0.6,0.8973772712606803,,189.65526038969523,0.196938775510204,0.005,True,0.4340909090909091,,,,,,,,,,,,,,,,,,,,,,,,,
classic,kmeans_fused,22,42,2.1049916679999683,22.0,,,classic::kmeans_fused::k22,22,46,293,0.081866443140542,0.2544331550598144,1.7327888766866095,324.84849279400737,0.7579463645652794,0.3930224267665279,0.4249067535813172,0.8451364695769376,C:\CoolYeah\sokAktif\satria-data\garbage-classification\semifinal\results\k_resolution_sweep\20260927\fetch_0754\k-resolution-sweep-v1\classic\kmeans_fused\k_22\seed_42\labels.npz,0.1771166080507768,0.4415613090281253,0.1075412221144519,2.4011712910560097,1.658993519715638,0.5454545454545454,0.8729453878531919,,182.44368215904416,0.1558441558441558,0.005,True,0.2477272727272727,,,,,,,,,,,,,,,,,,,,,,,,,
classic,kmeans_fused,24,42,1.4560966580000354,24.0,,,classic::kmeans_fused::k24,24,46,291,0.0813076278290025,0.2572385668754577,1.7781181687939924,305.04895080421574,0.7498722770734545,0.3905743996093928,0.407909474554441,0.8369304947433829,C:\CoolYeah\sokAktif\satria-data\garbage-classification\semifinal\results\k_resolution_sweep\20260927\fetch_0754\k-resolution-sweep-v1\classic\kmeans_fused\k_24\seed_42\labels.npz,0.167337463771269,0.4608020993117819,0.106518153495286,2.411558306110608,1.673182675319865,0.5,0.899569054909037,,184.67681145668888,0.1318027210884354,0.005,True,0.3613636363636364,,,,,,,,,,,,,,,,,,,,,,,,,
classic,kmeans_radio,4,42,0.6963196800000011,4.0,,,classic::kmeans_radio::k4,4,461,1337,0.3735680357641799,0.162046805024147,2.240972487343317,391.034354805124,0.5418698025683534,0.257673446935435,0.4034070929446323,0.6124888551232284,C:\CoolYeah\sokAktif\satria-data\garbage-classification\semifinal\results\k_resolution_sweep\20260927\fetch_0754\k-resolution-sweep-v1\classic\kmeans_radio\k_04\seed_42\labels.npz,0.0991654746767684,0.7682048601748315,0.1136324067088387,1.2347895688403083,0.4143621256045703,1.0,0.997328769081162,,89.3538352037542,0.2040816326530612,0.005,False,,,,,,,,,,,,,,,,,,,,,,,,,,
classic,kmeans_radio,6,42,0.7378760329999992,6.0,,,classic::kmeans_radio::k6,6,457,901,0.251746297848561,0.1959720849990844,2.094879703451767,369.62045471874416,0.6843664687929739,0.3480730333777698,0.4415866414388852,0.7634517923577375,C:\CoolYeah\sokAktif\satria-data\garbage-classification\semifinal\results\k_resolution_sweep\20260927\fetch_0754\k-resolution-sweep-v1\classic\kmeans_radio\k_06\seed_42\labels.npz,0.092319643665634,0.7484937837439474,0.1135659515142126,1.6498015134752246,0.6054148016844625,1.0,0.8691618417262217,,116.7876259957073,0.2857142857142857,0.005,True,0.3833333333333334,,,,,,,,,,,,,,,,,,,,,,,,,
classic,kmeans_radio,8,42,0.8700169509999967,8.0,,,classic::kmeans_radio::k8,8,249,624,0.1743503772003352,0.2366852611303329,1.8451364588740515,381.6347915014034,0.7063043886764045,0.348912339672058,0.3908547903577299,0.8305832294652717,C:\CoolYeah\sokAktif\satria-data\garbage-classification\semifinal\results\k_resolution_sweep\20260927\fetch_0754\k-resolution-sweep-v1\classic\kmeans_radio\k_08\seed_42\labels.npz,0.1047521700825967,0.70676550964156,0.1119290225097826,1.8132763812581263,0.8898576804465107,1.0,0.717451626639158,,140.67065306301808,0.3316326530612244,0.005,True,0.3874999999999999,,,,,,,,,,,,,,,,,,,,,,,,,
classic,kmeans_radio,10,42,0.8595168140000027,10.0,,,classic::kmeans_radio::k10,10,227,634,0.1771444537580329,0.2685187458992004,1.7284720818466124,390.7281695652672,0.7316249060254751,0.3743343257480529,0.4148462372497784,0.8593928262456799,C:\CoolYeah\sokAktif\satria-data\garbage-classification\semifinal\results\k_resolution_sweep\20260927\fetch_0754\k-resolution-sweep-v1\classic\kmeans_radio\k_10\seed_42\labels.npz,0.1493316223043024,0.5997377809546358,0.1124036303308285,2.01595953437462,1.2563958787891445,1.0,0.778423891967274,0.7480811740357973,151.25659574310714,0.4,0.005,True,0.4216666666666666,,,,,,,,,,,,,,,,,,,,,,,,,
classic,kmeans_radio,11,42,0.8452774710000028,11.0,,,classic::kmeans_radio::k11,11,228,591,0.1651299245599329,0.2821671068668365,1.6392009713351627,402.7308552095488,0.7704985253754386,0.3871596950553284,0.4175996896071767,0.8787020424349429,C:\CoolYeah\sokAktif\satria-data\garbage-classification\semifinal\results\k_resolution_sweep\20260927\fetch_0754\k-resolution-sweep-v1\classic\kmeans_radio\k_11\seed_42\labels.npz,0.1554509817302082,0.5738259379914974,0.1133912230832132,2.116924437556596,1.3053014983708513,0.9090909090909092,0.8474640644215897,0.82169984324357,185.94383311837456,0.300556586270872,0.005,True,0.4683333333333333,,,,,,,,,,,,,,,,,,,,,,,,,
classic,kmeans_radio,12,42,0.9101324250000022,12.0,,,classic::kmeans_radio::k12,12,228,457,0.127689298686784,0.3000510632991791,1.4935606826106091,413.0868562474683,0.7941453565609884,0.401067370670892,0.4326039312550214,0.9020201301632438,C:\CoolYeah\sokAktif\satria-data\garbage-classification\semifinal\results\k_resolution_sweep\20260927\fetch_0754\k-resolution-sweep-v1\classic\kmeans_radio\k_12\seed_42\labels.npz,0.153603442985388,0.5652567361709919,0.1130371904864273,2.344071418871324,1.6355763498082712,0.9166666666666666,0.9579724944211194,0.9001306934272874,219.41109390736383,0.3163265306122448,0.005,True,0.7733333333333333,True,2.3117849931664143,-0.0081463615708829,24.07756584921202,0.0655976676384838,-0.0121943950653076,-0.0053393167957014,-0.0048353687784118,FAIL,MULTI_RESOLUTION_ATLAS_SUPPORTED,,,,,,,,,,,,,,,
classic,kmeans_radio,13,42,0.9683579470000154,13.0,,,classic::kmeans_radio::k13,13,150,458,0.1279687063425537,0.3036578893661499,1.513870679514969,405.8937837390028,0.7833070267183205,0.4132360525220321,0.4289929009116757,0.880507928051126,C:\CoolYeah\sokAktif\satria-data\garbage-classification\semifinal\results\k_resolution_sweep\20260927\fetch_0754\k-resolution-sweep-v1\classic\kmeans_radio\k_13\seed_42\labels.npz,0.1519017852358356,0.5614994475907992,0.1135553379040156,2.327583453681223,1.5867246995511153,0.8461538461538461,0.99510990482837,0.9121984700184688,230.3399125688232,0.2872841444270015,0.005,True,0.8574999999999999,,,,,,,,,,,,,,,,,,,,,,,,,
classic,kmeans_radio,14,42,0.963917312999996,14.0,,,classic::kmeans_radio::k14,14,146,448,0.1251746297848561,0.309701532125473,1.7248487358850284,395.16435061777713,0.781439220715307,0.4041275577913315,0.429411933722939,0.8758571148436924,C:\CoolYeah\sokAktif\satria-data\garbage-classification\semifinal\results\k_resolution_sweep\20260927\fetch_0754\k-resolution-sweep-v1\classic\kmeans_radio\k_14\seed_42\labels.npz,0.159173703098663,0.5363130689493332,0.1137910565888405,2.330361698785618,1.6015425521040405,0.8571428571428571,0.9940264389098492,0.9184429172171116,213.3838314962517,0.3046647230320699,0.005,True,0.8291666666666667,,,,,,,,,,,,,,,,,,,,,,,,,
classic,kmeans_radio,16,42,1.3808965239999793,16.0,,,classic::kmeans_radio::k16,16,87,448,0.1251746297848561,0.3099410533905029,1.67248742136473,374.0951810128081,0.7839368044156796,0.3989751856696365,0.4332848124241902,0.8706829913367725,C:\CoolYeah\sokAktif\satria-data\garbage-classification\semifinal\results\k_resolution_sweep\20260927\fetch_0754\k-resolution-sweep-v1\classic\kmeans_radio\k_16\seed_42\labels.npz,0.1629008401597397,0.51700597308931,0.1123778501628664,2.358821367344799,1.6554416353208254,0.75,0.9744380253522866,,211.5467472289343,0.2576530612244898,0.005,True,0.6541666666666667,,,,,,,,,,,,,,,,,,,,,,,,,
classic,kmeans_radio,18,42,1.3202816400000188,18.0,,,classic::kmeans_radio::k18,18,87,449,0.1254540374406258,0.3077644407749176,1.6796316729279457,352.9392949464722,0.773079185780314,0.3944084952439308,0.4248641667205216,0.8543740550330811,C:\CoolYeah\sokAktif\satria-data\garbage-classification\semifinal\results\k_resolution_sweep\20260927\fetch_0754\k-resolution-sweep-v1\classic\kmeans_radio\k_18\seed_42\labels.npz,0.1590195780323725,0.5159450537699847,0.1129673507088068,2.3621302435071017,1.6483280659721165,0.6666666666666666,0.9238403830617308,,195.15172978614268,0.2086167800453514,0.005,True,0.5666666666666668,,,,,,,,,,,,,,,,,,,,,,,,,
classic,kmeans_radio,20,42,1.3050797220000163,20.0,,,classic::kmeans_radio::k20,20,87,335,0.0936015646828723,0.239916056394577,1.8396789488186769,322.4269707961775,0.7494095704150853,0.390382386104778,0.4211384068757192,0.8298023975909452,C:\CoolYeah\sokAktif\satria-data\garbage-classification\semifinal\results\k_resolution_sweep\20260927\fetch_0754\k-resolution-sweep-v1\classic\kmeans_radio\k_20\seed_42\labels.npz,0.1659959477394215,0.4823023020191903,0.1092247442127493,2.3697514950013354,1.6377630431447558,0.6,0.909363889484658,,188.9947143409602,0.183673469387755,0.005,True,0.4125000000000001,,,,,,,,,,,,,,,,,,,,,,,,,
classic,kmeans_radio,22,42,1.5167976320000207,22.0,,,classic::kmeans_radio::k22,22,84,368,0.1028220173232746,0.2475857138633728,1.837743074315914,310.9120187469146,0.7464851184930195,0.3907437712469212,0.4136397679615326,0.817266026811493,C:\CoolYeah\sokAktif\satria-data\garbage-classification\semifinal\results\k_resolution_sweep\20260927\fetch_0754\k-resolution-sweep-v1\classic\kmeans_radio\k_22\seed_42\labels.npz,0.1617168276771223,0.4844304241204635,0.1091136951966142,2.384110117331668,1.6416769882226396,0.5454545454545454,0.8497319783457998,,178.41086101876314,0.147495361781076,0.005,True,0.35,,,,,,,,,,,,,,,,,,,,,,,,,
classic,kmeans_radio,24,42,1.91319132000001,24.0,,,classic::kmeans_radio::k24,24,56,386,0.1078513551271304,0.2551823258399963,1.7375657170399694,298.2437432142104,0.7492937312468962,0.3870201484198709,0.4058807252845818,0.8111391308453662,C:\CoolYeah\sokAktif\satria-data\garbage-classification\semifinal\results\k_resolution_sweep\20260927\fetch_0754\k-resolution-sweep-v1\classic\kmeans_radio\k_24\seed_42\labels.npz,0.1630197938837907,0.4736081653414621,0.1101703644191747,2.405956992642711,1.664753597953127,0.5,0.834215687029059,,199.61295421118763,0.1309523809523809,0.005,True,0.3958333333333333,,,,,,,,,,,,,,,,,,,,,,,,,
classic,kmeans_siglip,4,42,0.9197991809999984,4.0,,,classic::kmeans_siglip::k4,4,491,1431,0.3998323554065381,0.1567651629447937,2.284981012639334,380.9445488879041,0.4784730387227016,0.2242126397658842,0.3634182449389883,0.5676778983783645,C:\CoolYeah\sokAktif\satria-data\garbage-classification\semifinal\results\k_resolution_sweep\20260927\fetch_0754\k-resolution-sweep-v1\classic\kmeans_siglip\k_04\seed_42\labels.npz,0.1651406016981922,0.6764915132992284,0.1108684531538976,1.1481337557128102,0.5197969283362146,1.0,0.9944213095884876,,88.25704462663212,0.1632653061224489,0.005,False,,,,,,,,,,,,,,,,,,,,,,,,,,
classic,kmeans_siglip,6,42,0.943984168,6.0,,,classic::kmeans_siglip::k6,6,460,829,0.2316289466331377,0.1828810274600982,2.051365057383896,356.2775239022703,0.6124784227988718,0.2818472042672503,0.4625463057771277,0.706626280317194,C:\CoolYeah\sokAktif\satria-data\garbage-classification\semifinal\results\k_resolution_sweep\20260927\fetch_0754\k-resolution-sweep-v1\classic\kmeans_siglip\k_06\seed_42\labels.npz,0.1927256594585585,0.5752857121083601,0.1119028819581523,1.448565763280058,0.389598966744,1.0,0.9870793174476434,,104.3357609028111,0.302721088435374,0.005,False,,,,,,,,,,,,,,,,,,,,,,,,,,
classic,kmeans_siglip,8,42,0.925406731999999,8.0,,,classic::kmeans_siglip::k8,8,294,565,0.1578653255099189,0.2219475954771042,1.8430098013928533,368.3430485167941,0.667375131450477,0.3375113980299709,0.4686536324404723,0.8048985712804044,C:\CoolYeah\sokAktif\satria-data\garbage-classification\semifinal\results\k_resolution_sweep\20260927\fetch_0754\k-resolution-sweep-v1\classic\kmeans_siglip\k_08\seed_42\labels.npz,0.1685841038169809,0.5815692229008868,0.1102196939976461,1.6636546051895262,0.5831580163713739,0.875,0.9237188162198432,,117.73116476833204,0.2372448979591837,0.005,True,0.385,,,,,,,,,,,,,,,,,,,,,,,,,
classic,kmeans_siglip,10,42,1.0833935940000003,10.0,,,classic::kmeans_siglip::k10,10,231,567,0.1584241408214585,0.2503909170627594,1.6351533055910406,366.03345963448106,0.7445863605466503,0.3876540903234354,0.467671830165537,0.8377864533636497,C:\CoolYeah\sokAktif\satria-data\garbage-classification\semifinal\results\k_resolution_sweep\20260927\fetch_0754\k-resolution-sweep-v1\classic\kmeans_siglip\k_10\seed_42\labels.npz,0.1925140534176042,0.5074114272070848,0.1079609574531271,2.0775604632421056,1.2092747672305624,1.0,0.8964992207757806,0.7957219833705824,194.0268873395689,0.4122448979591836,0.005,False,,,,,,,,,,,,,,,,,,,,,,,,,,
classic,kmeans_siglip,11,42,1.011470953000014,11.0,,,classic::kmeans_siglip::k11,11,232,558,0.1559094719195305,0.2833533585071563,1.537686575485386,395.0397210828381,0.7357628867999851,0.3852920824821054,0.4427551997828565,0.8739943900252467,C:\CoolYeah\sokAktif\satria-data\garbage-classification\semifinal\results\k_resolution_sweep\20260927\fetch_0754\k-resolution-sweep-v1\classic\kmeans_siglip\k_11\seed_42\labels.npz,0.1625186457353796,0.5582848576472874,0.1087756588140363,2.152772741632176,1.4448999359008818,0.9090909090909092,0.9968250179564812,0.8449782293643961,169.59044082428122,0.3432282003710576,0.005,True,0.6225,,,,,,,,,,,,,,,,,,,,,,,,,
classic,kmeans_siglip,12,42,1.0045909959999977,12.0,,,classic::kmeans_siglip::k12,12,228,454,0.1268510757194747,0.295180082321167,1.488571479098148,402.5377460577021,0.7503225608159294,0.3864029191284555,0.4457580706597054,0.8893245252445162,C:\CoolYeah\sokAktif\satria-data\garbage-classification\semifinal\results\k_resolution_sweep\20260927\fetch_0754\k-resolution-sweep-v1\classic\kmeans_siglip\k_12\seed_42\labels.npz,0.1789534372865802,0.5089484660018563,0.1084589284305215,2.223415114787012,1.5083987158115566,0.9166666666666666,0.9889182827434227,0.918176153628949,190.09297265490827,0.379251700680272,0.005,True,0.7849999999999999,True,2.2536762330556908,-0.0662551216816065,-5.240555403243576,0.128522837706511,-0.0170653760433197,-0.0491621125407604,0.0205146255227802,FAIL,MULTI_RESOLUTION_ATLAS_SUPPORTED,,,,,,,,,,,,,,,
classic,kmeans_siglip,13,42,1.078319910999994,13.0,,,classic::kmeans_siglip::k13,13,205,428,0.1195864766694607,0.2946549355983734,1.734291461228043,386.8468797821989,0.7399204125858694,0.3917750633367993,0.4443973005205108,0.8706265318447528,C:\CoolYeah\sokAktif\satria-data\garbage-classification\semifinal\results\k_resolution_sweep\20260927\fetch_0754\k-resolution-sweep-v1\classic\kmeans_siglip\k_13\seed_42\labels.npz,0.1753532384091889,0.5071241966623915,0.1074094886409247,2.183289861172796,1.4732315153524709,0.8461538461538461,0.9970143056510574,0.9280469528116774,170.04983377037644,0.3108320251177393,0.005,True,0.6925000000000001,,,,,,,,,,,,,,,,,,,,,,,,,
classic,kmeans_siglip,14,42,1.2150389570000186,14.0,,,classic::kmeans_siglip::k14,14,120,427,0.1193070690136909,0.2993564903736114,1.691315883408656,383.2670299053372,0.7590249958850744,0.3951578188129014,0.444887954007376,0.86380522518187,C:\CoolYeah\sokAktif\satria-data\garbage-classification\semifinal\results\k_resolution_sweep\20260927\fetch_0754\k-resolution-sweep-v1\classic\kmeans_siglip\k_14\seed_42\labels.npz,0.1764555996532103,0.4974520088828562,0.1073200120494025,2.255162666499465,1.5670571461274123,0.7857142857142857,0.984184016157382,0.945112048330488,182.0340126647174,0.2784256559766764,0.005,True,0.795,,,,,,,,,,,,,,,,,,,,,,,,,
classic,kmeans_siglip,16,42,1.9064575080000168,16.0,,,classic::kmeans_siglip::k16,16,105,416,0.1162335848002235,0.3014877140522003,1.7057993758191765,359.41625379498254,0.7502117439248417,0.3890984684052989,0.4442889350633659,0.8464060183688714,C:\CoolYeah\sokAktif\satria-data\garbage-classification\semifinal\results\k_resolution_sweep\20260927\fetch_0754\k-resolution-sweep-v1\classic\kmeans_siglip\k_16\seed_42\labels.npz,0.174311839164461,0.488688125992431,0.1066591193951401,2.269259922079415,1.5621716356887,0.6875,0.9650808852120826,,178.25754363006595,0.2040816326530612,0.005,True,0.6399999999999999,,,,,,,,,,,,,,,,,,,,,,,,,
classic,kmeans_siglip,18,42,1.2329854000000182,18.0,,,classic::kmeans_siglip::k18,18,108,351,0.0980720871751886,0.2686080038547516,1.861077670033335,332.64762710107004,0.7328223283411971,0.377474946568342,0.4342979719218581,0.8271886270489214,C:\CoolYeah\sokAktif\satria-data\garbage-classification\semifinal\results\k_resolution_sweep\20260927\fetch_0754\k-resolution-sweep-v1\classic\kmeans_siglip\k_18\seed_42\labels.npz,0.1677794448148379,0.4890529303217095,0.1009813297850222,2.272703616911888,1.5696292936418867,0.6111111111111112,0.8798917188907952,,181.95001893798823,0.1575963718820862,0.005,True,0.585,,,,,,,,,,,,,,,,,,,,,,,,,
classic,kmeans_siglip,20,42,1.5481317410000202,20.0,,,classic::kmeans_siglip::k20,20,70,417,0.1165129924559933,0.2959764301776886,1.6306873799609918,324.06352136700895,0.7365486956327256,0.3811054479799722,0.4309037298261831,0.8228245603647807,C:\CoolYeah\sokAktif\satria-data\garbage-classification\semifinal\results\k_resolution_sweep\20260927\fetch_0754\k-resolution-sweep-v1\classic\kmeans_siglip\k_20\seed_42\labels.npz,0.1790569533973073,0.4552368748013449,0.1068213683376343,2.2867766628054875,1.5650621446551607,0.55,0.8335667082768352,,174.18695686212504,0.1346938775510204,0.005,True,0.445,,,,,,,,,,,,,,,,,,,,,,,,,
classic,kmeans_siglip,22,42,1.7760417910000117,22.0,,,classic::kmeans_siglip::k22,22,42,334,0.0933221570271025,0.2484447360038757,1.8105052887548376,300.7355453762385,0.709011533316934,0.3748663171598783,0.4229001170431893,0.8058226328525743,C:\CoolYeah\sokAktif\satria-data\garbage-classification\semifinal\results\k_resolution_sweep\20260927\fetch_0754\k-resolution-sweep-v1\classic\kmeans_siglip\k_22\seed_42\labels.npz,0.1703633263673447,0.4616974976989155,0.1027013305692467,2.276257555139701,1.5592404654919352,0.5454545454545454,0.82326620647599,,165.21410158885266,0.1465677179962894,0.005,True,0.35,,,,,,,,,,,,,,,,,,,,,,,,,
classic,kmeans_siglip,24,42,2.1932624250000003,24.0,,,classic::kmeans_siglip::k24,24,43,407,0.1137189158982956,0.246210902929306,1.7665213516326814,286.46937654482764,0.6974605912854945,0.3794018707008175,0.4304469405534643,0.7913947152401852,C:\CoolYeah\sokAktif\satria-data\garbage-classification\semifinal\results\k_resolution_sweep\20260927\fetch_0754\k-resolution-sweep-v1\classic\kmeans_siglip\k_24\seed_42\labels.npz,0.1822395757458033,0.4225736533665595,0.1083939610580764,2.262152020492911,1.5293115522982057,0.4583333333333333,0.8035761103588636,,151.49517284355036,0.086734693877551,0.005,True,0.2,,,,,,,,,,,,,,,,,,,,,,,,,
classic,kmeans_siglip2,4,42,0.6964409549999999,4.0,,,classic::kmeans_siglip2::k4,4,733,1178,0.3291422184967868,0.133550614118576,2.578308001441891,330.36654773417587,0.4384474260390177,0.2558732222965217,0.3693625395010027,0.5336276465385713,C:\CoolYeah\sokAktif\satria-data\garbage-classification\semifinal\results\k_resolution_sweep\20260927\fetch_0754\k-resolution-sweep-v1\classic\kmeans_siglip2\k_04\seed_42\labels.npz,0.2327385325827952,0.572632092621634,0.102295042945272,0.8923608108118414,0.3002929916325878,1.0,0.9946765508505055,,64.59584524873821,0.25,,False,,,,,,,,,,,,,,,,,,,,,,,,,,
classic,kmeans_siglip2,6,42,1.026149642,6.0,,,classic::kmeans_siglip2::k6,6,429,810,0.2263202011735121,0.1548353433609008,2.5359969218986564,304.7166175411644,0.4999113677064294,0.2557945821611911,0.3929083977404267,0.5880929258796851,C:\CoolYeah\sokAktif\satria-data\garbage-classification\semifinal\results\k_resolution_sweep\20260927\fetch_0754\k-resolution-sweep-v1\classic\kmeans_siglip2\k_06\seed_42\labels.npz,0.2121231403924104,0.5415049059555295,0.1066894732503503,1.172936692621562,0.3894757389789122,1.0,0.9926620561058512,,89.16311610215116,0.3537414965986395,,False,,,,,,,,,,,,,,,,,,,,,,,,,,
classic,kmeans_siglip2,8,42,0.8394869149999948,8.0,,,classic::kmeans_siglip2::k8,8,231,720,0.201173512154233,0.1959012448787689,1.9751087959442568,330.4231152349099,0.6625501557286075,0.3565054890770054,0.4525034819162511,0.7280425144139776,C:\CoolYeah\sokAktif\satria-data\garbage-classification\semifinal\results\k_resolution_sweep\20260927\fetch_0754\k-resolution-sweep-v1\classic\kmeans_siglip2\k_08\seed_42\labels.npz,0.1855677443559091,0.5513368191819517,0.1046963030797714,1.7698728072639949,0.911929617217214,1.0,0.8620691744676229,,132.93150290258114,0.4030612244897958,,False,,,,,,,,,,,,,,,,,,,,,,,,,,
classic,kmeans_siglip2,10,42,1.068095189999994,10.0,,,classic::kmeans_siglip2::k10,10,227,466,0.1302039675887119,0.2234875112771988,1.908063180241892,336.2446048009484,0.6847560380122565,0.3571876791246604,0.4715503821454452,0.7579149241864399,C:\CoolYeah\sokAktif\satria-data\garbage-classification\semifinal\results\k_resolution_sweep\20260927\fetch_0754\k-resolution-sweep-v1\classic\kmeans_siglip2\k_10\seed_42\labels.npz,0.2202383992956038,0.4471667543238569,0.1045521232374276,1.9418959798726927,1.1479974606827206,0.9,0.9046845811244816,,152.90245691723112,0.3714285714285714,,False,,,,,,,,,,,,,,,,,,,,,,,,,,
classic,kmeans_siglip2,12,42,1.102297668000002,12.0,,,classic::kmeans_siglip2::k12,12,214,455,0.1271304833752445,0.2777927219867706,1.5859175092448323,379.9849605628816,0.7264024071810087,0.3859372057339442,0.4579912905976875,0.835464853465261,C:\CoolYeah\sokAktif\satria-data\garbage-classification\semifinal\results\k_resolution_sweep\20260927\fetch_0754\k-resolution-sweep-v1\classic\kmeans_siglip2\k_12\seed_42\labels.npz,0.2077286297604499,0.44691001892622,0.1027603060774808,2.1599280090347355,1.4680815426938258,0.8333333333333334,0.995733488672386,,171.88068153516767,0.3401360544217688,,False,,,,,,,,,,,,,,,,,,,,,,,,,,
classic,kmeans_siglip2,14,42,1.1455650389999903,14.0,,,classic::kmeans_siglip2::k14,14,140,406,0.1134395082425258,0.2797228097915649,1.856333676046236,355.1978633565061,0.7353201611891466,0.3828553946460419,0.4620984021243324,0.820455967299335,C:\CoolYeah\sokAktif\satria-data\garbage-classification\semifinal\results\k_resolution_sweep\20260927\fetch_0754\k-resolution-sweep-v1\classic\kmeans_siglip2\k_14\seed_42\labels.npz,0.1992008863843354,0.4423676221543303,0.1007382564060614,2.229517754112152,1.5834561797719189,0.7857142857142857,0.9837339946919588,,186.9231286810747,0.3309037900874635,,False,,,,,,,,,,,,,,,,,,,,,,,,,,
classic,kmeans_siglip2,16,42,1.8913829669999984,16.0,,,classic::kmeans_siglip2::k16,16,104,404,0.1128806929309863,0.2799353301525116,1.804340919109917,332.88744550133566,0.7169593475141716,0.3768299065775737,0.4543025000624376,0.8053265362118767,C:\CoolYeah\sokAktif\satria-data\garbage-classification\semifinal\results\k_resolution_sweep\20260927\fetch_0754\k-resolution-sweep-v1\classic\kmeans_siglip2\k_16\seed_42\labels.npz,0.198860398869137,0.4279923627222442,0.1020466993369847,2.2309467604487394,1.571219216897921,0.6875,0.927908607590002,,162.0280567756241,0.2487244897959183,,False,,,,,,,,,,,,,,,,,,,,,,,,,,
classic,kmeans_siglip2,18,42,1.5223800900000128,18.0,,,classic::kmeans_siglip2::k18,18,91,404,0.1128806929309863,0.2643415629863739,1.7271936203687472,311.503705927244,0.720598380008111,0.3877470262294816,0.4488376661292321,0.7963975648895023,C:\CoolYeah\sokAktif\satria-data\garbage-classification\semifinal\results\k_resolution_sweep\20260927\fetch_0754\k-resolution-sweep-v1\classic\kmeans_siglip2\k_18\seed_42\labels.npz,0.208138329260232,0.3909152508349193,0.0987603645020934,2.2460867504595243,1.5615851002453625,0.6111111111111112,0.951752687677996,,182.06454527765624,0.2018140589569161,,False,,,,,,,,,,,,,,,,,,,,,,,,,,
classic,kmeans_siglip2,20,42,1.680198795000024,20.0,,,classic::kmeans_siglip2::k20,20,92,404,0.1128806929309863,0.2573425769805908,1.771990968157836,296.5395546305604,0.7130328537314423,0.3804945904775446,0.4361992359743025,0.7832431587015934,C:\CoolYeah\sokAktif\satria-data\garbage-classification\semifinal\results\k_resolution_sweep\20260927\fetch_0754\k-resolution-sweep-v1\classic\kmeans_siglip2\k_20\seed_42\labels.npz,0.1985165202046744,0.4001716709392215,0.1010426699049453,2.2808902131158835,1.5793456283568936,0.55,0.8376157664483084,,185.2955555310412,0.1775510204081634,,False,,,,,,,,,,,,,,,,,,,,,,,,,,
classic,kmeans_siglip2,22,42,1.5107732100000248,22.0,,,classic::kmeans_siglip2::k22,22,37,353,0.0986309024867281,0.2194623202085495,1.868761192392686,278.1528386177798,0.7055712957838073,0.3733955132353123,0.4346770562601663,0.7796368418809209,C:\CoolYeah\sokAktif\satria-data\garbage-classification\semifinal\results\k_resolution_sweep\20260927\fetch_0754\k-resolution-sweep-v1\classic\kmeans_siglip2\k_22\seed_42\labels.npz,0.1964729532938185,0.393123750262667,0.0961750021155961,2.270111667673559,1.5643440608156896,0.5454545454545454,0.8143558730345003,,188.6215649644226,0.157699443413729,,False,,,,,,,,,,,,,,,,,,,,,,,,,,
classic,kmeans_siglip2,24,42,1.6577325350000365,24.0,,,classic::kmeans_siglip2::k24,24,49,251,0.0701313215982118,0.2065291553735733,1.906020429065896,271.03316052186835,0.700653477851716,0.3668472688624803,0.4262495265416864,0.7667374822429049,C:\CoolYeah\sokAktif\satria-data\garbage-classification\semifinal\results\k_resolution_sweep\20260927\fetch_0754\k-resolution-sweep-v1\classic\kmeans_siglip2\k_24\seed_42\labels.npz,0.1940491307318904,0.3850716749406256,0.098220594848076,2.3010756097282234,1.5916178757650088,0.5,0.8198836559490785,,184.2658567084717,0.1420068027210885,,False,,,,,,,,,,,,,,,,,,,,,,,,,,
classic,kmedoids_pam_fused,4,42,2.972788148,4.0,,,classic::kmedoids_pam_fused::k4,4,671,1269,0.3545683151718357,0.1526214331388473,2.274122433814565,368.586431223513,0.4547830036817572,0.2244185357736579,0.3861161080762115,0.5377794360026882,C:\CoolYeah\sokAktif\satria-data\garbage-classification\semifinal\results\k_resolution_sweep\20260927\fetch_0754\k-resolution-sweep-v1\classic\kmedoids_pam_fused\k_04\seed_42\labels.npz,0.133399520273771,0.7168108987488191,0.1154743784880771,1.216519349378792,0.5152059402103429,1.0,1.0,,85.96643361102777,0.1785714285714286,0.005,False,,,,,,,,,,,,,,,,,,,,,,,,,,
classic,kmedoids_pam_fused,6,42,6.119483803000001,6.0,,,classic::kmedoids_pam_fused::k6,6,324,782,0.2184967868119586,0.183950662612915,2.039983343381036,338.4702038500324,0.5880004773897879,0.2721092760190574,0.3703590697569051,0.6619962131840827,C:\CoolYeah\sokAktif\satria-data\garbage-classification\semifinal\results\k_resolution_sweep\20260927\fetch_0754\k-resolution-sweep-v1\classic\kmedoids_pam_fused\k_06\seed_42\labels.npz,0.1107502843403744,0.7175605789503433,0.1175720164609053,1.5530634554580258,0.7644793696495433,1.0,1.0,,113.42026494899804,0.2857142857142856,0.005,True,0.4125,,,,,,,,,,,,,,,,,,,,,,,,,
classic,kmedoids_pam_fused,8,42,9.898814834999996,8.0,,,classic::kmedoids_pam_fused::k8,8,250,679,0.1897177982676725,0.2211401909589767,1.8010355699420677,347.3213370256358,0.641283876376327,0.3217045187260824,0.3536526077897695,0.7505776095260795,C:\CoolYeah\sokAktif\satria-data\garbage-classification\semifinal\results\k_resolution_sweep\20260927\fetch_0754\k-resolution-sweep-v1\classic\kmedoids_pam_fused\k_08\seed_42\labels.npz,0.0849450662828711,0.7451705063403772,0.1183011077954461,1.8189891059160832,1.1080298714545826,1.0,1.0,,125.7700685414255,0.3214285714285714,0.005,True,0.4958333333333333,,,,,,,,,,,,,,,,,,,,,,,,,
classic,kmedoids_pam_fused,10,42,9.956558331999986,10.0,,,classic::kmedoids_pam_fused::k10,10,246,589,0.1645711092483934,0.2709133625030517,1.56098924449661,383.9823448106298,0.7463633576347285,0.3819732532669365,0.3872271420941972,0.8542553753798622,C:\CoolYeah\sokAktif\satria-data\garbage-classification\semifinal\results\k_resolution_sweep\20260927\fetch_0754\k-resolution-sweep-v1\classic\kmedoids_pam_fused\k_10\seed_42\labels.npz,0.0885233311394797,0.7243628284529092,0.1141148231220241,2.19881038284062,1.5452730604375864,1.0,1.0,,157.7080811236869,0.3918367346938775,0.005,True,0.55,,,,,,,,,,,,,,,,,,,,,,,,,
classic,kmedoids_pam_fused,12,42,15.631050275000009,12.0,,,classic::kmedoids_pam_fused::k12,12,247,468,0.1307627829002514,0.3020505905151367,1.4427970246332922,416.0769323484572,0.787858694777076,0.4052970287848744,0.4331012498527196,0.9347048476269488,C:\CoolYeah\sokAktif\satria-data\garbage-classification\semifinal\results\k_resolution_sweep\20260927\fetch_0754\k-resolution-sweep-v1\classic\kmedoids_pam_fused\k_12\seed_42\labels.npz,0.1530598333338036,0.565945634172396,0.1126793603628259,2.314749853875458,1.5938850601614103,0.8333333333333334,1.0,0.940870944353542,170.41100572590975,0.2653061224489795,0.005,True,0.5120833333333333,,,,,,,,,,,,,,,,,,,,,,,,,
classic,kmedoids_pam_fused,13,42,17.171024162,13.0,,,classic::kmedoids_pam_fused::k13,13,176,466,0.1302039675887119,0.3057731389999389,1.411500680975741,408.6757936328268,0.7984304874927285,0.4103933931880991,0.4246578094150748,0.9125736330212548,C:\CoolYeah\sokAktif\satria-data\garbage-classification\semifinal\results\k_resolution_sweep\20260927\fetch_0754\k-resolution-sweep-v1\classic\kmedoids_pam_fused\k_13\seed_42\labels.npz,0.156938234451577,0.5493867534445109,0.113452507793694,2.361401618859328,1.643690621896175,0.8461538461538461,1.0,0.9387534545799748,185.6722561019193,0.3186813186813186,0.005,True,0.6549999999999999,,,,,,,,,,,,,,,,,,,,,,,,,
classic,kmedoids_pam_fused,14,42,19.966958377,14.0,,,classic::kmedoids_pam_fused::k14,14,131,466,0.1302039675887119,0.3108271062374115,1.378693114260776,399.9841411367752,0.7971771227943761,0.404644562388234,0.4277397458220379,0.9099087501477604,C:\CoolYeah\sokAktif\satria-data\garbage-classification\semifinal\results\k_resolution_sweep\20260927\fetch_0754\k-resolution-sweep-v1\classic\kmedoids_pam_fused\k_14\seed_42\labels.npz,0.1551577449013175,0.5478751383951511,0.1135056625252703,2.3829463297976368,1.6714032235575909,0.7857142857142857,1.0,0.9548320342619327,186.14722254821183,0.2653061224489795,0.005,True,0.73375,True,2.3165208819978096,-0.0034104727394876,-9.186305509939984,0.0145772594752185,-0.0014183521270751,-0.0023075505623136,-0.0032810668624824,FAIL,MULTI_RESOLUTION_ATLAS_SUPPORTED,,,,,,,,,,,,,,,
classic,kmedoids_pam_fused,15,42,22.535096063,15.0,,,classic::kmedoids_pam_fused::k15,15,122,466,0.1302039675887119,0.3118560910224914,1.3727771827580293,387.6951851633224,0.7859429289929638,0.4032797983952082,0.4245218235197908,0.902425514600818,C:\CoolYeah\sokAktif\satria-data\garbage-classification\semifinal\results\k_resolution_sweep\20260927\fetch_0754\k-resolution-sweep-v1\classic\kmedoids_pam_fused\k_15\seed_42\labels.npz,0.1526816944891285,0.5482128405380825,0.1138985858824921,2.380317488406816,1.6545142546883174,0.7333333333333333,1.0,0.9641423393876656,184.9130868229265,0.2272108843537414,0.005,True,0.75,,,,,,,,,,,,,,,,,,,,,,,,,
classic,kmedoids_pam_fused,16,42,28.90397246299997,16.0,,,classic::kmedoids_pam_fused::k16,16,108,466,0.1302039675887119,0.3058957457542419,1.402268402768252,373.1742034500796,0.7815840698418127,0.4033355127593223,0.4207080863022622,0.8925507012312631,C:\CoolYeah\sokAktif\satria-data\garbage-classification\semifinal\results\k_resolution_sweep\20260927\fetch_0754\k-resolution-sweep-v1\classic\kmedoids_pam_fused\k_16\seed_42\labels.npz,0.1524411662618071,0.5430336571940146,0.1142823283098619,2.382571528030528,1.656197756953531,0.6875,1.0,0.955340548168018,171.90779853205223,0.1951530612244897,0.005,True,0.5991666666666666,,,,,,,,,,,,,,,,,,,,,,,,,
classic,kmedoids_pam_fused,18,42,27.36269270499997,18.0,,,classic::kmedoids_pam_fused::k18,18,65,467,0.1304833752444817,0.2919860780239105,1.4708494489149324,347.1395039996533,0.7676579623064151,0.3954448156979782,0.4265632533686538,0.8693707707328471,C:\CoolYeah\sokAktif\satria-data\garbage-classification\semifinal\results\k_resolution_sweep\20260927\fetch_0754\k-resolution-sweep-v1\classic\kmedoids_pam_fused\k_18\seed_42\labels.npz,0.1579292609579896,0.5197322557181892,0.1147465622001918,2.377242545886358,1.6484142158260622,0.6111111111111112,1.0,,169.05897667803933,0.1507936507936508,0.005,True,0.425,,,,,,,,,,,,,,,,,,,,,,,,,
classic,kmedoids_pam_fused,20,42,32.056657906,20.0,,,classic::kmedoids_pam_fused::k20,20,65,300,0.0838222967309304,0.2462207376956939,1.7249288535191962,326.57765910010835,0.7509771641166673,0.3867317109261109,0.4166701608613883,0.8375717122588141,C:\CoolYeah\sokAktif\satria-data\garbage-classification\semifinal\results\k_resolution_sweep\20260927\fetch_0754\k-resolution-sweep-v1\classic\kmedoids_pam_fused\k_20\seed_42\labels.npz,0.1697720134281718,0.4714465357747776,0.1052675050073303,2.3869243196416545,1.6345100228298173,0.55,1.0,,174.41122048431353,0.1295918367346938,0.005,True,0.4416666666666667,,,,,,,,,,,,,,,,,,,,,,,,,
classic,kmedoids_pam_fused,22,42,37.03692123000002,22.0,,,classic::kmedoids_pam_fused::k22,22,49,294,0.0821458507963118,0.2549315690994262,1.6762118191193771,315.84340846219527,0.7542570237087467,0.3874521985935436,0.4191012729502861,0.8409261867160405,C:\CoolYeah\sokAktif\satria-data\garbage-classification\semifinal\results\k_resolution_sweep\20260927\fetch_0754\k-resolution-sweep-v1\classic\kmedoids_pam_fused\k_22\seed_42\labels.npz,0.1758334746891523,0.4478224997152725,0.1041995773752128,2.393043312839237,1.6154914925504111,0.5454545454545454,1.0,,183.3228873228245,0.1428571428571427,0.005,True,0.5041666666666667,,,,,,,,,,,,,,,,,,,,,,,,,
classic,kmedoids_pam_fused,24,42,44.87298698300003,24.0,,,classic::kmedoids_pam_fused::k24,24,45,251,0.0701313215982118,0.2193825244903564,1.8245763477001185,297.4009435677229,0.740472110346042,0.3844852247039562,0.4225901521215204,0.8248327664108492,C:\CoolYeah\sokAktif\satria-data\garbage-classification\semifinal\results\k_resolution_sweep\20260927\fetch_0754\k-resolution-sweep-v1\classic\kmedoids_pam_fused\k_24\seed_42\labels.npz,0.1779011495708636,0.4293486150846204,0.1048895403622657,2.389249824335136,1.6246912285714683,0.5,1.0,,175.03357435769462,0.1139455782312924,0.005,True,0.4208333333333333,,,,,,,,,,,,,,,,,,,,,,,,,
classic,ward_fused,4,42,0.4405127150000005,4.0,,,classic::ward_fused::k4,4,458,1746,0.4878457669740151,0.1472275257110595,2.338057380722674,361.8939276383491,0.5565967467641433,0.2175460933375367,0.2716717422021069,0.6175491225365368,C:\CoolYeah\sokAktif\satria-data\garbage-classification\semifinal\results\k_resolution_sweep\20260927\fetch_0754\k-resolution-sweep-v1\classic\ward_fused\k_04\seed_42\labels.npz,0.0592924276579715,0.8283407783385424,0.1142354343671353,1.0541523390223977,0.3076340850587329,1.0,,,103.16753467861643,0.1173469387755101,0.005,False,,,,,,,,,,,,,,,,,,,,,,,,,,
classic,ward_fused,6,42,0.3998167689999974,6.0,,,classic::ward_fused::k6,6,293,875,0.2444816987985471,0.1878451704978943,2.1540169683040715,355.84920301667125,0.6418621624995757,0.3002633153209497,0.3217675752668124,0.7507103090706845,C:\CoolYeah\sokAktif\satria-data\garbage-classification\semifinal\results\k_resolution_sweep\20260927\fetch_0754\k-resolution-sweep-v1\classic\ward_fused\k_06\seed_42\labels.npz,0.0906173990426815,0.7539384524217477,0.1137384588916712,1.372588707252267,0.4334168817851089,1.0,,,88.21706029961105,0.2517006802721089,0.005,True,0.3625,,,,,,,,,,,,,,,,,,,,,,,,,
classic,ward_fused,8,42,0.4389432440000007,8.0,,,classic::ward_fused::k8,8,254,621,0.173512154233026,0.227699264883995,1.9135096979154704,368.7504238106063,0.713562847441872,0.3474954946550173,0.3686622139009022,0.8183603889433926,C:\CoolYeah\sokAktif\satria-data\garbage-classification\semifinal\results\k_resolution_sweep\20260927\fetch_0754\k-resolution-sweep-v1\classic\ward_fused\k_08\seed_42\labels.npz,0.0892878140464409,0.7363478744660548,0.1129881611316113,1.842210747736664,0.8808180802559247,1.0,,,136.0870971199225,0.3010204081632652,0.005,True,0.4416666666666666,,,,,,,,,,,,,,,,,,,,,,,,,
classic,ward_fused,10,42,0.4201682570000002,10.0,,,classic::ward_fused::k10,10,231,621,0.173512154233026,0.2630135416984558,1.7221460975163196,385.8957586894032,0.7517696179201729,0.3741716716970412,0.399246770759548,0.8649428275115736,C:\CoolYeah\sokAktif\satria-data\garbage-classification\semifinal\results\k_resolution_sweep\20260927\fetch_0754\k-resolution-sweep-v1\classic\ward_fused\k_10\seed_42\labels.npz,0.1319945728929011,0.6352261277222004,0.1129907621247113,1.99432971175072,1.1850562582271795,1.0,,0.9237217099748531,142.45436403980577,0.3775510204081632,0.005,True,0.4716666666666667,,,,,,,,,,,,,,,,,,,,,,,,,
classic,ward_fused,11,42,0.4114892890000003,11.0,,,classic::ward_fused::k11,11,231,621,0.173512154233026,0.2758851945400238,1.6693933301920574,392.15870618494426,0.7653158664796639,0.3825496069756596,0.4071912580776263,0.8810338406471357,C:\CoolYeah\sokAktif\satria-data\garbage-classification\semifinal\results\k_resolution_sweep\20260927\fetch_0754\k-resolution-sweep-v1\classic\ward_fused\k_11\seed_42\labels.npz,0.1534753782909994,0.5782122260500159,0.1117604938749443,2.071308302892657,1.2620347889484258,0.9090909090909092,,0.9263463484440014,169.19436826467629,0.313543599257885,0.005,True,0.4891666666666667,,,,,,,,,,,,,,,,,,,,,,,,,
classic,ward_fused,12,42,0.4050988529999983,12.0,,,classic::ward_fused::k12,12,231,458,0.1279687063425537,0.2922416627407074,1.6108302615291563,399.6548373478131,0.7865403184365176,0.3917068122679524,0.4250909609555333,0.900097992742982,C:\CoolYeah\sokAktif\satria-data\garbage-classification\semifinal\results\k_resolution_sweep\20260927\fetch_0754\k-resolution-sweep-v1\classic\ward_fused\k_12\seed_42\labels.npz,0.1562222822325634,0.5593736701056374,0.1116171796263276,2.2858144756667804,1.5800296441574075,0.9166666666666666,0.8307411672220889,0.9426996088742752,191.47999088183576,0.3350340136054421,0.005,True,0.6316666666666666,True,2.275754055660218,-0.0441772990770794,-3.853537176316081,0.0843051506316812,-0.0200037956237792,-0.0129443549201722,-0.0022165295312365,FAIL,MULTI_RESOLUTION_ATLAS_SUPPORTED,,,,,,,,,,five 80% discovery subsamples; ARI on shared rows,5.0,"[0.8087289623920887, 0.7872875944603929, 0.8447802858242256, 0.7753842176258962, 0.8208603185520116, 0.8507084929734362, 0.8236731550879874, 0.8748796344724764, 0.8559463286528222, 0.8651626821795515]",,,
classic,ward_fused,13,42,0.4049888629999998,13.0,,,classic::ward_fused::k13,13,119,458,0.1279687063425537,0.2959004342556,1.569067395211154,392.68070346013576,0.8001801892972578,0.3933729177260616,0.4257823093101914,0.8912124603746048,C:\CoolYeah\sokAktif\satria-data\garbage-classification\semifinal\results\k_resolution_sweep\20260927\fetch_0754\k-resolution-sweep-v1\classic\ward_fused\k_13\seed_42\labels.npz,0.1594556261553703,0.5453879733392671,0.1115483783417017,2.357261484146917,1.6784640118608798,0.8461538461538461,,0.9534484072449791,200.8355350680847,0.2919937205651491,0.005,True,0.6791666666666667,,,,,,,,,,,,,,,,,,,,,,,,,
classic,ward_fused,14,42,0.4023207479999939,14.0,,,classic::ward_fused::k14,14,119,458,0.1279687063425537,0.3037039041519165,1.7598859627542904,385.2963464702584,0.8048030407453124,0.4099742959060056,0.4293681925774733,0.888224867040833,C:\CoolYeah\sokAktif\satria-data\garbage-classification\semifinal\results\k_resolution_sweep\20260927\fetch_0754\k-resolution-sweep-v1\classic\ward_fused\k_14\seed_42\labels.npz,0.1687480254230361,0.5151324339740435,0.1115480454757825,2.374740534536197,1.6795409374578134,0.8571428571428571,,0.9459389393454948,185.51367811998185,0.3425655976676385,0.005,True,0.6158333333333332,,,,,,,,,,,,,,,,,,,,,,,,,
classic,ward_fused,16,42,0.4835110109999903,16.0,,,classic::ward_fused::k16,16,106,458,0.1279687063425537,0.3084408044815063,1.6966844687570473,367.43200293611807,0.7893376073716242,0.4025985185470772,0.4229780106360337,0.8712058754126678,C:\CoolYeah\sokAktif\satria-data\garbage-classification\semifinal\results\k_resolution_sweep\20260927\fetch_0754\k-resolution-sweep-v1\classic\ward_fused\k_16\seed_42\labels.npz,0.1637926044240579,0.5151266551694038,0.1117864331919717,2.374740570975136,1.654733862880889,0.75,,,188.98245972222648,0.2538265306122449,0.005,True,0.55,,,,,,,,,,,,,,,,,,,,,,,,,
classic,ward_fused,18,42,0.4099065529999848,18.0,,,classic::ward_fused::k18,18,82,458,0.1279687063425537,0.2917470633983612,1.6685659105874626,346.23330035244766,0.7764717117606045,0.3951332238722895,0.4293619656741164,0.8624782171989549,C:\CoolYeah\sokAktif\satria-data\garbage-classification\semifinal\results\k_resolution_sweep\20260927\fetch_0754\k-resolution-sweep-v1\classic\ward_fused\k_18\seed_42\labels.npz,0.1736215747621158,0.48024156332038,0.110965006967205,2.37474062786518,1.6452969649411606,0.6666666666666666,,,202.43618358266195,0.2301587301587301,0.005,True,0.55,,,,,,,,,,,,,,,,,,,,,,,,,
classic,ward_fused,20,42,0.4261930119999988,20.0,,,classic::ward_fused::k20,20,71,458,0.1279687063425537,0.2848970890045166,1.5946101204858043,327.1849811436056,0.7695300330916993,0.3943267138494879,0.4246003659689664,0.8542833514507221,C:\CoolYeah\sokAktif\satria-data\garbage-classification\semifinal\results\k_resolution_sweep\20260927\fetch_0754\k-resolution-sweep-v1\classic\ward_fused\k_20\seed_42\labels.npz,0.1784363934731348,0.4583315842585285,0.1105671876535928,2.389235830050535,1.6585043195606977,0.6,,,215.6855102811849,0.1948979591836734,0.005,True,0.5791666666666666,,,,,,,,,,,,,,,,,,,,,,,,,
classic,ward_fused,22,42,0.3992975660000297,22.0,,,classic::ward_fused::k22,22,54,458,0.1279687063425537,0.2791570127010345,1.6285055632446266,308.9057887811257,0.7641265244240221,0.3936266397420281,0.4215420019376206,0.8443119777835096,C:\CoolYeah\sokAktif\satria-data\garbage-classification\semifinal\results\k_resolution_sweep\20260927\fetch_0754\k-resolution-sweep-v1\classic\ward_fused\k_22\seed_42\labels.npz,0.1751157467074328,0.4574711756112078,0.1115187814842727,2.393675872702677,1.6673844187544125,0.5454545454545454,,,212.43142961022784,0.1688311688311687,0.005,True,0.55,,,,,,,,,,,,,,,,,,,,,,,,,
classic,ward_fused,24,42,0.4456672350000303,24.0,,,classic::ward_fused::k24,24,47,411,0.1148365465213746,0.2466700822114944,1.6924684001401855,293.2776651533098,0.7529245616980327,0.3912482389668583,0.4237609568086649,0.8306775550238221,C:\CoolYeah\sokAktif\satria-data\garbage-classification\semifinal\results\k_resolution_sweep\20260927\fetch_0754\k-resolution-sweep-v1\classic\ward_fused\k_24\seed_42\labels.npz,0.1751914597105985,0.4458935826115179,0.110178825319903,2.393675861044881,1.6673844502304611,0.5,,,204.9504635760024,0.1326530612244897,0.005,True,0.4791666666666667,,,,,,,,,,,,,,,,,,,,,,,,,
existing,evidence_accumulation,12,42,,,,,existing::evidence_accumulation::k12,12,222,452,0.1262922604079351,0.3004301190376282,1.5459273805497256,412.25053031103,0.781068215057108,0.41668201033148,0.4399395105814463,0.8981932955110464,semantic_g0_partitions.npz,0.1579861485793031,0.555715313523448,0.1118657921880777,2.318295640764239,1.5902735163759805,0.9166666666666666,,,,,,False,,,,,,,,,,,,,,,,,,,,,,,,,,
existing,gmm_diag_fused,12,42,,,,,existing::gmm_diag_fused::k12,12,184,1115,0.3115395361832914,0.2242165058851242,1.790271856652704,308.1240775156979,0.6614064903383016,0.3813539806048407,0.3948435325076265,0.7430829692083543,semantic_g0_partitions.npz,0.1456966183655684,0.6043101034221083,0.1086385477843032,1.8969726603385555,1.320473318902365,0.8333333333333334,,,,,,False,,,,,,,,,,,,,,,,,,,,,,,,,,
existing,hdbscan_fused_mcs_120,11,42,,,,,existing::hdbscan_fused_mcs_120::k11,11,127,757,0.2115115954177144,0.2196059972047805,2.137721904791277,287.96312886332714,0.6733586391097968,0.3217408642852489,0.339954628713909,0.7326045466897607,semantic_g0_partitions.npz,0.1203276414917545,0.6590346898460251,0.1038333900612661,2.274218985664346,1.466818853653043,1.0,,,,,,False,,,,,,,,,,,,,,,,,,,,,,,,,,
existing,hdbscan_fused_mcs_40,16,42,,,,,existing::hdbscan_fused_mcs_40::k16,16,45,1053,0.2942162615255658,0.1836422979831695,1.7774168903413066,230.06924955529897,0.6415932822895937,0.3297787096717725,0.3735200919738293,0.6923665674266295,semantic_g0_partitions.npz,0.1449611846957205,0.5899005145772572,0.1030566153576283,2.596948999124015,1.906800351157985,0.7333333333333333,,,,,,False,,,,,,,,,,,,,,,,,,,,,,,,,,
existing,hdbscan_fused_mcs_80,11,42,,,,,existing::hdbscan_fused_mcs_80::k11,11,127,757,0.2115115954177144,0.2196059972047805,2.137721904791277,287.96312886332714,0.6733586391097968,0.3217408642852489,0.339954628713909,0.7326045466897607,semantic_g0_partitions.npz,0.1203276414917545,0.6590346898460251,0.1038333900612661,2.274218985664346,1.466818853653043,1.0,,,,,,False,,,,,,,,,,,,,,,,,,,,,,,,,,
existing,kmeans_aimv2,12,42,,,,,existing::kmeans_aimv2::k12,12,199,477,0.1332774518021793,0.2757077515125274,1.634188684236649,374.5794943665263,0.6998172511748744,0.369806010564722,0.4281237878245036,0.8260102494316497,semantic_g0_partitions.npz,0.1653881008209918,0.5416802214309879,0.1090268912407857,2.204249817687528,1.5255117330114147,0.8333333333333334,,,,,,False,,,,,,,,,,,,,,,,,,,,,,,,,,
existing,kmeans_convnext,12,42,,,,,existing::kmeans_convnext::k12,12,228,463,0.1293657446214026,0.2797319293022156,1.66936273398359,380.26669567410175,0.7235796887098647,0.3731891232026271,0.4153912944287499,0.8458613408601001,semantic_g0_partitions.npz,0.1505320966038779,0.5725608648584212,0.1097543544402017,2.185536662479392,1.497221915173644,0.9166666666666666,,,,,,False,,,,,,,,,,,,,,,,,,,,,,,,,,
existing,kmeans_dinov2,12,42,,,,,existing::kmeans_dinov2::k12,12,108,648,0.1810561609388097,0.2579705119132995,1.7715589278625998,341.98766947438867,0.7170059850798377,0.3606134871698017,0.3430838965934314,0.774013940545835,semantic_g0_partitions.npz,0.0968743675841011,0.6967826979935764,0.1159771261116424,2.155367899420675,1.4572768052152565,0.8333333333333334,,,,,,False,,,,,,,,,,,,,,,,,,,,,,,,,,
existing,kmeans_dinov3,12,42,,,,,existing::kmeans_dinov3::k12,12,216,467,0.1304833752444817,0.285500556230545,1.6482021710356012,387.86358772216266,0.7417061672952787,0.3882166500360676,0.3951255912249559,0.8279354900585606,semantic_g0_partitions.npz,0.1462995710420579,0.5824699593244327,0.1134705108266539,2.2718314905511696,1.5411606359228671,0.8333333333333334,,,,,,False,,,,,,,,,,,,,,,,,,,,,,,,,,
existing,kmeans_eva02,12,42,,,,,existing::kmeans_eva02::k12,12,212,442,0.1234981838502375,0.2849130928516388,1.5471236431899615,383.1209945296445,0.7678461249078827,0.3793285809496486,0.4030096722880822,0.83965512475224,semantic_g0_partitions.npz,0.1578251875305258,0.5570587508888262,0.1117235869782304,2.302839649876059,1.5783602090130375,0.9166666666666666,,,,,,False,,,,,,,,,,,,,,,,,,,,,,,,,,
existing,kmeans_fused_8view,12,42,,,,,existing::kmeans_fused_8view::k12,12,237,457,0.127689298686784,0.3052098453044891,1.479962978555584,422.2029817055797,0.7835336115619014,0.401141476908411,0.4456096312339596,0.9865244973670532,semantic_g0_partitions.npz,0.1648011639854023,0.5396243568615715,0.1115307881534855,2.2860874917194742,1.5780657808285714,0.8333333333333334,,,,,,True,,,,,,,,,,,,,,,,,,,,,,,,,,
existing,kmeans_radio,12,42,,,,,existing::kmeans_radio::k12,12,226,458,0.1279687063425537,0.2986591458320617,1.5527809026101862,410.741473068963,0.7891292123957873,0.4214334591796816,0.4348973743248597,0.8831730220450431,semantic_g0_partitions.npz,0.1532994709492705,0.5663108532452192,0.1130952380952381,2.332334057450061,1.6031204367789784,0.9166666666666666,,,,,,False,,,,,,,,,,,,,,,,,,,,,,,,,,
existing,kmeans_siglip,12,42,,,,,existing::kmeans_siglip::k12,12,230,459,0.1282481139983235,0.296443223953247,1.477995322574148,405.1125124404086,0.7533229781312759,0.3885377552134255,0.4474258179209612,0.895572739443186,semantic_g0_partitions.npz,0.1807680832004977,0.504896188999194,0.1079357581483231,2.23083626773478,1.5151535389259496,0.9166666666666666,,,,,,False,,,,,,,,,,,,,,,,,,,,,,,,,,
existing,kmeans_siglip2,12,42,,,,,existing::kmeans_siglip2::k12,12,214,453,0.1265716680637049,0.27808678150177,1.5810336197023152,380.4477151408745,0.7265892768679977,0.3859777435653611,0.4569795353361267,0.8369372780120705,semantic_g0_partitions.npz,0.2075768585256856,0.4471967482885298,0.1025178775313983,2.163309983032714,1.4722207148470137,0.8333333333333334,,,,,,False,,,,,,,,,,,,,,,,,,,,,,,,,,
existing,kmedoids_pam_fused,12,42,,,,,existing::kmedoids_pam_fused::k12,12,214,468,0.1307627829002514,0.3017369210720062,1.4256230203281457,414.8585284121034,0.7817709069275333,0.4075305713978996,0.432193218997353,0.9158243254637648,semantic_g0_partitions.npz,0.1523664773088645,0.5681716009991074,0.1123008260580198,2.340928883368025,1.6246544281075406,0.8333333333333334,,,,,,False,,,,,,,,,,,,,,,,,,,,,,,,,,
existing,leiden_fused_res_0_5,13,42,,,,,existing::leiden_fused_res_0_5::k13,13,47,459,0.1282481139983235,0.2946798205375671,1.439958956830039,384.3547065220589,0.7760300309506961,0.3975925075177526,0.4373158548627197,0.8969964251611698,semantic_g0_partitions.npz,0.1749204942676828,0.5146203693626803,0.1117653806446679,2.3058316421495464,1.5916348077392206,0.8461538461538461,,,,,,False,,,,,,,,,,,,,,,,,,,,,,,,,,
existing,leiden_fused_res_1_0,18,42,,,,,existing::leiden_fused_res_1_0::k18,18,47,459,0.1282481139983235,0.2942851185798645,1.450622578877695,336.70183486220407,0.7529265467125696,0.3697580835571693,0.4336472731765677,0.8599068080415098,semantic_g0_partitions.npz,0.1805918463240745,0.4667435731777334,0.1120218579234972,2.340960875141051,1.6349215232549883,0.6111111111111112,,,,,,False,,,,,,,,,,,,,,,,,,,,,,,,,,
existing,leiden_fused_res_1_5,21,42,,,,,existing::leiden_fused_res_1_5::k21,21,45,459,0.1282481139983235,0.280675321817398,1.464991743485327,321.127663892,0.7648028153455573,0.3943811406336283,0.4328741875231247,0.8608280293910061,semantic_g0_partitions.npz,0.1860157645535837,0.4362082491763888,0.1107366953288403,2.3956595474729725,1.633365675036752,0.5714285714285714,,,,,,False,,,,,,,,,,,,,,,,,,,,,,,,,,
existing,ward_fused,12,42,,,,,existing::ward_fused::k12,12,193,456,0.1274098910310142,0.2950833141803741,1.5615402141993933,403.8580924215356,0.7772700779992684,0.3950581038942416,0.4249730171159371,0.8909011124185487,semantic_g0_partitions.npz,0.1495809187788339,0.5748683251386599,0.1114316485883529,2.315366403188543,1.6171910378412682,0.9166666666666666,,,,,,False,,,,,,,,,,,,,,,,,,,,,,,,,,
fgw,mb4,4,42,1.2778556769999998,4.0,,,fgw::mb4::k4,4,723,968,0.2704666107851355,0.1160345450043678,2.9930304485670067,265.5348253752649,0.505857065373213,0.1968471087022242,0.3036346069357703,0.570608983967093,C:\CoolYeah\sokAktif\satria-data\garbage-classification\semifinal\results\k_resolution_sweep\20260927\fetch_0754\k-resolution-sweep-v1\fgw\mb4\k_04\seed_42\labels.npz,0.0337944966419659,0.8589320159404568,0.0796761486232357,1.0620586410119035,0.2135864959545194,1.0,,,80.0139834298747,0.1020408163265306,0.005,True,0.3019230769230769,,,,,,,,,,,,,,,,,,,,,,,0.5,,
fgw,mb4,6,42,1.328913847,6.0,,,fgw::mb4::k6,6,459,684,0.1911148365465213,0.1737001687288284,2.3532260126908047,310.28196738544204,0.6535368021415918,0.3136607960754598,0.3922010824103674,0.7112407632907777,C:\CoolYeah\sokAktif\satria-data\garbage-classification\semifinal\results\k_resolution_sweep\20260927\fetch_0754\k-resolution-sweep-v1\fgw\mb4\k_06\seed_42\labels.npz,0.021033447756858,0.8713086155011305,0.0936497628746285,1.5862250920946153,0.6672493599752835,1.0,,,147.80275180933924,0.1428571428571429,0.005,True,0.4134615384615385,,,,,,,,,,,,,,,,,,,,,,,0.5,,
fgw,mb4,8,42,1.2228654250000002,8.0,,,fgw::mb4::k8,8,306,642,0.1793797150041911,0.1974261403083801,2.155862107331806,302.18547789944995,0.7024012813616834,0.3296776542227259,0.3473158490413794,0.7571996482337526,C:\CoolYeah\sokAktif\satria-data\garbage-classification\semifinal\results\k_resolution_sweep\20260927\fetch_0754\k-resolution-sweep-v1\fgw\mb4\k_08\seed_42\labels.npz,0.0407595663033828,0.8290258809090847,0.0880012667748703,1.809725689901324,1.0348545978375072,1.0,,,181.95754795202885,0.2602040816326531,0.005,True,0.5557692307692308,,,,,,,,,,,,,,,,,,,,,,,0.5,,
fgw,mb4,10,42,1.2234811390000004,10.0,,,fgw::mb4::k10,10,284,460,0.1285275216540933,0.237357422709465,1.90041997592834,319.55052344168496,0.7194046257291375,0.3826505232174177,0.3413658131599832,0.8079574446804135,C:\CoolYeah\sokAktif\satria-data\garbage-classification\semifinal\results\k_resolution_sweep\20260927\fetch_0754\k-resolution-sweep-v1\fgw\mb4\k_10\seed_42\labels.npz,0.0138110531833446,0.8788230214608131,0.1004229369528867,2.07019577621914,1.344062123894192,0.9,,0.7873540086594528,175.97350208759752,0.1571428571428571,0.005,True,0.5453846153846154,,,,,,,,,,,,,,,,,,,,,,,0.5,,
fgw,mb4,11,42,1.7661822539999967,11.0,,,fgw::mb4::k11,11,241,460,0.1285275216540933,0.2428839057683944,1.8662335505753964,309.1723242240087,0.723712128923174,0.3835423769698492,0.3436591707935942,0.8009833643789834,C:\CoolYeah\sokAktif\satria-data\garbage-classification\semifinal\results\k_resolution_sweep\20260927\fetch_0754\k-resolution-sweep-v1\fgw\mb4\k_11\seed_42\labels.npz,0.0130642022368245,0.8795267698156609,0.1034797263804897,2.12626029519803,1.4351113291218414,0.8181818181818182,,0.819766884369024,270.9270996103047,0.1076066790352504,0.005,True,0.6984615384615385,,,,,,,,,,,,,,,,,,,,,,,0.5,,
fgw,mb4,12,42,1.5093159509999996,12.0,,,fgw::mb4::k12,12,166,460,0.1285275216540933,0.2432546019554138,1.914035578586712,289.4358485053854,0.7187323628564183,0.3804547866310956,0.3403890454599475,0.8033213416268995,C:\CoolYeah\sokAktif\satria-data\garbage-classification\semifinal\results\k_resolution_sweep\20260927\fetch_0754\k-resolution-sweep-v1\fgw\mb4\k_12\seed_42\labels.npz,0.0117074591601644,0.8819000565713702,0.1043632310203431,2.1235533976028607,1.4058391675831852,0.8333333333333334,0.9766108287543308,0.8773746066439859,258.05710203842705,0.1496598639455783,0.005,True,0.9153846153846154,True,2.263093277321508,-0.0568380774157897,62.723573980275205,-0.1010689990281826,-0.0689908564090728,-0.0807523105002715,-0.1467313526036355,FAIL,MULTI_RESOLUTION_ATLAS_SUPPORTED,,,,,,,,,,,,,0.5,,
fgw,mb4,13,42,1.695317193000001,13.0,,,fgw::mb4::k13,13,146,437,0.1221011455713886,0.2411298602819442,1.9703458781497003,273.750924300272,0.7074019541025787,0.3734635273086338,0.3298270784021734,0.781801350618457,C:\CoolYeah\sokAktif\satria-data\garbage-classification\semifinal\results\k_resolution_sweep\20260927\fetch_0754\k-resolution-sweep-v1\fgw\mb4\k_13\seed_42\labels.npz,0.0090727808773704,0.8872999825785368,0.1031095576714475,2.120588733118052,1.4042156721233956,0.7692307692307693,,0.8622383913046305,272.97053013096865,0.1177394034536891,0.005,True,0.8007692307692308,,,,,,,,,,,,,,,,,,,,,,,0.5,,
fgw,mb4,14,42,1.564521374,14.0,,,fgw::mb4::k14,14,116,436,0.1218217379156188,0.2435815781354904,1.8491888667828715,268.9174472745542,0.7038850985080612,0.3713027467116894,0.3400308412036751,0.7777335692060693,C:\CoolYeah\sokAktif\satria-data\garbage-classification\semifinal\results\k_resolution_sweep\20260927\fetch_0754\k-resolution-sweep-v1\fgw\mb4\k_14\seed_42\labels.npz,0.0156421350241405,0.8716446459469702,0.1027992374836962,2.075218144826098,1.3273412727983214,0.6428571428571429,,0.8285366661891524,208.0805592802033,0.0043731778425656,0.005,True,0.5592307692307692,,,,,,,,,,,,,,,,,,,,,,,0.5,,
fgw,mb4,16,42,1.739892171000001,16.0,,,fgw::mb4::k16,16,120,340,0.0949986029617211,0.1867592334747314,2.28932104571704,221.054433668892,0.6790868101872972,0.3511735921154147,0.3249359820679763,0.7410569631571465,C:\CoolYeah\sokAktif\satria-data\garbage-classification\semifinal\results\k_resolution_sweep\20260927\fetch_0754\k-resolution-sweep-v1\fgw\mb4\k_16\seed_42\labels.npz,0.0134280468730665,0.8754220099080822,0.075454621990234,2.068180607763473,1.3706263703452572,0.5625,,,171.46329917823368,-0.0331632653061224,0.005,True,0.3788461538461539,,,,,,,,,,,,,,,,,,,,,,,0.5,,
fgw,mb4,18,42,1.8479634570000003,18.0,,,fgw::mb4::k18,18,93,340,0.0949986029617211,0.1930653005838394,2.1026497469419656,221.06003758544404,0.6843484433467941,0.3510744354741329,0.3389289571102739,0.7461338892954187,C:\CoolYeah\sokAktif\satria-data\garbage-classification\semifinal\results\k_resolution_sweep\20260927\fetch_0754\k-resolution-sweep-v1\fgw\mb4\k_18\seed_42\labels.npz,0.0302551622259872,0.8325792777997023,0.0842043279846901,2.120789735068753,1.3181894808616277,0.6111111111111112,,,208.9851924604856,0.0736961451247165,0.005,True,0.551923076923077,,,,,,,,,,,,,,,,,,,,,,,0.5,,
fgw,mb4,20,42,1.984083492,20.0,,,fgw::mb4::k20,20,77,311,0.0868957809443978,0.1863671839237213,2.18300232104487,203.6640226299968,0.6681709402954197,0.3480598729947881,0.3315314764785342,0.7278994574791882,C:\CoolYeah\sokAktif\satria-data\garbage-classification\semifinal\results\k_resolution_sweep\20260927\fetch_0754\k-resolution-sweep-v1\fgw\mb4\k_20\seed_42\labels.npz,0.0295557271916952,0.8322888185553193,0.0784560833902939,2.131248600624833,1.3606222026938997,0.55,,,172.2845392536194,0.0540816326530612,0.005,True,0.3942307692307693,,,,,,,,,,,,,,,,,,,,,,,0.5,,
fgw,mb4,22,42,2.2584384600000007,22.0,,,fgw::mb4::k22,22,64,318,0.0888516345347862,0.1591661125421524,2.28497111962489,188.73739205734847,0.6554651705563842,0.3432089057909499,0.3295102417032833,0.712201599186357,C:\CoolYeah\sokAktif\satria-data\garbage-classification\semifinal\results\k_resolution_sweep\20260927\fetch_0754\k-resolution-sweep-v1\fgw\mb4\k_22\seed_42\labels.npz,0.0232280732265123,0.8467486750824484,0.080980539726911,2.178821880846058,1.4016270250473384,0.5,,,173.6914912679045,0.0222634508348794,0.005,True,0.3980769230769231,,,,,,,,,,,,,,,,,,,,,,,0.5,,
fgw,mb4,24,42,2.1016274710000005,24.0,,,fgw::mb4::k24,24,70,284,0.0793517742386141,0.1546361893415451,2.347024466811345,186.04861824472613,0.655672709688733,0.3487297824417745,0.3277360393281737,0.7061795043992438,C:\CoolYeah\sokAktif\satria-data\garbage-classification\semifinal\results\k_resolution_sweep\20260927\fetch_0754\k-resolution-sweep-v1\fgw\mb4\k_24\seed_42\labels.npz,0.0186801530181232,0.8575784629950839,0.0869745063461999,2.151200961820172,1.4016858015889126,0.4583333333333333,,,208.5328913558252,0.0068027210884353,0.005,True,0.4865384615384616,,,,,,,,,,,,,,,,,,,,,,,0.5,,
fgw,mb8,4,42,1.579590336,4.0,,,fgw::mb8::k4,4,452,1461,0.4082145850796312,0.1207263395190239,2.6300847866722603,269.55534801548254,0.5190687131628019,0.1748402599086175,0.2649539976844075,0.5453333405414487,C:\CoolYeah\sokAktif\satria-data\garbage-classification\semifinal\results\k_resolution_sweep\20260927\fetch_0754\k-resolution-sweep-v1\fgw\mb8\k_04\seed_42\labels.npz,0.0132787889172768,0.8894055060337149,0.085371127535776,1.0823639338494149,0.1996403193134074,1.0,,,103.55253654401874,0.0510204081632652,0.005,False,,,,,,,,,,,,,,,,,,,,,,,,0.5,,
fgw,mb8,6,42,1.625306587,6.0,,,fgw::mb8::k6,6,448,780,0.2179379715004191,0.1679730117321014,2.4269340728484825,299.0957818264285,0.6435860231103517,0.2942916662736639,0.3534162114988238,0.7074746767084666,C:\CoolYeah\sokAktif\satria-data\garbage-classification\semifinal\results\k_resolution_sweep\20260927\fetch_0754\k-resolution-sweep-v1\fgw\mb8\k_06\seed_42\labels.npz,0.0213975069158126,0.8708817675748125,0.0912006611310062,1.537805115253974,0.5243602135255371,1.0,,,155.86425149792396,0.1530612244897957,0.005,True,0.4041666666666666,,,,,,,,,,,,,,,,,,,,,,,0.5,,
fgw,mb8,8,42,1.4597829200000003,8.0,,,fgw::mb8::k8,8,285,625,0.174629784856105,0.2071823924779892,2.0692079986073195,314.2334627905702,0.6831663608492846,0.3096003286844197,0.3587646359313579,0.7802612561081298,C:\CoolYeah\sokAktif\satria-data\garbage-classification\semifinal\results\k_resolution_sweep\20260927\fetch_0754\k-resolution-sweep-v1\fgw\mb8\k_08\seed_42\labels.npz,0.0302044375641561,0.8497065866806074,0.1004081154439476,1.7164335182573116,0.7663708110866883,0.875,,,192.4930325182061,0.1173469387755101,0.005,True,0.5666666666666667,,,,,,,,,,,,,,,,,,,,,,,0.5,,
fgw,mb8,10,42,1.441240725,10.0,,,fgw::mb8::k10,10,284,464,0.1296451522771723,0.2370764762163162,1.905984905222026,319.3648342996219,0.7258724856517978,0.3864845384321798,0.3405529221437245,0.8117526591628501,C:\CoolYeah\sokAktif\satria-data\garbage-classification\semifinal\results\k_resolution_sweep\20260927\fetch_0754\k-resolution-sweep-v1\fgw\mb8\k_10\seed_42\labels.npz,0.0123639763224405,0.8818582063131214,0.1007893496701225,2.0800413465193444,1.3500447079401905,0.9,,0.786236548955772,176.53463770938245,0.1632653061224491,0.005,True,0.5466666666666666,,,,,,,,,,,,,,,,,,,,,,,0.5,,
fgw,mb8,11,42,2.145482745,11.0,,,fgw::mb8::k11,11,223,465,0.1299245599329421,0.2441278845071792,1.7796128072583732,311.5594815621767,0.7300053139053436,0.3781753195420465,0.3432010891545236,0.803640688147195,C:\CoolYeah\sokAktif\satria-data\garbage-classification\semifinal\results\k_resolution_sweep\20260927\fetch_0754\k-resolution-sweep-v1\fgw\mb8\k_11\seed_42\labels.npz,0.0142508135895684,0.8769984406773538,0.1040402254826861,2.1454426924187766,1.4740068447859669,0.8181818181818182,,0.7938339205784322,249.99455697473755,0.1001855287569573,0.005,True,0.7475,,,,,,,,,,,,,,,,,,,,,,,0.5,,
fgw,mb8,12,42,1.6622356739999995,12.0,,,fgw::mb8::k12,12,163,461,0.1288069293098631,0.2387102395296096,1.9092434769678424,284.27462910807003,0.7305171135523744,0.3758765905520919,0.3418565290256951,0.8065128331294585,C:\CoolYeah\sokAktif\satria-data\garbage-classification\semifinal\results\k_resolution_sweep\20260927\fetch_0754\k-resolution-sweep-v1\fgw\mb8\k_12\seed_42\labels.npz,0.010410260192628,0.8848269659158959,0.1048455374195199,2.125818313084091,1.418018284773953,0.75,0.8256309979036134,0.8372825213155638,192.71160091709007,0.0408163265306122,0.005,True,0.7858333333333333,True,2.141145229476193,-0.1787861252611038,-2.62192714106169,-0.2099125364431486,-0.073535218834877,-0.0689675598043154,-0.1480285515711719,FAIL,MULTI_RESOLUTION_ATLAS_SUPPORTED,,,,,,,,,,,,,0.5,,
fgw,mb8,13,42,2.300879275,13.0,,,fgw::mb8::k13,13,161,462,0.1290863369656328,0.2454668432474136,1.96715852905244,279.11667063344123,0.7204555155380561,0.3719546810744671,0.3419734585920414,0.8016331654378669,C:\CoolYeah\sokAktif\satria-data\garbage-classification\semifinal\results\k_resolution_sweep\20260927\fetch_0754\k-resolution-sweep-v1\fgw\mb8\k_13\seed_42\labels.npz,0.0150538278923387,0.8737736564430159,0.105774547752587,2.12009803457412,1.3884884165331917,0.6923076923076923,,0.8633038287717738,226.05330953556552,0.0266875981161696,0.005,True,0.7291666666666666,,,,,,,,,,,,,,,,,,,,,,,0.5,,
fgw,mb8,14,42,1.7992146039999994,14.0,,,fgw::mb8::k14,14,146,383,0.1070131321598211,0.2220108807086944,2.102267687042603,258.56474450210214,0.7043966272361284,0.3746920061774491,0.3270206402590972,0.7677496309652425,C:\CoolYeah\sokAktif\satria-data\garbage-classification\semifinal\results\k_resolution_sweep\20260927\fetch_0754\k-resolution-sweep-v1\fgw\mb8\k_14\seed_42\labels.npz,0.0171838023026653,0.8679432806236262,0.092604970529258,2.109068639353688,1.4461114228054877,0.6428571428571429,,0.8505668650150608,231.3297993819217,0.010204081632653,0.005,True,0.6366666666666667,,,,,,,,,,,,,,,,,,,,,,,0.5,,
fgw,mb8,16,42,1.909897457,16.0,,,fgw::mb8::k16,16,105,440,0.1229393685386979,0.2252563536167144,1.9962852646380111,237.35449147309987,0.6972402830870528,0.3599803954992232,0.3370511734209007,0.7669866169276456,C:\CoolYeah\sokAktif\satria-data\garbage-classification\semifinal\results\k_resolution_sweep\20260927\fetch_0754\k-resolution-sweep-v1\fgw\mb8\k_16\seed_42\labels.npz,0.0206674451796672,0.858312408587404,0.1010857960153905,2.070476949281552,1.3022214756993882,0.625,,,181.0093784538087,0.0395408163265306,0.005,True,0.4833333333333334,,,,,,,,,,,,,,,,,,,,,,,0.5,,
fgw,mb8,18,42,1.971008359999999,18.0,,,fgw::mb8::k18,18,85,339,0.0947191953059513,0.194645807147026,2.1543421296232474,215.63488920924527,0.6809395138651421,0.3477236816218682,0.3186155603342597,0.7371338285470712,C:\CoolYeah\sokAktif\satria-data\garbage-classification\semifinal\results\k_resolution_sweep\20260927\fetch_0754\k-resolution-sweep-v1\fgw\mb8\k_18\seed_42\labels.npz,0.0303405082989736,0.8326910396365337,0.0752938244943726,2.118223672007742,1.3842077927737304,0.6111111111111112,,,173.97042274682136,0.0884353741496599,0.005,True,0.4000000000000001,,,,,,,,,,,,,,,,,,,,,,,0.5,,
fgw,mb8,20,42,2.112664488,20.0,,,fgw::mb8::k20,20,89,306,0.085498742665549,0.1657787710428238,2.168065205868334,200.90721096290764,0.6711398563365533,0.3412121966302392,0.3367185376724466,0.7285473946208953,C:\CoolYeah\sokAktif\satria-data\garbage-classification\semifinal\results\k_resolution_sweep\20260927\fetch_0754\k-resolution-sweep-v1\fgw\mb8\k_20\seed_42\labels.npz,0.0232592072096914,0.8484860970394048,0.0820813870302571,2.090418527165616,1.3370879647717793,0.5,,,187.5478258468564,-0.0040816326530611,0.005,True,0.4125000000000001,,,,,,,,,,,,,,,,,,,,,,,0.5,,
fgw,mb8,22,42,2.214457668000001,22.0,,,fgw::mb8::k22,22,75,322,0.0899692651578653,0.1455022394657135,2.260238991846339,185.1978659767724,0.6656636239928286,0.3481841346382802,0.3217916602898639,0.7216052783454365,C:\CoolYeah\sokAktif\satria-data\garbage-classification\semifinal\results\k_resolution_sweep\20260927\fetch_0754\k-resolution-sweep-v1\fgw\mb8\k_22\seed_42\labels.npz,0.0146862065554573,0.8693063121044144,0.0708554125662377,2.152903384921204,1.4168002686376644,0.5,,,162.2736277623075,0.0222634508348794,0.005,True,0.3583333333333334,,,,,,,,,,,,,,,,,,,,,,,0.5,,
fgw,mb8,24,42,2.408452799000002,24.0,,,fgw::mb8::k24,24,65,325,0.0908074881251746,0.1579063683748245,2.343895447937239,178.4134137706449,0.657306908004932,0.345246751241666,0.3105518526952816,0.715119615235641,C:\CoolYeah\sokAktif\satria-data\garbage-classification\semifinal\results\k_resolution_sweep\20260927\fetch_0754\k-resolution-sweep-v1\fgw\mb8\k_24\seed_42\labels.npz,0.0204506981020117,0.8534153807299588,0.069181300478531,2.13856525287411,1.3625289492015566,0.4583333333333333,,,187.0468583712696,0.0187074829931973,0.005,True,0.4291666666666666,,,,,,,,,,,,,,,,,,,,,,,0.5,,
mcsf,mb3,4,42,35.120342177,4.0,,NVIDIA A100-SXM4-40GB,mcsf::mb3::k4,4,706,1058,0.2956132998044146,0.1269842386245727,2.7499954187477225,305.62676075954266,0.4725395711529753,0.246650059808371,0.3226871391082733,0.6182328492376157,C:\CoolYeah\sokAktif\satria-data\garbage-classification\semifinal\results\k_resolution_sweep\20260927\fetch_0754\k-resolution-sweep-v1\mcsf\mb3\k_04\seed_42\labels.npz,0.1582215229158542,0.6790365345967639,0.109312053046512,0.8711950454541377,0.3127567876014805,1.0,0.4880464249523339,,55.35082794679183,0.2346938775510204,0.005,False,,,,,,,,,,,,201.0,,,,,,,,,,,,,,
mcsf,mb3,6,42,41.091994787,6.0,,NVIDIA A100-SXM4-40GB,mcsf::mb3::k6,6,307,770,0.2151438949427214,0.1880233585834503,2.1626011943000214,357.333737827667,0.6161805090262462,0.2862617743389089,0.3761033527377296,0.7578787329543464,C:\CoolYeah\sokAktif\satria-data\garbage-classification\semifinal\results\k_resolution_sweep\20260927\fetch_0754\k-resolution-sweep-v1\mcsf\mb3\k_06\seed_42\labels.npz,0.1431528408091948,0.6623539364339264,0.1114495919071157,1.3447943128464308,0.5545983036392459,1.0,0.6715961169160574,,99.0248097978691,0.2789115646258503,0.005,True,0.375,,,,,,,,,,,201.0,,,,,,,,,,,,,,
mcsf,mb3,8,42,29.704120428999992,8.0,,NVIDIA A100-SXM4-40GB,mcsf::mb3::k8,8,266,573,0.1601005867560771,0.2273513972759246,1.860839023775904,369.3247983701235,0.6766199086125576,0.3164753825760454,0.4423446990634319,0.8147871803574392,C:\CoolYeah\sokAktif\satria-data\garbage-classification\semifinal\results\k_resolution_sweep\20260927\fetch_0754\k-resolution-sweep-v1\mcsf\mb3\k_08\seed_42\labels.npz,0.1854775959330504,0.5487199399904404,0.1107070707070707,1.6878255239642843,0.6146937041483834,1.0,0.7058497892975467,,115.9687071334334,0.375,0.005,False,,,,,,,,,,,,201.0,,,,,,,,,,,,,,
mcsf,mb3,10,42,29.42393208099999,10.0,,NVIDIA A100-SXM4-40GB,mcsf::mb3::k10,10,253,490,0.1369097513271863,0.2678888142108917,1.6349415197939137,389.54430911993416,0.7433982480694055,0.3869288152889608,0.4031349929464016,0.8650285629251967,C:\CoolYeah\sokAktif\satria-data\garbage-classification\semifinal\results\k_resolution_sweep\20260927\fetch_0754\k-resolution-sweep-v1\mcsf\mb3\k_10\seed_42\labels.npz,0.1526367988508976,0.5881161079740798,0.1114308892837827,2.018178417316926,1.2048290937297934,0.9,0.8439792561384554,,144.82121200889932,0.2693877551020408,0.005,True,0.4138888888888889,,,,,,,,,,,201.0,,,,,,,,,,,,,,
mcsf,mb3,12,42,34.856651968,12.0,,NVIDIA A100-SXM4-40GB,mcsf::mb3::k12,12,220,456,0.1274098910310142,0.3000629544258117,1.441214305517492,408.7899049636806,0.790010048516654,0.402888984416595,0.4301736765982786,0.8929584188066257,C:\CoolYeah\sokAktif\satria-data\garbage-classification\semifinal\results\k_resolution_sweep\20260927\fetch_0754\k-resolution-sweep-v1\mcsf\mb3\k_12\seed_42\labels.npz,0.1689611146079679,0.5310872178924098,0.1106510593015381,2.3435574745325845,1.636421096727947,0.8333333333333334,0.9884219530918736,0.9412050149863166,190.79392367771203,0.2619047619047618,0.005,True,0.7833333333333334,,,,,,,,,,,201.0,,,,,,,,,,,,,,
mcsf,mb3,13,42,37.142294523,13.0,,NVIDIA A100-SXM4-40GB,mcsf::mb3::k13,13,138,456,0.1274098910310142,0.3049185574054718,1.3757215318282217,404.7239099692232,0.8033308746781811,0.4099812210304016,0.441874082820491,0.906402464269098,C:\CoolYeah\sokAktif\satria-data\garbage-classification\semifinal\results\k_resolution_sweep\20260927\fetch_0754\k-resolution-sweep-v1\mcsf\mb3\k_13\seed_42\labels.npz,0.1767319017034269,0.5048493183194098,0.1101701499494988,2.367489201425008,1.697581901967309,0.8461538461538461,0.9557293578199246,0.931829957737494,191.35452486896992,0.313971742543171,0.005,True,0.6622222222222222,,,,,,,,,,,201.0,,,,,,,,,,,,,,
mcsf,mb3,14,42,35.720117112999986,14.0,,NVIDIA A100-SXM4-40GB,mcsf::mb3::k14,14,136,456,0.1274098910310142,0.3085420429706573,1.3975393174210513,393.2489885158669,0.7938975066805194,0.3982166737259822,0.4351158239159444,0.8975284667382387,C:\CoolYeah\sokAktif\satria-data\garbage-classification\semifinal\results\k_resolution_sweep\20260927\fetch_0754\k-resolution-sweep-v1\mcsf\mb3\k_14\seed_42\labels.npz,0.1700448516714313,0.5128905461497477,0.11051700336373,2.3646136709150904,1.671896665913661,0.7857142857142857,0.9831897678268788,0.9384451992883328,197.92384879925507,0.2551020408163265,0.005,True,0.8255555555555555,True,2.3112642273962654,-0.0086671273410319,2.590320741103227,0.0043731778425655,-0.0037034153938293,-0.0055871666761704,0.0116060399076313,FAIL,MULTI_RESOLUTION_ATLAS_SUPPORTED,201.0,,,,,,,,,,,,,,
mcsf,mb3,15,42,33.265291471,15.0,,NVIDIA A100-SXM4-40GB,mcsf::mb3::k15,15,132,459,0.1282481139983235,0.2953424155712127,1.4647663287228203,367.2315536927284,0.780741062359995,0.3881964806822392,0.4248201009761174,0.8819339789150934,C:\CoolYeah\sokAktif\satria-data\garbage-classification\semifinal\results\k_resolution_sweep\20260927\fetch_0754\k-resolution-sweep-v1\mcsf\mb3\k_15\seed_42\labels.npz,0.16297570185494,0.5230279501444098,0.1107581368154355,2.3240664580175414,1.6158742285550856,0.7333333333333333,0.9591757049431148,0.9201294389753972,175.7103229468659,0.220408163265306,0.005,True,0.4377777777777777,,,,,,,,,,,201.0,,,,,,,,,,,,,,
mcsf,mb3,16,42,29.36609770599999,16.0,,NVIDIA A100-SXM4-40GB,mcsf::mb3::k16,16,103,457,0.127689298686784,0.2969224750995636,1.49648683315554,358.18518641255974,0.7698148435109201,0.3827746045615266,0.4142027622897716,0.8775295973953352,C:\CoolYeah\sokAktif\satria-data\garbage-classification\semifinal\results\k_resolution_sweep\20260927\fetch_0754\k-resolution-sweep-v1\mcsf\mb3\k_16\seed_42\labels.npz,0.1601007118290006,0.5241768367797711,0.1110764552224258,2.3018197494367207,1.5776182918383377,0.6875,0.9776146298880682,0.910742700075418,187.1848800798313,0.1926020408163265,0.005,True,0.4966666666666666,,,,,,,,,,,201.0,,,,,,,,,,,,,,
mcsf,mb3,18,42,29.460836355,18.0,,NVIDIA A100-SXM4-40GB,mcsf::mb3::k18,18,85,456,0.1274098910310142,0.287043958902359,1.468783830320343,345.6929721108566,0.7606810684523801,0.3830257802468895,0.4222283229155067,0.8603995625319676,C:\CoolYeah\sokAktif\satria-data\garbage-classification\semifinal\results\k_resolution_sweep\20260927\fetch_0754\k-resolution-sweep-v1\mcsf\mb3\k_18\seed_42\labels.npz,0.1771598619827412,0.4705709085518119,0.1084379975234388,2.3701787597142507,1.6491236824268534,0.6111111111111112,0.9707419419772036,,187.8527271308134,0.1802721088435374,0.005,True,0.4472222222222222,,,,,,,,,,,201.0,,,,,,,,,,,,,,
mcsf,mb3,20,42,30.172223315,20.0,,NVIDIA A100-SXM4-40GB,mcsf::mb3::k20,20,32,456,0.1274098910310142,0.2910140454769134,1.454370468074703,327.15256637692755,0.7608114360641549,0.3902352959934017,0.4271122641063793,0.8610108218077528,C:\CoolYeah\sokAktif\satria-data\garbage-classification\semifinal\results\k_resolution_sweep\20260927\fetch_0754\k-resolution-sweep-v1\mcsf\mb3\k_20\seed_42\labels.npz,0.1827125425302736,0.4494268709318251,0.1088753918495297,2.3733884057008745,1.6351432528000165,0.6,0.9631104024936712,,192.29827390328057,0.2010204081632653,0.005,True,0.5583333333333332,,,,,,,,,,,201.0,,,,,,,,,,,,,,
mcsf,mb3,22,42,36.74828312699998,22.0,,NVIDIA A100-SXM4-40GB,mcsf::mb3::k22,22,29,439,0.1226599608829281,0.2766552269458771,1.5250216863437691,310.1067495877349,0.750559520793436,0.3872132706373838,0.4294402827041326,0.8462561426356976,C:\CoolYeah\sokAktif\satria-data\garbage-classification\semifinal\results\k_resolution_sweep\20260927\fetch_0754\k-resolution-sweep-v1\mcsf\mb3\k_22\seed_42\labels.npz,0.1893418914949714,0.4204715097298367,0.1072036414011478,2.3604302725734643,1.6027232056957743,0.5,0.9896997392986476,,186.98469830026272,0.1178107606679036,0.005,False,,,,,,,,,,,,201.0,,,,,,,,,,,,,,
mcsf,mb3,24,42,31.27175927600001,24.0,,NVIDIA A100-SXM4-40GB,mcsf::mb3::k24,24,29,438,0.1223805532271584,0.2814600467681885,1.4654098281353007,295.33253085271605,0.7463223538976798,0.3890680699893442,0.4299276233169247,0.8401797184412929,C:\CoolYeah\sokAktif\satria-data\garbage-classification\semifinal\results\k_resolution_sweep\20260927\fetch_0754\k-resolution-sweep-v1\mcsf\mb3\k_24\seed_42\labels.npz,0.1910256789013384,0.4111760147673067,0.1068771763216207,2.352989022526604,1.5852390773288365,0.4583333333333333,0.9440647251604692,,190.74718481854407,0.0952380952380951,0.005,False,,,,,,,,,,,,201.0,,,,,,,,,,,,,,
mge,average_link,4,42,3.559935111000001,4.0,,,mge::average_link::k4,4,459,1578,0.440905280804694,0.1454177647829055,2.4518529339782247,350.6970153872976,0.5088585377708942,0.2623371576156122,0.3518958478731391,0.5874346029567895,C:\CoolYeah\sokAktif\satria-data\garbage-classification\semifinal\results\k_resolution_sweep\20260927\fetch_0754\k-resolution-sweep-v1\mge\average_link\k_04\seed_42\labels.npz,0.0811277264449698,0.7971664157515457,0.1109492409139702,1.0716326884232144,0.2773793968750665,1.0,,,87.26815240648448,0.1632653061224489,0.005,False,,,,,,,,,,,,,,,,,average,0.5,20.0,"[4, 1]",,,,,,
mge,average_link,6,42,4.482844173,6.0,,,mge::average_link::k6,6,154,1005,0.2808046940486169,0.172339454293251,2.038906871782897,327.9514443685192,0.6185765190908643,0.3030275437950202,0.414959662393747,0.6894130846072514,C:\CoolYeah\sokAktif\satria-data\garbage-classification\semifinal\results\k_resolution_sweep\20260927\fetch_0754\k-resolution-sweep-v1\mge\average_link\k_06\seed_42\labels.npz,0.0960620943383466,0.7492107300397601,0.111653106081055,1.4775233662771292,0.4539319491146596,1.0,,,119.30845924097636,0.2551020408163265,0.005,True,0.5416666666666666,,,,,,,,,,,,,,,,average,0.5,20.0,"[6, 4, 1]",,,,,,
mge,average_link,8,42,4.4215494620000015,8.0,,,mge::average_link::k8,8,177,705,0.1969823973176865,0.201194167137146,1.8953561676201764,334.1338914435009,0.6495957509987823,0.3481303088799994,0.4340127258914467,0.7672391079521439,C:\CoolYeah\sokAktif\satria-data\garbage-classification\semifinal\results\k_resolution_sweep\20260927\fetch_0754\k-resolution-sweep-v1\mge\average_link\k_08\seed_42\labels.npz,0.1416244989217285,0.6375317162769478,0.1120031329547679,1.6312673497579724,0.5515007445118753,0.875,,,116.41789507657542,0.2040816326530612,0.005,True,0.4666666666666667,,,,,,,,,,,,,,,,average,0.5,20.0,"[8, 6, 3, 1]",,,,,,
mge,average_link,10,42,5.076274752,10.0,,,mge::average_link::k10,10,154,541,0.1511595417714445,0.2321893870830536,1.730866613583098,337.72435511102253,0.6973635375430255,0.4028116679737809,0.425749216731388,0.7977292841061753,C:\CoolYeah\sokAktif\satria-data\garbage-classification\semifinal\results\k_resolution_sweep\20260927\fetch_0754\k-resolution-sweep-v1\mge\average_link\k_10\seed_42\labels.npz,0.1467058208382771,0.6056449681379209,0.1109327276998981,1.8856766321666416,0.935533962359006,0.8,,0.9074496444324716,121.06218278702993,0.1693877551020408,0.005,True,0.5416666666666666,,,,,,,,,,,,,,,,average,0.5,20.0,"[10, 8, 6, 3, 1]",,,,,,
mge,average_link,11,42,5.604495338,11.0,,,mge::average_link::k11,11,173,502,0.1402626431964236,0.2430218756198883,1.6923993707273284,337.47701634863506,0.7086716858887318,0.4035624524149677,0.4401308197446338,0.8137238965986199,C:\CoolYeah\sokAktif\satria-data\garbage-classification\semifinal\results\k_resolution_sweep\20260927\fetch_0754\k-resolution-sweep-v1\mge\average_link\k_11\seed_42\labels.npz,0.1739057316047319,0.5358261652888249,0.1092577970785629,1.969739031312052,1.0274689725138817,0.7272727272727273,,0.9053076752661036,126.93989905744084,0.1150278293135437,0.005,True,0.4624999999999999,,,,,,,,,,,,,,,,average,0.5,20.0,"[11, 9, 7, 5, 3, 1]",,,,,,
mge,average_link,12,42,5.753697600999995,12.0,,,mge::average_link::k12,12,174,502,0.1402626431964236,0.2653671205043793,1.5526074972462225,354.6680194966933,0.7408543275603525,0.4007861240959369,0.4281980784959918,0.8315508180592112,C:\CoolYeah\sokAktif\satria-data\garbage-classification\semifinal\results\k_resolution_sweep\20260927\fetch_0754\k-resolution-sweep-v1\mge\average_link\k_12\seed_42\labels.npz,0.1685353474855238,0.5354691718410475,0.1091055981398648,2.153815032350648,1.294252139857842,0.75,0.8251416953426496,0.924330366287038,157.47639255185075,0.1581632653061224,0.005,True,0.6875000000000001,True,2.1767156104840493,-0.143215744253248,-37.85713550630109,-0.0925655976676385,-0.0468783378601074,-0.0586303457963373,0.0100965357217238,FAIL,MULTI_RESOLUTION_ATLAS_SUPPORTED,,,,,,average,0.5,20.0,"[12, 10, 8, 5, 3, 1]",five 80% discovery subsamples; ARI on shared rows,5.0,"[0.8286582707501212, 0.851923133715981, 0.8163194018910136, 0.85752830359368, 0.7931670079879702, 0.8406541882349072, 0.8170540917396016, 0.8230956035383278, 0.8302123399888726, 0.7928046119860208]",,,
mge,average_link,13,42,6.011244067,13.0,,,mge::average_link::k13,13,117,501,0.1399832355406538,0.2514376938343048,1.6853329514081468,336.1820521666709,0.7340484569389036,0.3942430113560535,0.4327179105357279,0.8301225374043895,C:\CoolYeah\sokAktif\satria-data\garbage-classification\semifinal\results\k_resolution_sweep\20260927\fetch_0754\k-resolution-sweep-v1\mge\average_link\k_13\seed_42\labels.npz,0.1836424061632448,0.4935837386013068,0.109151856553475,2.158577470514288,1.2784169982285032,0.6923076923076923,,0.9564211923695036,171.5855728901516,0.1491365777080062,0.005,True,0.7000000000000001,,,,,,,,,,,,,,,,average,0.5,20.0,"[13, 11, 9, 7, 5, 3, 1]",,,,,,
mge,average_link,14,42,6.302485734000001,14.0,,,mge::average_link::k14,14,12,490,0.1369097513271863,0.242974117398262,1.7120531248902209,314.19300910067966,0.7352394369968906,0.3974187277592367,0.4362807995084664,0.8312029663801666,C:\CoolYeah\sokAktif\satria-data\garbage-classification\semifinal\results\k_resolution_sweep\20260927\fetch_0754\k-resolution-sweep-v1\mge\average_link\k_14\seed_42\labels.npz,0.1889651798329182,0.4796259539513529,0.1078514935875835,2.15834402258618,1.278297085657437,0.7142857142857143,,0.9756563824217152,187.06012282829028,0.1953352769679299,0.005,False,,,,,,,,,,,,,,,,,average,0.5,20.0,"[14, 12, 10, 8, 5, 3, 1]",,,,,,
mge,average_link,16,42,6.544826568999998,16.0,,,mge::average_link::k16,16,20,460,0.1285275216540933,0.2687350213527679,1.7405050114470757,321.5999211175101,0.7526348302383481,0.3982073752404266,0.4242952168178106,0.8444446599264052,C:\CoolYeah\sokAktif\satria-data\garbage-classification\semifinal\results\k_resolution_sweep\20260927\fetch_0754\k-resolution-sweep-v1\mge\average_link\k_16\seed_42\labels.npz,0.1763291301212754,0.4910745985752375,0.1082796192452754,2.308220484680422,1.56396300419145,0.625,,,186.67939070141745,0.1517857142857143,0.005,False,,,,,,,,,,,,,,,,,average,0.5,20.0,"[16, 14, 12, 10, 7, 5, 3, 1]",,,,,,
mge,average_link,18,42,7.626365853000003,18.0,,,mge::average_link::k18,18,12,461,0.1288069293098631,0.2681930661201477,1.834727809965044,298.15724439921945,0.7560083239116859,0.3921986690431234,0.4329087467651171,0.8521127215089287,C:\CoolYeah\sokAktif\satria-data\garbage-classification\semifinal\results\k_resolution_sweep\20260927\fetch_0754\k-resolution-sweep-v1\mge\average_link\k_18\seed_42\labels.npz,0.1815592212297672,0.471666647800178,0.1088741987179487,2.338103067145464,1.6101908114543335,0.6111111111111112,,,180.78845052333608,0.1780045351473923,0.005,False,,,,,,,,,,,,,,,,,average,0.5,20.0,"[18, 16, 14, 12, 10, 7, 5, 3, 1]",,,,,,
mge,average_link,20,42,8.149452826000001,20.0,,,mge::average_link::k20,20,12,453,0.1265716680637049,0.2515513896942138,1.986109279157904,277.51267619428086,0.746587618775826,0.3889333382228226,0.4322981401530031,0.8417346647422929,C:\CoolYeah\sokAktif\satria-data\garbage-classification\semifinal\results\k_resolution_sweep\20260927\fetch_0754\k-resolution-sweep-v1\mge\average_link\k_20\seed_42\labels.npz,0.1918631902115831,0.4340082315180781,0.10529732800422,2.335582952021087,1.5978888698582143,0.55,,,184.18884471105903,0.1581632653061225,0.005,False,,,,,,,,,,,,,,,,,average,0.5,20.0,"[20, 18, 16, 14, 12, 9, 7, 5, 3, 1]",,,,,,
mge,average_link,22,42,9.573188593999994,22.0,,,mge::average_link::k22,22,21,461,0.1288069293098631,0.2580322623252868,1.971958319710064,272.4210971662433,0.7454556006897496,0.3959152717482106,0.4285534025449003,0.8313521195506971,C:\CoolYeah\sokAktif\satria-data\garbage-classification\semifinal\results\k_resolution_sweep\20260927\fetch_0754\k-resolution-sweep-v1\mge\average_link\k_22\seed_42\labels.npz,0.186429796944653,0.4331703163330411,0.1056907224975834,2.3483338168244283,1.5931569150237606,0.5454545454545454,,,209.10413825542736,0.1641929499072355,0.005,False,,,,,,,,,,,,,,,,,average,0.5,20.0,"[22, 20, 18, 16, 14, 12, 9, 7, 5, 3, 1]",,,,,,
mge,average_link,24,42,10.151630697000002,24.0,,,mge::average_link::k24,24,18,320,0.0894104498463257,0.20967698097229,2.170101127348765,254.91210992459253,0.7289550645793804,0.3856896916233688,0.4274075095421735,0.8116982660440968,C:\CoolYeah\sokAktif\satria-data\garbage-classification\semifinal\results\k_resolution_sweep\20260927\fetch_0754\k-resolution-sweep-v1\mge\average_link\k_24\seed_42\labels.npz,0.1822109090010402,0.4279770835923554,0.1012150071533813,2.343989329502615,1.5896755603229775,0.4583333333333333,,,201.6945164851,0.0935374149659863,0.005,False,,,,,,,,,,,,,,,,,average,0.5,20.0,"[24, 22, 20, 18, 16, 14, 11, 9, 7, 5, 3, 1]",,,,,,
mge,single_link,4,42,4.268138454999999,4.0,,,mge::single_link::k4,4,441,1700,0.4749930148086057,0.1167585626244545,2.837807183599657,282.3518318069567,0.4991889352887011,0.2394529768419399,0.281103635841847,0.5504792990032535,C:\CoolYeah\sokAktif\satria-data\garbage-classification\semifinal\results\k_resolution_sweep\20260927\fetch_0754\k-resolution-sweep-v1\mge\single_link\k_04\seed_42\labels.npz,0.04221131805487,0.8510215106714315,0.1114255257292373,1.0291367543746253,0.3583239591398129,1.0,,,81.13001199281071,0.1071428571428571,0.005,False,,,,,,,,,,,,,,,,,single,0.5,20.0,"[4, 1]",,,,,,
mge,single_link,6,42,4.749222232000001,6.0,,,mge::single_link::k6,6,251,1187,0.3316568873987147,0.1602177321910858,2.4351916875579804,283.2432345716573,0.6224465754640438,0.2804176027462626,0.3045788898680781,0.6725619727297706,C:\CoolYeah\sokAktif\satria-data\garbage-classification\semifinal\results\k_resolution_sweep\20260927\fetch_0754\k-resolution-sweep-v1\mge\single_link\k_06\seed_42\labels.npz,0.058153081997687,0.8130224050058847,0.1109328219478308,1.4050469124207252,0.7159495387839419,1.0,,,108.59548616948064,0.2346938775510202,0.005,True,0.3527777777777778,,,,,,,,,,,,,,,,single,0.5,20.0,"[6, 4, 1]",,,,,,
mge,single_link,8,42,5.148858175000001,8.0,,,mge::single_link::k8,8,228,800,0.2235261246158144,0.200604498386383,2.047506507299424,305.1707698741801,0.6855154084118023,0.2709166212503871,0.3351267315597424,0.7251205763641653,C:\CoolYeah\sokAktif\satria-data\garbage-classification\semifinal\results\k_resolution_sweep\20260927\fetch_0754\k-resolution-sweep-v1\mge\single_link\k_08\seed_42\labels.npz,0.1188294161597607,0.6853366601544983,0.1084372735994987,1.7408167261190006,0.9729977021939464,1.0,,,121.97333138455146,0.3239795918367347,0.005,True,0.4861111111111111,,,,,,,,,,,,,,,,single,0.5,20.0,"[8, 6, 3, 1]",,,,,,
mge,single_link,10,42,5.688897363999999,10.0,,,mge::single_link::k10,10,229,668,0.1866443140542051,0.2335600852966308,1.8261165512529824,325.2577406687832,0.7275903815521593,0.3384499203028305,0.3949289707868343,0.7721569742556991,C:\CoolYeah\sokAktif\satria-data\garbage-classification\semifinal\results\k_resolution_sweep\20260927\fetch_0754\k-resolution-sweep-v1\mge\single_link\k_10\seed_42\labels.npz,0.1233258228270956,0.652779305008139,0.107311951504586,2.141081466792049,1.4068771481147588,1.0,,,158.06095942136167,0.3857142857142857,0.005,True,0.5361111111111111,,,,,,,,,,,,,,,,single,0.5,20.0,"[10, 8, 6, 3, 1]",,,,,,
mge,single_link,12,42,6.403779994999997,12.0,,,mge::single_link::k12,12,122,669,0.1869237217099748,0.2550887763500213,1.6043725090356504,330.62471845818504,0.7499968222792089,0.373638271010117,0.4273673809060315,0.8048955577193492,C:\CoolYeah\sokAktif\satria-data\garbage-classification\semifinal\results\k_resolution_sweep\20260927\fetch_0754\k-resolution-sweep-v1\mge\single_link\k_12\seed_42\labels.npz,0.1652920418578635,0.5489330186084622,0.1069355573604865,2.249302821673638,1.538739302298915,0.8333333333333334,,,166.3901592724855,0.2602040816326531,0.005,True,0.4916666666666667,,,,,,,,,,,,,,,,single,0.5,20.0,"[12, 10, 8, 5, 3, 1]",,,,,,
mge,single_link,14,42,6.753204167000003,14.0,,,mge::single_link::k14,14,122,441,0.1232187761944677,0.2701282501220703,1.7724501318423032,336.1741388022166,0.7379119258671055,0.3707110037953033,0.4194453534526732,0.830646428278337,C:\CoolYeah\sokAktif\satria-data\garbage-classification\semifinal\results\k_resolution_sweep\20260927\fetch_0754\k-resolution-sweep-v1\mge\single_link\k_14\seed_42\labels.npz,0.1651236253613879,0.5240146199479541,0.1077061289678578,2.2818615962487088,1.5831832557325425,0.7857142857142857,,0.93995046236583,180.53335691865308,0.2565597667638483,0.005,True,0.53,,,,,,,,,,,,,,,,single,0.5,20.0,"[14, 12, 10, 8, 5, 3, 1]",,,,,,
mge,single_link,15,42,7.998410355999997,15.0,,,mge::single_link::k15,15,26,442,0.1234981838502375,0.2623213827610016,1.6672753698134952,325.96464398267017,0.7486001246155434,0.3726747638367169,0.4224045184032398,0.8350013007169389,C:\CoolYeah\sokAktif\satria-data\garbage-classification\semifinal\results\k_resolution_sweep\20260927\fetch_0754\k-resolution-sweep-v1\mge\single_link\k_15\seed_42\labels.npz,0.1823802509379928,0.4831262179892693,0.1065431729907379,2.274995597456713,1.5426808893430763,0.8,,0.9527681845492484,184.5415364953305,0.2884353741496599,0.005,True,0.6433333333333332,,,,,,,,,,,,,,,,single,0.5,20.0,"[15, 13, 11, 9, 7, 5, 3, 1]",,,,,,
mge,single_link,16,42,7.47828913,16.0,,,mge::single_link::k16,16,26,442,0.1234981838502375,0.2622826695442199,1.7435616619943128,310.9694307666021,0.7495257799008248,0.371245917335316,0.422896927530439,0.8359464271819084,C:\CoolYeah\sokAktif\satria-data\garbage-classification\semifinal\results\k_resolution_sweep\20260927\fetch_0754\k-resolution-sweep-v1\mge\single_link\k_16\seed_42\labels.npz,0.1811998899436652,0.4805372559531385,0.1066970259851798,2.313466073581379,1.57837315590297,0.75,0.8065600966338415,0.975350667597907,185.31176426158083,0.2691326530612244,0.005,True,0.7500000000000001,True,2.3282831000552204,0.0083517453179231,-10.021763796571008,0.0184037900874635,-0.0499627888202667,-0.049958893455865,0.0227610781798652,FAIL,MULTI_RESOLUTION_ATLAS_SUPPORTED,,,,,,single,0.5,20.0,"[16, 14, 12, 10, 7, 5, 3, 1]",five 80% discovery subsamples; ARI on shared rows,5.0,"[0.769689754677457, 0.8189486676864107, 0.8319314945100532, 0.8538845840223455, 0.7472745230478602, 0.8138284920276809, 0.7361847553316127, 0.8584730616182664, 0.8166351625999603, 0.8187504708167683]",,,
mge,single_link,17,42,8.342113688999998,17.0,,,mge::single_link::k17,17,26,442,0.1234981838502375,0.2574584186077118,1.815058195066372,295.44659132524595,0.7445068401966926,0.3699788582094028,0.4215299580954715,0.8312154272825386,C:\CoolYeah\sokAktif\satria-data\garbage-classification\semifinal\results\k_resolution_sweep\20260927\fetch_0754\k-resolution-sweep-v1\mge\single_link\k_17\seed_42\labels.npz,0.1798576140788768,0.4795347913631832,0.1066680036097463,2.313089061529485,1.5779961501129782,0.7058823529411765,,0.9746529364368844,181.1003155259774,0.2460984393757503,0.005,True,0.57,,,,,,,,,,,,,,,,single,0.5,20.0,"[17, 15, 13, 11, 9, 7, 5, 3, 1]",,,,,,
mge,single_link,18,42,8.029486438,18.0,,,mge::single_link::k18,18,26,442,0.1234981838502375,0.256513386964798,1.814660503901492,287.5886658076994,0.7386074844920774,0.3664758844650437,0.4176681618186749,0.8260514561570702,C:\CoolYeah\sokAktif\satria-data\garbage-classification\semifinal\results\k_resolution_sweep\20260927\fetch_0754\k-resolution-sweep-v1\mge\single_link\k_18\seed_42\labels.npz,0.1778939183507221,0.4784366161474816,0.106829454406715,2.314556624010709,1.5805543610822492,0.6666666666666666,,0.9662088141875972,184.1877973934088,0.2244897959183673,0.005,True,0.5399999999999999,,,,,,,,,,,,,,,,single,0.5,20.0,"[18, 16, 14, 12, 10, 7, 5, 3, 1]",,,,,,
mge,single_link,20,42,8.655502511999998,20.0,,,mge::single_link::k20,20,10,442,0.1234981838502375,0.245606854557991,1.884519738127196,261.02757574833345,0.7384811648415869,0.3637626654496309,0.4163302885941812,0.8240460427413449,C:\CoolYeah\sokAktif\satria-data\garbage-classification\semifinal\results\k_resolution_sweep\20260927\fetch_0754\k-resolution-sweep-v1\mge\single_link\k_20\seed_42\labels.npz,0.1838870924829564,0.4590970420775245,0.1056015802946927,2.314556652688887,1.5776623444005609,0.6,,,182.79419524005692,0.1642857142857143,0.005,False,,,,,,,,,,,,,,,,,single,0.5,20.0,"[20, 18, 16, 14, 12, 9, 7, 5, 3, 1]",,,,,,
mge,single_link,22,42,9.830804871000003,22.0,,,mge::single_link::k22,22,10,442,0.1234981838502375,0.2402453273534774,1.844515838457432,255.2750263809652,0.73729218340889,0.366984748924419,0.4234933794853709,0.8211097852680899,C:\CoolYeah\sokAktif\satria-data\garbage-classification\semifinal\results\k_resolution_sweep\20260927\fetch_0754\k-resolution-sweep-v1\mge\single_link\k_22\seed_42\labels.npz,0.195280861727653,0.4189337254851622,0.104773487382183,2.35858459884343,1.6587754658361693,0.5454545454545454,,,175.30562449489184,0.1428571428571428,0.005,False,,,,,,,,,,,,,,,,,single,0.5,20.0,"[22, 20, 18, 16, 14, 12, 9, 7, 5, 3, 1]",,,,,,
mge,single_link,24,42,11.055539385000005,24.0,,,mge::single_link::k24,24,6,442,0.1234981838502375,0.2432616204023361,2.003188050999198,245.03372432690605,0.7362908551191559,0.3671773138933173,0.4183696620344506,0.8182406344298487,C:\CoolYeah\sokAktif\satria-data\garbage-classification\semifinal\results\k_resolution_sweep\20260927\fetch_0754\k-resolution-sweep-v1\mge\single_link\k_24\seed_42\labels.npz,0.1944687297586997,0.4123978758360303,0.1052289308431727,2.36778835878588,1.6694135610435754,0.5,,,187.50789073147817,0.1215986394557823,0.005,False,,,,,,,,,,,,,,,,,single,0.5,20.0,"[24, 22, 20, 18, 16, 14, 11, 9, 7, 5, 3, 1]",,,,,,
tac,radio_siglip2g_concat,4,42,9.723753561,4.0,,,tac::radio_siglip2g_concat::k4,4,472,1692,0.4727577535624476,0.1334117650985717,2.4016111888866805,325.7730918677684,0.4238505450173778,0.1656744106802119,0.33392374240701,0.4891375361634543,C:\CoolYeah\sokAktif\satria-data\garbage-classification\semifinal\results\k_resolution_sweep\20260927\fetch_0754\k-resolution-sweep-v1\tac\radio_siglip2g_concat\k_04\seed_42\labels.npz,0.1491519559268437,0.7051299315640988,0.1119802387813915,1.0484944551342124,0.4435076056728486,1.0,,,72.54199683750115,0.1632653061224489,0.005,False,,,,,,,,,,,,,,,concat_spherical_kmeans,,,,,,,,,,,
tac,radio_siglip2g_concat,6,42,11.122360959000002,6.0,,,tac::radio_siglip2g_concat::k6,6,411,766,0.2140262643196423,0.1871940940618515,2.072930113514156,352.27580741492744,0.6488763329226157,0.3395224276697467,0.3546055528713288,0.6812779521004023,C:\CoolYeah\sokAktif\satria-data\garbage-classification\semifinal\results\k_resolution_sweep\20260927\fetch_0754\k-resolution-sweep-v1\tac\radio_siglip2g_concat\k_06\seed_42\labels.npz,0.102265539637196,0.7306438854832898,0.1163730176189428,1.6197489580651108,0.7654825765748835,1.0,,,137.32852102092923,0.2244897959183674,0.005,True,0.4083333333333333,,,,,,,,,,,,,,concat_spherical_kmeans,,,,,,,,,,,
tac,radio_siglip2g_concat,8,42,7.622631800999997,8.0,,,tac::radio_siglip2g_concat::k8,8,307,658,0.1838502374965074,0.2104441672563552,1.8494716712258903,339.93442076597586,0.6356394912087197,0.3259302389648741,0.4025866854076574,0.7420878624627223,C:\CoolYeah\sokAktif\satria-data\garbage-classification\semifinal\results\k_resolution_sweep\20260927\fetch_0754\k-resolution-sweep-v1\tac\radio_siglip2g_concat\k_08\seed_42\labels.npz,0.1232571216243487,0.6707278930672314,0.1195140094222663,1.7360350873824038,0.7498700071826732,1.0,,,133.77029447364615,0.3290816326530612,0.005,True,0.4458333333333333,,,,,,,,,,,,,,concat_spherical_kmeans,,,,,,,,,,,
tac,radio_siglip2g_concat,10,42,8.409569682,10.0,,,tac::radio_siglip2g_concat::k10,10,236,503,0.1405420508521933,0.2568058967590332,1.6295209972792388,373.3422217556648,0.7323685446430638,0.406323030714389,0.4125117720495461,0.8263488738173981,C:\CoolYeah\sokAktif\satria-data\garbage-classification\semifinal\results\k_resolution_sweep\20260927\fetch_0754\k-resolution-sweep-v1\tac\radio_siglip2g_concat\k_10\seed_42\labels.npz,0.1248444543523618,0.6467558717998401,0.1157587742953596,2.043759400758306,1.2456644456391228,1.0,,,168.07514391497693,0.3326530612244899,0.005,True,0.5333333333333333,,,,,,,,,,,,,,concat_spherical_kmeans,,,,,,,,,,,
tac,radio_siglip2g_concat,12,42,9.188752926000005,12.0,,,tac::radio_siglip2g_concat::k12,12,243,468,0.1307627829002514,0.288878321647644,1.5439203129013812,394.9631938843097,0.7868761514317073,0.3965666212405509,0.4149508233355194,0.8780135107269675,C:\CoolYeah\sokAktif\satria-data\garbage-classification\semifinal\results\k_resolution_sweep\20260927\fetch_0754\k-resolution-sweep-v1\tac\radio_siglip2g_concat\k_12\seed_42\labels.npz,0.1475838911721931,0.5784732271694849,0.1115851327148692,2.2966187205784947,1.5769305884355138,0.8333333333333334,,0.9513594253102684,187.87223448214863,0.2687074829931972,0.005,True,0.6666666666666667,,,,,,,,,,,,,,concat_spherical_kmeans,,,,,,,,,,,
tac,radio_siglip2g_concat,13,42,9.447444722,13.0,,,tac::radio_siglip2g_concat::k13,13,126,466,0.1302039675887119,0.2939123511314392,1.427386248754293,389.7422385115886,0.8016760235633309,0.4013712362530379,0.4151322226386417,0.8738680365967637,C:\CoolYeah\sokAktif\satria-data\garbage-classification\semifinal\results\k_resolution_sweep\20260927\fetch_0754\k-resolution-sweep-v1\tac\radio_siglip2g_concat\k_13\seed_42\labels.npz,0.1464321537182424,0.5739544955470844,0.1128595770271624,2.37138854428089,1.673924286552367,0.8461538461538461,,0.9267490541052068,187.4021294177984,0.3076923076923076,0.005,True,0.6275,,,,,,,,,,,,,,concat_spherical_kmeans,,,,,,,,,,,
tac,radio_siglip2g_concat,14,42,10.143187331,14.0,,,tac::radio_siglip2g_concat::k14,14,111,459,0.1282481139983235,0.2894806265830993,1.5343003621351965,368.5527965268917,0.7820756508262585,0.396573842911446,0.4054662736897924,0.8564413431694899,C:\CoolYeah\sokAktif\satria-data\garbage-classification\semifinal\results\k_resolution_sweep\20260927\fetch_0754\k-resolution-sweep-v1\tac\radio_siglip2g_concat\k_14\seed_42\labels.npz,0.1391453728966251,0.5847214242785185,0.1141197261776595,2.3481184305109504,1.6137192930779534,0.7857142857142857,,0.9240315280385588,198.62842791963263,0.2623906705539358,0.005,False,0.6724999999999999,True,2.314945552961047,-0.0049858017762502,3.2948998614808147,0.0116618075801748,-0.0227648317813873,-0.0174090225304313,-0.0192934388671748,FAIL,MULTI_RESOLUTION_ATLAS_SUPPORTED,,,,concat_spherical_kmeans,,,,,,,,,,,
tac,radio_siglip2g_concat,15,42,9.568549419,15.0,,,tac::radio_siglip2g_concat::k15,15,30,464,0.1296451522771723,0.2960695922374725,1.448553519491948,356.49501505484136,0.7949041312945466,0.396982356617082,0.4117214089828261,0.8548563017212147,C:\CoolYeah\sokAktif\satria-data\garbage-classification\semifinal\results\k_resolution_sweep\20260927\fetch_0754\k-resolution-sweep-v1\tac\radio_siglip2g_concat\k_15\seed_42\labels.npz,0.1483354078941122,0.5608026973145718,0.1127589834898025,2.365947507144886,1.655442914805555,0.8,,0.9399706401733988,198.666248539004,0.3129251700680273,0.005,True,0.7866666666666666,,,,,,,,,,,,,,concat_spherical_kmeans,,,,,,,,,,,
tac,radio_siglip2g_concat,16,42,9.838337816000006,16.0,,,tac::radio_siglip2g_concat::k16,16,62,457,0.127689298686784,0.2916496098041534,1.776343057560815,340.05917186953656,0.7852102499919802,0.3964136921711618,0.4113360642913714,0.8534589056429104,C:\CoolYeah\sokAktif\satria-data\garbage-classification\semifinal\results\k_resolution_sweep\20260927\fetch_0754\k-resolution-sweep-v1\tac\radio_siglip2g_concat\k_16\seed_42\labels.npz,0.151335007082458,0.5466148110592614,0.1137660411559931,2.356150625404215,1.6402393829626023,0.6875,,0.9160928078115396,195.1820738897319,0.2104591836734693,0.005,True,0.5508333333333334,,,,,,,,,,,,,,concat_spherical_kmeans,,,,,,,,,,,
tac,radio_siglip2g_concat,18,42,11.013722899,18.0,,,tac::radio_siglip2g_concat::k18,18,61,460,0.1285275216540933,0.2878454625606537,1.675548196584382,322.46412325114693,0.7763421157394254,0.3926362520210911,0.4150499242579894,0.8365984443664707,C:\CoolYeah\sokAktif\satria-data\garbage-classification\semifinal\results\k_resolution_sweep\20260927\fetch_0754\k-resolution-sweep-v1\tac\radio_siglip2g_concat\k_18\seed_42\labels.npz,0.1575220290032516,0.5229350853747647,0.1118141737426518,2.365462867457229,1.6334527914135708,0.6111111111111112,,,191.9574137787277,0.1587301587301588,0.005,True,0.5125,,,,,,,,,,,,,,concat_spherical_kmeans,,,,,,,,,,,
tac,radio_siglip2g_concat,20,42,10.960759200000004,20.0,,,tac::radio_siglip2g_concat::k20,20,49,456,0.1274098910310142,0.2546181678771972,1.868540510361796,290.03279680187995,0.759644714624714,0.3871540846210278,0.4166305699978808,0.8262421551149343,C:\CoolYeah\sokAktif\satria-data\garbage-classification\semifinal\results\k_resolution_sweep\20260927\fetch_0754\k-resolution-sweep-v1\tac\radio_siglip2g_concat\k_20\seed_42\labels.npz,0.1646098632568121,0.49462034460465,0.113277564626706,2.352163922390348,1.6266323462749,0.6,,,187.2498515955771,0.1806122448979591,0.005,True,0.425,,,,,,,,,,,,,,concat_spherical_kmeans,,,,,,,,,,,
tac,radio_siglip2g_concat,22,42,12.092390189,22.0,,,tac::radio_siglip2g_concat::k22,22,58,298,0.0832634814193909,0.2384338974952697,2.099755919619766,275.64429618641486,0.743708826646917,0.382138869333755,0.3894102842654499,0.8080896839730226,C:\CoolYeah\sokAktif\satria-data\garbage-classification\semifinal\results\k_resolution_sweep\20260927\fetch_0754\k-resolution-sweep-v1\tac\radio_siglip2g_concat\k_22\seed_42\labels.npz,0.1446812818882533,0.5323535806221404,0.1039118481155153,2.3732915783967674,1.6568124690312984,0.5454545454545454,,,185.25587863972527,0.1307977736549163,0.005,True,0.3999999999999999,,,,,,,,,,,,,,concat_spherical_kmeans,,,,,,,,,,,
tac,radio_siglip2g_concat,24,42,13.406673460999995,24.0,,,tac::radio_siglip2g_concat::k24,24,30,297,0.0829840737636211,0.2242845892906189,2.085561332705876,261.6725879065218,0.7329780178550256,0.3740588153264227,0.3958495934291102,0.7959461437838938,C:\CoolYeah\sokAktif\satria-data\garbage-classification\semifinal\results\k_resolution_sweep\20260927\fetch_0754\k-resolution-sweep-v1\tac\radio_siglip2g_concat\k_24\seed_42\labels.npz,0.1487158607150746,0.5142128454259576,0.1051078170084359,2.375218109949304,1.6570995900676917,0.5,,,185.7558244453049,0.119047619047619,0.005,True,0.3708333333333333,,,,,,,,,,,,,,concat_spherical_kmeans,,,,,,,,,,,
tac,radio_siglip2g_head,4,42,11.564583369,4.0,,,tac::radio_siglip2g_head::k4,4,794,1003,0.2802458787370774,0.0889178961515426,3.3394046016056427,219.37924479525785,0.3930263628293375,0.1256339708804983,0.2300765235145328,0.5023545158903168,C:\CoolYeah\sokAktif\satria-data\garbage-classification\semifinal\results\k_resolution_sweep\20260927\fetch_0754\k-resolution-sweep-v1\tac\radio_siglip2g_head\k_04\seed_42\labels.npz,0.0475692121910673,0.8388610973211007,0.1130168581732785,0.9753769416987612,0.3451050177703659,1.0,0.4746378674532721,,82.96151309439382,0.1632653061224489,0.005,False,,,,,,,,,,,,20.0,,,,20.0,,,,,,,,,,
tac,radio_siglip2g_head,6,42,12.870113868,6.0,,,tac::radio_siglip2g_head::k6,6,477,726,0.2028499580888516,0.1820883750915527,2.154212264353236,340.0432905192011,0.6563952838516145,0.3263487964956321,0.349581177970471,0.6931989516605638,C:\CoolYeah\sokAktif\satria-data\garbage-classification\semifinal\results\k_resolution_sweep\20260927\fetch_0754\k-resolution-sweep-v1\tac\radio_siglip2g_head\k_06\seed_42\labels.npz,0.0900758173849304,0.7512944452079677,0.1153846153846153,1.5673687619248993,0.6304885816494158,1.0,0.5330025260223449,,113.76971652397374,0.2619047619047618,0.005,False,,,,,,,,,,,,20.0,,,,30.0,,,,,,,,,,
tac,radio_siglip2g_head,8,42,9.427145777,8.0,,,tac::radio_siglip2g_head::k8,8,365,495,0.1383067896060352,0.1979653388261795,2.065975954935817,310.84590873273544,0.6352746066679632,0.3204245106571083,0.339598748673116,0.7282974823698469,C:\CoolYeah\sokAktif\satria-data\garbage-classification\semifinal\results\k_resolution_sweep\20260927\fetch_0754\k-resolution-sweep-v1\tac\radio_siglip2g_head\k_08\seed_42\labels.npz,0.0888091319111607,0.7347124512553499,0.1171287738755391,1.7502424620689376,0.9123502092742494,1.0,0.6424144721742518,,124.3406582876534,0.3494897959183674,0.005,True,0.4022727272727273,,,,,,,,,,,20.0,,,,40.0,,,,,,,,,,
tac,radio_siglip2g_head,10,42,9.819642442,10.0,,,tac::radio_siglip2g_head::k10,10,293,471,0.1316010058675607,0.2416146099567413,1.927009156062712,335.6672968653352,0.6945141343147399,0.3417586294344704,0.3632499367384063,0.7949613479454046,C:\CoolYeah\sokAktif\satria-data\garbage-classification\semifinal\results\k_resolution_sweep\20260927\fetch_0754\k-resolution-sweep-v1\tac\radio_siglip2g_head\k_10\seed_42\labels.npz,0.1074077597493598,0.6817454476175558,0.1162002735084603,1.945685492893543,1.2328495319810917,1.0,0.7519694453735727,,151.8424475328375,0.3571428571428572,0.005,True,0.5431818181818182,,,,,,,,,,,20.0,,,,50.0,,,,,,,,,,
tac,radio_siglip2g_head,12,42,11.832276703000002,12.0,,,tac::radio_siglip2g_head::k12,12,210,449,0.1254540374406258,0.2054262310266494,2.1498740968409584,306.6082863237406,0.7257056122124106,0.3326565592027048,0.3901981314360545,0.7939666253658066,C:\CoolYeah\sokAktif\satria-data\garbage-classification\semifinal\results\k_resolution_sweep\20260927\fetch_0754\k-resolution-sweep-v1\tac\radio_siglip2g_head\k_12\seed_42\labels.npz,0.1498325311665274,0.5734547189228243,0.1042789901583226,2.030930568324884,1.161725857498327,0.8333333333333334,0.7138467649794752,0.7458192895609009,160.99238174970571,0.2806122448979592,0.005,True,0.3390909090909091,,,,,,,,,,,20.0,,,,60.0,,,,,,,,,,
tac,radio_siglip2g_head,13,42,10.970654918,13.0,,,tac::radio_siglip2g_head::k13,13,207,453,0.1265716680637049,0.2903311252593994,1.51222581840013,385.0318036734549,0.7871493039683004,0.4000255660663045,0.4090504665446846,0.8641132468209785,C:\CoolYeah\sokAktif\satria-data\garbage-classification\semifinal\results\k_resolution_sweep\20260927\fetch_0754\k-resolution-sweep-v1\tac\radio_siglip2g_head\k_13\seed_42\labels.npz,0.1374096910442374,0.5933027481774449,0.1125658146900405,2.350432963703025,1.6278289979514746,0.8461538461538461,0.8434340998481319,0.802497099718325,211.23089262491868,0.2857142857142857,0.005,True,0.8372727272727273,,,,,,,,,,,20.0,,,,65.0,,,,,,,,,,
tac,radio_siglip2g_head,14,42,11.768849007,14.0,,,tac::radio_siglip2g_head::k14,14,198,300,0.0838222967309304,0.2558724880218506,1.8324577494596728,359.2037510740328,0.7725344264430443,0.3912394540131026,0.3989988097434441,0.8392008811526747,C:\CoolYeah\sokAktif\satria-data\garbage-classification\semifinal\results\k_resolution_sweep\20260927\fetch_0754\k-resolution-sweep-v1\tac\radio_siglip2g_head\k_14\seed_42\labels.npz,0.1401156396794692,0.5782521420290887,0.103304666513962,2.3406736797529013,1.6082521705412272,0.7142857142857143,0.8198814104599507,0.8793900987663898,209.28072761241177,0.1690962099125365,0.005,True,0.7909090909090909,True,2.3092082590272183,-0.010723095710079,13.947199554259925,-0.0816326530612244,-0.0563729703426361,-0.0269502469136455,-0.0183231720843307,FAIL,MULTI_RESOLUTION_ATLAS_SUPPORTED,20.0,,,,70.0,,,,,,,,,,
tac,radio_siglip2g_head,15,42,11.239706007000002,15.0,,,tac::radio_siglip2g_head::k15,15,155,297,0.0829840737636211,0.2551527023315429,1.9277231793535008,344.05094885835155,0.7692779115833199,0.3890961858066836,0.399379029095138,0.8343626363194028,C:\CoolYeah\sokAktif\satria-data\garbage-classification\semifinal\results\k_resolution_sweep\20260927\fetch_0754\k-resolution-sweep-v1\tac\radio_siglip2g_head\k_15\seed_42\labels.npz,0.142413639480174,0.5666121551932428,0.1031282300082266,2.3400897193667807,1.6265460343692648,0.7333333333333333,0.9091551078071226,0.8580153372859017,203.53630628596576,0.2326530612244898,0.005,True,0.7972727272727272,,,,,,,,,,,20.0,,,,71.0,,,,,,,,,,
tac,radio_siglip2g_head,16,42,11.675059960000006,16.0,,,tac::radio_siglip2g_head::k16,16,143,294,0.0821458507963118,0.2485414445400238,2.0787658316670488,330.6704104356757,0.7634563410927662,0.3749385604892939,0.4001048451698428,0.8298865454888791,C:\CoolYeah\sokAktif\satria-data\garbage-classification\semifinal\results\k_resolution_sweep\20260927\fetch_0754\k-resolution-sweep-v1\tac\radio_siglip2g_head\k_16\seed_42\labels.npz,0.1509625968792709,0.5396315364056059,0.1036706880665138,2.315305322783391,1.6112287895044624,0.6875,0.8416741404762303,0.8116679167377105,183.3937055326562,0.1913265306122449,0.005,True,0.59,,,,,,,,,,,20.0,,,,80.0,,,,,,,,,,
tac,radio_siglip2g_head,18,42,12.673153272000008,18.0,,,tac::radio_siglip2g_head::k18,18,138,267,0.074601844090528,0.1916631609201431,2.4031486660471355,273.6671571503597,0.7179244528898366,0.354491601838366,0.3736454296825248,0.786465688095775,C:\CoolYeah\sokAktif\satria-data\garbage-classification\semifinal\results\k_resolution_sweep\20260927\fetch_0754\k-resolution-sweep-v1\tac\radio_siglip2g_head\k_18\seed_42\labels.npz,0.1523740989410478,0.522944712688726,0.0994052483428675,2.2513544934693246,1.562409053421047,0.6111111111111112,0.7158891634885068,,194.6493840906236,0.1473922902494331,0.005,True,0.4477272727272727,,,,,,,,,,,20.0,,,,83.0,,,,,,,,,,
tac,radio_siglip2g_head,20,42,12.786832475000004,20.0,,,tac::radio_siglip2g_head::k20,20,96,262,0.0732048058116792,0.1562574803829193,2.741641700684009,262.23114418152653,0.7216391927117385,0.3652114704163187,0.389044099739309,0.7860145635541974,C:\CoolYeah\sokAktif\satria-data\garbage-classification\semifinal\results\k_resolution_sweep\20260927\fetch_0754\k-resolution-sweep-v1\tac\radio_siglip2g_head\k_20\seed_42\labels.npz,0.1444311769678503,0.5331432466120114,0.1049607986250088,2.335357380524532,1.6050977083383642,0.55,0.7419802581448809,,181.32900060059268,0.0938775510204082,0.005,True,0.3659090909090909,,,,,,,,,,,20.0,,,,94.0,,,,,,,,,,
tac,radio_siglip2g_head,22,42,13.610849111999997,22.0,,,tac::radio_siglip2g_head::k22,22,105,248,0.0692930986309024,0.1684313863515854,2.662145370383717,259.4987978092527,0.7254764549085129,0.3670030123030352,0.3714626114160314,0.7810342414848843,C:\CoolYeah\sokAktif\satria-data\garbage-classification\semifinal\results\k_resolution_sweep\20260927\fetch_0754\k-resolution-sweep-v1\tac\radio_siglip2g_head\k_22\seed_42\labels.npz,0.1466236071563656,0.5178829077837913,0.1024107643431134,2.359098402189456,1.634331218155112,0.5,0.7478706291362355,,194.09847302603205,0.0909090909090909,0.005,True,0.425,,,,,,,,,,,20.0,,,,94.0,,,,,,,,,,
tac,radio_siglip2g_head,24,42,16.175693592000002,24.0,,,tac::radio_siglip2g_head::k24,24,91,293,0.081866443140542,0.1710679680109024,2.5158085194420727,229.338250463212,0.6891083984564929,0.356688449085925,0.3807237081027281,0.7573774779475172,C:\CoolYeah\sokAktif\satria-data\garbage-classification\semifinal\results\k_resolution_sweep\20260927\fetch_0754\k-resolution-sweep-v1\tac\radio_siglip2g_head\k_24\seed_42\labels.npz,0.1338451747863239,0.54376133305805,0.1031692997947592,2.260848656883783,1.5017953888934965,0.5,0.7784817348233156,,173.68045662767443,0.0994897959183672,0.005,True,0.4613636363636364,,,,,,,,,,,20.0,,,,93.0,,,,,,,,,,
tac,radio_siglip2g_initial,4,42,7.911135653,4.0,,,tac::radio_siglip2g_initial::k4,4,496,1390,0.3883766415199776,0.1577147543430328,2.2776629943749884,382.3650820239347,0.4875283786513085,0.2267826912207252,0.3617493542533639,0.5734329472385469,C:\CoolYeah\sokAktif\satria-data\garbage-classification\semifinal\results\k_resolution_sweep\20260927\fetch_0754\k-resolution-sweep-v1\tac\radio_siglip2g_initial\k_04\seed_42\labels.npz,0.1485878808294639,0.6988958056578496,0.1117389934630227,1.1709466850534436,0.5286485363431869,1.0,,,87.19594003695896,0.1938775510204081,0.005,False,,,,,,,,,,,,,,,initial_image_spherical_kmeans,,,,,,,,,,,
tac,radio_siglip2g_initial,6,42,8.971692384,6.0,,,tac::radio_siglip2g_initial::k6,6,374,779,0.2176585638446493,0.1957400292158126,2.0604120796287417,373.7165773302999,0.6550102023638104,0.3505161793197749,0.3920503654080425,0.7415440148395751,C:\CoolYeah\sokAktif\satria-data\garbage-classification\semifinal\results\k_resolution_sweep\20260927\fetch_0754\k-resolution-sweep-v1\tac\radio_siglip2g_initial\k_06\seed_42\labels.npz,0.1170626101296953,0.706651664076401,0.1116186847578873,1.5373111985588446,0.7027900271590244,1.0,,,121.55048177091147,0.2312925170068026,0.005,True,0.3708333333333333,,,,,,,,,,,,,,initial_image_spherical_kmeans,,,,,,,,,,,
tac,radio_siglip2g_initial,8,42,6.106081273999997,8.0,,,tac::radio_siglip2g_initial::k8,8,236,848,0.2369376920927633,0.2233452349901199,1.8728981979275927,357.3979199091171,0.6857591097937835,0.3471557417031047,0.4406532867194769,0.7782145237891172,C:\CoolYeah\sokAktif\satria-data\garbage-classification\semifinal\results\k_resolution_sweep\20260927\fetch_0754\k-resolution-sweep-v1\tac\radio_siglip2g_initial\k_08\seed_42\labels.npz,0.1675260108817822,0.5909183720817366,0.111471134468724,1.7993258185545205,0.8702313167218158,1.0,,,136.5670558587862,0.3571428571428571,0.005,True,0.4416666666666667,,,,,,,,,,,,,,initial_image_spherical_kmeans,,,,,,,,,,,
tac,radio_siglip2g_initial,10,42,6.902445165999996,10.0,,,tac::radio_siglip2g_initial::k10,10,228,782,0.2184967868119586,0.2643742263317108,1.5924986455936194,373.4813188964004,0.7424407057701101,0.3927760766744513,0.4421009295699318,0.8317457601826916,C:\CoolYeah\sokAktif\satria-data\garbage-classification\semifinal\results\k_resolution_sweep\20260927\fetch_0754\k-resolution-sweep-v1\tac\radio_siglip2g_initial\k_10\seed_42\labels.npz,0.1547078430150621,0.5902633751099243,0.1118923816276687,2.159574525520834,1.442224981399114,1.0,,,184.9681762965049,0.3918367346938776,0.005,True,0.5916666666666667,,,,,,,,,,,,,,initial_image_spherical_kmeans,,,,,,,,,,,
tac,radio_siglip2g_initial,12,42,7.863721993999999,12.0,,,tac::radio_siglip2g_initial::k12,12,227,450,0.1257334450963956,0.296339601278305,1.5059547537323976,405.7968309352849,0.750776697739327,0.3917012208440498,0.4452323577643955,0.8909578111535327,C:\CoolYeah\sokAktif\satria-data\garbage-classification\semifinal\results\k_resolution_sweep\20260927\fetch_0754\k-resolution-sweep-v1\tac\radio_siglip2g_initial\k_12\seed_42\labels.npz,0.1753540476450977,0.5167537490812052,0.109596359319351,2.235870867226503,1.5268837604385477,0.9166666666666666,,0.8719904750311733,177.1487995025063,0.3707482993197277,0.005,True,0.4675,,,,,,,,,,,,,,initial_image_spherical_kmeans,,,,,,,,,,,
tac,radio_siglip2g_initial,13,42,7.928020998000001,13.0,,,tac::radio_siglip2g_initial::k13,13,219,445,0.1243364068175468,0.300453245639801,1.6092686628413686,397.5911819951651,0.7581463005758617,0.3934416786697046,0.4379852127787101,0.8722964030475036,C:\CoolYeah\sokAktif\satria-data\garbage-classification\semifinal\results\k_resolution_sweep\20260927\fetch_0754\k-resolution-sweep-v1\tac\radio_siglip2g_initial\k_13\seed_42\labels.npz,0.1644337637910165,0.5316767226789871,0.1119334686244081,2.2855084593667767,1.555315096756705,0.8461538461538461,,0.8879507658302085,188.49003081807805,0.2888540031397173,0.005,True,0.6658333333333334,,,,,,,,,,,,,,initial_image_spherical_kmeans,,,,,,,,,,,
tac,radio_siglip2g_initial,14,42,8.441951311000004,14.0,,,tac::radio_siglip2g_initial::k14,14,173,436,0.1218217379156188,0.3049161434173584,1.725127870801962,388.9469254275982,0.7631035622635004,0.4002619431722036,0.4381241933170514,0.8689565939941195,C:\CoolYeah\sokAktif\satria-data\garbage-classification\semifinal\results\k_resolution_sweep\20260927\fetch_0754\k-resolution-sweep-v1\tac\radio_siglip2g_initial\k_14\seed_42\labels.npz,0.1663365054448146,0.5193186839700311,0.1112109234638878,2.2937001098997603,1.5690861265314262,0.8571428571428571,,0.8918301390160577,193.3662755975492,0.3104956268221573,0.005,False,0.7875000000000001,True,2.276437987645234,-0.0434933670920631,-1.967252460602652,0.0597667638483964,-0.0073293149471282,-0.0363811110931894,0.0078976936810146,FAIL,MULTI_RESOLUTION_ATLAS_SUPPORTED,,,,initial_image_spherical_kmeans,,,,,,,,,,,
tac,radio_siglip2g_initial,15,42,7.975106079999996,15.0,,,tac::radio_siglip2g_initial::k15,15,89,436,0.1218217379156188,0.3006369471549988,1.696896054171674,371.2258635571129,0.7656626983527323,0.3881398474767421,0.4530187853833411,0.8663607058256788,C:\CoolYeah\sokAktif\satria-data\garbage-classification\semifinal\results\k_resolution_sweep\20260927\fetch_0754\k-resolution-sweep-v1\tac\radio_siglip2g_initial\k_15\seed_42\labels.npz,0.1836462608174636,0.4736371256785297,0.1100570769444941,2.323869948198623,1.6736081932203235,0.8,,0.8849486705676315,200.5986795401744,0.310204081632653,0.005,True,0.6733333333333333,,,,,,,,,,,,,,initial_image_spherical_kmeans,,,,,,,,,,,
tac,radio_siglip2g_initial,16,42,8.152081976000005,16.0,,,tac::radio_siglip2g_initial::k16,16,106,425,0.1187482537021514,0.3005461096763611,1.730186784992361,356.5655489668479,0.7517321931781711,0.3863899590495713,0.4509802986769175,0.8483619934773409,C:\CoolYeah\sokAktif\satria-data\garbage-classification\semifinal\results\k_resolution_sweep\20260927\fetch_0754\k-resolution-sweep-v1\tac\radio_siglip2g_initial\k_16\seed_42\labels.npz,0.1847939974940577,0.4632599307502619,0.1086743371685843,2.303730974719657,1.645064575032969,0.75,,0.8843364079274021,188.50906390148347,0.2869897959183674,0.005,True,0.5516666666666666,,,,,,,,,,,,,,initial_image_spherical_kmeans,,,,,,,,,,,
tac,radio_siglip2g_initial,18,42,9.147737485999995,18.0,,,tac::radio_siglip2g_initial::k18,18,96,336,0.093880972338642,0.2623642683029175,2.029876319590132,334.26126954241374,0.7398093432629216,0.3817858478765068,0.4394583269400784,0.830230692118695,C:\CoolYeah\sokAktif\satria-data\garbage-classification\semifinal\results\k_resolution_sweep\20260927\fetch_0754\k-resolution-sweep-v1\tac\radio_siglip2g_initial\k_18\seed_42\labels.npz,0.1747372670018697,0.4723292223323504,0.1016317211621038,2.3248873689248595,1.6495865661693572,0.6666666666666666,,,186.19283988681428,0.2142857142857142,0.005,True,0.4583333333333333,,,,,,,,,,,,,,initial_image_spherical_kmeans,,,,,,,,,,,
tac,radio_siglip2g_initial,20,42,9.143298879999996,20.0,,,tac::radio_siglip2g_initial::k20,20,51,424,0.1184688460463816,0.2902456820011139,1.6543446695785426,321.2458745743615,0.7326319745709501,0.3837515160586939,0.4325202700408271,0.8215389710948634,C:\CoolYeah\sokAktif\satria-data\garbage-classification\semifinal\results\k_resolution_sweep\20260927\fetch_0754\k-resolution-sweep-v1\tac\radio_siglip2g_initial\k_20\seed_42\labels.npz,0.1823752986550712,0.4458964632496192,0.1092656450855965,2.2794567009662576,1.5633051823340638,0.6,,,186.7401616819868,0.1887755102040815,0.005,True,0.4708333333333334,,,,,,,,,,,,,,initial_image_spherical_kmeans,,,,,,,,,,,
tac,radio_siglip2g_initial,22,42,10.180735129999988,22.0,,,tac::radio_siglip2g_initial::k22,22,49,286,0.0799105895501536,0.2420489937067031,2.003439487399987,299.8395474894834,0.7310669656000068,0.3845498463968816,0.4269247963051938,0.8073844932799805,C:\CoolYeah\sokAktif\satria-data\garbage-classification\semifinal\results\k_resolution_sweep\20260927\fetch_0754\k-resolution-sweep-v1\tac\radio_siglip2g_initial\k_22\seed_42\labels.npz,0.1734043815039831,0.4516165740542474,0.1015946886407787,2.3295330445038336,1.6230446744578015,0.5454545454545454,,,172.59361367499903,0.1632653061224489,0.005,True,0.3583333333333333,,,,,,,,,,,,,,initial_image_spherical_kmeans,,,,,,,,,,,
tac,radio_siglip2g_initial,24,42,10.866911192000003,24.0,,,tac::radio_siglip2g_initial::k24,24,43,325,0.0908074881251746,0.2224887758493423,2.0072499511670547,283.80651216361593,0.7222069045372553,0.387423102344785,0.4232365913987563,0.8034653405396531,C:\CoolYeah\sokAktif\satria-data\garbage-classification\semifinal\results\k_resolution_sweep\20260927\fetch_0754\k-resolution-sweep-v1\tac\radio_siglip2g_initial\k_24\seed_42\labels.npz,0.1686250561426632,0.4582410439224519,0.1030187384760516,2.3251479721229216,1.6162707550411086,0.5,,,210.8421151461133,0.1275510204081631,0.005,True,0.5625,,,,,,,,,,,,,,initial_image_spherical_kmeans,,,,,,,,,,,
tac,siglip2_concat,4,42,8.598279752,4.0,,,tac::siglip2_concat::k4,4,530,1512,0.4224643755238894,0.122999258339405,2.6513021709466527,305.4484014423616,0.4113144851698171,0.2108078193863984,0.3334407057857491,0.4792544285430593,C:\CoolYeah\sokAktif\satria-data\garbage-classification\semifinal\results\k_resolution_sweep\20260927\fetch_0754\k-resolution-sweep-v1\tac\siglip2_concat\k_04\seed_42\labels.npz,0.1387900853671809,0.715305965831154,0.117486972848674,0.9961991794084696,0.3505517872694185,1.0,,,82.94619729193263,0.1122448979591836,0.005,False,,,,,,,,,,,,,,,concat_spherical_kmeans,,,,,,,,,,,
tac,siglip2_concat,6,42,10.117420375000002,6.0,,,tac::siglip2_concat::k6,6,314,905,0.2528639284716401,0.1575106680393219,2.26331591808628,293.64422609752035,0.5124353669610394,0.215333359403966,0.3042665766813953,0.5963460573261793,C:\CoolYeah\sokAktif\satria-data\garbage-classification\semifinal\results\k_resolution_sweep\20260927\fetch_0754\k-resolution-sweep-v1\tac\siglip2_concat\k_06\seed_42\labels.npz,0.1038962817905488,0.7303859507344158,0.1156179580516554,1.433843652673792,0.6003176057328722,1.0,,,113.58052188853368,0.2278911564625849,0.005,True,0.3708333333333333,,,,,,,,,,,,,,concat_spherical_kmeans,,,,,,,,,,,
tac,siglip2_concat,8,42,6.745608792000002,8.0,,,tac::siglip2_concat::k8,8,258,623,0.1740709695445655,0.2050917148590088,1.95181732506339,330.0483698473179,0.7109620370787895,0.335614692605038,0.4316830101746633,0.7423013634559771,C:\CoolYeah\sokAktif\satria-data\garbage-classification\semifinal\results\k_resolution_sweep\20260927\fetch_0754\k-resolution-sweep-v1\tac\siglip2_concat\k_08\seed_42\labels.npz,0.1440148666228567,0.6310677943640921,0.1104530404919078,1.8720101277966112,0.8997512276394469,1.0,,,124.37056567220242,0.4183673469387755,0.005,True,0.4916666666666667,,,,,,,,,,,,,,concat_spherical_kmeans,,,,,,,,,,,
tac,siglip2_concat,10,42,7.882147336999999,10.0,,,tac::siglip2_concat::k10,10,240,593,0.1656887398714724,0.2565142512321472,1.6561668479463798,372.4119699153061,0.7603974155425043,0.395339917419314,0.4402602495380689,0.8345574348078968,C:\CoolYeah\sokAktif\satria-data\garbage-classification\semifinal\results\k_resolution_sweep\20260927\fetch_0754\k-resolution-sweep-v1\tac\siglip2_concat\k_10\seed_42\labels.npz,0.1456716953707405,0.6048431658689126,0.1110227611569426,2.0432822024499147,1.2340790453520725,0.9,,0.9228706834316714,156.66637044413665,0.2897959183673469,0.005,True,0.4641666666666666,,,,,,,,,,,,,,concat_spherical_kmeans,,,,,,,,,,,
tac,siglip2_concat,11,42,10.499015712,11.0,,,tac::siglip2_concat::k11,11,241,593,0.1656887398714724,0.2784956395626068,1.5569522734599517,387.2686151364264,0.7876977061393091,0.3952139607529742,0.427331146966328,0.8555887751090672,C:\CoolYeah\sokAktif\satria-data\garbage-classification\semifinal\results\k_resolution_sweep\20260927\fetch_0754\k-resolution-sweep-v1\tac\siglip2_concat\k_11\seed_42\labels.npz,0.1400372919142668,0.606679000099204,0.1112107087367037,2.23709266796629,1.509282386945792,0.9090909090909092,,0.9157112351428008,176.47217633133803,0.339517625231911,0.005,True,0.5175000000000001,,,,,,,,,,,,,,concat_spherical_kmeans,,,,,,,,,,,
tac,siglip2_concat,12,42,10.922247545,12.0,,,tac::siglip2_concat::k12,12,240,471,0.1316010058675607,0.2924133241176605,1.5099061966345373,397.27929464745296,0.8032988094804462,0.4004165263765423,0.4382314964188391,0.8752223725682401,C:\CoolYeah\sokAktif\satria-data\garbage-classification\semifinal\results\k_resolution_sweep\20260927\fetch_0754\k-resolution-sweep-v1\tac\siglip2_concat\k_12\seed_42\labels.npz,0.1644288419547147,0.5407536898256995,0.1092455429335782,2.308009133904498,1.5811279240051572,0.8333333333333334,,0.926820043128744,207.0134608754801,0.2891156462585035,0.005,False,0.6649999999999999,True,2.2679887204279656,-0.0519426343093316,11.679932817328222,0.0383867832847425,-0.0198321342468261,0.0038141361237563,0.0059900301909147,FAIL,MULTI_RESOLUTION_ATLAS_SUPPORTED,,,,concat_spherical_kmeans,,,,,,,,,,,
tac,siglip2_concat,13,42,8.359633601999999,13.0,,,tac::siglip2_concat::k13,13,151,471,0.1316010058675607,0.2988479435443878,1.4157124549701523,392.76459803359313,0.8223403379794809,0.3996510061429529,0.4374097891622271,0.8680563270383647,C:\CoolYeah\sokAktif\satria-data\garbage-classification\semifinal\results\k_resolution_sweep\20260927\fetch_0754\k-resolution-sweep-v1\tac\siglip2_concat\k_13\seed_42\labels.npz,0.1664721359048855,0.5279383447770275,0.1093821692900034,2.3830240063741908,1.696086509596139,0.8461538461538461,,0.9499328123395764,201.06561455735977,0.326530612244898,0.005,True,0.6866666666666666,,,,,,,,,,,,,,concat_spherical_kmeans,,,,,,,,,,,
tac,siglip2_concat,14,42,8.650971089000002,14.0,,,tac::siglip2_concat::k14,14,113,470,0.131321598211791,0.2991172969341278,1.4221332231881771,379.3783089244647,0.8105435641888962,0.3933235468012743,0.4324234489051642,0.8586821445612134,C:\CoolYeah\sokAktif\satria-data\garbage-classification\semifinal\results\k_resolution_sweep\20260927\fetch_0754\k-resolution-sweep-v1\tac\siglip2_concat\k_14\seed_42\labels.npz,0.1634646474030386,0.5283923734209099,0.1095497159376066,2.379246638186919,1.673159380603949,0.7857142857142857,,0.9528213481951724,200.73156062608,0.2871720116618075,0.005,True,0.6875,,,,,,,,,,,,,,concat_spherical_kmeans,,,,,,,,,,,
tac,siglip2_concat,16,42,8.118956282,16.0,,,tac::siglip2_concat::k16,16,67,469,0.1310421905560212,0.2886057198047638,1.7819046727659078,341.822794479629,0.7897972737358325,0.38810192048224,0.4180785818066438,0.8390261965720783,C:\CoolYeah\sokAktif\satria-data\garbage-classification\semifinal\results\k_resolution_sweep\20260927\fetch_0754\k-resolution-sweep-v1\tac\siglip2_concat\k_16\seed_42\labels.npz,0.1584703093224012,0.5299704882376944,0.1103729675421869,2.3706189366351564,1.6526640838469564,0.6875,,,212.21278495520264,0.221938775510204,0.005,True,0.6416666666666666,,,,,,,,,,,,,,concat_spherical_kmeans,,,,,,,,,,,
tac,siglip2_concat,18,42,9.380642791000009,18.0,,,tac::siglip2_concat::k18,18,79,456,0.1274098910310142,0.2813855707645416,1.77832510850184,328.054044577095,0.7867084579736474,0.3939573298834362,0.4288356003300146,0.8330650653205015,C:\CoolYeah\sokAktif\satria-data\garbage-classification\semifinal\results\k_resolution_sweep\20260927\fetch_0754\k-resolution-sweep-v1\tac\siglip2_concat\k_18\seed_42\labels.npz,0.1645886238561943,0.5025881346482586,0.1104655920137468,2.3795032103523326,1.6650431996685529,0.6666666666666666,,,216.88805332628323,0.2335600907029478,0.005,True,0.6499999999999999,,,,,,,,,,,,,,concat_spherical_kmeans,,,,,,,,,,,
tac,siglip2_concat,20,42,9.042775405,20.0,,,tac::siglip2_concat::k20,20,37,457,0.127689298686784,0.2704775333404541,1.7807658577694396,305.2413435884598,0.786807679444104,0.3936271964461578,0.4321785149694733,0.8288055239442493,C:\CoolYeah\sokAktif\satria-data\garbage-classification\semifinal\results\k_resolution_sweep\20260927\fetch_0754\k-resolution-sweep-v1\tac\siglip2_concat\k_20\seed_42\labels.npz,0.180225924155177,0.4568825046644821,0.1078846623768021,2.369189184549368,1.649554083761339,0.6,,,196.788324509835,0.1877551020408162,0.005,True,0.4208333333333333,,,,,,,,,,,,,,concat_spherical_kmeans,,,,,,,,,,,
tac,siglip2_concat,22,42,10.224478341000008,22.0,,,tac::siglip2_concat::k22,22,39,317,0.0885722268790164,0.1886978149414062,2.362333959393325,270.2827786623938,0.7481378743617609,0.3739937473214565,0.412237612989247,0.7930150210567951,C:\CoolYeah\sokAktif\satria-data\garbage-classification\semifinal\results\k_resolution_sweep\20260927\fetch_0754\k-resolution-sweep-v1\tac\siglip2_concat\k_22\seed_42\labels.npz,0.1718810909112147,0.4573959406372521,0.0990440785979819,2.370178728987632,1.6359888294216771,0.5454545454545454,,,185.7797194620788,0.1437847866419294,0.005,True,0.3583333333333333,,,,,,,,,,,,,,concat_spherical_kmeans,,,,,,,,,,,
tac,siglip2_concat,24,42,9.916417072000009,24.0,,,tac::siglip2_concat::k24,24,34,315,0.0880134115674769,0.193584144115448,2.279744963846837,265.8063267031083,0.7443138194679217,0.3760558385969662,0.4052150826154943,0.7924741635015539,C:\CoolYeah\sokAktif\satria-data\garbage-classification\semifinal\results\k_resolution_sweep\20260927\fetch_0754\k-resolution-sweep-v1\tac\siglip2_concat\k_24\seed_42\labels.npz,0.162941462693485,0.4717768719094122,0.1021776656486522,2.3733113144206146,1.638681527513404,0.5,,,197.0475470083219,0.1267006802721088,0.005,True,0.4458333333333334,,,,,,,,,,,,,,concat_spherical_kmeans,,,,,,,,,,,
tac,siglip2_head,4,42,9.251364969,4.0,,,tac::siglip2_head::k4,4,771,1059,0.2958927074601844,0.0978526026010513,3.134750298822148,236.2541202421156,0.3860566500014781,0.1422365520129669,0.2174862474848907,0.4933033626850397,C:\CoolYeah\sokAktif\satria-data\garbage-classification\semifinal\results\k_resolution_sweep\20260927\fetch_0754\k-resolution-sweep-v1\tac\siglip2_head\k_04\seed_42\labels.npz,0.0581591162912907,0.8236240537428472,0.1180937306153879,0.9264823234291109,0.2648791862486727,1.0,0.5735955724477643,,77.9469286532474,0.0714285714285714,0.005,False,,,,,,,,,,,,20.0,,,,20.0,,,,,,,,,,
tac,siglip2_head,6,42,12.061159905,6.0,,,tac::siglip2_head::k6,6,516,762,0.2129086336965633,0.1388602554798126,2.783898886085641,242.30239461866603,0.5696884015327419,0.2286155367183943,0.2704003291834587,0.5694879688105466,C:\CoolYeah\sokAktif\satria-data\garbage-classification\semifinal\results\k_resolution_sweep\20260927\fetch_0754\k-resolution-sweep-v1\tac\siglip2_head\k_06\seed_42\labels.npz,0.0575564871973826,0.8077903188283792,0.1146868109075824,1.518457220832407,0.9007793179634864,1.0,0.5354302321506063,,110.09519486979468,0.238095238095238,0.005,False,,,,,,,,,,,,20.0,,,,28.0,,,,,,,,,,
tac,siglip2_head,8,42,7.889229046,8.0,,,tac::siglip2_head::k8,8,330,494,0.1380273819502654,0.1736003458499908,2.349580208970297,253.5829016148301,0.6517056771173723,0.2743415181243758,0.2756109694684212,0.6774486209298681,C:\CoolYeah\sokAktif\satria-data\garbage-classification\semifinal\results\k_resolution_sweep\20260927\fetch_0754\k-resolution-sweep-v1\tac\siglip2_head\k_08\seed_42\labels.npz,0.0617550045444782,0.7875380727431281,0.1119313561860743,1.7950764084102122,1.008786307812803,1.0,0.5738591806099514,,137.61207625372296,0.2729591836734694,0.005,False,,,,,,,,,,,,20.0,,,,40.0,,,,,,,,,,
tac,siglip2_head,10,42,9.446282771999996,10.0,,,tac::siglip2_head::k10,10,294,454,0.1268510757194747,0.2232383787631988,1.959103910374176,311.1441637620198,0.7066765860285599,0.3497097458862613,0.4179703760811022,0.7667230120003787,C:\CoolYeah\sokAktif\satria-data\garbage-classification\semifinal\results\k_resolution_sweep\20260927\fetch_0754\k-resolution-sweep-v1\tac\siglip2_head\k_10\seed_42\labels.npz,0.1459814537894085,0.6001664505481865,0.1099941578194564,1.8424743874158296,1.1183999194033687,0.8,0.6374785622247967,0.7124557155334049,133.74558307167837,0.2142857142857143,0.005,True,0.335,,,,,,,,,,,20.0,,,,50.0,,,,,,,,,,
tac,siglip2_head,11,42,12.498494069,11.0,,,tac::siglip2_head::k11,11,266,413,0.1153953618329142,0.2528530657291412,1.6761032803662133,353.4767336231116,0.7542183431956836,0.3755300345400371,0.4298278061146752,0.8301254101631216,C:\CoolYeah\sokAktif\satria-data\garbage-classification\semifinal\results\k_resolution_sweep\20260927\fetch_0754\k-resolution-sweep-v1\tac\siglip2_head\k_11\seed_42\labels.npz,0.1557083781610635,0.5688238580406195,0.106850973665624,2.1357144991773307,1.398334031640967,0.8181818181818182,0.7935797728059025,0.6989232150440603,175.67088171817687,0.2226345083487941,0.005,True,0.4599999999999999,,,,,,,,,,,20.0,,,,55.0,,,,,,,,,,
tac,siglip2_head,12,42,12.327117505,12.0,,,tac::siglip2_head::k12,12,241,409,0.1142777312098351,0.2542046308517456,1.6857807493869084,333.921615618167,0.7628197757124509,0.3606004338189129,0.3718675378107643,0.7966649621294511,C:\CoolYeah\sokAktif\satria-data\garbage-classification\semifinal\results\k_resolution_sweep\20260927\fetch_0754\k-resolution-sweep-v1\tac\siglip2_head\k_12\seed_42\labels.npz,0.1090336484463135,0.6641088077375055,0.1113092153000932,2.2668482244730863,1.5544348213218984,0.8333333333333334,0.7610264044429521,0.7837321108956135,191.1378393105799,0.2636054421768707,0.005,True,0.705,True,2.3266950794293857,0.0067637246920884,-4.19568874757195,0.0128765792031098,-0.058040827512741,-0.0366648976442389,-0.0494051633174864,FAIL,MULTI_RESOLUTION_ATLAS_SUPPORTED,20.0,,,,60.0,,,,,,,,,,
tac,siglip2_head,13,42,10.213829291,13.0,,,tac::siglip2_head::k13,13,228,406,0.1134395082425258,0.2852970361709595,1.5904583078557255,370.5820768715031,0.7899923064598567,0.3961137619172616,0.4221400508235086,0.8394618459744353,C:\CoolYeah\sokAktif\satria-data\garbage-classification\semifinal\results\k_resolution_sweep\20260927\fetch_0754\k-resolution-sweep-v1\tac\siglip2_head\k_13\seed_42\labels.npz,0.1490397535300275,0.5657547359929568,0.1080077887306803,2.313615928501615,1.5804459316149608,0.7692307692307693,0.8485469918985679,0.8440983637360615,201.2115250457055,0.2103610675039247,0.005,True,0.8500000000000001,,,,,,,,,,,20.0,,,,65.0,,,,,,,,,,
tac,siglip2_head,14,42,10.326390445,14.0,,,tac::siglip2_head::k14,14,164,304,0.0849399273540095,0.2532267570495605,1.829104983008872,349.038171110069,0.7929543101723038,0.3815701005530802,0.4116747164510653,0.8374231181105823,C:\CoolYeah\sokAktif\satria-data\garbage-classification\semifinal\results\k_resolution_sweep\20260927\fetch_0754\k-resolution-sweep-v1\tac\siglip2_head\k_14\seed_42\labels.npz,0.1598196803767431,0.5322673982849977,0.0963383757792387,2.3402243997838186,1.6376990932231177,0.7857142857142857,0.9518370408764344,0.8329513335706277,182.39303271390364,0.282798833819242,0.005,True,0.72,,,,,,,,,,,20.0,,,,69.0,,,,,,,,,,
tac,siglip2_head,16,42,9.256905367000002,16.0,,,tac::siglip2_head::k16,16,136,290,0.0810282201732327,0.2293636947870254,2.209418568651604,309.8954813709475,0.763117541351232,0.3777330274120475,0.4105337806882038,0.8075045949296693,C:\CoolYeah\sokAktif\satria-data\garbage-classification\semifinal\results\k_resolution_sweep\20260927\fetch_0754\k-resolution-sweep-v1\tac\siglip2_head\k_16\seed_42\labels.npz,0.1495385435512203,0.5432743598546633,0.0922568188375241,2.332583363327976,1.6293410167377,0.6875,0.7987005651553517,,202.27950786947852,0.1900510204081632,0.005,True,0.7,,,,,,,,,,,20.0,,,,80.0,,,,,,,,,,
tac,siglip2_head,18,42,10.863304540000009,18.0,,,tac::siglip2_head::k18,18,141,254,0.0709695445655211,0.1832826882600784,2.8102893091429606,274.9612138411507,0.7475521760822414,0.3618892638135066,0.4051191102554755,0.7909115914837108,C:\CoolYeah\sokAktif\satria-data\garbage-classification\semifinal\results\k_resolution_sweep\20260927\fetch_0754\k-resolution-sweep-v1\tac\siglip2_head\k_18\seed_42\labels.npz,0.167964025028676,0.4835503108060263,0.0895504852315717,2.295358037192517,1.5929488044905575,0.6111111111111112,0.7574695158038541,,172.3377529889036,0.1802721088435374,0.005,True,0.305,,,,,,,,,,,20.0,,,,86.0,,,,,,,,,,
tac,siglip2_head,20,42,10.267324321000004,20.0,,,tac::siglip2_head::k20,20,126,254,0.0709695445655211,0.1635204404592514,2.6769269869335264,255.778578701478,0.7261451429683945,0.3664953472255458,0.3982424101874429,0.7709913272190094,C:\CoolYeah\sokAktif\satria-data\garbage-classification\semifinal\results\k_resolution_sweep\20260927\fetch_0754\k-resolution-sweep-v1\tac\siglip2_head\k_20\seed_42\labels.npz,0.1551556416045019,0.5045759738599438,0.099174539555301,2.2958752670312066,1.5673389537569598,0.6,0.7174588986564557,,187.71148497627303,0.1785714285714286,0.005,True,0.41,,,,,,,,,,,20.0,,,,89.0,,,,,,,,,,
tac,siglip2_head,22,42,11.662501532000007,22.0,,,tac::siglip2_head::k22,22,104,232,0.0648225761385861,0.1539042592048645,2.624807451464528,248.1565618985488,0.7299150964199609,0.3500416329678462,0.3898982071718859,0.760922228605899,C:\CoolYeah\sokAktif\satria-data\garbage-classification\semifinal\results\k_resolution_sweep\20260927\fetch_0754\k-resolution-sweep-v1\tac\siglip2_head\k_22\seed_42\labels.npz,0.1443123958181643,0.5225779077322678,0.0929902656165924,2.3465308801992606,1.5838583473321213,0.5,0.7689028355999542,,196.2177077837017,0.0964749536178106,0.005,True,0.545,,,,,,,,,,,20.0,,,,90.0,,,,,,,,,,
tac,siglip2_head,24,42,11.151389633,24.0,,,tac::siglip2_head::k24,24,88,238,0.0664990220732048,0.1428836286067962,2.855602740305273,241.3526004157534,0.7310418795092436,0.3557275827152019,0.3851241642614052,0.7666014878137181,C:\CoolYeah\sokAktif\satria-data\garbage-classification\semifinal\results\k_resolution_sweep\20260927\fetch_0754\k-resolution-sweep-v1\tac\siglip2_head\k_24\seed_42\labels.npz,0.1417988491435194,0.5204678220797849,0.0925598865699858,2.3700981457894925,1.625166407399885,0.4583333333333333,0.8157963059674649,,177.17101488676246,0.0731292517006802,0.005,True,0.4700000000000001,,,,,,,,,,,20.0,,,,89.0,,,,,,,,,,
tac,siglip2_initial,4,42,7.592429598999999,4.0,,,tac::siglip2_initial::k4,4,497,1388,0.3878178262084381,0.1316175162792205,2.596197201204616,324.7825472982745,0.4187253940090772,0.2314289375788834,0.3353759264275476,0.5088390166789875,C:\CoolYeah\sokAktif\satria-data\garbage-classification\semifinal\results\k_resolution_sweep\20260927\fetch_0754\k-resolution-sweep-v1\tac\siglip2_initial\k_04\seed_42\labels.npz,0.2350583818368054,0.5768511397218955,0.1033423739629866,0.842084939968123,0.2699252831333008,1.0,,,56.96293972028484,0.2653061224489795,,False,,,,,,,,,,,,,,,initial_image_spherical_kmeans,,,,,,,,,,,
tac,siglip2_initial,6,42,7.890358512,6.0,,,tac::siglip2_initial::k6,6,427,760,0.2123498183850237,0.1549979597330093,2.53613786843064,305.52694207844485,0.5090056850723134,0.2618101056486238,0.3846165876377848,0.5908429299304747,C:\CoolYeah\sokAktif\satria-data\garbage-classification\semifinal\results\k_resolution_sweep\20260927\fetch_0754\k-resolution-sweep-v1\tac\siglip2_initial\k_06\seed_42\labels.npz,0.2108447117896694,0.5434023483313437,0.1067362428842504,1.1861289147725815,0.4031487052485276,1.0,,,86.61412309171746,0.3741496598639456,,False,,,,,,,,,,,,,,,initial_image_spherical_kmeans,,,,,,,,,,,
tac,siglip2_initial,8,42,5.564942178000003,8.0,,,tac::siglip2_initial::k8,8,223,769,0.2148644872869516,0.193419799208641,2.1343916530473463,312.92444457849547,0.6268501822276273,0.2887080471562458,0.4135648277782408,0.6895246972430535,C:\CoolYeah\sokAktif\satria-data\garbage-classification\semifinal\results\k_resolution_sweep\20260927\fetch_0754\k-resolution-sweep-v1\tac\siglip2_initial\k_08\seed_42\labels.npz,0.2004573476486976,0.5284187419994921,0.1036433810899832,1.720309931960776,0.9894006165354968,1.0,,,132.7809869018017,0.423469387755102,,False,,,,,,,,,,,,,,,initial_image_spherical_kmeans,,,,,,,,,,,
tac,siglip2_initial,10,42,6.115264425,10.0,,,tac::siglip2_initial::k10,10,223,484,0.1352333053925677,0.2266004383563995,1.811791041031477,340.904744155508,0.6966663327100738,0.3741668062840484,0.4724918554297147,0.7683121536831121,C:\CoolYeah\sokAktif\satria-data\garbage-classification\semifinal\results\k_resolution_sweep\20260927\fetch_0754\k-resolution-sweep-v1\tac\siglip2_initial\k_10\seed_42\labels.npz,0.2257755118892806,0.4369511560541532,0.1031513448414291,1.9822250525023424,1.1524495169349676,0.9,,0.9202642581870826,158.22510160657848,0.3571428571428572,,False,,,,,,,,,,,,,,,initial_image_spherical_kmeans,,,,,,,,,,,
tac,siglip2_initial,11,42,8.76421742,11.0,,,tac::siglip2_initial::k11,11,224,473,0.1321598211791003,0.251639723777771,1.7224407045623038,356.2357635328019,0.724316391110241,0.3817532124830978,0.4631173361804236,0.7958204980711526,C:\CoolYeah\sokAktif\satria-data\garbage-classification\semifinal\results\k_resolution_sweep\20260927\fetch_0754\k-resolution-sweep-v1\tac\siglip2_initial\k_11\seed_42\labels.npz,0.2189041158818529,0.4365100193150804,0.1031766710091191,2.1274966397625867,1.442331170945835,0.9090909090909092,,0.9093342613529456,178.70602209049812,0.3970315398886828,,False,,,,,,,,,,,,,,,initial_image_spherical_kmeans,,,,,,,,,,,
tac,siglip2_initial,12,42,9.378254879,12.0,,,tac::siglip2_initial::k12,12,217,467,0.1304833752444817,0.2764099538326263,1.5764042127347138,377.1197843454327,0.7216757178915544,0.3821591089113314,0.4548262613046006,0.8263374889488699,C:\CoolYeah\sokAktif\satria-data\garbage-classification\semifinal\results\k_resolution_sweep\20260927\fetch_0754\k-resolution-sweep-v1\tac\siglip2_initial\k_12\seed_42\labels.npz,0.2062835251583971,0.4501040475070142,0.1027463455885314,2.154389977846508,1.4583945666887668,0.8333333333333334,,0.91227673607036,167.9150863955873,0.3350340136054422,,False,,,,,,,,,,,,,,,initial_image_spherical_kmeans,,,,,,,,,,,
tac,siglip2_initial,13,42,6.319308691,13.0,,,tac::siglip2_initial::k13,13,160,465,0.1299245599329421,0.2743101119995117,1.578464743244416,365.3069640335934,0.7378763309234079,0.3810511575317503,0.455431104535806,0.8197497331035419,C:\CoolYeah\sokAktif\satria-data\garbage-classification\semifinal\results\k_resolution_sweep\20260927\fetch_0754\k-resolution-sweep-v1\tac\siglip2_initial\k_13\seed_42\labels.npz,0.2107295186185734,0.4287565379746936,0.1021533613445378,2.241140693467768,1.5943953613973123,0.8461538461538461,,0.9107855537165596,182.5066751667512,0.3657770800627943,,False,,,,,,,,,,,,,,,initial_image_spherical_kmeans,,,,,,,,,,,
tac,siglip2_initial,14,42,6.9084477190000015,14.0,,,tac::siglip2_initial::k14,14,131,400,0.1117630623079072,0.2752834558486938,1.862946361221948,350.80187015548734,0.728413199346422,0.383174633538312,0.4641514749821157,0.8105688395141155,C:\CoolYeah\sokAktif\satria-data\garbage-classification\semifinal\results\k_resolution_sweep\20260927\fetch_0754\k-resolution-sweep-v1\tac\siglip2_initial\k_14\seed_42\labels.npz,0.1966102783401749,0.448868467406248,0.1010398435086996,2.2124527623597454,1.576052989255919,0.7857142857142857,,0.8479765504537513,186.3113729695232,0.3309037900874635,,False,,,,,,,,,,,,,,,initial_image_spherical_kmeans,,,,,,,,,,,
tac,siglip2_initial,16,42,7.198544366,16.0,,,tac::siglip2_initial::k16,16,101,408,0.1139983235540653,0.2677269577980041,1.7800048141262876,322.579717755776,0.7098995677869977,0.3675493910393155,0.4572629076619423,0.789265267534924,C:\CoolYeah\sokAktif\satria-data\garbage-classification\semifinal\results\k_resolution_sweep\20260927\fetch_0754\k-resolution-sweep-v1\tac\siglip2_initial\k_16\seed_42\labels.npz,0.2090544590224656,0.4052712261939807,0.1007064947942488,2.220447631080779,1.5322507478881728,0.6875,,,201.855138234324,0.2551020408163265,,False,,,,,,,,,,,,,,,initial_image_spherical_kmeans,,,,,,,,,,,
tac,siglip2_initial,18,42,7.851628454,18.0,,,tac::siglip2_initial::k18,18,69,401,0.112042469963677,0.2595723569393158,1.7548551595922497,307.28784125011754,0.7090854429359199,0.3822320064590646,0.4528228507263317,0.7889769499237144,C:\CoolYeah\sokAktif\satria-data\garbage-classification\semifinal\results\k_resolution_sweep\20260927\fetch_0754\k-resolution-sweep-v1\tac\siglip2_initial\k_18\seed_42\labels.npz,0.204671596073768,0.399683292477066,0.0998049144944379,2.228277117380319,1.5398660254115395,0.6111111111111112,,,178.1957009813215,0.209750566893424,,False,,,,,,,,,,,,,,,initial_image_spherical_kmeans,,,,,,,,,,,
tac,siglip2_initial,20,42,7.759951082000001,20.0,,,tac::siglip2_initial::k20,20,92,358,0.1000279407655769,0.2375475615262985,1.9974895035919549,286.491842466799,0.6975962181196309,0.3746975877945515,0.4412018916810301,0.7756265432231034,C:\CoolYeah\sokAktif\satria-data\garbage-classification\semifinal\results\k_resolution_sweep\20260927\fetch_0754\k-resolution-sweep-v1\tac\siglip2_initial\k_20\seed_42\labels.npz,0.2016365667469531,0.3894016515498457,0.0920082318641742,2.2365815097574884,1.5479801918964673,0.55,,,189.79403058857548,0.1591836734693877,,False,,,,,,,,,,,,,,,initial_image_spherical_kmeans,,,,,,,,,,,
tac,siglip2_initial,22,42,8.541184272999999,22.0,,,tac::siglip2_initial::k22,22,67,355,0.0991897177982676,0.2176460325717926,1.9343062012277712,279.6071944309632,0.7119690943141652,0.3767917884885532,0.4476174263151565,0.7735820419004081,C:\CoolYeah\sokAktif\satria-data\garbage-classification\semifinal\results\k_resolution_sweep\20260927\fetch_0754\k-resolution-sweep-v1\tac\siglip2_initial\k_22\seed_42\labels.npz,0.2021595840645494,0.3753623708547522,0.0958734496082659,2.2642481439471345,1.5452840919683153,0.5,,,176.45367318662966,0.1261595547309833,,False,,,,,,,,,,,,,,,initial_image_spherical_kmeans,,,,,,,,,,,
tac,siglip2_initial,24,42,8.736941553000001,24.0,,,tac::siglip2_initial::k24,24,53,358,0.1000279407655769,0.2144265919923782,1.9019925703710576,266.7189499692551,0.6968388531120632,0.372943604438124,0.4438636749722719,0.7660495105029346,C:\CoolYeah\sokAktif\satria-data\garbage-classification\semifinal\results\k_resolution_sweep\20260927\fetch_0754\k-resolution-sweep-v1\tac\siglip2_initial\k_24\seed_42\labels.npz,0.199930073794467,0.3728160105731861,0.0966328166755745,2.2526904716775484,1.519727643857158,0.4583333333333333,,,168.09338220560971,0.1003401360544217,,False,,,,,,,,,,,,,,,initial_image_spherical_kmeans,,,,,,,,,,,
temi,dinov2,4,42,14.520185413,4.0,,,temi::dinov2::k4,4,793,1035,0.2891869237217099,0.0607093051075935,4.118080924440385,130.56990564168134,0.318752712400502,0.1516151792466203,0.0943696445998549,0.3731182708556616,C:\CoolYeah\sokAktif\satria-data\garbage-classification\semifinal\results\k_resolution_sweep\20260927\fetch_0754\k-resolution-sweep-v1\temi\dinov2\k_04\seed_42\labels.npz,0.0063355844623654,0.8987211464760738,0.1064294561423263,0.6242384242092174,0.2378398833510661,1.0,,,48.8807884870891,0.0357142857142857,0.005,True,0.3583333333333334,,,,,,,,,,,100.0,16.0,3.0,,,,,,,,,,,,
temi,dinov2,6,42,12.792082538,6.0,,,temi::dinov2::k6,6,516,645,0.1802179379715004,0.0574945695698261,3.364951872092767,141.09231630917256,0.4045923759109822,0.2021546804323954,0.1560952628892618,0.4603730159576384,C:\CoolYeah\sokAktif\satria-data\garbage-classification\semifinal\results\k_resolution_sweep\20260927\fetch_0754\k-resolution-sweep-v1\temi\dinov2\k_06\seed_42\labels.npz,0.0541186984353618,0.813504425990335,0.1121267375500248,0.8999085912127573,0.3557829644867214,1.0,,0.2649569020849434,73.78666607055874,0.2074829931972788,0.005,True,0.4152777777777778,,,,,,,,,,,100.0,16.0,3.0,,,,,,,,,,,,
temi,dinov2,7,42,12.237055714000007,7.0,,,temi::dinov2::k7,7,288,771,0.2154233025984912,0.0680991485714912,3.508758478890311,124.31805977601772,0.3939182236752679,0.1776147644506875,0.1558529634504637,0.4511822256025504,C:\CoolYeah\sokAktif\satria-data\garbage-classification\semifinal\results\k_resolution_sweep\20260927\fetch_0754\k-resolution-sweep-v1\temi\dinov2\k_07\seed_42\labels.npz,0.012952582514265,0.8842802633492598,0.1181005242059821,0.954522335585951,0.508606908890281,1.0,,0.2824952961807903,79.75715760158586,0.1661807580174927,0.005,True,0.525,,,,,,,,,,,100.0,16.0,7.0,,,,,,,,,,,,
temi,dinov2,8,42,11.341309748,8.0,,,temi::dinov2::k8,8,319,624,0.1743503772003352,0.0985676646232605,3.0666187710556203,169.5572688251052,0.4621300649124926,0.2397405357494036,0.2024093948052333,0.5065770291969521,C:\CoolYeah\sokAktif\satria-data\garbage-classification\semifinal\results\k_resolution_sweep\20260927\fetch_0754\k-resolution-sweep-v1\temi\dinov2\k_08\seed_42\labels.npz,0.0504997814219176,0.8103260783636959,0.1246759019186606,1.3328311079938706,0.6687365231916338,0.875,0.2101194287094973,0.2812047250345147,132.30079767272613,0.173469387755102,0.005,False,,True,1.617094810369114,-0.7028365443681832,-63.03273038542571,-0.0772594752186589,-0.2136777937412262,-0.3373546084441972,-0.1079390303418823,FAIL,MULTI_RESOLUTION_ATLAS_SUPPORTED,100.0,16.0,2.0,,,,,,,,,,,,
temi,dinov2,9,42,12.245348452999965,9.0,,,temi::dinov2::k9,9,230,523,0.1461302039675887,0.0973571762442588,3.0048868825843966,160.4754052645089,0.504961352524397,0.2540971919764383,0.2272762452462979,0.5145496973405846,C:\CoolYeah\sokAktif\satria-data\garbage-classification\semifinal\results\k_resolution_sweep\20260927\fetch_0754\k-resolution-sweep-v1\temi\dinov2\k_09\seed_42\labels.npz,0.0652378009964957,0.7761893388963049,0.1182349285270354,1.5518689237516263,0.9010732103806364,0.8888888888888888,,0.2922998133734888,127.63811910643736,0.2607709750566893,0.005,True,0.7222222222222222,,,,,,,,,,,100.0,16.0,13.0,,,,,,,,,,,,
temi,dinov2,10,42,13.100269474999996,10.0,,,temi::dinov2::k10,10,209,577,0.1612182173791561,0.0842054635286331,3.427866975498626,123.50217305139434,0.4231854093374262,0.2212877469719942,0.21328517883681,0.5048001995059636,C:\CoolYeah\sokAktif\satria-data\garbage-classification\semifinal\results\k_resolution_sweep\20260927\fetch_0754\k-resolution-sweep-v1\temi\dinov2\k_10\seed_42\labels.npz,0.0531536612572734,0.797082646124577,0.1091780754213413,1.2496707396954922,0.750775220283219,0.8,,0.2837880746357495,105.01244615207274,0.1040816326530612,0.005,True,0.5736111111111111,,,,,,,,,,,100.0,16.0,2.0,,,,,,,,,,,,
temi,dinov2,12,42,14.225447904999998,12.0,,,temi::dinov2::k12,12,135,570,0.1592623637887678,0.1177918910980224,3.0846680362951275,157.88617610795944,0.5116374387287049,0.2213693121649877,0.2427916602389261,0.5579616421916461,C:\CoolYeah\sokAktif\satria-data\garbage-classification\semifinal\results\k_resolution_sweep\20260927\fetch_0754\k-resolution-sweep-v1\temi\dinov2\k_12\seed_42\labels.npz,0.0713653927570002,0.7514139750873468,0.1161670235546038,1.5383346779082,0.951975989371713,0.75,,,127.94409490503976,0.1496598639455783,0.005,True,0.6305555555555555,,,,,,,,,,,100.0,16.0,14.0,,,,,,,,,,,,
temi,dinov2,14,42,13.176064693,14.0,,,temi::dinov2::k14,14,120,437,0.1221011455713886,0.0719189047813415,3.404204114412034,124.3543875880198,0.461382510613482,0.2141717607849956,0.2420057536728782,0.5392189146570587,C:\CoolYeah\sokAktif\satria-data\garbage-classification\semifinal\results\k_resolution_sweep\20260927\fetch_0754\k-resolution-sweep-v1\temi\dinov2\k_14\seed_42\labels.npz,0.0634290851336343,0.7610338337712731,0.1030421464032956,1.39565394924952,0.8001662118536829,0.6428571428571429,,,105.2368871004351,0.0612244897959184,0.005,True,0.475,,,,,,,,,,,100.0,16.0,1.0,,,,,,,,,,,,
temi,dinov2,16,42,11.339545852,16.0,,,temi::dinov2::k16,16,15,435,0.1215423302598491,0.0878174155950546,3.0893265150644,115.8942680757197,0.4936382342150798,0.2545783305159857,0.2414591727048612,0.5458014380204061,C:\CoolYeah\sokAktif\satria-data\garbage-classification\semifinal\results\k_resolution_sweep\20260927\fetch_0754\k-resolution-sweep-v1\temi\dinov2\k_16\seed_42\labels.npz,0.0624588686803452,0.7614949469317025,0.1247029948562625,1.5643443367806984,1.0107330535336825,0.625,,,126.64974396468278,0.0714285714285714,0.005,False,,,,,,,,,,,,100.0,16.0,8.0,,,,,,,,,,,,
temi,dinov2,18,42,14.004029430000005,18.0,,,temi::dinov2::k18,18,35,409,0.1142777312098351,0.0591281838715076,3.2515016179576604,105.95379246926792,0.5173038416559822,0.2552580725638814,0.2220648565132643,0.5486111501682294,C:\CoolYeah\sokAktif\satria-data\garbage-classification\semifinal\results\k_resolution_sweep\20260927\fetch_0754\k-resolution-sweep-v1\temi\dinov2\k_18\seed_42\labels.npz,0.0568300750192047,0.7702624976579343,0.1113903991694216,1.6218130382355047,0.9700329892127064,0.6111111111111112,,,133.60426727196685,0.0963718820861678,0.005,True,0.6194444444444445,,,,,,,,,,,100.0,16.0,10.0,,,,,,,,,,,,
temi,dinov2,20,42,12.427625945999978,20.0,,,temi::dinov2::k20,20,9,452,0.1262922604079351,0.0910580232739448,2.9178771820460074,124.47953665996894,0.5552026590672342,0.2762432945336323,0.2507124066966226,0.6003322796035895,C:\CoolYeah\sokAktif\satria-data\garbage-classification\semifinal\results\k_resolution_sweep\20260927\fetch_0754\k-resolution-sweep-v1\temi\dinov2\k_20\seed_42\labels.npz,0.0544033969665167,0.7745235229206019,0.1195936586116669,1.7866686429182022,1.08262028081952,0.55,,,139.92761861561917,0.0785714285714285,0.005,False,,,,,,,,,,,,100.0,16.0,6.0,,,,,,,,,,,,
temi,dinov2,22,42,12.872265562999983,22.0,,,temi::dinov2::k22,22,34,367,0.1025426096675048,0.0893923938274383,3.082936982339338,119.58199246102934,0.5262860862589259,0.2543293988757938,0.249687185669918,0.5898225371894792,C:\CoolYeah\sokAktif\satria-data\garbage-classification\semifinal\results\k_resolution_sweep\20260927\fetch_0754\k-resolution-sweep-v1\temi\dinov2\k_22\seed_42\labels.npz,0.10575372990824,0.6351493741642302,0.1166147372906181,1.7277492249634854,1.0375827267270543,0.5,,,132.7273323224735,0.0667903525046382,0.005,True,0.5805555555555555,,,,,,,,,,,100.0,16.0,3.0,,,,,,,,,,,,
temi,dinov2,24,42,11.403519766999976,24.0,,,temi::dinov2::k24,24,15,305,0.0852193350097792,0.0468970015645027,3.371349622079133,108.85972337939704,0.5175629760023864,0.2838016773614714,0.2751050220447965,0.5855006603623544,C:\CoolYeah\sokAktif\satria-data\garbage-classification\semifinal\results\k_resolution_sweep\20260927\fetch_0754\k-resolution-sweep-v1\temi\dinov2\k_24\seed_42\labels.npz,0.0787464865261238,0.6993031564717678,0.1035865574696413,1.7529152636755845,0.9950968042936162,0.4583333333333333,,,119.72978125927212,0.0620748299319727,0.005,False,,,,,,,,,,,,100.0,16.0,3.0,,,,,,,,,,,,
temi,fashionsiglip,4,42,11.575318785999997,4.0,,,temi::fashionsiglip::k4,4,654,992,0.2771723945236099,0.0627797171473503,3.87719596057462,165.05448119885187,0.3184282579348261,0.1030132862425906,0.1474065733295909,0.3107498878932115,C:\CoolYeah\sokAktif\satria-data\garbage-classification\semifinal\results\k_resolution_sweep\20260927\fetch_0754\k-resolution-sweep-v1\temi\fashionsiglip\k_04\seed_42\labels.npz,0.0440158833669452,0.8443239313479074,0.1208951406649616,0.80293748088308,0.255324251660424,1.0,,,58.61643330487772,0.1071428571428571,0.005,True,0.4875,,,,,,,,,,,100.0,16.0,1.0,,,,,,,,,,,,
temi,fashionsiglip,6,42,11.192583913999997,6.0,,,temi::fashionsiglip::k6,6,514,732,0.2045264040234702,0.0773518532514572,3.243113878285594,159.88881005514205,0.3498950187248402,0.1874377407131509,0.20768105700186,0.4016234160838099,C:\CoolYeah\sokAktif\satria-data\garbage-classification\semifinal\results\k_resolution_sweep\20260927\fetch_0754\k-resolution-sweep-v1\temi\fashionsiglip\k_06\seed_42\labels.npz,0.066932299932137,0.7913631186201946,0.1180262634301631,1.0621756937591085,0.392859121629998,1.0,,,86.79069969657849,0.1564625850340135,0.005,True,0.5666666666666667,,,,,,,,,,,100.0,16.0,3.0,,,,,,,,,,,,
temi,fashionsiglip,8,42,11.304426308000004,8.0,,,temi::fashionsiglip::k8,8,237,654,0.1827326068734283,0.0589268021285533,3.447392476981199,129.39129377842028,0.3741767405796693,0.197341383945287,0.2137146003264453,0.4162741506068746,C:\CoolYeah\sokAktif\satria-data\garbage-classification\semifinal\results\k_resolution_sweep\20260927\fetch_0754\k-resolution-sweep-v1\temi\fashionsiglip\k_08\seed_42\labels.npz,0.0374916991489539,0.8358998689426707,0.1243721461187214,1.1747118781884645,0.5425867775226645,0.875,,,93.7784514597142,0.1938775510204081,0.005,True,0.5958333333333333,,,,,,,,,,,100.0,16.0,0.0,,,,,,,,,,,,
temi,fashionsiglip,10,42,11.367069176,10.0,,,temi::fashionsiglip::k10,10,218,547,0.1528359877060631,0.0594609901309013,3.332400017974062,144.57441055907748,0.427728140810957,0.2028858822948208,0.2378890807559946,0.4548692623224567,C:\CoolYeah\sokAktif\satria-data\garbage-classification\semifinal\results\k_resolution_sweep\20260927\fetch_0754\k-resolution-sweep-v1\temi\fashionsiglip\k_10\seed_42\labels.npz,0.0493201758984509,0.8050906411679526,0.1250071010623189,1.363509327148252,0.5529271282440925,0.8,,,110.0124084565502,0.0775510204081633,0.005,True,0.6625,,,,,,,,,,,100.0,16.0,9.0,,,,,,,,,,,,
temi,fashionsiglip,12,42,13.280971498,12.0,,,temi::fashionsiglip::k12,12,145,420,0.1173512154233026,0.0687769278883934,3.2226375748555607,133.32819355156164,0.3789033203656084,0.1851794551165579,0.2679999766742315,0.4795736452038325,C:\CoolYeah\sokAktif\satria-data\garbage-classification\semifinal\results\k_resolution_sweep\20260927\fetch_0754\k-resolution-sweep-v1\temi\fashionsiglip\k_12\seed_42\labels.npz,0.1134023543055998,0.6572759559257932,0.1041772114210855,1.2013462069115182,0.5113658202397287,0.6666666666666666,,,84.95164961488568,0.0663265306122448,0.005,True,0.4208333333333333,,,,,,,,,,,100.0,16.0,9.0,,,,,,,,,,,,
temi,fashionsiglip,14,42,12.060231740999996,14.0,,,temi::fashionsiglip::k14,14,93,473,0.1321598211791003,0.0465786829590797,3.3709960988396395,135.4331040458316,0.4429699526727431,0.2232695769757287,0.2908596528705574,0.527019661995452,C:\CoolYeah\sokAktif\satria-data\garbage-classification\semifinal\results\k_resolution_sweep\20260927\fetch_0754\k-resolution-sweep-v1\temi\fashionsiglip\k_14\seed_42\labels.npz,0.0733494170412125,0.7390780826743327,0.1171622019428907,1.4688977464579709,0.808062350668365,0.6428571428571429,,0.2439825466543841,105.37007406521296,0.0568513119533526,0.005,True,0.4833333333333333,,,,,,,,,,,100.0,16.0,2.0,,,,,,,,,,,,
temi,fashionsiglip,15,42,12.317781069999995,15.0,,,temi::fashionsiglip::k15,15,75,472,0.1318804135233305,0.0619102716445922,3.1255603399053515,128.7444714277062,0.4624512405888111,0.2267901237422045,0.2972365994289754,0.519220826570817,C:\CoolYeah\sokAktif\satria-data\garbage-classification\semifinal\results\k_resolution_sweep\20260927\fetch_0754\k-resolution-sweep-v1\temi\fashionsiglip\k_15\seed_42\labels.npz,0.1235268326952652,0.6219931662654148,0.1190158983923971,1.4877633143400606,0.8199779730322442,0.6666666666666666,,0.2840929471892572,98.79478800648008,0.2,0.005,True,0.6333333333333333,,,,,,,,,,,100.0,16.0,0.0,,,,,,,,,,,,
temi,fashionsiglip,16,42,11.161950618000006,16.0,,,temi::fashionsiglip::k16,16,69,477,0.1332774518021793,0.1021648347377777,3.355301663628048,132.66681843973748,0.4848416707601857,0.2605614050072655,0.2917356160014309,0.5494979938099076,C:\CoolYeah\sokAktif\satria-data\garbage-classification\semifinal\results\k_resolution_sweep\20260927\fetch_0754\k-resolution-sweep-v1\temi\fashionsiglip\k_16\seed_42\labels.npz,0.0877875182183605,0.7030421681067133,0.1381833960080995,1.5782292090370922,0.9223344411121196,0.6875,0.2401832805867846,0.2919693228602379,120.3474861908196,0.1645408163265306,0.005,False,,True,2.167550777711828,-0.1523805770254691,-74.98604186733225,-0.0861880466472303,-0.2100806236267089,-0.3146430025965041,-0.0706512935454394,FAIL,MULTI_RESOLUTION_ATLAS_SUPPORTED,100.0,16.0,0.0,,,,,,,,,,,,
temi,fashionsiglip,17,42,12.33794549800001,17.0,,,temi::fashionsiglip::k17,17,67,407,0.1137189158982956,0.0307701472193002,3.568181721571254,105.77966088014044,0.4158131279526992,0.2222519985624623,0.273742404489134,0.4892893014282599,C:\CoolYeah\sokAktif\satria-data\garbage-classification\semifinal\results\k_resolution_sweep\20260927\fetch_0754\k-resolution-sweep-v1\temi\fashionsiglip\k_17\seed_42\labels.npz,0.103495207505275,0.6582752927031128,0.1005430364517282,1.3311729738002185,0.6373147912267267,0.5882352941176471,,0.2521146757164751,82.89955070433597,0.0936374549819928,0.005,True,0.4041666666666667,,,,,,,,,,,100.0,16.0,12.0,,,,,,,,,,,,
temi,fashionsiglip,18,42,11.705763012000006,18.0,,,temi::fashionsiglip::k18,18,51,425,0.1187482537021514,0.0504907630383968,3.50207064852716,104.36995806344032,0.4465378458955517,0.2663853177284156,0.2736799535593422,0.4828340809293672,C:\CoolYeah\sokAktif\satria-data\garbage-classification\semifinal\results\k_resolution_sweep\20260927\fetch_0754\k-resolution-sweep-v1\temi\fashionsiglip\k_18\seed_42\labels.npz,0.0629472773404177,0.7541061913826536,0.1214159859042127,1.5819365988899523,0.9547555224293937,0.5,,0.2210985327590202,108.95830554234864,0.0079365079365078,0.005,True,0.5041666666666667,,,,,,,,,,,100.0,16.0,12.0,,,,,,,,,,,,
temi,fashionsiglip,20,42,11.082663774999986,20.0,,,temi::fashionsiglip::k20,20,29,359,0.1003073484213467,0.0334783121943473,3.438813114315881,93.0592980876094,0.4621152225097978,0.2614104748830455,0.23951951211784,0.5087332692226534,C:\CoolYeah\sokAktif\satria-data\garbage-classification\semifinal\results\k_resolution_sweep\20260927\fetch_0754\k-resolution-sweep-v1\temi\fashionsiglip\k_20\seed_42\labels.npz,0.071485731812544,0.7305823552532311,0.1011904761904761,1.5880964852871593,0.9630613554186848,0.55,,,122.69010127137828,0.0673469387755102,0.005,True,0.6333333333333333,,,,,,,,,,,100.0,16.0,5.0,,,,,,,,,,,,
temi,fashionsiglip,22,42,12.321197583000014,22.0,,,temi::fashionsiglip::k22,22,31,445,0.1243364068175468,0.0588317140936851,3.069992487788304,102.83113717829949,0.4508057779307172,0.2385326039622087,0.2741342430943203,0.5391260151707117,C:\CoolYeah\sokAktif\satria-data\garbage-classification\semifinal\results\k_resolution_sweep\20260927\fetch_0754\k-resolution-sweep-v1\temi\fashionsiglip\k_22\seed_42\labels.npz,0.0964088203632679,0.6597817876986249,0.1016531276669722,1.562430676221681,0.937659293962744,0.5,,,116.66030455056156,0.046382189239332,0.005,True,0.5708333333333333,,,,,,,,,,,100.0,16.0,3.0,,,,,,,,,,,,
temi,fashionsiglip,24,42,11.158519336000012,24.0,,,temi::fashionsiglip::k24,24,26,329,0.0919251187482537,0.0273089073598384,3.723647333651236,86.15574343280284,0.4152661337999529,0.2211832896030428,0.272516112116947,0.5021235515997455,C:\CoolYeah\sokAktif\satria-data\garbage-classification\semifinal\results\k_resolution_sweep\20260927\fetch_0754\k-resolution-sweep-v1\temi\fashionsiglip\k_24\seed_42\labels.npz,0.079540039938388,0.6988199209726886,0.1018467852257181,1.461234726917314,0.8452799033688979,0.4166666666666667,,,105.38491888861816,-0.0187074829931972,0.005,True,0.4375,,,,,,,,,,,100.0,16.0,0.0,,,,,,,,,,,,
temi,franca,4,42,11.479669896000004,4.0,,,temi::franca::k4,4,682,1007,0.2813635093601564,0.080644778907299,3.390488427353876,186.4001827048249,0.4129153129195822,0.2224770471491978,0.2077543079718898,0.4269681619662065,C:\CoolYeah\sokAktif\satria-data\garbage-classification\semifinal\results\k_resolution_sweep\20260927\fetch_0754\k-resolution-sweep-v1\temi\franca\k_04\seed_42\labels.npz,0.0157834213513568,0.8850861989768803,0.1170021970138546,0.9026108583980316,0.3547433512475311,1.0,,,86.70450202501229,0.0357142857142857,0.005,True,0.3694444444444444,,,,,,,,,,,100.0,16.0,6.0,,,,,,,,,,,,
temi,franca,6,42,12.767816091,6.0,,,temi::franca::k6,6,354,781,0.2182173791561888,0.107948750257492,3.052629262549888,198.94991205020483,0.4423212955893187,0.2404823402498262,0.2237415770287475,0.4898652955099691,C:\CoolYeah\sokAktif\satria-data\garbage-classification\semifinal\results\k_resolution_sweep\20260927\fetch_0754\k-resolution-sweep-v1\temi\franca\k_06\seed_42\labels.npz,0.0317131438209329,0.8534629481350355,0.115388947712271,1.143364149503583,0.3336143037999066,1.0,,,100.48343940202942,0.1598639455782313,0.005,True,0.4972222222222223,,,,,,,,,,,100.0,16.0,9.0,,,,,,,,,,,,
temi,franca,8,42,11.544187702999992,8.0,,,temi::franca::k8,8,285,657,0.1835708298407376,0.1414926201105117,2.370064452630954,215.56761754318467,0.5329543087123874,0.2683032764252088,0.2613159979402548,0.5794067797719974,C:\CoolYeah\sokAktif\satria-data\garbage-classification\semifinal\results\k_resolution_sweep\20260927\fetch_0754\k-resolution-sweep-v1\temi\franca\k_08\seed_42\labels.npz,0.0606606781504038,0.7911743569260569,0.113047038486034,1.5143959832677765,0.6983908434825491,0.875,,0.4543693223214377,116.88569035395832,0.1581632653061224,0.005,True,0.6666666666666666,,,,,,,,,,,100.0,16.0,2.0,,,,,,,,,,,,
temi,franca,9,42,12.251822422000004,9.0,,,temi::franca::k9,9,152,678,0.1894383906119027,0.097828209400177,3.414520085108014,164.73174100582298,0.4993888338585753,0.2806024152819254,0.262578489893709,0.5522488746398995,C:\CoolYeah\sokAktif\satria-data\garbage-classification\semifinal\results\k_resolution_sweep\20260927\fetch_0754\k-resolution-sweep-v1\temi\franca\k_09\seed_42\labels.npz,0.0549025994235858,0.7997128110368112,0.1131679973621611,1.3688839519280367,0.5695292782803493,0.8888888888888888,,0.4072105005565843,107.22695657123724,0.1995464852607709,0.005,True,0.5291666666666666,,,,,,,,,,,100.0,16.0,8.0,,,,,,,,,,,,
temi,franca,10,42,13.184390057000002,10.0,,,temi::franca::k10,10,216,515,0.1438949427214305,0.1755068153142929,2.3149915994871835,223.63054729365064,0.5580335779886744,0.296931060605005,0.2813047437629927,0.6323592943766275,C:\CoolYeah\sokAktif\satria-data\garbage-classification\semifinal\results\k_resolution_sweep\20260927\fetch_0754\k-resolution-sweep-v1\temi\franca\k_10\seed_42\labels.npz,0.0590351954114376,0.7843501409864467,0.1199142980876621,1.7320222095525208,1.1528594611942784,0.9,0.3559254491634038,0.4155520437103787,137.03424366233756,0.2591836734693877,0.005,False,,True,2.0403386274992954,-0.2795927272380019,-58.29928439581428,0.0084548104956267,-0.1367386430501938,-0.2414510953680154,-0.0994036163523623,FAIL,MULTI_RESOLUTION_ATLAS_SUPPORTED,100.0,16.0,2.0,,,,,,,,,,,,
temi,franca,11,42,12.257958674000008,11.0,,,temi::franca::k11,11,173,527,0.1472478345906678,0.1304903626441955,3.0181068428957047,181.9519963218396,0.5143361842786519,0.2504697858977608,0.2743358544407664,0.579667451352534,C:\CoolYeah\sokAktif\satria-data\garbage-classification\semifinal\results\k_resolution_sweep\20260927\fetch_0754\k-resolution-sweep-v1\temi\franca\k_11\seed_42\labels.npz,0.0800706918313378,0.7356774441202787,0.112841796875,1.607253924765777,0.8644900954812224,0.7272727272727273,,0.3788124800662003,116.69392193927216,0.0964749536178107,0.005,True,0.5027777777777778,,,,,,,,,,,100.0,16.0,11.0,,,,,,,,,,,,
temi,franca,12,42,11.726033677,12.0,,,temi::franca::k12,12,59,616,0.1721151159541771,0.1002177521586418,3.5643106291623687,142.71792698775923,0.5228508453052985,0.270269472125241,0.2298241207013682,0.5588494582649954,C:\CoolYeah\sokAktif\satria-data\garbage-classification\semifinal\results\k_resolution_sweep\20260927\fetch_0754\k-resolution-sweep-v1\temi\franca\k_12\seed_42\labels.npz,0.0273444049970379,0.8493791658814537,0.1230847803881511,1.557399441698604,0.7712288011540978,0.6666666666666666,,0.3608421603906778,131.1982262114166,-0.0238095238095237,0.005,True,0.4763888888888888,,,,,,,,,,,100.0,16.0,12.0,,,,,,,,,,,,
temi,franca,14,42,12.896095072000008,14.0,,,temi::franca::k14,14,38,416,0.1162335848002235,0.1152538061141967,2.931062144373815,154.9672582820657,0.5530542572093021,0.2903515571417039,0.2577678341218574,0.6095875955180048,C:\CoolYeah\sokAktif\satria-data\garbage-classification\semifinal\results\k_resolution_sweep\20260927\fetch_0754\k-resolution-sweep-v1\temi\franca\k_14\seed_42\labels.npz,0.0473243584645853,0.8001958173621231,0.0907588241277591,1.8561314470310324,1.1762921495722738,0.7142857142857143,,,156.58847670338756,0.1297376093294461,0.005,True,0.6861111111111111,,,,,,,,,,,100.0,16.0,8.0,,,,,,,,,,,,
temi,franca,16,42,11.430292619999989,16.0,,,temi::franca::k16,16,69,408,0.1139983235540653,0.1223516911268234,3.0633439227700783,161.10773234587896,0.5579386234819527,0.2818465557925651,0.2565250803710768,0.6016638239888928,C:\CoolYeah\sokAktif\satria-data\garbage-classification\semifinal\results\k_resolution_sweep\20260927\fetch_0754\k-resolution-sweep-v1\temi\franca\k_16\seed_42\labels.npz,0.0465111825867516,0.7967910102031565,0.1131803628601921,1.9064393407241296,1.1586777239446702,0.625,,,154.2146320613884,0.0688775510204081,0.005,True,0.6527777777777777,,,,,,,,,,,100.0,16.0,8.0,,,,,,,,,,,,
temi,franca,18,42,13.340556968000016,18.0,,,temi::franca::k18,18,16,339,0.0947191953059513,0.1319934725761413,3.13805604571601,135.53197110457825,0.5465220878734568,0.256839940404632,0.2207275810753549,0.5892739409544689,C:\CoolYeah\sokAktif\satria-data\garbage-classification\semifinal\results\k_resolution_sweep\20260927\fetch_0754\k-resolution-sweep-v1\temi\franca\k_18\seed_42\labels.npz,0.0567686813186773,0.7693048616022142,0.0993464755398972,1.861861375523,1.1600161367836328,0.5555555555555556,,,163.01081366501003,0.0226757369614513,0.005,False,,,,,,,,,,,,100.0,16.0,0.0,,,,,,,,,,,,
temi,franca,20,42,11.87953066,20.0,,,temi::franca::k20,20,4,379,0.1058955015367421,0.0893519669771194,3.213400344638753,136.9434051119039,0.5548928406733246,0.2668771157125154,0.2510563188042656,0.6058169573933717,C:\CoolYeah\sokAktif\satria-data\garbage-classification\semifinal\results\k_resolution_sweep\20260927\fetch_0754\k-resolution-sweep-v1\temi\franca\k_20\seed_42\labels.npz,0.0625679452307545,0.7514362007292514,0.1107308726472745,1.9031656419274927,1.1577460112668976,0.5,,,143.63307292527375,0.0142857142857142,0.005,False,,,,,,,,,,,,100.0,16.0,4.0,,,,,,,,,,,,
temi,franca,22,42,12.766194920999991,22.0,,,temi::franca::k22,22,37,335,0.0936015646828723,0.1187697574496269,3.2984820807891664,139.90655025420472,0.5722260419350412,0.3166589121792321,0.3164425469580088,0.6362978149990581,C:\CoolYeah\sokAktif\satria-data\garbage-classification\semifinal\results\k_resolution_sweep\20260927\fetch_0754\k-resolution-sweep-v1\temi\franca\k_22\seed_42\labels.npz,0.0940858378538652,0.6688399521532511,0.1086698337292161,1.9450142642711588,1.2180724298197918,0.4545454545454545,,,148.54581005189272,0.0092764378478664,0.005,True,0.5194444444444445,,,,,,,,,,,100.0,16.0,6.0,,,,,,,,,,,,
temi,franca,24,42,11.469223316000011,24.0,,,temi::franca::k24,24,8,346,0.0966750488963397,0.1227742433547973,3.0292567386195253,126.29578950626124,0.5522450213941162,0.2616304440653037,0.2760541564144914,0.622684022736388,C:\CoolYeah\sokAktif\satria-data\garbage-classification\semifinal\results\k_resolution_sweep\20260927\fetch_0754\k-resolution-sweep-v1\temi\franca\k_24\seed_42\labels.npz,0.093234884637181,0.6675058760219814,0.1112412177985948,1.887186800610856,1.1807626167566758,0.5,,,153.4794405695963,0.0790816326530612,0.005,False,,,,,,,,,,,,100.0,16.0,11.0,,,,,,,,,,,,
temi,msn,4,42,14.799002461,4.0,,,temi::msn::k4,4,814,962,0.2687901648505169,0.0456907637417316,4.366702667137942,130.83726357384626,0.1915286866592481,0.0963129943212264,0.1610506305156082,0.2621180828629352,C:\CoolYeah\sokAktif\satria-data\garbage-classification\semifinal\results\k_resolution_sweep\20260927\fetch_0754\k-resolution-sweep-v1\temi\msn\k_04\seed_42\labels.npz,0.0626701077961162,0.8168855585830843,0.1037444456486398,0.6776621327382888,0.2878461447831937,1.0,,,45.4877855910218,0.0969387755102041,0.005,True,0.44,,,,,,,,,,,100.0,16.0,1.0,,,,,,,,,,,,
temi,msn,6,42,11.131560934,6.0,,,temi::msn::k6,6,412,765,0.2137468566638725,0.0791000127792358,3.4599865181334857,162.4132353842295,0.3142556269909225,0.1697386692242812,0.2117272798550307,0.3874508608049301,C:\CoolYeah\sokAktif\satria-data\garbage-classification\semifinal\results\k_resolution_sweep\20260927\fetch_0754\k-resolution-sweep-v1\temi\msn\k_06\seed_42\labels.npz,0.0582759425201618,0.8071710340792833,0.1334473677065515,0.9367469604470338,0.4691460595496642,0.8333333333333334,,,57.9833861560316,0.0136054421768706,0.005,True,0.43,,,,,,,,,,,100.0,16.0,0.0,,,,,,,,,,,,
temi,msn,8,42,11.585957274000002,8.0,,,temi::msn::k8,8,279,612,0.170997485331098,0.0504926033318042,3.749617727362185,117.9741171669661,0.3076908442879434,0.1556353503810874,0.1963938039962038,0.4007149373443424,C:\CoolYeah\sokAktif\satria-data\garbage-classification\semifinal\results\k_resolution_sweep\20260927\fetch_0754\k-resolution-sweep-v1\temi\msn\k_08\seed_42\labels.npz,0.0867540058531941,0.7403689517676147,0.1097666112445347,1.0153499500033376,0.6164509152093723,1.0,,0.263477715499942,72.50072311176666,0.2704081632653061,0.005,True,0.5425,,,,,,,,,,,100.0,16.0,0.0,,,,,,,,,,,,
temi,msn,9,42,12.14674953299999,9.0,,,temi::msn::k9,9,277,561,0.1567476948868399,0.0786689966917038,3.101918620950699,144.10508682489092,0.3460281053882373,0.1808824923712262,0.2073558004158162,0.4331422429383958,C:\CoolYeah\sokAktif\satria-data\garbage-classification\semifinal\results\k_resolution_sweep\20260927\fetch_0754\k-resolution-sweep-v1\temi\msn\k_09\seed_42\labels.npz,0.0703373438883488,0.7657682103312509,0.1106929248723559,1.3032550905029945,0.8276681234697351,0.8888888888888888,,0.3113981478170012,101.97838520246592,0.2267573696145124,0.005,True,0.785,,,,,,,,,,,100.0,16.0,13.0,,,,,,,,,,,,
temi,msn,10,42,11.656672510000009,10.0,,,temi::msn::k10,10,130,520,0.1452919810002794,0.0893653035163879,3.48671887378528,145.36753133500645,0.3846904918883389,0.1904711676632061,0.2364914408459699,0.4715472233997619,C:\CoolYeah\sokAktif\satria-data\garbage-classification\semifinal\results\k_resolution_sweep\20260927\fetch_0754\k-resolution-sweep-v1\temi\msn\k_10\seed_42\labels.npz,0.0722189872650194,0.757406760147034,0.1028899001241061,1.2447378380600385,0.6520214796099593,0.8,0.235949876258852,0.2830469617019935,102.70569889379824,0.126530612244898,0.005,False,,True,1.7225965391041245,-0.5973348156331728,-92.6278291643536,-0.1241982507288629,-0.2228801548480987,-0.4147941814683509,-0.0862198244987805,FAIL,MULTI_RESOLUTION_ATLAS_SUPPORTED,100.0,16.0,14.0,,,,,,,,,,,,
temi,msn,11,42,12.29519057600001,11.0,,,temi::msn::k11,11,175,464,0.1296451522771723,0.0387585498392581,4.222076483531526,93.61315510339176,0.3278821618157408,0.1716455676184314,0.2151271060928471,0.386654626893274,C:\CoolYeah\sokAktif\satria-data\garbage-classification\semifinal\results\k_resolution_sweep\20260927\fetch_0754\k-resolution-sweep-v1\temi\msn\k_11\seed_42\labels.npz,0.081545131657677,0.7323444881493797,0.0880359659129034,1.143929185290082,0.6114005354254164,0.7272727272727273,,0.2380616474611424,80.08886690630248,0.0834879406307979,0.005,True,0.45,,,,,,,,,,,100.0,16.0,11.0,,,,,,,,,,,,
temi,msn,12,42,15.210371172,12.0,,,temi::msn::k12,12,81,544,0.1519977647387538,0.0274551548063755,3.482303846345348,98.39532847539944,0.3386723189396872,0.1831183556891124,0.1880384234947663,0.4094188828364712,C:\CoolYeah\sokAktif\satria-data\garbage-classification\semifinal\results\k_resolution_sweep\20260927\fetch_0754\k-resolution-sweep-v1\temi\msn\k_12\seed_42\labels.npz,0.0601723433761336,0.7760981814907061,0.1047471789979274,1.1359272261477276,0.4220319689902289,0.6666666666666666,,0.2163372638495762,90.33598530318416,0.0170068027210884,0.005,True,0.4175,,,,,,,,,,,100.0,16.0,9.0,,,,,,,,,,,,
temi,msn,14,42,11.990542497999996,14.0,,,temi::msn::k14,14,109,475,0.1327186364906398,0.0236019548028707,4.164958486508005,84.4152747115641,0.3312558693066136,0.1716029473183875,0.1763971298744766,0.3916133245520115,C:\CoolYeah\sokAktif\satria-data\garbage-classification\semifinal\results\k_resolution_sweep\20260927\fetch_0754\k-resolution-sweep-v1\temi\msn\k_14\seed_42\labels.npz,0.0628386974101776,0.7634316935213171,0.1179742811732408,1.3030231994568686,0.6211994318330578,0.7142857142857143,,,95.9546135284468,0.1865889212827988,0.005,True,0.545,,,,,,,,,,,100.0,16.0,6.0,,,,,,,,,,,,
temi,msn,16,42,12.213964026,16.0,,,temi::msn::k16,16,86,411,0.1148365465213746,0.0286903120577335,3.764431774878696,90.03497302904441,0.3769930630730399,0.2101229693002292,0.2260229903848273,0.4443496628227584,C:\CoolYeah\sokAktif\satria-data\garbage-classification\semifinal\results\k_resolution_sweep\20260927\fetch_0754\k-resolution-sweep-v1\temi\msn\k_16\seed_42\labels.npz,0.0479375070639624,0.7933461582785732,0.1241764537381839,1.4535104127261984,0.94439867467779,0.625,,,100.79249832671348,0.0829081632653061,0.005,True,0.615,,,,,,,,,,,100.0,16.0,6.0,,,,,,,,,,,,
temi,msn,18,42,11.378948979,18.0,,,temi::msn::k18,18,60,388,0.10841017043867,0.00742839416489,4.145449546836296,75.71241726680188,0.3626710275214216,0.1909874132538815,0.1993160969616306,0.4137174245012815,C:\CoolYeah\sokAktif\satria-data\garbage-classification\semifinal\results\k_resolution_sweep\20260927\fetch_0754\k-resolution-sweep-v1\temi\msn\k_18\seed_42\labels.npz,0.0498369906125305,0.784384732205741,0.1157519831633479,1.3150117854460486,0.7430538662437888,0.6111111111111112,,,102.27221263861996,0.0963718820861678,0.005,True,0.6649999999999999,,,,,,,,,,,100.0,16.0,5.0,,,,,,,,,,,,
temi,msn,20,42,11.63229002,20.0,,,temi::msn::k20,20,31,388,0.10841017043867,0.035208810120821,3.897928520085812,81.52752134063789,0.3719108388319703,0.1973689993014792,0.2275635263982368,0.4467466471082001,C:\CoolYeah\sokAktif\satria-data\garbage-classification\semifinal\results\k_resolution_sweep\20260927\fetch_0754\k-resolution-sweep-v1\temi\msn\k_20\seed_42\labels.npz,0.0809011486553741,0.7064538236987219,0.1220347819610471,1.3241989420308984,0.7476123687640752,0.55,,,98.48846977762024,0.0653061224489796,0.005,True,0.51,,,,,,,,,,,100.0,16.0,2.0,,,,,,,,,,,,
temi,msn,22,42,11.188832859,22.0,,,temi::msn::k22,22,17,371,0.1036602402905839,0.0250827353447675,4.440841654566021,83.80522489119183,0.4012440207055538,0.208609840584002,0.23354915601712,0.476971209813043,C:\CoolYeah\sokAktif\satria-data\garbage-classification\semifinal\results\k_resolution_sweep\20260927\fetch_0754\k-resolution-sweep-v1\temi\msn\k_22\seed_42\labels.npz,0.07736280101752,0.7110790784613832,0.108324904962857,1.5193192057018008,0.8377787358985995,0.5,,,86.5259255831113,0.046382189239332,0.005,False,,,,,,,,,,,,100.0,16.0,10.0,,,,,,,,,,,,
temi,msn,24,42,12.602393656000004,24.0,,,temi::msn::k24,24,12,378,0.1056160938809723,0.027663517743349,4.054115782980769,81.25474384521021,0.415092477751493,0.2386532240843135,0.2302296576713532,0.4863222956896706,C:\CoolYeah\sokAktif\satria-data\garbage-classification\semifinal\results\k_resolution_sweep\20260927\fetch_0754\k-resolution-sweep-v1\temi\msn\k_24\seed_42\labels.npz,0.0525929920606841,0.7706217335714126,0.1039785553047404,1.5534210411754192,0.9152134250881752,0.4583333333333333,,,109.69086477852557,0.0187074829931972,0.005,False,,,,,,,,,,,,100.0,16.0,4.0,,,,,,,,,,,,
temi,radio,4,42,14.420935896,4.0,,,temi::radio::k4,4,594,1140,0.3185247275775356,0.0717133060097694,3.229317324693988,190.5480654526407,0.3871626461022062,0.1126696907490216,0.196748694734091,0.41736994350677,C:\CoolYeah\sokAktif\satria-data\garbage-classification\semifinal\results\k_resolution_sweep\20260927\fetch_0754\k-resolution-sweep-v1\temi\radio\k_04\seed_42\labels.npz,0.15364981029069,0.6876083235045327,0.1099052504398329,0.8831836708633218,0.3295764506912391,1.0,,,65.91066200644599,0.2040816326530612,0.005,True,0.37,,,,,,,,,,,100.0,16.0,12.0,,,,,,,,,,,,
temi,radio,6,42,11.443741543000002,6.0,,,temi::radio::k6,6,382,855,0.2388935456831517,0.1053695082664489,2.834069625856421,193.38394384971164,0.4524946838250528,0.1415404177034761,0.2382836931227142,0.5227765824727596,C:\CoolYeah\sokAktif\satria-data\garbage-classification\semifinal\results\k_resolution_sweep\20260927\fetch_0754\k-resolution-sweep-v1\temi\radio\k_06\seed_42\labels.npz,0.1536323796415616,0.6429853199955005,0.1172045403961718,1.1700678616470717,0.5760874163008629,1.0,,,92.6761594490748,0.173469387755102,0.005,True,0.4,,,,,,,,,,,100.0,16.0,3.0,,,,,,,,,,,,
temi,radio,8,42,11.265750612000003,8.0,,,temi::radio::k8,8,213,604,0.1687622240849399,0.1319326311349868,2.4576451770410896,206.09997639937103,0.5746233568810837,0.2867324065838076,0.2541798585114529,0.6239404641903197,C:\CoolYeah\sokAktif\satria-data\garbage-classification\semifinal\results\k_resolution_sweep\20260927\fetch_0754\k-resolution-sweep-v1\temi\radio\k_08\seed_42\labels.npz,0.0718911167185928,0.7699382174511673,0.1120131984543915,1.391948876150429,0.7513157082489996,1.0,,,122.628216329294,0.3061224489795918,0.005,True,0.645,,,,,,,,,,,100.0,16.0,8.0,,,,,,,,,,,,
temi,radio,10,42,12.109119314000004,10.0,,,temi::radio::k10,10,177,639,0.1785414920368818,0.1153541654348373,2.919457277442235,183.66609837533343,0.5092490019126394,0.2291132045653348,0.2982177926180192,0.595297609525317,C:\CoolYeah\sokAktif\satria-data\garbage-classification\semifinal\results\k_resolution_sweep\20260927\fetch_0754\k-resolution-sweep-v1\temi\radio\k_10\seed_42\labels.npz,0.0717526964479157,0.7603129273360603,0.1133195177091183,1.4084748686209307,0.7253272899638078,0.8,,0.2901312848747854,116.96402844116862,0.1551020408163266,0.005,True,0.53,,,,,,,,,,,100.0,16.0,9.0,,,,,,,,,,,,
temi,radio,11,42,12.276849153999995,11.0,,,temi::radio::k11,11,78,524,0.1464096116233584,0.0740750804543495,3.154692455226717,142.44571245724632,0.4728247306186598,0.2168772137938001,0.3331627724387851,0.5222637131198506,C:\CoolYeah\sokAktif\satria-data\garbage-classification\semifinal\results\k_resolution_sweep\20260927\fetch_0754\k-resolution-sweep-v1\temi\radio\k_11\seed_42\labels.npz,0.0877378022787026,0.7225309350795565,0.1210097637476602,1.3693538233367182,0.5310367641917951,0.7272727272727273,,0.2894057275572107,107.25704415825273,0.111317254174397,0.005,True,0.3575,,,,,,,,,,,100.0,16.0,11.0,,,,,,,,,,,,
temi,radio,12,42,16.550906038,12.0,,,temi::radio::k12,12,41,501,0.1399832355406538,0.1242196857929229,2.591364823131824,188.1905136929921,0.5632789490392976,0.2526022266419332,0.3207678639083043,0.6476436540431781,C:\CoolYeah\sokAktif\satria-data\garbage-classification\semifinal\results\k_resolution_sweep\20260927\fetch_0754\k-resolution-sweep-v1\temi\radio\k_12\seed_42\labels.npz,0.0704968166961692,0.7539141694410397,0.1074472284792048,1.64371520372435,0.8230773353250241,0.75,0.3083268190259167,0.3124645457735018,164.45883385684553,0.1343537414965986,0.005,False,,True,1.8661547050376728,-0.453776649699624,-30.874694201306312,-0.1163751214771623,-0.1880257725715637,-0.2362057243173921,-0.0879419950676307,FAIL,MULTI_RESOLUTION_ATLAS_SUPPORTED,100.0,16.0,9.0,,,,,,,,,,,,
temi,radio,13,42,12.419754063,13.0,,,temi::radio::k13,13,60,464,0.1296451522771723,0.1336168646812439,2.920904732396658,173.03919070971236,0.5214641505422968,0.228617079156192,0.2930930790997108,0.6257360607672846,C:\CoolYeah\sokAktif\satria-data\garbage-classification\semifinal\results\k_resolution_sweep\20260927\fetch_0754\k-resolution-sweep-v1\temi\radio\k_13\seed_42\labels.npz,0.0842561131396473,0.7206357980757249,0.1216661019410426,1.603053325879304,0.9083241552705704,0.6923076923076923,,0.3720758010372103,159.65290616035122,0.119309262166405,0.005,True,0.7424999999999999,,,,,,,,,,,100.0,16.0,12.0,,,,,,,,,,,,
temi,radio,14,42,11.658287223000002,14.0,,,temi::radio::k14,14,101,443,0.1237775915060072,0.1483551859855651,2.661332287433719,177.20837634668382,0.5747707205627723,0.2763898423746029,0.293591654028941,0.6384285106265585,C:\CoolYeah\sokAktif\satria-data\garbage-classification\semifinal\results\k_resolution_sweep\20260927\fetch_0754\k-resolution-sweep-v1\temi\radio\k_14\seed_42\labels.npz,0.1129874110496279,0.648512866159105,0.1172544378698224,1.861195599443255,1.1997248263757434,0.7142857142857143,,0.3954851674982268,154.12865890629877,0.2026239067055393,0.005,True,0.78,,,,,,,,,,,100.0,16.0,8.0,,,,,,,,,,,,
temi,radio,16,42,11.419285709999995,16.0,,,temi::radio::k16,16,30,524,0.1464096116233584,0.1073018163442611,3.187343680266373,141.51017964884005,0.527956229330563,0.2670646022854998,0.291697473947021,0.630379929557224,C:\CoolYeah\sokAktif\satria-data\garbage-classification\semifinal\results\k_resolution_sweep\20260927\fetch_0754\k-resolution-sweep-v1\temi\radio\k_16\seed_42\labels.npz,0.126306965045628,0.6124458503017195,0.1128945172532273,1.523440246393508,0.8894683233383949,0.6875,,,126.44733659476798,0.1670918367346938,0.005,True,0.525,,,,,,,,,,,100.0,16.0,5.0,,,,,,,,,,,,
temi,radio,18,42,12.737199164000003,18.0,,,temi::radio::k18,18,66,406,0.1134395082425258,0.1293628066778183,2.8720158268035103,146.56486908252973,0.5896058266186863,0.2878106963249997,0.2984954026866876,0.6506382519168531,C:\CoolYeah\sokAktif\satria-data\garbage-classification\semifinal\results\k_resolution_sweep\20260927\fetch_0754\k-resolution-sweep-v1\temi\radio\k_18\seed_42\labels.npz,0.1095559888082193,0.6427607397228017,0.1079076620825147,1.762586336956573,1.1563822884038697,0.6111111111111112,,,147.29843747816952,0.1179138321995466,0.005,True,0.5900000000000001,,,,,,,,,,,100.0,16.0,12.0,,,,,,,,,,,,
temi,radio,20,42,11.275767854000009,20.0,,,temi::radio::k20,20,6,344,0.0961162335848002,0.131349042057991,2.7020312377231925,159.61930893922988,0.5959833133709076,0.3053015244983196,0.2894160163918703,0.651769992311103,C:\CoolYeah\sokAktif\satria-data\garbage-classification\semifinal\results\k_resolution_sweep\20260927\fetch_0754\k-resolution-sweep-v1\temi\radio\k_20\seed_42\labels.npz,0.1069472527127168,0.6412701798996133,0.1002780674313521,1.89283686396662,1.128026466457562,0.5,,,148.58677071919104,0.0244897959183674,0.005,False,,,,,,,,,,,,100.0,16.0,2.0,,,,,,,,,,,,
temi,radio,22,42,12.203222221000004,22.0,,,temi::radio::k22,22,19,480,0.1341156747694886,0.1113812327384948,2.8509019908488424,147.48736068972988,0.6316669382084158,0.3304932239286375,0.3775448778150751,0.6726454172867878,C:\CoolYeah\sokAktif\satria-data\garbage-classification\semifinal\results\k_resolution_sweep\20260927\fetch_0754\k-resolution-sweep-v1\temi\radio\k_22\seed_42\labels.npz,0.1308037262621615,0.5803191580789179,0.1091264441750575,1.9841326489965487,1.0937830857322617,0.5,,,138.3757465902544,0.0714285714285714,0.005,False,,,,,,,,,,,,100.0,16.0,3.0,,,,,,,,,,,,
temi,radio,24,42,11.325622299999992,24.0,,,temi::radio::k24,24,25,351,0.0980720871751886,0.0458213686943054,3.4548195589694246,123.7534353544981,0.5780719282041282,0.296312739028925,0.313842687472681,0.6285247543622404,C:\CoolYeah\sokAktif\satria-data\garbage-classification\semifinal\results\k_resolution_sweep\20260927\fetch_0754\k-resolution-sweep-v1\temi\radio\k_24\seed_42\labels.npz,0.1122911702769829,0.614166186527797,0.0988887055069593,1.8298455585677984,1.0409002408997312,0.4583333333333333,,,146.13281561098486,0.0569727891156462,0.005,True,0.4599999999999999,,,,,,,,,,,100.0,16.0,0.0,,,,,,,,,,,,
temi,siglip2,4,42,15.53270149,4.0,,,temi::siglip2::k4,4,653,1060,0.2961721151159542,0.0598328076303005,3.999332600222736,151.18945696800836,0.2963729624242563,0.1293236416275515,0.1570757386117595,0.3634740399717747,C:\CoolYeah\sokAktif\satria-data\garbage-classification\semifinal\results\k_resolution_sweep\20260927\fetch_0754\k-resolution-sweep-v1\temi\siglip2\k_04\seed_42\labels.npz,0.0348357378081866,0.8576259280428701,0.1086239396795476,0.7108243583267246,0.2547229990408919,1.0,,,59.17617263140649,0.086734693877551,0.005,True,0.43,,,,,,,,,,,100.0,16.0,2.0,,,,,,,,,,,,
temi,siglip2,6,42,11.491338892999998,6.0,,,temi::siglip2::k6,6,364,794,0.2218496786811958,0.0744406655430793,3.74414519060505,164.76699629688298,0.3277986473957996,0.172868560288516,0.2570838399106132,0.3983248811789809,C:\CoolYeah\sokAktif\satria-data\garbage-classification\semifinal\results\k_resolution_sweep\20260927\fetch_0754\k-resolution-sweep-v1\temi\siglip2\k_06\seed_42\labels.npz,0.1169980295361327,0.7057888689390056,0.0958978005541524,0.9401927347221865,0.5404694073025026,1.0,,,76.4157653480658,0.1904761904761903,0.005,True,0.5499999999999999,,,,,,,,,,,100.0,16.0,2.0,,,,,,,,,,,,
temi,siglip2,8,42,13.154659981999998,8.0,,,temi::siglip2::k8,8,220,706,0.1972618049734562,0.0433565452694892,4.064139024119303,121.71625920062444,0.3319290090046475,0.179073119959889,0.2494741538555017,0.4218130992232388,C:\CoolYeah\sokAktif\satria-data\garbage-classification\semifinal\results\k_resolution_sweep\20260927\fetch_0754\k-resolution-sweep-v1\temi\siglip2\k_08\seed_42\labels.npz,0.147594419718111,0.6250659897526225,0.1072353557061773,0.9743082948355876,0.523267674875779,0.875,,,65.6859481028802,0.2729591836734694,0.005,True,0.425,,,,,,,,,,,100.0,16.0,2.0,,,,,,,,,,,,
temi,siglip2,10,42,12.040749573,10.0,,,temi::siglip2::k10,10,149,508,0.1419390891310422,0.0696712657809257,3.0181420979190827,148.55052654211366,0.4717615689274974,0.1943325035840196,0.2711703804053068,0.528354174086643,C:\CoolYeah\sokAktif\satria-data\garbage-classification\semifinal\results\k_resolution_sweep\20260927\fetch_0754\k-resolution-sweep-v1\temi\siglip2\k_10\seed_42\labels.npz,0.0906586285870482,0.7198466366770221,0.1000677012811165,1.3769150707234747,0.8098068099742697,0.9,,,86.88359882214621,0.3081632653061225,0.005,True,0.635,,,,,,,,,,,100.0,16.0,9.0,,,,,,,,,,,,
temi,siglip2,12,42,14.857587755,12.0,,,temi::siglip2::k12,12,73,446,0.1246158144733165,0.1054866164922714,2.7748244662016384,179.11617966478627,0.5027994419904324,0.2418188783130573,0.3391607228730529,0.5766601135809938,C:\CoolYeah\sokAktif\satria-data\garbage-classification\semifinal\results\k_resolution_sweep\20260927\fetch_0754\k-resolution-sweep-v1\temi\siglip2\k_12\seed_42\labels.npz,0.1763490170614412,0.5210913800092901,0.0942337952388203,1.6303475606904478,1.005718009170123,0.8333333333333334,,0.3112807726476684,119.11540136095954,0.3044217687074829,0.005,True,0.735,,,,,,,,,,,100.0,16.0,15.0,,,,,,,,,,,,
temi,siglip2,13,42,15.301876170000002,13.0,,,temi::siglip2::k13,13,37,515,0.1438949427214305,0.0669006928801536,3.5205832267280184,123.6356153517812,0.4251488619695584,0.2035740498700307,0.3111316960912413,0.4989065328455451,C:\CoolYeah\sokAktif\satria-data\garbage-classification\semifinal\results\k_resolution_sweep\20260927\fetch_0754\k-resolution-sweep-v1\temi\siglip2\k_13\seed_42\labels.npz,0.1689858523906215,0.5382435961196648,0.1112333029343919,1.2002954061353095,0.442489209663738,0.6153846153846154,,0.3000308269663434,70.96283709348997,0.0643642072213501,0.005,True,0.415,,,,,,,,,,,100.0,16.0,12.0,,,,,,,,,,,,
temi,siglip2,14,42,11.732452541,14.0,,,temi::siglip2::k14,14,83,463,0.1293657446214026,0.0903127267956733,2.733024278833088,152.3066195869985,0.5087234820727461,0.24688609229349,0.325237159268821,0.5722869228948159,C:\CoolYeah\sokAktif\satria-data\garbage-classification\semifinal\results\k_resolution_sweep\20260927\fetch_0754\k-resolution-sweep-v1\temi\siglip2\k_14\seed_42\labels.npz,0.1166637321335621,0.6385920038747079,0.106868427263906,1.6415466151446665,0.9451718252276068,0.7857142857142857,0.2225962496812959,0.2711072068631541,132.715760534223,0.282798833819242,0.005,False,,True,2.028868922474794,-0.2910624322625033,-62.61776752392885,0.032069970845481,-0.2219327315688133,-0.2907611912839437,-0.0417750796302378,FAIL,MULTI_RESOLUTION_ATLAS_SUPPORTED,100.0,16.0,3.0,,,,,,,,,,,,
temi,siglip2,15,42,12.312326828,15.0,,,temi::siglip2::k15,15,19,535,0.1494830958368259,0.0658247992396354,3.2262167663842165,115.09583818002776,0.503388463844638,0.2190527307018764,0.2738849441170124,0.5429193460292874,C:\CoolYeah\sokAktif\satria-data\garbage-classification\semifinal\results\k_resolution_sweep\20260927\fetch_0754\k-resolution-sweep-v1\temi\siglip2\k_15\seed_42\labels.npz,0.0621049515872014,0.7686004302904513,0.1107618944402297,1.525506345644181,0.9316269701904144,0.7333333333333333,,0.2788841611592362,148.34385211709142,0.1632653061224489,0.005,False,,,,,,,,,,,,100.0,16.0,0.0,,,,,,,,,,,,
temi,siglip2,16,42,12.104794717999994,16.0,,,temi::siglip2::k16,16,80,452,0.1262922604079351,0.0534314885735511,3.2829714132810968,109.5770900801105,0.4538199763436027,0.2237164859917979,0.2976546003639336,0.5245507889533498,C:\CoolYeah\sokAktif\satria-data\garbage-classification\semifinal\results\k_resolution_sweep\20260927\fetch_0754\k-resolution-sweep-v1\temi\siglip2\k_16\seed_42\labels.npz,0.0931507324364255,0.6877142478048288,0.0984599923147409,1.4275960527541551,0.7255785892498696,0.5625,,0.2730956488001607,111.18304807267292,0.044642857142857,0.005,True,0.51,,,,,,,,,,,100.0,16.0,9.0,,,,,,,,,,,,
temi,siglip2,18,42,11.34235030299999,18.0,,,temi::siglip2::k18,18,32,448,0.1251746297848561,0.0423016063868999,3.3141701178844034,115.34794682229756,0.507309962682231,0.2671846255529002,0.323062995107224,0.5549970627389964,C:\CoolYeah\sokAktif\satria-data\garbage-classification\semifinal\results\k_resolution_sweep\20260927\fetch_0754\k-resolution-sweep-v1\temi\siglip2\k_18\seed_42\labels.npz,0.1485851794916684,0.5464924813311167,0.1045984548279499,1.5736258723410057,0.7257980655844434,0.5,,,104.84351930769942,0.0068027210884354,0.005,True,0.42,,,,,,,,,,,100.0,16.0,4.0,,,,,,,,,,,,
temi,siglip2,20,42,12.606385501000004,20.0,,,temi::siglip2::k20,20,36,382,0.1067337245040514,0.0467095449566841,3.491259723478854,112.58838224250044,0.4953510672007537,0.2723468947546554,0.346088667030223,0.5752051219271768,C:\CoolYeah\sokAktif\satria-data\garbage-classification\semifinal\results\k_resolution_sweep\20260927\fetch_0754\k-resolution-sweep-v1\temi\siglip2\k_20\seed_42\labels.npz,0.1554380567588978,0.5170400328594583,0.0941549614861803,1.621670981098334,0.8892591466081645,0.55,,,121.94153601961548,0.1153061224489797,0.005,True,0.595,,,,,,,,,,,100.0,16.0,6.0,,,,,,,,,,,,
temi,siglip2,22,42,11.327249999000005,22.0,,,temi::siglip2::k22,22,29,429,0.1198658843252305,0.0934612601995468,3.142549048755919,112.68643955447058,0.4914139678972239,0.2319621424995617,0.3253179703328314,0.5899665389621677,C:\CoolYeah\sokAktif\satria-data\garbage-classification\semifinal\results\k_resolution_sweep\20260927\fetch_0754\k-resolution-sweep-v1\temi\siglip2\k_22\seed_42\labels.npz,0.1453814275101529,0.5384784949399696,0.1114289681988612,1.5854387121614912,0.8458421414342796,0.5,,,123.65553071848488,0.069573283858998,0.005,True,0.6849999999999998,,,,,,,,,,,100.0,16.0,7.0,,,,,,,,,,,,
temi,siglip2,24,42,14.095006159999995,24.0,,,temi::siglip2::k24,24,19,464,0.1296451522771723,0.0801190137863159,2.908364234877332,120.57540391619216,0.5474539925927491,0.2638944888024985,0.3030852237652392,0.6138229959666544,C:\CoolYeah\sokAktif\satria-data\garbage-classification\semifinal\results\k_resolution_sweep\20260927\fetch_0754\k-resolution-sweep-v1\temi\siglip2\k_24\seed_42\labels.npz,0.1291380749073102,0.5747483115193461,0.1119160344532542,1.839087603411284,1.112241745894433,0.4583333333333333,,,159.98571426757303,0.0765306122448979,0.005,False,,,,,,,,,,,,100.0,16.0,9.0,,,,,,,,,,,,
turtle,mb4,4,42,116.602144253,4.0,6000.0,A10,turtle::mb4::k4,4,775,984,0.2749371332774518,0.1539095491170883,2.2742167569073404,365.6197566201476,0.5189790205535757,0.2443890250513751,0.4105096895768771,0.6009224307084288,C:\CoolYeah\sokAktif\satria-data\garbage-classification\semifinal\results\k_resolution_sweep\20260927\fetch_0754\k-resolution-sweep-v1\turtle\mb4\k_04\seed_42\labels.npz,0.13058833542124,0.7183818217608735,0.1105615419340909,1.2203249104631184,0.4074225769958272,1.0,,,80.8850726746843,0.1938775510204081,0.005,True,0.35,,,,,,,,,,,,,,,,,,,,,,,,,
turtle,mb4,6,42,107.02536439,6.0,6000.0,A10,turtle::mb4::k6,6,544,642,0.1793797150041911,0.1791613698005676,2.1769417474488963,337.80826889930813,0.6052059827032589,0.2828315441118395,0.3504214565247634,0.7271268367364275,C:\CoolYeah\sokAktif\satria-data\garbage-classification\semifinal\results\k_resolution_sweep\20260927\fetch_0754\k-resolution-sweep-v1\turtle\mb4\k_06\seed_42\labels.npz,0.0994873510176563,0.7342861137990387,0.1157996871349082,1.4150922242473976,0.4749063076870373,1.0,,,95.09517727135945,0.3435374149659864,0.005,True,0.4900000000000001,,,,,,,,,,,,,,,,,,,,,,,,,
turtle,mb4,8,42,111.160707453,8.0,6000.0,A10,turtle::mb4::k8,8,302,569,0.158982956132998,0.2251206040382385,1.8052801888701744,370.0432938054008,0.6764939721742658,0.3375997322944585,0.4552084471428919,0.8074824743514272,C:\CoolYeah\sokAktif\satria-data\garbage-classification\semifinal\results\k_resolution_sweep\20260927\fetch_0754\k-resolution-sweep-v1\turtle\mb4\k_08\seed_42\labels.npz,0.1672190589210143,0.5836651588905468,0.1124348766342278,1.6779874143453242,0.6074996562219259,1.0,,,120.31544651354916,0.3775510204081632,0.005,True,0.4649999999999999,,,,,,,,,,,,,,,,,,,,,,,,,
turtle,mb4,10,42,102.478014283,10.0,6000.0,A10,turtle::mb4::k10,10,239,487,0.136071528359877,0.2443422377109527,1.707588556826808,356.82757610723974,0.6839874259866335,0.3339158447165101,0.4462638436888991,0.8216996069496576,C:\CoolYeah\sokAktif\satria-data\garbage-classification\semifinal\results\k_resolution_sweep\20260927\fetch_0754\k-resolution-sweep-v1\turtle\mb4\k_10\seed_42\labels.npz,0.1604859785777453,0.5708098174683561,0.1108301555904484,1.978652037673904,1.1014566030473008,0.9,,0.8694842100081829,150.61287883260408,0.3040816326530612,0.005,True,0.56,,,,,,,,,,,,,,,,,,,,,,,,,
turtle,mb4,11,42,113.40113837899996,11.0,6000.0,A10,turtle::mb4::k11,11,230,444,0.124056999161777,0.2667522430419922,1.5914717727452916,374.2267674662176,0.7168229730750877,0.3670605204900402,0.4388518957183677,0.8699781727758563,C:\CoolYeah\sokAktif\satria-data\garbage-classification\semifinal\results\k_resolution_sweep\20260927\fetch_0754\k-resolution-sweep-v1\turtle\mb4\k_11\seed_42\labels.npz,0.1563920245974346,0.5677113597329005,0.1123024027017679,2.133162037974531,1.4302337064560515,0.8181818181818182,,0.8036679139811793,167.98522776672485,0.2170686456400743,0.005,True,0.5599999999999999,,,,,,,,,,,,,,,,,,,,,,,,,
turtle,mb4,12,42,110.33871455199996,12.0,6000.0,A10,turtle::mb4::k12,12,241,450,0.1257334450963956,0.2479624450206756,1.906652400426015,367.6578281065517,0.7323475624882083,0.3583063852182092,0.3995107598108696,0.8894766033985065,C:\CoolYeah\sokAktif\satria-data\garbage-classification\semifinal\results\k_resolution_sweep\20260927\fetch_0754\k-resolution-sweep-v1\turtle\mb4\k_12\seed_42\labels.npz,0.1622003001174991,0.5452579987003724,0.1072737639488474,2.0852126248990666,1.2949214615396163,0.8333333333333334,0.939699726265908,0.7983460730908152,162.04012489613373,0.2789115646258503,0.005,True,0.57,True,2.121424472548776,-0.1985068821885214,-33.29340316201811,0.0281827016520893,-0.064283013343811,-0.0671371108684815,0.0037614883536991,FAIL,MULTI_RESOLUTION_ATLAS_SUPPORTED,,,,,,,,,,,,,,,
turtle,mb4,13,42,112.54685195800003,13.0,6000.0,A10,turtle::mb4::k13,13,179,324,0.0905280804694048,0.2695576846599579,1.814313948532674,388.7247973512583,0.7652204468800631,0.3965824394196274,0.4287061354115417,0.927868713764318,C:\CoolYeah\sokAktif\satria-data\garbage-classification\semifinal\results\k_resolution_sweep\20260927\fetch_0754\k-resolution-sweep-v1\turtle\mb4\k_13\seed_42\labels.npz,0.1573818096701187,0.5463718632540779,0.1060263349220454,2.289606523833551,1.5693175127866648,0.8461538461538461,,0.8597931037334953,187.2574605258773,0.2998430141287284,0.005,True,0.6949999999999998,,,,,,,,,,,,,,,,,,,,,,,,,
turtle,mb4,14,42,103.337757175,14.0,6000.0,A10,turtle::mb4::k14,14,148,319,0.089131042190556,0.2643973529338836,1.8989438486873464,364.7916997070442,0.7545615013023129,0.4027162220557912,0.4278491680334415,0.9008339426017292,C:\CoolYeah\sokAktif\satria-data\garbage-classification\semifinal\results\k_resolution_sweep\20260927\fetch_0754\k-resolution-sweep-v1\turtle\mb4\k_14\seed_42\labels.npz,0.1584119769131401,0.5367789897697802,0.1014745033790702,2.264451372312014,1.540990769879783,0.7857142857142857,,0.8713645778424687,190.60287199302428,0.2565597667638484,0.005,True,0.7250000000000001,,,,,,,,,,,,,,,,,,,,,,,,,
turtle,mb4,16,42,116.079003215,16.0,6000.0,A10,turtle::mb4::k16,16,84,315,0.0880134115674769,0.2419151216745376,1.9415062952001496,325.8957440964236,0.7527886299458304,0.3937454022312613,0.4209738103281179,0.8773345534319897,C:\CoolYeah\sokAktif\satria-data\garbage-classification\semifinal\results\k_resolution_sweep\20260927\fetch_0754\k-resolution-sweep-v1\turtle\mb4\k_16\seed_42\labels.npz,0.151712519479301,0.5431618330647016,0.104015922708519,2.2837010490124903,1.5521946104587407,0.6875,,,179.17166284334397,0.1798469387755101,0.005,True,0.5449999999999999,,,,,,,,,,,,,,,,,,,,,,,,,
turtle,mb4,18,42,102.98916221499996,18.0,6000.0,A10,turtle::mb4::k18,18,66,306,0.085498742665549,0.2021267563104629,2.1310189898130467,300.0991855857489,0.7343974066876806,0.3843056189553328,0.4242067721925281,0.8699689423366876,C:\CoolYeah\sokAktif\satria-data\garbage-classification\semifinal\results\k_resolution_sweep\20260927\fetch_0754\k-resolution-sweep-v1\turtle\mb4\k_18\seed_42\labels.npz,0.165466004914398,0.4962305361066478,0.0949840140591585,2.3039097135444697,1.572341181556417,0.5555555555555556,,,200.22781081011752,0.0986394557823129,0.005,True,0.54,,,,,,,,,,,,,,,,,,,,,,,,,
turtle,mb4,20,42,118.033508601,20.0,6000.0,A10,turtle::mb4::k20,20,7,328,0.0916457110924839,0.2287154495716095,2.03558567010991,289.5998526421218,0.7475445014430783,0.3934157832728587,0.4054264759927895,0.8404970973205128,C:\CoolYeah\sokAktif\satria-data\garbage-classification\semifinal\results\k_resolution_sweep\20260927\fetch_0754\k-resolution-sweep-v1\turtle\mb4\k_20\seed_42\labels.npz,0.1556117578403589,0.5159460046229234,0.1038743455497382,2.365332420660351,1.6118415402080402,0.55,,,192.34725353906543,0.1122448979591837,0.005,False,,,,,,,,,,,,,,,,,,,,,,,,,,
turtle,mb4,22,42,105.63935564099997,22.0,6000.0,A10,turtle::mb4::k22,22,22,289,0.0807488125174629,0.2069424390792846,2.103137635293812,277.22621148646004,0.7375716067909146,0.3759595702674592,0.4085667746866933,0.8197366951699744,C:\CoolYeah\sokAktif\satria-data\garbage-classification\semifinal\results\k_resolution_sweep\20260927\fetch_0754\k-resolution-sweep-v1\turtle\mb4\k_22\seed_42\labels.npz,0.152372170420942,0.5098990670553154,0.1022089267520756,2.39506291956767,1.6918203584572962,0.5,,,211.72601799962385,0.0769944341372912,0.005,False,,,,,,,,,,,,,,,,,,,,,,,,,,
turtle,mb4,24,42,118.134384995,24.0,6000.0,A10,turtle::mb4::k24,24,1,302,0.0843811120424699,0.1758257299661636,2.2625387757732014,257.1543905445803,0.7390029228397607,0.3751717723542312,0.4090505038089961,0.823942201057353,C:\CoolYeah\sokAktif\satria-data\garbage-classification\semifinal\results\k_resolution_sweep\20260927\fetch_0754\k-resolution-sweep-v1\turtle\mb4\k_24\seed_42\labels.npz,0.1538656918077653,0.4991310987933635,0.1026099392205935,2.404972345144864,1.7058910065837731,0.5,,,186.03216665416392,0.102891156462585,0.005,False,,,,,,,,,,,,,,,,,,,,,,,,,,
turtle,mb8,4,42,188.649723886,4.0,6000.0,A10,turtle::mb8::k4,4,851,957,0.2673931265716681,0.1511662155389785,2.2880064560942497,358.27541088881367,0.5084004786452738,0.2283266528816451,0.3707145993044584,0.5830060187938377,C:\CoolYeah\sokAktif\satria-data\garbage-classification\semifinal\results\k_resolution_sweep\20260927\fetch_0754\k-resolution-sweep-v1\turtle\mb8\k_04\seed_42\labels.npz,0.1267944750147125,0.7236479881346302,0.1120294389672747,1.196707623485881,0.4543177644012027,1.0,,,80.95315152566742,0.1479591836734693,0.005,True,0.3431818181818181,,,,,,,,,,,,,,,,,,,,,,,,,
turtle,mb8,6,42,176.499226663,6.0,6000.0,A10,turtle::mb8::k6,6,504,709,0.1981000279407656,0.1843679398298263,2.152040832966138,347.9933595075843,0.6198886671843192,0.3019302611642906,0.3752882067056914,0.7484734511118512,C:\CoolYeah\sokAktif\satria-data\garbage-classification\semifinal\results\k_resolution_sweep\20260927\fetch_0754\k-resolution-sweep-v1\turtle\mb8\k_06\seed_42\labels.npz,0.1182512348909256,0.7018974953187795,0.1146095964037916,1.408141281325646,0.5150588661740365,1.0,,,94.59641529686895,0.3197278911564625,0.005,True,0.4840909090909091,,,,,,,,,,,,,,,,,,,,,,,,,
turtle,mb8,8,42,186.328051279,8.0,6000.0,A10,turtle::mb8::k8,8,302,562,0.1570271025426096,0.2261850982904434,1.799066733149869,371.5254117197316,0.6805975677281918,0.3357282455325538,0.4478257457233341,0.8180667683084275,C:\CoolYeah\sokAktif\satria-data\garbage-classification\semifinal\results\k_resolution_sweep\20260927\fetch_0754\k-resolution-sweep-v1\turtle\mb8\k_08\seed_42\labels.npz,0.1631913256907011,0.5917013660569401,0.1132609165373509,1.6945796600431329,0.6196580895434282,1.0,,,119.21327319581786,0.375,0.005,True,0.4613636363636363,,,,,,,,,,,,,,,,,,,,,,,,,
turtle,mb8,10,42,172.221499164,10.0,6000.0,A10,turtle::mb8::k10,10,267,469,0.1310421905560212,0.2472974509000778,1.7214537960030742,360.7153974527265,0.6914708387419284,0.3347488837793954,0.4347801793944902,0.8360826748465678,C:\CoolYeah\sokAktif\satria-data\garbage-classification\semifinal\results\k_resolution_sweep\20260927\fetch_0754\k-resolution-sweep-v1\turtle\mb8\k_10\seed_42\labels.npz,0.1530932434421153,0.5861835979190719,0.1115564462257849,1.9924499594189329,1.1116978174882683,0.9,,0.8409833020243759,143.1576323361091,0.2673469387755103,0.005,True,0.5172727272727272,,,,,,,,,,,,,,,,,,,,,,,,,
turtle,mb8,11,42,187.632795995,11.0,6000.0,A10,turtle::mb8::k11,11,233,472,0.1318804135233305,0.2774751484394073,1.5910791863101672,395.1688312610264,0.7450323397328056,0.3763227988875611,0.4172777744488682,0.8816553499552733,C:\CoolYeah\sokAktif\satria-data\garbage-classification\semifinal\results\k_resolution_sweep\20260927\fetch_0754\k-resolution-sweep-v1\turtle\mb8\k_11\seed_42\labels.npz,0.1586213630590438,0.564076903841938,0.1100240640656436,2.108035363175743,1.3047898794959196,0.9090909090909092,,0.8265198878358306,166.99151046384583,0.3116883116883117,0.005,True,0.5709090909090909,,,,,,,,,,,,,,,,,,,,,,,,,
turtle,mb8,12,42,185.057662449,12.0,6000.0,A10,turtle::mb8::k12,12,232,413,0.1153953618329142,0.2543066442012787,1.7960897743223432,366.80393907497074,0.7294715924159688,0.3580757533426869,0.3973197082866977,0.8931337770285974,C:\CoolYeah\sokAktif\satria-data\garbage-classification\semifinal\results\k_resolution_sweep\20260927\fetch_0754\k-resolution-sweep-v1\turtle\mb8\k_12\seed_42\labels.npz,0.1591959823965575,0.5515082441415524,0.1078947903740922,2.1018609767121355,1.3110621787210055,0.8333333333333334,0.9526519062437012,0.8480387306243098,172.5109734342073,0.2653061224489795,0.005,True,0.6972727272727273,True,2.1317483475053933,-0.1881830072319039,-22.82255462394454,0.0145772594752185,-0.057938814163208,-0.070013080940721,0.0007571706327575,FAIL,MULTI_RESOLUTION_ATLAS_SUPPORTED,,,,,,,,,,,,,,,
turtle,mb8,13,42,187.547005488,13.0,6000.0,A10,turtle::mb8::k13,13,230,328,0.0916457110924839,0.270980954170227,1.7001542132698424,392.59443176251375,0.7675687984972771,0.3955443657377325,0.4301726021179041,0.938023852644273,C:\CoolYeah\sokAktif\satria-data\garbage-classification\semifinal\results\k_resolution_sweep\20260927\fetch_0754\k-resolution-sweep-v1\turtle\mb8\k_13\seed_42\labels.npz,0.1564105469884018,0.5481286576934258,0.1067200801201802,2.2947290687462445,1.5773644067615595,0.8461538461538461,,0.848072955415555,188.62204602054803,0.2982731554160125,0.005,True,0.7227272727272727,,,,,,,,,,,,,,,,,,,,,,,,,
turtle,mb8,14,42,173.213501394,14.0,6000.0,A10,turtle::mb8::k14,14,182,310,0.0866163732886281,0.2743614614009857,1.6871622474310326,385.0498851424488,0.782073876887598,0.3994382956264219,0.4198222300025244,0.8958194850778702,C:\CoolYeah\sokAktif\satria-data\garbage-classification\semifinal\results\k_resolution_sweep\20260927\fetch_0754\k-resolution-sweep-v1\turtle\mb8\k_14\seed_42\labels.npz,0.1598286611346751,0.5323093981827532,0.1070951281739764,2.3507449866906662,1.6324734247806651,0.7857142857142857,,0.8317275669179528,195.883038954694,0.2769679300291545,0.005,True,0.6554545454545454,,,,,,,,,,,,,,,,,,,,,,,,,
turtle,mb8,16,42,187.01087776000008,16.0,6000.0,A10,turtle::mb8::k16,16,103,292,0.0815870354847722,0.2314149737358093,2.064191367366524,330.10537005992404,0.7415868135763691,0.3909458818494793,0.4173346955160201,0.8775940663486479,C:\CoolYeah\sokAktif\satria-data\garbage-classification\semifinal\results\k_resolution_sweep\20260927\fetch_0754\k-resolution-sweep-v1\turtle\mb8\k_16\seed_42\labels.npz,0.1667252037879932,0.5023250284678652,0.1000209467951403,2.27943486273372,1.5560377060484374,0.625,,,166.42896005982334,0.1517857142857143,0.005,True,0.4204545454545454,,,,,,,,,,,,,,,,,,,,,,,,,
turtle,mb8,18,42,176.30645082499996,18.0,6000.0,A10,turtle::mb8::k18,18,72,297,0.0829840737636211,0.2385421097278595,1.9358496690852496,312.96081357731146,0.7629583481116204,0.3924736651544677,0.4011698381491684,0.8417800974795481,C:\CoolYeah\sokAktif\satria-data\garbage-classification\semifinal\results\k_resolution_sweep\20260927\fetch_0754\k-resolution-sweep-v1\turtle\mb8\k_18\seed_42\labels.npz,0.1451898654602589,0.5466488481724526,0.1061580979304234,2.357702076659918,1.6308017786353886,0.6111111111111112,,,209.93212801641212,0.1224489795918368,0.005,True,0.6249999999999999,,,,,,,,,,,,,,,,,,,,,,,,,
turtle,mb8,20,42,187.712371134,20.0,6000.0,A10,turtle::mb8::k20,20,6,293,0.081866443140542,0.2234924733638763,2.0083473486856662,287.37189330065434,0.7589651726778426,0.3804585518292916,0.4079114456309186,0.8289125060506549,C:\CoolYeah\sokAktif\satria-data\garbage-classification\semifinal\results\k_resolution_sweep\20260927\fetch_0754\k-resolution-sweep-v1\turtle\mb8\k_20\seed_42\labels.npz,0.154374328638819,0.5203038191142615,0.1025058863101244,2.390051453564546,1.7128534164466016,0.55,,,173.74871929106266,0.1,0.005,False,,,,,,,,,,,,,,,,,,,,,,,,,,
turtle,mb8,22,42,179.3904804440001,22.0,6000.0,A10,turtle::mb8::k22,22,36,274,0.0765576976809164,0.1989554911851883,2.1442968263125093,282.9676035382357,0.7497771211924265,0.3821569218645818,0.4112766013679754,0.8304457692296212,C:\CoolYeah\sokAktif\satria-data\garbage-classification\semifinal\results\k_resolution_sweep\20260927\fetch_0754\k-resolution-sweep-v1\turtle\mb8\k_22\seed_42\labels.npz,0.1627577766631062,0.4819327042330511,0.10148849797023,2.4055722068394654,1.6908883938545554,0.5454545454545454,,,195.72930911217955,0.1363636363636363,0.005,True,0.5022727272727272,,,,,,,,,,,,,,,,,,,,,,,,,
turtle,mb8,24,42,190.57794831800004,24.0,6000.0,A10,turtle::mb8::k24,24,14,271,0.0757194747136071,0.1736924648284912,2.6360169512336475,261.6072053114827,0.7426942227431281,0.3714534223726116,0.3948394065641139,0.8302441505574891,C:\CoolYeah\sokAktif\satria-data\garbage-classification\semifinal\results\k_resolution_sweep\20260927\fetch_0754\k-resolution-sweep-v1\turtle\mb8\k_24\seed_42\labels.npz,0.149573316120564,0.5112255098408351,0.098869557537755,2.402486999529838,1.679689892179708,0.4583333333333333,,,177.70282765896775,0.0535714285714286,0.005,False,,,,,,,,,,,,,,,,,,,,,,,,,,
