candidate,cluster,size,top_concept,top_label_id,lens,mean_z,second_mean_z,margin
turtle::mb8::k24,0,121,phone_tablet,ponsel dan tablet,function,2.22320556640625,0.5890107750892639,1.6341948509216309
turtle::mb8::k24,1,143,battery,baterai dan aki,function,2.7736175060272217,0.9186790585517883,1.8549385070800781
turtle::mb8::k24,2,213,laptop,laptop,function,2.849470376968384,0.6856677532196045,2.1638026237487793
turtle::mb8::k24,3,105,washing_machine,mesin cuci,function,2.8734524250030518,0.9868254661560059,1.886626958847046
turtle::mb8::k24,4,147,desktop,komputer desktop,function,2.4335765838623047,1.5049113035202026,0.928665280342102
turtle::mb8::k24,5,147,printer,printer dan mesin fotokopi,function,3.0249664783477783,1.001389741897583,2.0235767364501953
turtle::mb8::k24,6,271,input_peripheral,perangkat input komputer,function,2.1009140014648438,0.6492903232574463,1.4516236782073975
turtle::mb8::k24,7,236,audio,perangkat audio,function,3.0798895359039307,0.5694529414176941,2.510436534881592
turtle::mb8::k24,8,177,phone_tablet,ponsel dan tablet,function,2.304448366165161,0.555945634841919,1.7485027313232422
turtle::mb8::k24,9,167,washing_machine,mesin cuci,function,3.068233013153076,0.9569147825241089,2.1113181114196777
turtle::mb8::k24,10,144,battery,baterai dan aki,function,2.7158288955688477,1.0273100137710571,1.6885188817977905
turtle::mb8::k24,11,245,display,televisi dan monitor,function,0.503038763999939,0.46133649349212646,0.0417022705078125
turtle::mb8::k24,12,14,phone_tablet,ponsel dan tablet,function,2.309828519821167,0.8639065027236938,1.4459220170974731
turtle::mb8::k24,13,159,phone_tablet,ponsel dan tablet,function,2.116062641143799,0.644676148891449,1.471386432647705
turtle::mb8::k24,14,176,cooking_appliance,peralatan memasak listrik,function,3.0386688709259033,0.6174161434173584,2.421252727508545
turtle::mb8::k24,15,151,display,televisi dan monitor,function,2.265526056289673,0.595687210559845,1.6698389053344727
turtle::mb8::k24,16,243,input_peripheral,perangkat input komputer,function,1.8984216451644897,1.112517237663269,0.7859044075012207
turtle::mb8::k24,17,16,input_peripheral,perangkat input komputer,function,2.006715774536133,1.0278400182724,0.9788757562637329
turtle::mb8::k24,18,21,input_peripheral,perangkat input komputer,function,1.6996071338653564,1.0897020101547241,0.6099051237106323
turtle::mb8::k24,19,149,display,televisi dan monitor,function,2.4876856803894043,0.6215492486953735,1.8661364316940308
turtle::mb8::k24,20,114,printer,printer dan mesin fotokopi,function,3.0484676361083984,0.2516838312149048,2.796783924102783
turtle::mb8::k24,21,206,electronic_component,komponen elektronik,function,2.662188768386841,0.40262898802757263,2.2595598697662354
turtle::mb8::k24,22,69,cooking_appliance,peralatan memasak listrik,function,2.506742000579834,0.6332530975341797,1.8734889030456543
turtle::mb8::k24,23,145,electronic_component,komponen elektronik,function,1.9077832698822021,0.4539419710636139,1.4538413286209106
turtle::mb8::k22,0,116,phone_tablet,ponsel dan tablet,function,2.176694869995117,0.6684768795967102,1.5082180500030518
turtle::mb8::k22,1,245,input_peripheral,perangkat input komputer,function,2.144953489303589,0.6603337526321411,1.4846197366714478
turtle::mb8::k22,2,57,input_peripheral,perangkat input komputer,function,1.7452470064163208,0.736062228679657,1.0091848373413086
turtle::mb8::k22,3,138,desktop,komputer desktop,function,2.4219820499420166,1.6402822732925415,0.7816997766494751
turtle::mb8::k22,4,65,phone_tablet,ponsel dan tablet,function,2.3030009269714355,0.36534184217453003,1.9376590251922607
turtle::mb8::k22,5,209,electronic_component,komponen elektronik,function,2.556225538253784,0.43232375383377075,2.123901844024658
turtle::mb8::k22,6,151,display,televisi dan monitor,function,2.4822795391082764,0.5842175483703613,1.898061990737915
turtle::mb8::k22,7,154,cooking_appliance,peralatan memasak listrik,function,3.001059055328369,0.6091479063034058,2.391911029815674
turtle::mb8::k22,8,36,camera,kamera,function,1.7078578472137451,0.8018839359283447,0.9059739112854004
turtle::mb8::k22,9,100,cooking_appliance,peralatan memasak listrik,function,2.5215249061584473,0.632781445980072,1.8887434005737305
turtle::mb8::k22,10,162,input_peripheral,perangkat input komputer,function,1.8699477910995483,0.8913267254829407,0.9786210656166077
turtle::mb8::k22,11,252,printer,printer dan mesin fotokopi,function,3.0988118648529053,0.6473637819290161,2.4514479637145996
turtle::mb8::k22,12,246,display,televisi dan monitor,function,0.451495498418808,0.4373113214969635,0.014184176921844482
turtle::mb8::k22,13,242,audio,perangkat audio,function,3.0273756980895996,0.5548088550567627,2.472566843032837
turtle::mb8::k22,14,113,input_peripheral,perangkat input komputer,function,1.783185601234436,1.583052635192871,0.20013296604156494
turtle::mb8::k22,15,168,washing_machine,mesin cuci,function,3.0696868896484375,0.9563281536102295,2.113358736038208
turtle::mb8::k22,16,145,electronic_component,komponen elektronik,function,2.0090103149414062,0.3923666775226593,1.6166436672210693
turtle::mb8::k22,17,215,laptop,laptop,function,2.8396430015563965,0.6787923574447632,2.1608505249023438
turtle::mb8::k22,18,113,washing_machine,mesin cuci,function,2.735158681869507,0.9687104225158691,1.7664482593536377
turtle::mb8::k22,19,274,phone_tablet,ponsel dan tablet,function,2.253735303878784,0.6038140654563904,1.649921178817749
turtle::mb8::k22,20,151,display,televisi dan monitor,function,2.2573275566101074,0.5786523818969727,1.6786751747131348
turtle::mb8::k22,21,227,battery,baterai dan aki,function,3.300600528717041,0.9158539175987244,2.384746551513672
turtle::mb8::k20,0,40,phone_tablet,ponsel dan tablet,function,2.020874500274658,0.6806825399398804,1.3401919603347778
turtle::mb8::k20,1,118,washing_machine,mesin cuci,function,2.6739721298217773,0.9721272587776184,1.7018449306488037
turtle::mb8::k20,2,17,cooking_appliance,peralatan memasak listrik,function,2.0724635124206543,0.5118389129638672,1.560624599456787
turtle::mb8::k20,3,169,display,televisi dan monitor,function,2.2050318717956543,0.47738969326019287,1.7276421785354614
turtle::mb8::k20,4,6,phone_tablet,ponsel dan tablet,function,1.7326668500900269,0.4775036871433258,1.2551631927490234
turtle::mb8::k20,5,280,desktop,komputer desktop,function,0.43099597096443176,0.34535568952560425,0.08564028143882751
turtle::mb8::k20,6,172,desktop,komputer desktop,function,2.3091623783111572,0.9433800578117371,1.3657822608947754
turtle::mb8::k20,7,293,phone_tablet,ponsel dan tablet,function,2.3091001510620117,0.5760956406593323,1.7330045700073242
turtle::mb8::k20,8,198,input_peripheral,perangkat input komputer,function,2.0822298526763916,0.5278975367546082,1.5543322563171387
turtle::mb8::k20,9,169,washing_machine,mesin cuci,function,3.048964023590088,0.9473861455917358,2.1015777587890625
turtle::mb8::k20,10,240,cooking_appliance,peralatan memasak listrik,function,2.83385968208313,0.6426346898078918,2.191225051879883
turtle::mb8::k20,11,103,input_peripheral,perangkat input komputer,function,2.0837786197662354,0.9959677457809448,1.0878108739852905
turtle::mb8::k20,12,160,phone_tablet,ponsel dan tablet,function,1.758191704750061,0.902267575263977,0.855924129486084
turtle::mb8::k20,13,221,laptop,laptop,function,2.8304851055145264,0.6891183853149414,2.141366720199585
turtle::mb8::k20,14,230,battery,baterai dan aki,function,3.272449016571045,0.9149980545043945,2.3574509620666504
turtle::mb8::k20,15,287,electronic_component,komponen elektronik,function,2.5346221923828125,0.3150023818016052,2.2196197509765625
turtle::mb8::k20,16,171,display,televisi dan monitor,function,2.4691414833068848,0.8110737204551697,1.6580677032470703
turtle::mb8::k20,17,245,audio,perangkat audio,function,3.0198585987091064,0.5526543855667114,2.4672040939331055
turtle::mb8::k20,18,252,printer,printer dan mesin fotokopi,function,3.0988118648529053,0.6473637819290161,2.4514479637145996
turtle::mb8::k20,19,208,input_peripheral,perangkat input komputer,function,1.8878953456878662,0.9882665872573853,0.899628758430481
turtle::mb8::k18,0,72,phone_tablet,ponsel dan tablet,function,1.9928689002990723,0.41979071497917175,1.5730781555175781
turtle::mb8::k18,1,252,printer,printer dan mesin fotokopi,function,3.0988118648529053,0.6473637819290161,2.4514479637145996
turtle::mb8::k18,2,263,input_peripheral,perangkat input komputer,function,1.8633975982666016,1.1906378269195557,0.6727597713470459
turtle::mb8::k18,3,77,cooking_appliance,peralatan memasak listrik,function,2.055828809738159,0.5738216638565063,1.4820071458816528
turtle::mb8::k18,4,198,display,televisi dan monitor,function,2.248105525970459,0.4867182970046997,1.7613872289657593
turtle::mb8::k18,5,238,display,televisi dan monitor,function,2.0989110469818115,1.6734297275543213,0.42548131942749023
turtle::mb8::k18,6,223,laptop,laptop,function,2.8172121047973633,0.6852887272834778,2.1319234371185303
turtle::mb8::k18,7,172,washing_machine,mesin cuci,function,3.045091390609741,0.9614976644515991,2.0835938453674316
turtle::mb8::k18,8,297,phone_tablet,ponsel dan tablet,function,2.3019771575927734,0.5672765970230103,1.7347005605697632
turtle::mb8::k18,9,187,input_peripheral,perangkat input komputer,function,2.225379228591919,0.6414543986320496,1.5839247703552246
turtle::mb8::k18,10,291,desktop,komputer desktop,function,0.45180460810661316,0.3577951192855835,0.09400948882102966
turtle::mb8::k18,11,235,battery,baterai dan aki,function,3.2271790504455566,0.8943796157836914,2.3327994346618652
turtle::mb8::k18,12,119,input_peripheral,perangkat input komputer,function,1.7891863584518433,0.7177879810333252,1.071398377418518
turtle::mb8::k18,13,128,washing_machine,mesin cuci,function,2.461942434310913,0.9046253561973572,1.5573170185089111
turtle::mb8::k18,14,107,phone_tablet,ponsel dan tablet,function,2.037565231323242,0.9219640493392944,1.1156011819839478
turtle::mb8::k18,15,246,audio,perangkat audio,function,3.012145519256592,0.5500774383544922,2.4620680809020996
turtle::mb8::k18,16,291,electronic_component,komponen elektronik,function,2.5288279056549072,0.3014894425868988,2.2273385524749756
turtle::mb8::k18,17,183,cooking_appliance,peralatan memasak listrik,function,3.039142608642578,0.6142509579658508,2.424891710281372
turtle::mb8::k16,0,272,input_peripheral,perangkat input komputer,function,1.8405447006225586,1.176340937614441,0.6642037630081177
turtle::mb8::k16,1,250,display,televisi dan monitor,function,0.6255155801773071,0.5553551912307739,0.0701603889465332
turtle::mb8::k16,2,266,washing_machine,mesin cuci,function,3.027038335800171,0.9693235158920288,2.0577149391174316
turtle::mb8::k16,3,271,display,televisi dan monitor,function,2.43894362449646,0.3822128176689148,2.0567307472229004
turtle::mb8::k16,4,170,electronic_component,komponen elektronik,function,1.3863606452941895,0.46481308341026306,0.921547532081604
turtle::mb8::k16,5,203,phone_tablet,ponsel dan tablet,function,2.29182505607605,0.6191829442977905,1.6726421117782593
turtle::mb8::k16,6,237,cooking_appliance,peralatan memasak listrik,function,2.936947822570801,0.6235799789428711,2.3133678436279297
turtle::mb8::k16,7,138,phone_tablet,ponsel dan tablet,function,2.2381157875061035,0.5005298852920532,1.7375859022140503
turtle::mb8::k16,8,249,audio,perangkat audio,function,2.9474921226501465,0.5902068018913269,2.357285261154175
turtle::mb8::k16,9,257,printer,printer dan mesin fotokopi,function,3.0696566104888916,0.6442676782608032,2.425388813018799
turtle::mb8::k16,10,172,phone_tablet,ponsel dan tablet,function,1.6919293403625488,0.5558322072029114,1.1360971927642822
turtle::mb8::k16,11,103,input_peripheral,perangkat input komputer,function,1.6416094303131104,0.6018756628036499,1.0397337675094604
turtle::mb8::k16,12,252,electronic_component,komponen elektronik,function,2.466722249984741,0.39612993597984314,2.0705924034118652
turtle::mb8::k16,13,240,battery,baterai dan aki,function,3.1603424549102783,0.8617969751358032,2.2985453605651855
turtle::mb8::k16,14,207,input_peripheral,perangkat input komputer,function,2.217257499694824,0.6648164391517639,1.552441120147705
turtle::mb8::k16,15,292,laptop,laptop,function,1.7366869449615479,1.482306718826294,0.2543802261352539
turtle::mb8::k14,0,266,washing_machine,mesin cuci,function,3.0317955017089844,0.9687855839729309,2.0630099773406982
turtle::mb8::k14,1,303,electronic_component,komponen elektronik,function,2.4648945331573486,0.3064197599887848,2.1584746837615967
turtle::mb8::k14,2,256,battery,baterai dan aki,function,3.0067455768585205,0.8541417717933655,2.1526038646698
turtle::mb8::k14,3,259,printer,printer dan mesin fotokopi,function,3.056065082550049,0.6497582793235779,2.406306743621826
turtle::mb8::k14,4,182,phone_tablet,ponsel dan tablet,function,2.14359188079834,0.5050562024116516,1.638535737991333
turtle::mb8::k14,5,226,laptop,laptop,function,2.785470724105835,0.6694118976593018,2.116058826446533
turtle::mb8::k14,6,259,input_peripheral,perangkat input komputer,function,1.8753596544265747,1.1885730028152466,0.6867866516113281
turtle::mb8::k14,7,241,cooking_appliance,peralatan memasak listrik,function,2.9044430255889893,0.6217660307884216,2.282676935195923
turtle::mb8::k14,8,192,desktop,komputer desktop,function,1.93120276927948,1.898269772529602,0.03293299674987793
turtle::mb8::k14,9,310,desktop,komputer desktop,function,0.44532421231269836,0.3984547555446625,0.04686945676803589
turtle::mb8::k14,10,263,audio,perangkat audio,function,2.8497889041900635,0.5805116295814514,2.269277334213257
turtle::mb8::k14,11,296,input_peripheral,perangkat input komputer,function,2.1075539588928223,0.6992736458778381,1.408280372619629
turtle::mb8::k14,12,240,display,televisi dan monitor,function,2.334277868270874,0.401121586561203,1.9331562519073486
turtle::mb8::k14,13,286,phone_tablet,ponsel dan tablet,function,2.2762598991394043,0.6587176322937012,1.6175422668457031
turtle::mb8::k13,0,242,phone_tablet,ponsel dan tablet,function,2.1874027252197266,0.5667641758918762,1.6206386089324951
turtle::mb8::k13,1,260,printer,printer dan mesin fotokopi,function,3.048943281173706,0.6455768346786499,2.4033665657043457
turtle::mb8::k13,2,308,electronic_component,komponen elektronik,function,2.4627022743225098,0.28894785046577454,2.1737544536590576
turtle::mb8::k13,3,286,display,televisi dan monitor,function,2.4220571517944336,0.4314591586589813,1.9905979633331299
turtle::mb8::k13,4,328,desktop,komputer desktop,function,0.48336508870124817,0.45550644397735596,0.027858644723892212
turtle::mb8::k13,5,230,phone_tablet,ponsel dan tablet,function,2.2419567108154297,0.6376890540122986,1.6042675971984863
turtle::mb8::k13,6,263,battery,baterai dan aki,function,2.9423253536224365,0.8506571650505066,2.091668128967285
turtle::mb8::k13,7,242,cooking_appliance,peralatan memasak listrik,function,2.894994020462036,0.6211366057395935,2.273857355117798
turtle::mb8::k13,8,270,washing_machine,mesin cuci,function,3.007629632949829,0.9714664220809937,2.036163330078125
turtle::mb8::k13,9,261,audio,perangkat audio,function,2.86712646484375,0.5740159153938293,2.2931106090545654
turtle::mb8::k13,10,278,input_peripheral,perangkat input komputer,function,1.824975609779358,1.2070285081863403,0.6179471015930176
turtle::mb8::k13,11,315,laptop,laptop,function,1.9027456045150757,1.3501032590866089,0.5526423454284668
turtle::mb8::k13,12,296,input_peripheral,perangkat input komputer,function,2.1075539588928223,0.6992736458778381,1.408280372619629
turtle::mb8::k12,0,292,display,televisi dan monitor,function,2.402442216873169,0.44008296728134155,1.9623591899871826
turtle::mb8::k12,1,295,phone_tablet,ponsel dan tablet,function,2.2760727405548096,0.5763372182846069,1.6997355222702026
turtle::mb8::k12,2,319,laptop,laptop,function,1.9155598878860474,1.3175795078277588,0.5979803800582886
turtle::mb8::k12,3,336,desktop,komputer desktop,function,0.4544225335121155,0.4195433557033539,0.0348791778087616
turtle::mb8::k12,4,281,input_peripheral,perangkat input komputer,function,1.8211766481399536,1.2072169780731201,0.6139596700668335
turtle::mb8::k12,5,319,electronic_component,komponen elektronik,function,2.4016611576080322,0.4027094841003418,1.9989516735076904
turtle::mb8::k12,6,273,washing_machine,mesin cuci,function,2.9776811599731445,0.9645015597343445,2.0131795406341553
turtle::mb8::k12,7,269,printer,printer dan mesin fotokopi,function,2.947736978530884,0.6177461743354797,2.329990863800049
turtle::mb8::k12,8,232,phone_tablet,ponsel dan tablet,function,1.8946200609207153,1.0549064874649048,0.8397135734558105
turtle::mb8::k12,9,413,audio,perangkat audio,function,1.7645450830459595,1.1307240724563599,0.6338210105895996
turtle::mb8::k12,10,297,input_peripheral,perangkat input komputer,function,2.1013739109039307,0.6936471462249756,1.407726764678955
turtle::mb8::k12,11,253,cooking_appliance,peralatan memasak listrik,function,2.8051798343658447,0.6148428916931152,2.1903369426727295
turtle::mb8::k11,0,301,input_peripheral,perangkat input komputer,function,2.083423376083374,0.685708224773407,1.3977150917053223
turtle::mb8::k11,1,472,audio,perangkat audio,function,1.5338466167449951,1.438072681427002,0.09577393531799316
turtle::mb8::k11,2,358,display,televisi dan monitor,function,2.362826108932495,0.8255934715270996,1.5372326374053955
turtle::mb8::k11,3,336,desktop,komputer desktop,function,0.46358489990234375,0.43682149052619934,0.02676340937614441
turtle::mb8::k11,4,233,laptop,laptop,function,2.457420825958252,0.501275360584259,1.9561455249786377
turtle::mb8::k11,5,319,electronic_component,komponen elektronik,function,2.396122455596924,0.323248028755188,2.0728745460510254
turtle::mb8::k11,6,266,printer,printer dan mesin fotokopi,function,2.9878790378570557,0.6966273784637451,2.2912516593933105
turtle::mb8::k11,7,320,input_peripheral,perangkat input komputer,function,1.692029595375061,1.4170109033584595,0.27501869201660156
turtle::mb8::k11,8,276,washing_machine,mesin cuci,function,2.964707612991333,0.9661579728126526,1.9985496997833252
turtle::mb8::k11,9,262,cooking_appliance,peralatan memasak listrik,function,2.747405767440796,0.6112304925918579,2.1361751556396484
turtle::mb8::k11,10,436,phone_tablet,ponsel dan tablet,function,2.249241352081299,0.6005756258964539,1.6486656665802002
turtle::mb8::k10,0,267,laptop,laptop,function,2.330369710922241,0.4063217043876648,1.9240479469299316
turtle::mb8::k10,1,460,cooking_appliance,peralatan memasak listrik,function,1.8155843019485474,1.331676721572876,0.4839075803756714
turtle::mb8::k10,2,469,electronic_component,komponen elektronik,function,1.9302842617034912,1.3293884992599487,0.6008957624435425
turtle::mb8::k10,3,301,printer,printer dan mesin fotokopi,function,2.646968126296997,0.644658625125885,2.002309560775757
turtle::mb8::k10,4,360,display,televisi dan monitor,function,2.275071144104004,0.6917566061019897,1.5833145380020142
turtle::mb8::k10,5,442,phone_tablet,ponsel dan tablet,function,2.255427598953247,0.6066344976425171,1.64879310131073
turtle::mb8::k10,6,308,input_peripheral,perangkat input komputer,function,2.040264844894409,0.6539496183395386,1.3863152265548706
turtle::mb8::k10,7,335,input_peripheral,perangkat input komputer,function,1.6312627792358398,1.4311449527740479,0.200117826461792
turtle::mb8::k10,8,293,washing_machine,mesin cuci,function,2.801046848297119,0.9072173833847046,1.8938294649124146
turtle::mb8::k10,9,344,desktop,komputer desktop,function,0.46527397632598877,0.4354584813117981,0.029815495014190674
turtle::mb8::k8,0,302,washing_machine,mesin cuci,function,2.7630488872528076,0.9627063870429993,1.8003425598144531
turtle::mb8::k8,1,562,desktop,komputer desktop,function,1.3175450563430786,1.3015618324279785,0.015983223915100098
turtle::mb8::k8,2,487,cooking_appliance,peralatan memasak listrik,function,1.573083758354187,1.4635275602340698,0.10955619812011719
turtle::mb8::k8,3,311,input_peripheral,perangkat input komputer,function,2.0340945720672607,0.6535564661026001,1.3805381059646606
turtle::mb8::k8,4,473,phone_tablet,ponsel dan tablet,function,2.214611291885376,0.591815173625946,1.6227960586547852
turtle::mb8::k8,5,400,display,televisi dan monitor,function,0.5865188837051392,0.48123082518577576,0.1052880585193634
turtle::mb8::k8,6,539,electronic_component,komponen elektronik,function,1.7593213319778442,1.5770831108093262,0.18223822116851807
turtle::mb8::k8,7,505,printer,printer dan mesin fotokopi,function,1.704775094985962,1.1613198518753052,0.5434552431106567
turtle::mb8::k6,0,544,printer,printer dan mesin fotokopi,function,1.5929182767868042,1.5427367687225342,0.05018150806427002
turtle::mb8::k6,1,590,battery,baterai dan aki,function,1.0105023384094238,0.9183030128479004,0.09219932556152344
turtle::mb8::k6,2,709,cooking_appliance,peralatan memasak listrik,function,1.270377278327942,0.9128748774528503,0.35750240087509155
turtle::mb8::k6,3,637,electronic_component,komponen elektronik,function,1.2747617959976196,0.1604437381029129,1.1143180131912231
turtle::mb8::k6,4,504,phone_tablet,ponsel dan tablet,function,2.1457226276397705,0.6063328385353088,1.5393898487091064
turtle::mb8::k6,5,595,desktop,komputer desktop,function,1.315678596496582,1.277767539024353,0.037911057472229004
turtle::mb8::k4,0,904,input_peripheral,perangkat input komputer,function,1.2829607725143433,0.8673298358917236,0.41563093662261963
turtle::mb8::k4,1,957,cooking_appliance,peralatan memasak listrik,function,1.2276479005813599,0.9745356440544128,0.253112256526947
turtle::mb8::k4,2,867,phone_tablet,ponsel dan tablet,function,1.2791279554367065,0.6599835157394409,0.6191444396972656
turtle::mb8::k4,3,851,electronic_component,komponen elektronik,function,0.9863185286521912,0.4325626492500305,0.5537558794021606
turtle::mb4::k24,0,156,input_peripheral,perangkat input komputer,function,1.9433867931365967,0.7306568622589111,1.2127299308776855
turtle::mb4::k24,1,149,display,televisi dan monitor,function,2.2673215866088867,0.6421002745628357,1.6252212524414062
turtle::mb4::k24,2,207,laptop,laptop,function,2.861246347427368,0.6895646452903748,2.1716816425323486
turtle::mb4::k24,3,131,electronic_component,komponen elektronik,function,0.7701568603515625,0.5180906057357788,0.2520662546157837
turtle::mb4::k24,4,232,battery,baterai dan aki,function,3.2409942150115967,0.9089383482933044,2.3320558071136475
turtle::mb4::k24,5,77,phone_tablet,ponsel dan tablet,function,2.0962603092193604,0.4843895137310028,1.6118707656860352
turtle::mb4::k24,6,84,phone_tablet,ponsel dan tablet,function,2.093371868133545,0.4602036774158478,1.6331682205200195
turtle::mb4::k24,7,237,audio,perangkat audio,function,3.064124345779419,0.566251277923584,2.497873067855835
turtle::mb4::k24,8,44,camera,kamera,function,0.9262574911117554,0.44266700744628906,0.4835904836654663
turtle::mb4::k24,9,50,printer,printer dan mesin fotokopi,function,2.1586692333221436,0.709349513053894,1.4493197202682495
turtle::mb4::k24,10,174,desktop,komputer desktop,function,2.2792129516601562,0.9487377405166626,1.3304752111434937
turtle::mb4::k24,11,109,cooking_appliance,peralatan memasak listrik,function,2.6402854919433594,0.6941400170326233,1.9461455345153809
turtle::mb4::k24,12,172,washing_machine,mesin cuci,function,3.059316635131836,0.9692375063896179,2.0900790691375732
turtle::mb4::k24,13,186,display,televisi dan monitor,function,0.7106602191925049,0.6980832815170288,0.012576937675476074
turtle::mb4::k24,14,137,cooking_appliance,peralatan memasak listrik,function,3.0716824531555176,0.5748584270477295,2.496824026107788
turtle::mb4::k24,15,302,phone_tablet,ponsel dan tablet,function,2.3007097244262695,0.691713273525238,1.6089963912963867
turtle::mb4::k24,16,138,input_peripheral,perangkat input komputer,function,2.288238525390625,0.6434715986251831,1.644766926765442
turtle::mb4::k24,17,215,printer,printer dan mesin fotokopi,function,3.198389768600464,0.780880868434906,2.417508840560913
turtle::mb4::k24,18,102,washing_machine,mesin cuci,function,2.8695621490478516,0.9716808795928955,1.897881269454956
turtle::mb4::k24,19,1,phone_tablet,ponsel dan tablet,function,2.2664854526519775,0.7881584167480469,1.4783270359039307
turtle::mb4::k24,20,202,input_peripheral,perangkat input komputer,function,1.8917804956436157,0.9801017642021179,0.9116787314414978
turtle::mb4::k24,21,116,electronic_component,komponen elektronik,function,2.4799692630767822,0.4762255847454071,2.0037436485290527
turtle::mb4::k24,22,192,electronic_component,komponen elektronik,function,2.4542505741119385,0.1965312957763672,2.2577192783355713
turtle::mb4::k24,23,166,display,televisi dan monitor,function,2.4780542850494385,0.8028910756111145,1.6751632690429688
turtle::mb4::k22,0,198,electronic_component,komponen elektronik,function,2.5869534015655518,0.4386495351791382,2.148303985595703
turtle::mb4::k22,1,158,display,televisi dan monitor,function,2.204155683517456,0.5597352981567383,1.6444203853607178
turtle::mb4::k22,2,136,phone_tablet,ponsel dan tablet,function,2.0624866485595703,0.5529719591140747,1.5095146894454956
turtle::mb4::k22,3,59,printer,printer dan mesin fotokopi,function,2.2323269844055176,0.6711888909339905,1.5611381530761719
turtle::mb4::k22,4,254,display,televisi dan monitor,function,0.4333152770996094,0.4222988486289978,0.011016428470611572
turtle::mb4::k22,5,175,washing_machine,mesin cuci,function,3.0456295013427734,0.9681122899055481,2.07751727104187
turtle::mb4::k22,6,169,input_peripheral,perangkat input komputer,function,2.225715160369873,0.645359992980957,1.580355167388916
turtle::mb4::k22,7,141,electronic_component,komponen elektronik,function,2.121035575866699,0.39360713958740234,1.7274284362792969
turtle::mb4::k22,8,161,display,televisi dan monitor,function,2.4573729038238525,0.6896123290061951,1.7677605152130127
turtle::mb4::k22,9,217,input_peripheral,perangkat input komputer,function,1.882671594619751,1.0133161544799805,0.8693554401397705
turtle::mb4::k22,10,43,phone_tablet,ponsel dan tablet,function,1.3794206380844116,1.0488529205322266,0.33056771755218506
turtle::mb4::k22,11,95,cooking_appliance,peralatan memasak listrik,function,2.611372232437134,0.7176579236984253,1.8937143087387085
turtle::mb4::k22,12,177,desktop,komputer desktop,function,2.3146378993988037,1.1481561660766602,1.1664817333221436
turtle::mb4::k22,13,289,phone_tablet,ponsel dan tablet,function,2.3347485065460205,0.5950875878334045,1.7396609783172607
turtle::mb4::k22,14,133,input_peripheral,perangkat input komputer,function,1.8753129243850708,0.7118446230888367,1.163468360900879
turtle::mb4::k22,15,157,cooking_appliance,peralatan memasak listrik,function,2.9475769996643066,0.56407630443573,2.383500576019287
turtle::mb4::k22,16,103,washing_machine,mesin cuci,function,2.7939844131469727,0.9705049991607666,1.823479413986206
turtle::mb4::k22,17,209,printer,printer dan mesin fotokopi,function,3.18220853805542,0.791565477848053,2.3906431198120117
turtle::mb4::k22,18,211,laptop,laptop,function,2.8549394607543945,0.6908081769943237,2.1641311645507812
turtle::mb4::k22,19,22,phone_tablet,ponsel dan tablet,function,1.566972255706787,1.1483243703842163,0.4186478853225708
turtle::mb4::k22,20,238,audio,perangkat audio,function,3.0614120960235596,0.5664561986923218,2.4949560165405273
turtle::mb4::k22,21,234,battery,baterai dan aki,function,3.224174737930298,0.9046494364738464,2.3195252418518066
turtle::mb4::k20,0,170,display,televisi dan monitor,function,2.236058235168457,0.6061632633209229,1.6298949718475342
turtle::mb4::k20,1,258,display,televisi dan monitor,function,0.5092498064041138,0.4758247435092926,0.03342506289482117
turtle::mb4::k20,2,213,electronic_component,komponen elektronik,function,2.606126070022583,0.43207988142967224,2.174046277999878
turtle::mb4::k20,3,108,washing_machine,mesin cuci,function,2.6792080402374268,0.9354588389396667,1.7437491416931152
turtle::mb4::k20,4,37,phone_tablet,ponsel dan tablet,function,1.1056079864501953,0.7816598415374756,0.3239481449127197
turtle::mb4::k20,5,7,camera,kamera,function,3.492983102798462,0.4604881703853607,3.0324950218200684
turtle::mb4::k20,6,250,printer,printer dan mesin fotokopi,function,3.1075525283813477,0.6578036546707153,2.449748992919922
turtle::mb4::k20,7,266,input_peripheral,perangkat input komputer,function,1.8541233539581299,1.2259633541107178,0.6281599998474121
turtle::mb4::k20,8,61,cooking_appliance,peralatan memasak listrik,function,1.9568495750427246,0.5693078637123108,1.3875417709350586
turtle::mb4::k20,9,241,audio,perangkat audio,function,3.025003671646118,0.5538730621337891,2.471130609512329
turtle::mb4::k20,10,217,input_peripheral,perangkat input komputer,function,2.214360475540161,0.6518024206161499,1.5625580549240112
turtle::mb4::k20,11,235,battery,baterai dan aki,function,3.2144477367401123,0.9045888185501099,2.309858798980713
turtle::mb4::k20,12,242,display,televisi dan monitor,function,2.1895978450775146,1.5775946378707886,0.6120032072067261
turtle::mb4::k20,13,84,input_peripheral,perangkat input komputer,function,1.7344300746917725,0.7659185528755188,0.9685115218162537
turtle::mb4::k20,14,130,phone_tablet,ponsel dan tablet,function,2.0551390647888184,0.612675666809082,1.4424633979797363
turtle::mb4::k20,15,178,washing_machine,mesin cuci,function,3.0329830646514893,0.975028932094574,2.0579540729522705
turtle::mb4::k20,16,328,phone_tablet,ponsel dan tablet,function,2.263244152069092,0.5990358591079712,1.6642082929611206
turtle::mb4::k20,17,195,cooking_appliance,peralatan memasak listrik,function,3.04731822013855,0.6167986989021301,2.4305195808410645
turtle::mb4::k20,18,150,electronic_component,komponen elektronik,function,1.8489813804626465,0.4804231822490692,1.3685581684112549
turtle::mb4::k20,19,209,laptop,laptop,function,2.838604688644409,0.692808985710144,2.1457958221435547
turtle::mb4::k18,0,224,input_peripheral,perangkat input komputer,function,2.1909854412078857,0.6074562668800354,1.5835292339324951
turtle::mb4::k18,1,267,display,televisi dan monitor,function,0.5755813121795654,0.48617154359817505,0.08940976858139038
turtle::mb4::k18,2,243,audio,perangkat audio,function,3.010047197341919,0.5498228073120117,2.4602243900299072
turtle::mb4::k18,3,237,battery,baterai dan aki,function,3.1899473667144775,0.8944300413131714,2.2955174446105957
turtle::mb4::k18,4,178,washing_machine,mesin cuci,function,3.026801347732544,0.9682570695877075,2.058544158935547
turtle::mb4::k18,5,281,display,televisi dan monitor,function,2.4421873092651367,0.42205485701560974,2.020132541656494
turtle::mb4::k18,6,82,input_peripheral,perangkat input komputer,function,1.6872831583023071,0.8812441825866699,0.8060389757156372
turtle::mb4::k18,7,96,cooking_appliance,peralatan memasak listrik,function,2.6401255130767822,0.6432443857192993,1.996881127357483
turtle::mb4::k18,8,155,electronic_component,komponen elektronik,function,1.5985032320022583,0.5112032294273376,1.0873000621795654
turtle::mb4::k18,9,132,washing_machine,mesin cuci,function,2.294991970062256,0.9044210314750671,1.390570878982544
turtle::mb4::k18,10,246,phone_tablet,ponsel dan tablet,function,2.09751296043396,0.5941029191017151,1.5034101009368896
turtle::mb4::k18,11,275,input_peripheral,perangkat input komputer,function,1.828617811203003,1.2238281965255737,0.6047896146774292
turtle::mb4::k18,12,306,laptop,laptop,function,1.9074461460113525,1.3632160425186157,0.5442301034927368
turtle::mb4::k18,13,66,phone_tablet,ponsel dan tablet,function,2.385307550430298,0.6695325374603271,1.7157750129699707
turtle::mb4::k18,14,227,electronic_component,komponen elektronik,function,2.6033382415771484,0.4131869375705719,2.1901512145996094
turtle::mb4::k18,15,251,printer,printer dan mesin fotokopi,function,3.0999703407287598,0.6534401774406433,2.4465301036834717
turtle::mb4::k18,16,164,phone_tablet,ponsel dan tablet,function,2.26493501663208,0.5918929576873779,1.6730420589447021
turtle::mb4::k18,17,149,cooking_appliance,peralatan memasak listrik,function,2.9917104244232178,0.5659429430961609,2.425767421722412
turtle::mb4::k16,0,315,phone_tablet,ponsel dan tablet,function,2.2513821125030518,0.7226009964942932,1.5287811756134033
turtle::mb4::k16,1,231,cooking_appliance,peralatan memasak listrik,function,2.9626758098602295,0.6186798214912415,2.343996047973633
turtle::mb4::k16,2,220,input_peripheral,perangkat input komputer,function,2.210069417953491,0.6207478046417236,1.5893216133117676
turtle::mb4::k16,3,251,printer,printer dan mesin fotokopi,function,3.0999703407287598,0.6534401774406433,2.4465301036834717
turtle::mb4::k16,4,92,input_peripheral,perangkat input komputer,function,1.5831540822982788,0.7621347904205322,0.8210192918777466
turtle::mb4::k16,5,98,phone_tablet,ponsel dan tablet,function,2.135500431060791,0.4673328101634979,1.6681675910949707
turtle::mb4::k16,6,312,laptop,laptop,function,1.827400803565979,1.4059152603149414,0.4214855432510376
turtle::mb4::k16,7,235,battery,baterai dan aki,function,3.2273056507110596,0.9044609069824219,2.3228447437286377
turtle::mb4::k16,8,84,phone_tablet,ponsel dan tablet,function,1.7304905652999878,0.7481816411018372,0.9823089241981506
turtle::mb4::k16,9,280,display,televisi dan monitor,function,2.4315452575683594,0.40597158670425415,2.02557373046875
turtle::mb4::k16,10,275,input_peripheral,perangkat input komputer,function,1.8318768739700317,1.1960750818252563,0.6358017921447754
turtle::mb4::k16,11,181,washing_machine,mesin cuci,function,3.025655746459961,0.9682810306549072,2.0573747158050537
turtle::mb4::k16,12,299,electronic_component,komponen elektronik,function,2.501695156097412,0.28657516837120056,2.2151200771331787
turtle::mb4::k16,13,252,audio,perangkat audio,function,2.9531757831573486,0.5540715456008911,2.399104118347168
turtle::mb4::k16,14,310,desktop,komputer desktop,function,0.5057212114334106,0.45375633239746094,0.05196487903594971
turtle::mb4::k16,15,144,washing_machine,mesin cuci,function,2.120939016342163,0.9247573018074036,1.1961817741394043
turtle::mb4::k14,0,244,battery,baterai dan aki,function,3.126309394836426,0.8792250156402588,2.247084379196167
turtle::mb4::k14,1,278,display,televisi dan monitor,function,2.4321939945220947,0.39334166049957275,2.0388522148132324
turtle::mb4::k14,2,237,phone_tablet,ponsel dan tablet,function,2.252103090286255,0.5618101358413696,1.6902929544448853
turtle::mb4::k14,3,259,printer,printer dan mesin fotokopi,function,3.0502476692199707,0.6472386717796326,2.4030089378356934
turtle::mb4::k14,4,319,desktop,komputer desktop,function,0.49089720845222473,0.45806875824928284,0.032828450202941895
turtle::mb4::k14,5,312,laptop,laptop,function,1.732378602027893,1.481968879699707,0.25040972232818604
turtle::mb4::k14,6,291,input_peripheral,perangkat input komputer,function,2.1261911392211914,0.7017421126365662,1.4244489669799805
turtle::mb4::k14,7,268,washing_machine,mesin cuci,function,3.0219292640686035,0.9705361723899841,2.0513930320739746
turtle::mb4::k14,8,153,phone_tablet,ponsel dan tablet,function,2.2245209217071533,0.6340862512588501,1.5904346704483032
turtle::mb4::k14,9,238,cooking_appliance,peralatan memasak listrik,function,2.926510810852051,0.6246508955955505,2.3018598556518555
turtle::mb4::k14,10,263,audio,perangkat audio,function,2.8327577114105225,0.5808894038200378,2.25186824798584
turtle::mb4::k14,11,266,input_peripheral,perangkat input komputer,function,1.8614288568496704,1.1579114198684692,0.7035174369812012
turtle::mb4::k14,12,148,phone_tablet,ponsel dan tablet,function,1.246639609336853,0.6820082068443298,0.5646314024925232
turtle::mb4::k14,13,303,electronic_component,komponen elektronik,function,2.490175485610962,0.27853190898895264,2.211643695831299
turtle::mb4::k13,0,275,input_peripheral,perangkat input komputer,function,1.832513451576233,1.2019354104995728,0.6305780410766602
turtle::mb4::k13,1,307,electronic_component,komponen elektronik,function,2.4634344577789307,0.28254371881484985,2.1808907985687256
turtle::mb4::k13,2,320,laptop,laptop,function,1.8850195407867432,1.361518144607544,0.5235013961791992
turtle::mb4::k13,3,259,printer,printer dan mesin fotokopi,function,3.0553927421569824,0.6496276259422302,2.4057650566101074
turtle::mb4::k13,4,324,desktop,komputer desktop,function,0.4761905372142792,0.4571020305156708,0.0190885066986084
turtle::mb4::k13,5,272,washing_machine,mesin cuci,function,2.992485523223877,0.9675766229629517,2.024909019470215
turtle::mb4::k13,6,179,phone_tablet,ponsel dan tablet,function,2.074467897415161,0.5893673300743103,1.485100507736206
turtle::mb4::k13,7,239,cooking_appliance,peralatan memasak listrik,function,2.9248785972595215,0.6251733899116516,2.2997052669525146
turtle::mb4::k13,8,285,display,televisi dan monitor,function,2.4228458404541016,0.4204089641571045,2.002436876296997
turtle::mb4::k13,9,267,audio,perangkat audio,function,2.800067901611328,0.6093757152557373,2.190692186355591
turtle::mb4::k13,10,298,input_peripheral,perangkat input komputer,function,2.0910987854003906,0.6805246472358704,1.410574197769165
turtle::mb4::k13,11,300,phone_tablet,ponsel dan tablet,function,2.237818479537964,0.609426736831665,1.6283917427062988
turtle::mb4::k13,12,254,battery,baterai dan aki,function,3.0255649089813232,0.8754432797431946,2.1501216888427734
turtle::mb4::k12,0,262,phone_tablet,ponsel dan tablet,function,2.183814287185669,0.6684648394584656,1.5153493881225586
turtle::mb4::k12,1,307,electronic_component,komponen elektronik,function,2.457122325897217,0.3531108796596527,2.1040115356445312
turtle::mb4::k12,2,272,washing_machine,mesin cuci,function,2.992485523223877,0.9675766229629517,2.024909019470215
turtle::mb4::k12,3,339,desktop,komputer desktop,function,0.44877439737319946,0.4223320782184601,0.02644231915473938
turtle::mb4::k12,4,288,display,televisi dan monitor,function,2.407275438308716,0.4196838140487671,1.9875916242599487
turtle::mb4::k12,5,282,input_peripheral,perangkat input komputer,function,1.8163683414459229,1.2129716873168945,0.6033966541290283
turtle::mb4::k12,6,265,printer,printer dan mesin fotokopi,function,2.992053747177124,0.657432496547699,2.3346211910247803
turtle::mb4::k12,7,304,input_peripheral,perangkat input komputer,function,2.0547850131988525,0.6626334190368652,1.3921515941619873
turtle::mb4::k12,8,318,laptop,laptop,function,1.9060463905334473,1.3311619758605957,0.5748844146728516
turtle::mb4::k12,9,450,audio,perangkat audio,function,1.615829586982727,1.3238250017166138,0.2920045852661133
turtle::mb4::k12,10,241,phone_tablet,ponsel dan tablet,function,2.0974605083465576,0.5196999907493591,1.5777604579925537
turtle::mb4::k12,11,251,cooking_appliance,peralatan memasak listrik,function,2.823089122772217,0.6202880144119263,2.20280122756958
turtle::mb4::k11,0,328,battery,baterai dan aki,function,2.313535690307617,0.6778414845466614,1.6356942653656006
turtle::mb4::k11,1,309,printer,printer dan mesin fotokopi,function,2.6393649578094482,0.6624689698219299,1.976896047592163
turtle::mb4::k11,2,278,washing_machine,mesin cuci,function,2.9475631713867188,0.9644654393196106,1.983097791671753
turtle::mb4::k11,3,306,input_peripheral,perangkat input komputer,function,2.0411713123321533,0.6505737900733948,1.3905975818634033
turtle::mb4::k11,4,335,input_peripheral,perangkat input komputer,function,1.615540862083435,1.4878817796707153,0.12765908241271973
turtle::mb4::k11,5,444,phone_tablet,ponsel dan tablet,function,2.2635514736175537,0.6061000823974609,1.6574513912200928
turtle::mb4::k11,6,320,electronic_component,komponen elektronik,function,2.404751777648926,0.2907319962978363,2.1140198707580566
turtle::mb4::k11,7,337,cooking_appliance,peralatan memasak listrik,function,2.311753749847412,0.7170604467391968,1.5946933031082153
turtle::mb4::k11,8,230,laptop,laptop,function,2.5110435485839844,0.6734464168548584,1.837597131729126
turtle::mb4::k11,9,335,display,televisi dan monitor,function,0.46998363733291626,0.46004533767700195,0.009938299655914307
turtle::mb4::k11,10,357,display,televisi dan monitor,function,2.202726364135742,0.589099109172821,1.6136271953582764
turtle::mb4::k10,0,239,laptop,laptop,function,2.4398646354675293,0.544470489025116,1.8953940868377686
turtle::mb4::k10,1,351,desktop,komputer desktop,function,0.45391103625297546,0.41574975848197937,0.038161277770996094
turtle::mb4::k10,2,487,electronic_component,komponen elektronik,function,1.8907736539840698,1.5099605321884155,0.3808131217956543
turtle::mb4::k10,3,310,printer,printer dan mesin fotokopi,function,2.6011109352111816,0.6450377702713013,1.9560731649398804
turtle::mb4::k10,4,372,display,televisi dan monitor,function,2.1380553245544434,0.5677446126937866,1.5703107118606567
turtle::mb4::k10,5,446,phone_tablet,ponsel dan tablet,function,2.2326698303222656,0.6001611351966858,1.6325087547302246
turtle::mb4::k10,6,289,washing_machine,mesin cuci,function,2.841519594192505,0.9288223385810852,1.9126973152160645
turtle::mb4::k10,7,346,input_peripheral,perangkat input komputer,function,1.5898243188858032,1.4629703760147095,0.12685394287109375
turtle::mb4::k10,8,319,input_peripheral,perangkat input komputer,function,1.9714246988296509,0.5938032269477844,1.3776214122772217
turtle::mb4::k10,9,420,cooking_appliance,peralatan memasak listrik,function,1.9540568590164185,1.1552377939224243,0.7988190650939941
turtle::mb4::k8,0,515,electronic_component,komponen elektronik,function,1.7688482999801636,1.6453852653503418,0.12346303462982178
turtle::mb4::k8,1,502,printer,printer dan mesin fotokopi,function,1.7202119827270508,1.1345182657241821,0.5856937170028687
turtle::mb4::k8,2,407,display,televisi dan monitor,function,0.49921074509620667,0.463827908039093,0.03538283705711365
turtle::mb4::k8,3,492,cooking_appliance,peralatan memasak listrik,function,1.557978630065918,1.4703497886657715,0.08762884140014648
turtle::mb4::k8,4,322,input_peripheral,perangkat input komputer,function,1.9777002334594727,0.6058817505836487,1.3718185424804688
turtle::mb4::k8,5,470,phone_tablet,ponsel dan tablet,function,2.215524196624756,0.5866606831550598,1.6288635730743408
turtle::mb4::k8,6,302,washing_machine,mesin cuci,function,2.758561372756958,0.9630870819091797,1.7954742908477783
turtle::mb4::k8,7,569,desktop,komputer desktop,function,1.3182917833328247,1.3014189004898071,0.016872882843017578
turtle::mb4::k6,0,591,printer,printer dan mesin fotokopi,function,1.1984319686889648,1.011593222618103,0.18683874607086182
turtle::mb4::k6,1,568,phone_tablet,ponsel dan tablet,function,2.004819631576538,0.6291754245758057,1.3756442070007324
turtle::mb4::k6,2,642,electronic_component,komponen elektronik,function,1.3023765087127686,0.20173364877700806,1.1006429195404053
turtle::mb4::k6,3,544,display,televisi dan monitor,function,1.4722906351089478,1.4543070793151855,0.017983555793762207
turtle::mb4::k6,4,640,washing_machine,mesin cuci,function,1.2636648416519165,1.1253677606582642,0.13829708099365234
turtle::mb4::k6,5,594,laptop,laptop,function,1.2993382215499878,1.2942942380905151,0.005043983459472656
turtle::mb4::k4,0,900,input_peripheral,perangkat input komputer,function,1.2822233438491821,0.8433306217193604,0.4388927221298218
turtle::mb4::k4,1,775,phone_tablet,ponsel dan tablet,function,1.3557398319244385,0.6427201628684998,0.7130196690559387
turtle::mb4::k4,2,984,cooking_appliance,peralatan memasak listrik,function,1.2014347314834595,0.944046139717102,0.2573885917663574
turtle::mb4::k4,3,920,electronic_component,komponen elektronik,function,1.0659040212631226,0.7862286567687988,0.27967536449432373
temi::siglip2::k24,0,89,audio,perangkat audio,function,1.9696053266525269,0.8631515502929688,1.106453776359558
temi::siglip2::k24,1,77,phone_tablet,ponsel dan tablet,function,1.0676214694976807,0.7847698330879211,0.2828516364097595
temi::siglip2::k24,2,73,battery,baterai dan aki,function,2.7123382091522217,0.7314687371253967,1.9808695316314697
temi::siglip2::k24,3,464,phone_tablet,ponsel dan tablet,function,1.9265788793563843,0.7920883893966675,1.1344904899597168
temi::siglip2::k24,4,184,input_peripheral,perangkat input komputer,function,1.3133678436279297,0.5769216418266296,0.7364462018013
temi::siglip2::k24,5,284,input_peripheral,perangkat input komputer,function,2.1744909286499023,0.7184298634529114,1.4560611248016357
temi::siglip2::k24,6,149,battery,baterai dan aki,function,1.8590331077575684,0.8684455752372742,0.9905875325202942
temi::siglip2::k24,7,19,laptop,laptop,function,1.1677680015563965,0.45527464151382446,0.712493360042572
temi::siglip2::k24,8,125,electronic_component,komponen elektronik,function,1.4748026132583618,0.3974774479866028,1.0773251056671143
temi::siglip2::k24,9,91,laptop,laptop,function,1.6197162866592407,0.8986228108406067,0.721093475818634
temi::siglip2::k24,10,184,printer,printer dan mesin fotokopi,function,2.98689603805542,0.875602126121521,2.1112937927246094
temi::siglip2::k24,11,174,audio,perangkat audio,function,2.4480888843536377,0.48824170231819153,1.9598472118377686
temi::siglip2::k24,12,74,desktop,komputer desktop,function,1.7460734844207764,1.0663959980010986,0.6796774864196777
temi::siglip2::k24,13,202,display,televisi dan monitor,function,1.6386922597885132,1.5795170068740845,0.05917525291442871
temi::siglip2::k24,14,20,laptop,laptop,function,2.465916633605957,0.7829034924507141,1.6830132007598877
temi::siglip2::k24,15,198,cooking_appliance,peralatan memasak listrik,function,2.392183303833008,0.3926141560077667,1.9995691776275635
temi::siglip2::k24,16,45,printer,printer dan mesin fotokopi,function,1.6542489528656006,0.7140740156173706,0.94017493724823
temi::siglip2::k24,17,110,cooking_appliance,peralatan memasak listrik,function,1.8519047498703003,1.2321269512176514,0.6197777986526489
temi::siglip2::k24,18,157,laptop,laptop,function,1.0544711351394653,0.752550482749939,0.30192065238952637
temi::siglip2::k24,19,390,washing_machine,mesin cuci,function,0.5919684171676636,0.2816382348537445,0.31033018231391907
temi::siglip2::k24,20,45,laptop,laptop,function,1.7697869539260864,0.7798331379890442,0.9899538159370422
temi::siglip2::k24,21,92,display,televisi dan monitor,function,2.0897514820098877,0.5032756924629211,1.5864758491516113
temi::siglip2::k24,22,129,electronic_component,komponen elektronik,function,1.9923996925354004,0.3211699426174164,1.6712297201156616
temi::siglip2::k24,23,204,washing_machine,mesin cuci,function,2.8444933891296387,1.0176178216934204,1.8268755674362183
temi::siglip2::k22,0,63,input_peripheral,perangkat input komputer,function,1.3499388694763184,0.8464662432670593,0.503472626209259
temi::siglip2::k22,1,323,display,televisi dan monitor,function,0.4938197135925293,0.3900464177131653,0.10377329587936401
temi::siglip2::k22,2,185,audio,perangkat audio,function,1.7089920043945312,1.1418886184692383,0.567103385925293
temi::siglip2::k22,3,86,electronic_component,komponen elektronik,function,1.078242540359497,0.6971460580825806,0.3810964822769165
temi::siglip2::k22,4,165,washing_machine,mesin cuci,function,1.7110168933868408,0.3051040768623352,1.4059128761291504
temi::siglip2::k22,5,429,phone_tablet,ponsel dan tablet,function,2.2697737216949463,0.5986754894256592,1.671098232269287
temi::siglip2::k22,6,144,cooking_appliance,peralatan memasak listrik,function,0.8840410709381104,0.5982831716537476,0.2857578992843628
temi::siglip2::k22,7,161,audio,perangkat audio,function,1.4866130352020264,0.5228508710861206,0.9637621641159058
temi::siglip2::k22,8,161,electronic_component,komponen elektronik,function,0.8208950161933899,0.44763803482055664,0.37325698137283325
temi::siglip2::k22,9,32,phone_tablet,ponsel dan tablet,function,0.8323857188224792,0.8198912739753723,0.012494444847106934
temi::siglip2::k22,10,175,cooking_appliance,peralatan memasak listrik,function,2.344228982925415,0.5346340537071228,1.8095948696136475
temi::siglip2::k22,11,29,input_peripheral,perangkat input komputer,function,0.9786255359649658,0.5902771949768066,0.3883483409881592
temi::siglip2::k22,12,41,audio,perangkat audio,function,1.5738568305969238,0.6405987739562988,0.933258056640625
temi::siglip2::k22,13,82,display,televisi dan monitor,function,1.6344670057296753,0.9423486590385437,0.6921183466911316
temi::siglip2::k22,14,211,battery,baterai dan aki,function,1.6917909383773804,0.6741899847984314,1.0176010131835938
temi::siglip2::k22,15,112,desktop,komputer desktop,function,1.019128680229187,0.9622451663017273,0.05688351392745972
temi::siglip2::k22,16,234,desktop,komputer desktop,function,1.6765249967575073,1.6216071844100952,0.05491781234741211
temi::siglip2::k22,17,240,printer,printer dan mesin fotokopi,function,2.831454038619995,0.700802743434906,2.1306512355804443
temi::siglip2::k22,18,57,laptop,laptop,function,2.113213062286377,0.3630465567111969,1.7501665353775024
temi::siglip2::k22,19,347,electronic_component,komponen elektronik,function,1.0025092363357544,0.7733509540557861,0.22915828227996826
temi::siglip2::k22,20,188,washing_machine,mesin cuci,function,2.0429253578186035,0.9864264726638794,1.0564988851547241
temi::siglip2::k22,21,114,laptop,laptop,function,1.8141273260116577,1.178094744682312,0.6360325813293457
temi::siglip2::k20,0,151,electronic_component,komponen elektronik,function,2.107858896255493,0.2813098430633545,1.8265490531921387
temi::siglip2::k20,1,216,phone_tablet,ponsel dan tablet,function,0.866774320602417,0.6533074975013733,0.2134668231010437
temi::siglip2::k20,2,96,display,televisi dan monitor,function,1.1277124881744385,0.7026084065437317,0.4251040816307068
temi::siglip2::k20,3,184,input_peripheral,perangkat input komputer,function,1.165745735168457,1.1360887289047241,0.02965700626373291
temi::siglip2::k20,4,382,display,televisi dan monitor,function,0.5147081613540649,0.38764098286628723,0.1270671784877777
temi::siglip2::k20,5,96,phone_tablet,ponsel dan tablet,function,1.63681161403656,0.3709869682788849,1.2658246755599976
temi::siglip2::k20,6,256,battery,baterai dan aki,function,2.8698651790618896,0.8586517572402954,2.0112133026123047
temi::siglip2::k20,7,239,audio,perangkat audio,function,2.2226622104644775,0.3249723017215729,1.897689938545227
temi::siglip2::k20,8,153,laptop,laptop,function,1.4653369188308716,1.4424958229064941,0.02284109592437744
temi::siglip2::k20,9,189,washing_machine,mesin cuci,function,2.4785678386688232,0.7901263236999512,1.688441514968872
temi::siglip2::k20,10,105,printer,printer dan mesin fotokopi,function,1.3133478164672852,0.6715916395187378,0.6417561769485474
temi::siglip2::k20,11,59,desktop,komputer desktop,function,1.5004807710647583,1.117127537727356,0.38335323333740234
temi::siglip2::k20,12,302,cooking_appliance,peralatan memasak listrik,function,1.7949109077453613,1.1446493864059448,0.6502615213394165
temi::siglip2::k20,13,145,input_peripheral,perangkat input komputer,function,1.508087158203125,1.0133559703826904,0.49473118782043457
temi::siglip2::k20,14,306,phone_tablet,ponsel dan tablet,function,2.0275933742523193,0.6607020497322083,1.3668913841247559
temi::siglip2::k20,15,195,input_peripheral,perangkat input komputer,function,1.8306692838668823,0.48340877890586853,1.3472604751586914
temi::siglip2::k20,16,158,washing_machine,mesin cuci,function,0.7798506021499634,0.7050527930259705,0.07479780912399292
temi::siglip2::k20,17,36,audio,perangkat audio,function,0.9141365885734558,0.758512556552887,0.15562403202056885
temi::siglip2::k20,18,270,printer,printer dan mesin fotokopi,function,1.7623029947280884,0.7968035340309143,0.9654994606971741
temi::siglip2::k20,19,41,printer,printer dan mesin fotokopi,function,1.6306341886520386,0.7482140064239502,0.8824201822280884
temi::siglip2::k18,0,210,printer,printer dan mesin fotokopi,function,1.2555838823318481,0.9129899740219116,0.3425939083099365
temi::siglip2::k18,1,32,phone_tablet,ponsel dan tablet,function,1.4690790176391602,0.2720087766647339,1.1970702409744263
temi::siglip2::k18,2,318,display,televisi dan monitor,function,0.7305087447166443,0.5241014957427979,0.20640724897384644
temi::siglip2::k18,3,174,phone_tablet,ponsel dan tablet,function,1.4214056730270386,0.4350689947605133,0.9863367080688477
temi::siglip2::k18,4,223,phone_tablet,ponsel dan tablet,function,2.0202174186706543,0.6144409775733948,1.4057765007019043
temi::siglip2::k18,5,198,electronic_component,komponen elektronik,function,1.8735092878341675,1.0076662302017212,0.8658430576324463
temi::siglip2::k18,6,134,display,televisi dan monitor,function,0.9830107092857361,0.5481074452400208,0.43490326404571533
temi::siglip2::k18,7,234,display,televisi dan monitor,function,1.1868501901626587,0.2506771385669708,0.9361730813980103
temi::siglip2::k18,8,82,audio,perangkat audio,function,1.9660087823867798,0.40792223811149597,1.5580865144729614
temi::siglip2::k18,9,93,electronic_component,komponen elektronik,function,1.5526362657546997,0.2849743664264679,1.2676619291305542
temi::siglip2::k18,10,190,audio,perangkat audio,function,1.30366051197052,0.8387434482574463,0.46491706371307373
temi::siglip2::k18,11,238,battery,baterai dan aki,function,2.3169050216674805,0.6443185210227966,1.672586441040039
temi::siglip2::k18,12,332,laptop,laptop,function,1.4030606746673584,1.2956146001815796,0.10744607448577881
temi::siglip2::k18,13,448,cooking_appliance,peralatan memasak listrik,function,1.9711124897003174,1.8630167245864868,0.10809576511383057
temi::siglip2::k18,14,108,printer,printer dan mesin fotokopi,function,1.8171297311782837,0.4987713396549225,1.3183584213256836
temi::siglip2::k18,15,215,electronic_component,komponen elektronik,function,1.343353509902954,0.1969231367111206,1.1464303731918335
temi::siglip2::k18,16,45,input_peripheral,perangkat input komputer,function,1.3472517728805542,0.8518850803375244,0.4953666925430298
temi::siglip2::k18,17,305,input_peripheral,perangkat input komputer,function,2.004882335662842,1.1506778001785278,0.854204535484314
temi::siglip2::k16,0,290,display,televisi dan monitor,function,1.856237769126892,0.6514472961425781,1.204790472984314
temi::siglip2::k16,1,122,display,televisi dan monitor,function,1.0297367572784424,0.501282274723053,0.5284544825553894
temi::siglip2::k16,2,95,printer,printer dan mesin fotokopi,function,1.077600359916687,0.7333321571350098,0.34426820278167725
temi::siglip2::k16,3,433,electronic_component,komponen elektronik,function,0.526604413986206,0.2873453199863434,0.23925909399986267
temi::siglip2::k16,4,261,washing_machine,mesin cuci,function,3.014300584793091,0.967771589756012,2.0465290546417236
temi::siglip2::k16,5,202,input_peripheral,perangkat input komputer,function,0.7605612874031067,0.6211813688278198,0.13937991857528687
temi::siglip2::k16,6,117,input_peripheral,perangkat input komputer,function,1.60414457321167,1.1682446002960205,0.4358999729156494
temi::siglip2::k16,7,369,printer,printer dan mesin fotokopi,function,1.6324650049209595,0.6774622201919556,0.9550027847290039
temi::siglip2::k16,8,237,audio,perangkat audio,function,1.6321293115615845,0.4491255283355713,1.1830037832260132
temi::siglip2::k16,9,452,phone_tablet,ponsel dan tablet,function,0.8921045660972595,0.6773372888565063,0.21476727724075317
temi::siglip2::k16,10,207,phone_tablet,ponsel dan tablet,function,1.44705069065094,1.095704436302185,0.3513462543487549
temi::siglip2::k16,11,103,desktop,komputer desktop,function,0.9390301704406738,0.8891191482543945,0.0499110221862793
temi::siglip2::k16,12,80,display,televisi dan monitor,function,1.2253965139389038,0.5686742067337036,0.6567223072052002
temi::siglip2::k16,13,161,phone_tablet,ponsel dan tablet,function,1.8068840503692627,0.37922415137290955,1.4276598691940308
temi::siglip2::k16,14,179,input_peripheral,perangkat input komputer,function,1.2589173316955566,0.26287761330604553,0.9960397481918335
temi::siglip2::k16,15,271,battery,baterai dan aki,function,2.155039072036743,1.5462312698364258,0.6088078022003174
temi::siglip2::k15,0,19,laptop,laptop,function,1.365817666053772,1.0911228656768799,0.2746948003768921
temi::siglip2::k15,1,178,washing_machine,mesin cuci,function,0.4630586802959442,0.3690347969532013,0.09402388334274292
temi::siglip2::k15,2,167,display,televisi dan monitor,function,0.6866439580917358,0.23414106667041779,0.45250290632247925
temi::siglip2::k15,3,130,cooking_appliance,peralatan memasak listrik,function,1.2838438749313354,0.08957073837518692,1.1942731142044067
temi::siglip2::k15,4,470,electronic_component,komponen elektronik,function,1.3546061515808105,0.1551208347082138,1.1994853019714355
temi::siglip2::k15,5,420,battery,baterai dan aki,function,1.4753516912460327,1.084532380104065,0.3908193111419678
temi::siglip2::k15,6,143,audio,perangkat audio,function,2.223548173904419,0.48410946130752563,1.739438772201538
temi::siglip2::k15,7,174,audio,perangkat audio,function,1.145322322845459,0.8241046667098999,0.3212176561355591
temi::siglip2::k15,8,535,phone_tablet,ponsel dan tablet,function,1.527502417564392,0.40032750368118286,1.1271748542785645
temi::siglip2::k15,9,79,audio,perangkat audio,function,0.7922717928886414,0.37964189052581787,0.4126299023628235
temi::siglip2::k15,10,282,printer,printer dan mesin fotokopi,function,2.7542405128479004,0.6484952569007874,2.105745315551758
temi::siglip2::k15,11,191,washing_machine,mesin cuci,function,2.216888427734375,0.6674638390541077,1.549424648284912
temi::siglip2::k15,12,360,display,televisi dan monitor,function,1.313247799873352,0.4627588093280792,0.8504890203475952
temi::siglip2::k15,13,37,desktop,komputer desktop,function,1.2603240013122559,1.0110456943511963,0.24927830696105957
temi::siglip2::k15,14,394,input_peripheral,perangkat input komputer,function,1.7689110040664673,1.2405246496200562,0.5283863544464111
temi::siglip2::k14,0,463,cooking_appliance,peralatan memasak listrik,function,0.5680141448974609,0.5155224204063416,0.052491724491119385
temi::siglip2::k14,1,211,laptop,laptop,function,2.3983442783355713,0.7359784245491028,1.6623659133911133
temi::siglip2::k14,2,252,input_peripheral,perangkat input komputer,function,0.7679114937782288,0.4204607605934143,0.34745073318481445
temi::siglip2::k14,3,212,battery,baterai dan aki,function,1.761970043182373,1.2132916450500488,0.5486783981323242
temi::siglip2::k14,4,162,phone_tablet,ponsel dan tablet,function,1.1978826522827148,0.6879608631134033,0.5099217891693115
temi::siglip2::k14,5,196,input_peripheral,perangkat input komputer,function,1.8911176919937134,0.5223486423492432,1.3687690496444702
temi::siglip2::k14,6,83,washing_machine,mesin cuci,function,1.4594148397445679,0.32733431458473206,1.1320805549621582
temi::siglip2::k14,7,233,printer,printer dan mesin fotokopi,function,1.792256474494934,0.550211489200592,1.2420449256896973
temi::siglip2::k14,8,202,display,televisi dan monitor,function,0.9124004244804382,0.7702580094337463,0.1421424150466919
temi::siglip2::k14,9,301,audio,perangkat audio,function,2.16491961479187,0.7076389193534851,1.4572806358337402
temi::siglip2::k14,10,390,phone_tablet,ponsel dan tablet,function,2.169930934906006,0.5711396932601929,1.598791241645813
temi::siglip2::k14,11,255,desktop,komputer desktop,function,1.6183555126190186,0.9930872917175293,0.6252682209014893
temi::siglip2::k14,12,255,electronic_component,komponen elektronik,function,2.439702033996582,0.3096674680709839,2.1300344467163086
temi::siglip2::k14,13,364,washing_machine,mesin cuci,function,1.974000334739685,1.2154853343963623,0.7585150003433228
temi::siglip2::k13,0,515,cooking_appliance,peralatan memasak listrik,function,0.8959012627601624,0.8500306010246277,0.04587066173553467
temi::siglip2::k13,1,426,washing_machine,mesin cuci,function,1.016627311706543,0.729770839214325,0.286856472492218
temi::siglip2::k13,2,390,phone_tablet,ponsel dan tablet,function,2.2297823429107666,0.5836924910545349,1.646089792251587
temi::siglip2::k13,3,330,battery,baterai dan aki,function,1.560036063194275,1.0837324857711792,0.4763035774230957
temi::siglip2::k13,4,416,electronic_component,komponen elektronik,function,0.6095297336578369,0.44599491357803345,0.16353482007980347
temi::siglip2::k13,5,37,audio,perangkat audio,function,0.7460969090461731,0.36613237857818604,0.37996453046798706
temi::siglip2::k13,6,428,desktop,komputer desktop,function,1.4769359827041626,1.2373781204223633,0.23955786228179932
temi::siglip2::k13,7,269,input_peripheral,perangkat input komputer,function,1.1711816787719727,0.6458576917648315,0.5253239870071411
temi::siglip2::k13,8,99,input_peripheral,perangkat input komputer,function,0.44894397258758545,0.40907207131385803,0.03987190127372742
temi::siglip2::k13,9,107,input_peripheral,perangkat input komputer,function,1.2145423889160156,0.4833993911743164,0.7311429977416992
temi::siglip2::k13,10,245,electronic_component,komponen elektronik,function,0.800206184387207,0.7415899634361267,0.05861622095108032
temi::siglip2::k13,11,167,cooking_appliance,peralatan memasak listrik,function,1.4859691858291626,0.7160757184028625,0.7698934674263
temi::siglip2::k13,12,150,input_peripheral,perangkat input komputer,function,1.1333504915237427,0.5490535497665405,0.5842969417572021
temi::siglip2::k12,0,196,display,televisi dan monitor,function,1.6955206394195557,0.3101305365562439,1.385390043258667
temi::siglip2::k12,1,284,audio,perangkat audio,function,1.740754246711731,0.3768892288208008,1.3638650178909302
temi::siglip2::k12,2,405,phone_tablet,ponsel dan tablet,function,1.6815075874328613,0.4397536814212799,1.2417539358139038
temi::siglip2::k12,3,274,input_peripheral,perangkat input komputer,function,1.8374123573303223,0.5412098169326782,1.296202540397644
temi::siglip2::k12,4,446,desktop,komputer desktop,function,0.5091871619224548,0.4481430947780609,0.06104406714439392
temi::siglip2::k12,5,199,phone_tablet,ponsel dan tablet,function,1.2079200744628906,1.1636962890625,0.044223785400390625
temi::siglip2::k12,6,383,cooking_appliance,peralatan memasak listrik,function,2.1164700984954834,0.6076279878616333,1.50884211063385
temi::siglip2::k12,7,73,electronic_component,komponen elektronik,function,2.3479654788970947,0.19908465445041656,2.14888072013855
temi::siglip2::k12,8,212,desktop,komputer desktop,function,1.8714066743850708,0.9677748680114746,0.9036318063735962
temi::siglip2::k12,9,383,battery,baterai dan aki,function,1.9946321249008179,1.3825968503952026,0.6120352745056152
temi::siglip2::k12,10,393,washing_machine,mesin cuci,function,1.0862387418746948,0.3133074641227722,0.7729312777519226
temi::siglip2::k12,11,331,printer,printer dan mesin fotokopi,function,2.3770358562469482,0.618732750415802,1.758303165435791
temi::siglip2::k10,0,393,battery,baterai dan aki,function,0.7206329107284546,0.46586549282073975,0.25476741790771484
temi::siglip2::k10,1,149,input_peripheral,perangkat input komputer,function,1.3359736204147339,0.6673588156700134,0.6686148047447205
temi::siglip2::k10,2,221,phone_tablet,ponsel dan tablet,function,0.5247362852096558,0.43715208768844604,0.08758419752120972
temi::siglip2::k10,3,407,printer,printer dan mesin fotokopi,function,1.9362082481384277,0.6494607925415039,1.2867474555969238
temi::siglip2::k10,4,221,audio,perangkat audio,function,2.5063343048095703,0.49957603216171265,2.006758213043213
temi::siglip2::k10,5,426,cooking_appliance,peralatan memasak listrik,function,1.6606287956237793,0.3604055643081665,1.3002232313156128
temi::siglip2::k10,6,508,phone_tablet,ponsel dan tablet,function,1.7462130784988403,0.6406411528587341,1.105571985244751
temi::siglip2::k10,7,416,electronic_component,komponen elektronik,function,1.1253514289855957,0.39132165908813477,0.7340297698974609
temi::siglip2::k10,8,480,washing_machine,mesin cuci,function,1.060368299484253,0.5168725848197937,0.5434957146644592
temi::siglip2::k10,9,358,desktop,komputer desktop,function,1.1625133752822876,1.0780566930770874,0.0844566822052002
temi::siglip2::k8,0,220,phone_tablet,ponsel dan tablet,function,0.7357419729232788,0.4870661199092865,0.2486758530139923
temi::siglip2::k8,1,439,electronic_component,komponen elektronik,function,1.4665875434875488,0.30217310786247253,1.164414405822754
temi::siglip2::k8,2,423,audio,perangkat audio,function,1.2413870096206665,0.29791727662086487,0.943469762802124
temi::siglip2::k8,3,706,phone_tablet,ponsel dan tablet,function,0.9647620320320129,0.6445804834365845,0.32018154859542847
temi::siglip2::k8,4,606,washing_machine,mesin cuci,function,0.4850556552410126,0.3988196551799774,0.08623600006103516
temi::siglip2::k8,5,411,battery,baterai dan aki,function,1.617354393005371,0.6729522943496704,0.9444020986557007
temi::siglip2::k8,6,309,printer,printer dan mesin fotokopi,function,0.7644287943840027,0.44577065110206604,0.31865814328193665
temi::siglip2::k8,7,465,display,televisi dan monitor,function,0.602668046951294,0.2954016625881195,0.30726638436317444
temi::siglip2::k6,0,364,cooking_appliance,peralatan memasak listrik,function,1.562088131904602,0.48649102449417114,1.0755970478057861
temi::siglip2::k6,1,511,printer,printer dan mesin fotokopi,function,1.4097861051559448,0.4046398997306824,1.0051462650299072
temi::siglip2::k6,2,636,display,televisi dan monitor,function,0.5647637248039246,0.34177330136299133,0.22299042344093323
temi::siglip2::k6,3,663,electronic_component,komponen elektronik,function,0.8256051540374756,0.2665328085422516,0.5590723752975464
temi::siglip2::k6,4,794,phone_tablet,ponsel dan tablet,function,0.7650018930435181,0.5789794325828552,0.18602246046066284
temi::siglip2::k6,5,611,washing_machine,mesin cuci,function,0.919757068157196,0.31582221388816833,0.6039348840713501
temi::siglip2::k4,0,914,battery,baterai dan aki,function,0.585689902305603,0.36079853773117065,0.22489136457443237
temi::siglip2::k4,1,952,display,televisi dan monitor,function,0.4929538369178772,0.4837917983531952,0.009162038564682007
temi::siglip2::k4,2,1060,phone_tablet,ponsel dan tablet,function,0.7520676851272583,0.3089890778064728,0.4430786073207855
temi::siglip2::k4,3,653,cooking_appliance,peralatan memasak listrik,function,1.1366554498672485,0.7879306077957153,0.3487248420715332
temi::radio::k24,0,106,input_peripheral,perangkat input komputer,function,1.9941757917404175,1.497453212738037,0.49672257900238037
temi::radio::k24,1,154,input_peripheral,perangkat input komputer,function,2.119448661804199,0.6510123610496521,1.4684362411499023
temi::radio::k24,2,25,printer,printer dan mesin fotokopi,function,1.0633559226989746,0.5744248032569885,0.4889311194419861
temi::radio::k24,3,351,cooking_appliance,peralatan memasak listrik,function,1.5899749994277954,1.4121013879776,0.1778736114501953
temi::radio::k24,4,168,display,televisi dan monitor,function,0.3923793137073517,0.35112595558166504,0.041253358125686646
temi::radio::k24,5,313,washing_machine,mesin cuci,function,0.9301190376281738,0.21590979397296906,0.714209258556366
temi::radio::k24,6,68,laptop,laptop,function,1.4032233953475952,0.9658619165420532,0.437361478805542
temi::radio::k24,7,144,display,televisi dan monitor,function,1.3885810375213623,0.8131386041641235,0.5754424333572388
temi::radio::k24,8,74,input_peripheral,perangkat input komputer,function,1.7638789415359497,1.3659528493881226,0.39792609214782715
temi::radio::k24,9,223,audio,perangkat audio,function,1.582894206047058,1.2585334777832031,0.324360728263855
temi::radio::k24,10,176,laptop,laptop,function,2.878615379333496,0.727642297744751,2.150973081588745
temi::radio::k24,11,75,desktop,komputer desktop,function,1.7759993076324463,1.5440704822540283,0.23192882537841797
temi::radio::k24,12,77,desktop,komputer desktop,function,2.1847290992736816,1.7058987617492676,0.47883033752441406
temi::radio::k24,13,210,electronic_component,komponen elektronik,function,2.361964225769043,0.33045724034309387,2.0315070152282715
temi::radio::k24,14,49,washing_machine,mesin cuci,function,2.956773042678833,0.9696326851844788,1.987140417098999
temi::radio::k24,15,231,phone_tablet,ponsel dan tablet,function,1.7476087808609009,0.5385857224464417,1.2090229988098145
temi::radio::k24,16,276,phone_tablet,ponsel dan tablet,function,1.8967732191085815,0.5582043528556824,1.338568925857544
temi::radio::k24,17,44,electronic_component,komponen elektronik,function,1.8425602912902832,0.5507339835166931,1.2918262481689453
temi::radio::k24,18,118,printer,printer dan mesin fotokopi,function,1.2611143589019775,0.7190346717834473,0.5420796871185303
temi::radio::k24,19,140,input_peripheral,perangkat input komputer,function,1.9944883584976196,0.6522164344787598,1.3422719240188599
temi::radio::k24,20,43,phone_tablet,ponsel dan tablet,function,1.237847924232483,0.3882867991924286,0.8495610952377319
temi::radio::k24,21,76,display,televisi dan monitor,function,2.7876949310302734,0.6502050757408142,2.1374897956848145
temi::radio::k24,22,193,audio,perangkat audio,function,2.0223898887634277,0.5383985042572021,1.4839913845062256
temi::radio::k24,23,245,battery,baterai dan aki,function,3.0610296726226807,0.9083526730537415,2.152677059173584
temi::radio::k22,0,274,input_peripheral,perangkat input komputer,function,2.085838794708252,0.9214460253715515,1.1643927097320557
temi::radio::k22,1,219,laptop,laptop,function,2.241830348968506,0.7803477048873901,1.4614826440811157
temi::radio::k22,2,371,phone_tablet,ponsel dan tablet,function,2.247663974761963,0.6047042608261108,1.642959713935852
temi::radio::k22,3,123,desktop,komputer desktop,function,0.7339397072792053,0.6706202030181885,0.06331950426101685
temi::radio::k22,4,215,battery,baterai dan aki,function,3.276294708251953,0.9273922443389893,2.348902463912964
temi::radio::k22,5,47,audio,perangkat audio,function,1.2874380350112915,0.4554588198661804,0.8319792151451111
temi::radio::k22,6,480,washing_machine,mesin cuci,function,1.899133563041687,1.8670287132263184,0.03210484981536865
temi::radio::k22,7,148,input_peripheral,perangkat input komputer,function,1.6133571863174438,0.6280183792114258,0.9853388071060181
temi::radio::k22,8,117,printer,printer dan mesin fotokopi,function,2.042478561401367,0.35696208477020264,1.6855164766311646
temi::radio::k22,9,88,electronic_component,komponen elektronik,function,1.6943516731262207,0.8403019309043884,0.8540497422218323
temi::radio::k22,10,186,printer,printer dan mesin fotokopi,function,2.902597665786743,1.087843894958496,1.814753770828247
temi::radio::k22,11,19,camera,kamera,function,2.8734896183013916,0.6202178001403809,2.2532718181610107
temi::radio::k22,12,36,input_peripheral,perangkat input komputer,function,1.5747309923171997,1.4230930805206299,0.15163791179656982
temi::radio::k22,13,176,display,televisi dan monitor,function,2.068147659301758,0.6459822654724121,1.4221653938293457
temi::radio::k22,14,202,desktop,komputer desktop,function,1.9273470640182495,1.1072603464126587,0.8200867176055908
temi::radio::k22,15,39,input_peripheral,perangkat input komputer,function,1.5501909255981445,0.5545214414596558,0.9956694841384888
temi::radio::k22,16,43,camera,kamera,function,0.5038899183273315,0.39331188797950745,0.1105780303478241
temi::radio::k22,17,186,display,televisi dan monitor,function,1.5306395292282104,0.8361127376556396,0.6945267915725708
temi::radio::k22,18,110,audio,perangkat audio,function,3.0752620697021484,0.43519747257232666,2.6400647163391113
temi::radio::k22,19,282,electronic_component,komponen elektronik,function,1.3411511182785034,0.16776207089424133,1.1733890771865845
temi::radio::k22,20,26,camera,kamera,function,1.0036518573760986,0.766577959060669,0.2370738983154297
temi::radio::k22,21,192,electronic_component,komponen elektronik,function,1.548621654510498,1.1398351192474365,0.4087865352630615
temi::radio::k20,0,35,input_peripheral,perangkat input komputer,function,1.0913187265396118,0.9456504583358765,0.14566826820373535
temi::radio::k20,1,119,input_peripheral,perangkat input komputer,function,1.546215534210205,0.22249123454093933,1.3237242698669434
temi::radio::k20,2,280,cooking_appliance,peralatan memasak listrik,function,2.453395366668701,0.47651055455207825,1.9768848419189453
temi::radio::k20,3,6,phone_tablet,ponsel dan tablet,function,0.7987782955169678,0.5781689286231995,0.2206093668937683
temi::radio::k20,4,96,desktop,komputer desktop,function,2.1675007343292236,1.1639808416366577,1.003519892692566
temi::radio::k20,5,174,washing_machine,mesin cuci,function,1.599799633026123,0.9614051580429077,0.6383944749832153
temi::radio::k20,6,227,input_peripheral,perangkat input komputer,function,0.9944064021110535,0.9437460899353027,0.05066031217575073
temi::radio::k20,7,315,electronic_component,komponen elektronik,function,2.481365203857422,0.2248397320508957,2.2565255165100098
temi::radio::k20,8,153,laptop,laptop,function,1.698134422302246,1.0387667417526245,0.6593676805496216
temi::radio::k20,9,17,desktop,komputer desktop,function,1.188148856163025,0.8828905820846558,0.30525827407836914
temi::radio::k20,10,103,audio,perangkat audio,function,2.810403823852539,0.48109957575798035,2.3293042182922363
temi::radio::k20,11,274,phone_tablet,ponsel dan tablet,function,1.5559431314468384,0.9276848435401917,0.6282582879066467
temi::radio::k20,12,188,laptop,laptop,function,2.047086238861084,0.8700495958328247,1.1770366430282593
temi::radio::k20,13,177,washing_machine,mesin cuci,function,2.966762065887451,0.9533414840698242,2.013420581817627
temi::radio::k20,14,206,printer,printer dan mesin fotokopi,function,2.9889070987701416,0.49131959676742554,2.4975874423980713
temi::radio::k20,15,344,phone_tablet,ponsel dan tablet,function,1.4681289196014404,1.3242425918579102,0.14388632774353027
temi::radio::k20,16,286,phone_tablet,ponsel dan tablet,function,0.4590938687324524,0.4359017312526703,0.023192137479782104
temi::radio::k20,17,188,display,televisi dan monitor,function,1.970931887626648,0.6746846437454224,1.2962472438812256
temi::radio::k20,18,174,input_peripheral,perangkat input komputer,function,2.1633756160736084,0.767905592918396,1.3954700231552124
temi::radio::k20,19,217,display,televisi dan monitor,function,2.128671169281006,1.0361433029174805,1.0925278663635254
temi::radio::k18,0,85,battery,baterai dan aki,function,1.2021639347076416,0.9319433569908142,0.2702205777168274
temi::radio::k18,1,247,laptop,laptop,function,2.3313465118408203,0.6117343902587891,1.7196121215820312
temi::radio::k18,2,92,display,televisi dan monitor,function,0.93758225440979,0.7012419700622559,0.23634028434753418
temi::radio::k18,3,239,cooking_appliance,peralatan memasak listrik,function,2.8134021759033203,0.5743551850318909,2.239047050476074
temi::radio::k18,4,71,battery,baterai dan aki,function,2.5677666664123535,0.9281600117683411,1.6396067142486572
temi::radio::k18,5,80,washing_machine,mesin cuci,function,2.7986574172973633,0.9664193987846375,1.832237958908081
temi::radio::k18,6,328,electronic_component,komponen elektronik,function,2.244786024093628,0.3820621073246002,1.86272394657135
temi::radio::k18,7,66,battery,baterai dan aki,function,0.7004729509353638,0.4267110824584961,0.2737618684768677
temi::radio::k18,8,316,audio,perangkat audio,function,1.49125075340271,0.6361846327781677,0.8550661206245422
temi::radio::k18,9,332,printer,printer dan mesin fotokopi,function,1.4447177648544312,0.6030858755111694,0.8416318893432617
temi::radio::k18,10,186,battery,baterai dan aki,function,1.4441659450531006,0.37956663966178894,1.0645992755889893
temi::radio::k18,11,342,phone_tablet,ponsel dan tablet,function,2.115309238433838,0.5278140902519226,1.5874950885772705
temi::radio::k18,12,178,desktop,komputer desktop,function,0.9167079925537109,0.6284785270690918,0.28822946548461914
temi::radio::k18,13,67,battery,baterai dan aki,function,0.73067307472229,0.30279916524887085,0.4278739094734192
temi::radio::k18,14,107,audio,perangkat audio,function,2.8427138328552246,0.9284191727638245,1.914294719696045
temi::radio::k18,15,142,desktop,komputer desktop,function,1.2800614833831787,0.8748733997344971,0.40518808364868164
temi::radio::k18,16,295,input_peripheral,perangkat input komputer,function,2.1157963275909424,0.6942936778068542,1.4215025901794434
temi::radio::k18,17,406,washing_machine,mesin cuci,function,1.0288766622543335,0.5613212585449219,0.4675554037094116
temi::radio::k16,0,30,desktop,komputer desktop,function,1.6208423376083374,0.8020736575126648,0.8187686800956726
temi::radio::k16,1,245,laptop,laptop,function,2.134925365447998,0.5638694167137146,1.5710558891296387
temi::radio::k16,2,256,printer,printer dan mesin fotokopi,function,2.9195632934570312,0.6487070918083191,2.2708561420440674
temi::radio::k16,3,524,phone_tablet,ponsel dan tablet,function,1.692513346672058,0.2878343462944031,1.4046790599822998
temi::radio::k16,4,185,electronic_component,komponen elektronik,function,1.5909230709075928,0.7730450630187988,0.817878007888794
temi::radio::k16,5,341,audio,perangkat audio,function,1.0415996313095093,0.8098612427711487,0.2317383885383606
temi::radio::k16,6,354,input_peripheral,perangkat input komputer,function,0.9101670384407043,0.6368216872215271,0.27334535121917725
temi::radio::k16,7,54,cooking_appliance,peralatan memasak listrik,function,2.1097934246063232,0.3500058948993683,1.7597875595092773
temi::radio::k16,8,131,display,televisi dan monitor,function,1.8688528537750244,0.5396128296852112,1.329240083694458
temi::radio::k16,9,196,battery,baterai dan aki,function,0.9823418259620667,0.8720108270645142,0.11033099889755249
temi::radio::k16,10,95,audio,perangkat audio,function,1.0908435583114624,0.28709089756011963,0.8037526607513428
temi::radio::k16,11,238,washing_machine,mesin cuci,function,2.656146764755249,1.273105502128601,1.383041262626648
temi::radio::k16,12,234,cooking_appliance,peralatan memasak listrik,function,1.5299941301345825,0.8539063930511475,0.6760877370834351
temi::radio::k16,13,339,display,televisi dan monitor,function,0.5287927985191345,0.3901826739311218,0.1386101245880127
temi::radio::k16,14,114,audio,perangkat audio,function,1.0766382217407227,0.7193209528923035,0.3573172688484192
temi::radio::k16,15,243,electronic_component,komponen elektronik,function,1.348244071006775,0.5777988433837891,0.7704452276229858
temi::radio::k14,0,443,phone_tablet,ponsel dan tablet,function,2.095662832260132,0.5118988752365112,1.5837639570236206
temi::radio::k14,1,179,washing_machine,mesin cuci,function,2.922133207321167,0.9469050168991089,1.975228190422058
temi::radio::k14,2,294,battery,baterai dan aki,function,2.5022497177124023,0.6804904937744141,1.8217592239379883
temi::radio::k14,3,101,phone_tablet,ponsel dan tablet,function,0.8120274543762207,0.6409913897514343,0.17103606462478638
temi::radio::k14,4,284,printer,printer dan mesin fotokopi,function,1.8833895921707153,0.8246344923973083,1.0587551593780518
temi::radio::k14,5,318,laptop,laptop,function,1.6102449893951416,1.042297124862671,0.5679478645324707
temi::radio::k14,6,128,input_peripheral,perangkat input komputer,function,1.0793278217315674,0.8765003085136414,0.20282751321792603
temi::radio::k14,7,276,cooking_appliance,peralatan memasak listrik,function,2.3834102153778076,0.5643258094787598,1.8190844058990479
temi::radio::k14,8,414,electronic_component,komponen elektronik,function,1.508500099182129,0.2750541865825653,1.2334458827972412
temi::radio::k14,9,123,laptop,laptop,function,0.9933958053588867,0.5479947924613953,0.44540101289749146
temi::radio::k14,10,289,input_peripheral,perangkat input komputer,function,2.0633738040924072,0.7009531259536743,1.362420678138733
temi::radio::k14,11,168,washing_machine,mesin cuci,function,1.338930606842041,0.6758702397346497,0.6630603671073914
temi::radio::k14,12,206,desktop,komputer desktop,function,1.09426748752594,0.834936797618866,0.259330689907074
temi::radio::k14,13,356,audio,perangkat audio,function,2.123049020767212,0.5711947083473206,1.5518543720245361
temi::radio::k13,0,440,desktop,komputer desktop,function,1.3378713130950928,1.087025761604309,0.2508455514907837
temi::radio::k13,1,441,phone_tablet,ponsel dan tablet,function,2.2404630184173584,0.6201034784317017,1.6203595399856567
temi::radio::k13,2,169,washing_machine,mesin cuci,function,2.3627524375915527,0.7897135019302368,1.573038935661316
temi::radio::k13,3,447,desktop,komputer desktop,function,0.6326323747634888,0.3185460567474365,0.31408631801605225
temi::radio::k13,4,201,cooking_appliance,peralatan memasak listrik,function,1.282551646232605,0.8951524496078491,0.38739919662475586
temi::radio::k13,5,60,audio,perangkat audio,function,0.9287648797035217,0.6932898759841919,0.23547500371932983
temi::radio::k13,6,464,audio,perangkat audio,function,0.823734700679779,0.6306503415107727,0.19308435916900635
temi::radio::k13,7,216,cooking_appliance,peralatan memasak listrik,function,1.9533720016479492,0.4282096326351166,1.5251623392105103
temi::radio::k13,8,210,washing_machine,mesin cuci,function,2.0187456607818604,0.7888938784599304,1.2298517227172852
temi::radio::k13,9,138,electronic_component,komponen elektronik,function,1.8412508964538574,0.7350249886512756,1.1062259674072266
temi::radio::k13,10,241,printer,printer dan mesin fotokopi,function,2.814948797225952,0.8605089783668518,1.9544398784637451
temi::radio::k13,11,309,input_peripheral,perangkat input komputer,function,2.0194616317749023,0.686413049697876,1.3330485820770264
temi::radio::k13,12,243,battery,baterai dan aki,function,1.5655263662338257,0.6814960241317749,0.8840303421020508
temi::radio::k12,0,192,battery,baterai dan aki,function,1.9286251068115234,0.43132448196411133,1.497300624847412
temi::radio::k12,1,325,washing_machine,mesin cuci,function,2.2265992164611816,0.696149468421936,1.5304497480392456
temi::radio::k12,2,254,printer,printer dan mesin fotokopi,function,0.8503480553627014,0.8169935941696167,0.03335446119308472
temi::radio::k12,3,361,battery,baterai dan aki,function,1.324513554573059,1.2877733707427979,0.03674018383026123
temi::radio::k12,4,213,cooking_appliance,peralatan memasak listrik,function,2.0027992725372314,0.6051269769668579,1.3976722955703735
temi::radio::k12,5,380,display,televisi dan monitor,function,1.3982179164886475,0.7852891683578491,0.6129287481307983
temi::radio::k12,6,257,audio,perangkat audio,function,2.8796050548553467,0.5608298182487488,2.318775177001953
temi::radio::k12,7,351,input_peripheral,perangkat input komputer,function,1.55793297290802,1.4363529682159424,0.12158000469207764
temi::radio::k12,8,378,electronic_component,komponen elektronik,function,1.136000156402588,0.6265643835067749,0.509435772895813
temi::radio::k12,9,501,phone_tablet,ponsel dan tablet,function,1.4399213790893555,0.8500215411186218,0.5898998379707336
temi::radio::k12,10,41,phone_tablet,ponsel dan tablet,function,1.6309094429016113,0.543121874332428,1.0877876281738281
temi::radio::k12,11,326,input_peripheral,perangkat input komputer,function,1.9395403861999512,0.5982584953308105,1.3412818908691406
temi::radio::k11,0,198,washing_machine,mesin cuci,function,2.099137783050537,0.7030830979347229,1.396054744720459
temi::radio::k11,1,432,phone_tablet,ponsel dan tablet,function,1.3880101442337036,0.6024981737136841,0.7855119705200195
temi::radio::k11,2,78,printer,printer dan mesin fotokopi,function,1.7038122415542603,0.8600001931190491,0.8438120484352112
temi::radio::k11,3,265,input_peripheral,perangkat input komputer,function,0.8508870601654053,0.8274555206298828,0.02343153953552246
temi::radio::k11,4,199,printer,printer dan mesin fotokopi,function,1.7610105276107788,0.4020971655845642,1.3589134216308594
temi::radio::k11,5,209,audio,perangkat audio,function,1.6860994100570679,0.9082736968994141,0.7778257131576538
temi::radio::k11,6,445,electronic_component,komponen elektronik,function,1.2110329866409302,1.0364288091659546,0.17460417747497559
temi::radio::k11,7,489,display,televisi dan monitor,function,0.913288950920105,0.579957127571106,0.333331823348999
temi::radio::k11,8,370,cooking_appliance,peralatan memasak listrik,function,2.1857614517211914,1.335809350013733,0.8499521017074585
temi::radio::k11,9,370,display,televisi dan monitor,function,0.5922635197639465,0.340273916721344,0.25198960304260254
temi::radio::k11,10,524,input_peripheral,perangkat input komputer,function,1.5478476285934448,1.297107219696045,0.2507404088973999
temi::radio::k10,0,251,input_peripheral,perangkat input komputer,function,0.8420373797416687,0.7725659012794495,0.06947147846221924
temi::radio::k10,1,214,input_peripheral,perangkat input komputer,function,1.3946341276168823,0.24363325536251068,1.1510008573532104
temi::radio::k10,2,240,audio,perangkat audio,function,1.6207079887390137,1.268612027168274,0.35209596157073975
temi::radio::k10,3,361,printer,printer dan mesin fotokopi,function,1.8030544519424438,0.3012177646160126,1.5018366575241089
temi::radio::k10,4,316,input_peripheral,perangkat input komputer,function,1.6791924238204956,1.4128642082214355,0.26632821559906006
temi::radio::k10,5,353,laptop,laptop,function,0.9402295351028442,0.42967677116394043,0.5105527639389038
temi::radio::k10,6,568,cooking_appliance,peralatan memasak listrik,function,1.2796545028686523,0.9192285537719727,0.3604259490966797
temi::radio::k10,7,639,electronic_component,komponen elektronik,function,0.8433355689048767,0.4327073097229004,0.4106282591819763
temi::radio::k10,8,460,phone_tablet,ponsel dan tablet,function,2.253366708755493,0.6015488505363464,1.651817798614502
temi::radio::k10,9,177,battery,baterai dan aki,function,1.844328761100769,0.6341911554336548,1.2101376056671143
temi::radio::k8,0,509,washing_machine,mesin cuci,function,1.3035050630569458,1.2114112377166748,0.092093825340271
temi::radio::k8,1,386,input_peripheral,perangkat input komputer,function,1.7009189128875732,0.683297336101532,1.0176215171813965
temi::radio::k8,2,282,printer,printer dan mesin fotokopi,function,2.7401485443115234,0.8832716345787048,1.8568768501281738
temi::radio::k8,3,604,phone_tablet,ponsel dan tablet,function,1.0227411985397339,0.7224321961402893,0.3003090023994446
temi::radio::k8,4,600,electronic_component,komponen elektronik,function,1.2905511856079102,0.16048192977905273,1.1300692558288574
temi::radio::k8,5,484,display,televisi dan monitor,function,0.9775564670562744,0.7331361174583435,0.2444203495979309
temi::radio::k8,6,213,cooking_appliance,peralatan memasak listrik,function,1.6822190284729004,0.4728949964046478,1.2093240022659302
temi::radio::k8,7,501,audio,perangkat audio,function,1.3283592462539673,0.3496599793434143,0.978699266910553
temi::radio::k6,0,635,phone_tablet,ponsel dan tablet,function,1.4971725940704346,0.5026403069496155,0.9945322871208191
temi::radio::k6,1,382,cooking_appliance,peralatan memasak listrik,function,1.6563918590545654,0.34964197874069214,1.3067498207092285
temi::radio::k6,2,667,audio,perangkat audio,function,1.24700129032135,0.6220223307609558,0.6249789595603943
temi::radio::k6,3,507,desktop,komputer desktop,function,1.2648355960845947,0.9699145555496216,0.29492104053497314
temi::radio::k6,4,855,input_peripheral,perangkat input komputer,function,0.6619402170181274,0.542718231678009,0.11922198534011841
temi::radio::k6,5,533,laptop,laptop,function,1.0604994297027588,0.5674605965614319,0.4930388331413269
temi::radio::k4,0,1023,cooking_appliance,peralatan memasak listrik,function,0.6284637451171875,0.6232170462608337,0.00524669885635376
temi::radio::k4,1,822,laptop,laptop,function,0.7410725951194763,0.29301583766937256,0.44805675745010376
temi::radio::k4,2,594,audio,perangkat audio,function,1.4025934934616089,0.4637148082256317,0.9388786554336548
temi::radio::k4,3,1140,input_peripheral,perangkat input komputer,function,0.9435909986495972,0.7258803248405457,0.2177106738090515
temi::msn::k24,0,122,phone_tablet,ponsel dan tablet,function,1.3459389209747314,0.34839844703674316,0.9975404739379883
temi::msn::k24,1,191,input_peripheral,perangkat input komputer,function,1.3623980283737183,0.8008226156234741,0.5615754127502441
temi::msn::k24,2,216,phone_tablet,ponsel dan tablet,function,1.9978675842285156,0.5852072834968567,1.4126603603363037
temi::msn::k24,3,218,battery,baterai dan aki,function,1.9258694648742676,0.691449761390686,1.2344197034835815
temi::msn::k24,4,74,display,televisi dan monitor,function,0.8707618713378906,0.8704589605331421,0.00030291080474853516
temi::msn::k24,5,132,camera,kamera,function,0.5221123695373535,0.1802077740430832,0.34190458059310913
temi::msn::k24,6,12,display,televisi dan monitor,function,0.5359151363372803,0.368283748626709,0.1676313877105713
temi::msn::k24,7,72,audio,perangkat audio,function,0.658465564250946,0.442410945892334,0.21605461835861206
temi::msn::k24,8,62,input_peripheral,perangkat input komputer,function,1.1621549129486084,1.10042405128479,0.06173086166381836
temi::msn::k24,9,331,printer,printer dan mesin fotokopi,function,1.5805522203445435,1.014115571975708,0.5664366483688354
temi::msn::k24,10,31,cooking_appliance,peralatan memasak listrik,function,1.541648268699646,1.0119084119796753,0.5297398567199707
temi::msn::k24,11,75,phone_tablet,ponsel dan tablet,function,1.254971981048584,0.42845702171325684,0.8265149593353271
temi::msn::k24,12,90,printer,printer dan mesin fotokopi,function,1.5430686473846436,0.5648782253265381,0.9781904220581055
temi::msn::k24,13,133,battery,baterai dan aki,function,1.1384503841400146,0.8950842618942261,0.24336612224578857
temi::msn::k24,14,191,laptop,laptop,function,1.0646837949752808,0.5985165238380432,0.46616727113723755
temi::msn::k24,15,77,washing_machine,mesin cuci,function,0.5091264843940735,0.44320088624954224,0.06592559814453125
temi::msn::k24,16,107,display,televisi dan monitor,function,1.6464598178863525,0.38419055938720703,1.2622692584991455
temi::msn::k24,17,378,electronic_component,komponen elektronik,function,1.9765528440475464,0.19730302691459656,1.7792497873306274
temi::msn::k24,18,108,laptop,laptop,function,1.4742363691329956,1.3113163709640503,0.1629199981689453
temi::msn::k24,19,88,cooking_appliance,peralatan memasak listrik,function,1.1320823431015015,0.6150702834129333,0.5170120596885681
temi::msn::k24,20,216,cooking_appliance,peralatan memasak listrik,function,2.403669595718384,1.0489873886108398,1.354682207107544
temi::msn::k24,21,210,display,televisi dan monitor,function,2.055206060409546,0.4789670705795288,1.576238989830017
temi::msn::k24,22,304,input_peripheral,perangkat input komputer,function,1.7781859636306763,0.49032533168792725,1.287860631942749
temi::msn::k24,23,141,audio,perangkat audio,function,1.086634635925293,0.8062214255332947,0.2804132103919983
temi::msn::k22,0,115,phone_tablet,ponsel dan tablet,function,1.8854743242263794,0.4772208034992218,1.40825355052948
temi::msn::k22,1,264,printer,printer dan mesin fotokopi,function,1.6994848251342773,0.3689292371273041,1.3305555582046509
temi::msn::k22,2,87,washing_machine,mesin cuci,function,1.3800444602966309,1.261460542678833,0.11858391761779785
temi::msn::k22,3,291,input_peripheral,perangkat input komputer,function,1.9194567203521729,0.6135116815567017,1.3059450387954712
temi::msn::k22,4,166,phone_tablet,ponsel dan tablet,function,1.3368993997573853,0.6486659049987793,0.688233494758606
temi::msn::k22,5,117,desktop,komputer desktop,function,1.3973475694656372,1.2069590091705322,0.19038856029510498
temi::msn::k22,6,143,washing_machine,mesin cuci,function,1.1401855945587158,0.9077422618865967,0.23244333267211914
temi::msn::k22,7,205,phone_tablet,ponsel dan tablet,function,1.1989011764526367,0.4373012185096741,0.7615999579429626
temi::msn::k22,8,79,electronic_component,komponen elektronik,function,2.0814430713653564,0.8315255045890808,1.2499175071716309
temi::msn::k22,9,236,battery,baterai dan aki,function,1.5687012672424316,0.9646623730659485,0.6040388941764832
temi::msn::k22,10,17,input_peripheral,perangkat input komputer,function,0.8214333653450012,0.556779682636261,0.26465368270874023
temi::msn::k22,11,61,input_peripheral,perangkat input komputer,function,1.0561717748641968,0.9762489199638367,0.07992285490036011
temi::msn::k22,12,251,cooking_appliance,peralatan memasak listrik,function,2.126974582672119,0.3418060839176178,1.7851685285568237
temi::msn::k22,13,206,washing_machine,mesin cuci,function,2.256593704223633,0.9474783539772034,1.3091154098510742
temi::msn::k22,14,120,audio,perangkat audio,function,2.6477854251861572,0.5328198671340942,2.1149654388427734
temi::msn::k22,15,86,phone_tablet,ponsel dan tablet,function,1.139285922050476,0.6422609090805054,0.4970250129699707
temi::msn::k22,16,272,electronic_component,komponen elektronik,function,1.7173758745193481,0.6245773434638977,1.0927984714508057
temi::msn::k22,17,371,desktop,komputer desktop,function,1.1003625392913818,1.0397945642471313,0.06056797504425049
temi::msn::k22,18,182,display,televisi dan monitor,function,1.4037225246429443,0.6147791743278503,0.788943350315094
temi::msn::k22,19,261,camera,kamera,function,0.36049938201904297,0.2985597550868988,0.061939626932144165
temi::msn::k22,20,23,display,televisi dan monitor,function,1.2976179122924805,0.5323188900947571,0.7652990221977234
temi::msn::k22,21,26,battery,baterai dan aki,function,0.6551528573036194,0.38884544372558594,0.26630741357803345
temi::msn::k20,0,205,battery,baterai dan aki,function,1.0367372035980225,0.29535505175590515,0.7413821220397949
temi::msn::k20,1,140,laptop,laptop,function,1.3263752460479736,0.364320307970047,0.962054967880249
temi::msn::k20,2,276,printer,printer dan mesin fotokopi,function,0.39840930700302124,0.3548848330974579,0.043524473905563354
temi::msn::k20,3,39,cooking_appliance,peralatan memasak listrik,function,0.6998313665390015,0.41407012939453125,0.2857612371444702
temi::msn::k20,4,129,input_peripheral,perangkat input komputer,function,1.0731401443481445,0.3114314675331116,0.761708676815033
temi::msn::k20,5,114,audio,perangkat audio,function,1.222012996673584,0.5623593330383301,0.6596536636352539
temi::msn::k20,6,150,input_peripheral,perangkat input komputer,function,2.1565892696380615,0.7441253662109375,1.412463903427124
temi::msn::k20,7,94,printer,printer dan mesin fotokopi,function,1.1661490201950073,0.9444462656974792,0.22170275449752808
temi::msn::k20,8,151,audio,perangkat audio,function,0.35485026240348816,0.3096412718296051,0.04520899057388306
temi::msn::k20,9,31,desktop,komputer desktop,function,1.710447072982788,0.6364597678184509,1.0739872455596924
temi::msn::k20,10,112,display,televisi dan monitor,function,1.8451892137527466,1.2358424663543701,0.6093467473983765
temi::msn::k20,11,363,washing_machine,mesin cuci,function,1.3680965900421143,0.5755100846290588,0.7925865054130554
temi::msn::k20,12,388,phone_tablet,ponsel dan tablet,function,2.036252021789551,0.5630818009376526,1.473170280456543
temi::msn::k20,13,236,electronic_component,komponen elektronik,function,1.6783007383346558,0.294406533241272,1.3838942050933838
temi::msn::k20,14,191,laptop,laptop,function,0.9507690668106079,0.7273138761520386,0.22345519065856934
temi::msn::k20,15,286,printer,printer dan mesin fotokopi,function,1.2393786907196045,0.8540425300598145,0.38533616065979004
temi::msn::k20,16,310,cooking_appliance,peralatan memasak listrik,function,2.1633102893829346,0.6711604595184326,1.492149829864502
temi::msn::k20,17,236,input_peripheral,perangkat input komputer,function,0.8034660816192627,0.7368863821029663,0.06657969951629639
temi::msn::k20,18,83,input_peripheral,perangkat input komputer,function,0.7314957976341248,0.4508707523345947,0.28062504529953003
temi::msn::k20,19,45,desktop,komputer desktop,function,0.8873379230499268,0.643262505531311,0.24407541751861572
temi::msn::k18,0,145,desktop,komputer desktop,function,1.633549690246582,1.2260222434997559,0.40752744674682617
temi::msn::k18,1,123,phone_tablet,ponsel dan tablet,function,1.5283044576644897,0.5196464657783508,1.0086579322814941
temi::msn::k18,2,140,laptop,laptop,function,0.9508562088012695,0.5688782334327698,0.38197797536849976
temi::msn::k18,3,126,display,televisi dan monitor,function,0.749673068523407,0.5285391211509705,0.22113394737243652
temi::msn::k18,4,147,washing_machine,mesin cuci,function,1.1066381931304932,0.46515780687332153,0.6414803862571716
temi::msn::k18,5,206,phone_tablet,ponsel dan tablet,function,1.1138843297958374,0.7748138904571533,0.3390704393386841
temi::msn::k18,6,244,display,televisi dan monitor,function,1.8096978664398193,1.2737356424331665,0.5359622240066528
temi::msn::k18,7,288,electronic_component,komponen elektronik,function,2.218283176422119,0.2722853124141693,1.9459978342056274
temi::msn::k18,8,256,cooking_appliance,peralatan memasak listrik,function,1.7325494289398193,0.8309698104858398,0.9015796184539795
temi::msn::k18,9,149,battery,baterai dan aki,function,0.6360849738121033,0.4589917063713074,0.1770932674407959
temi::msn::k18,10,60,phone_tablet,ponsel dan tablet,function,0.5875834226608276,0.309419184923172,0.27816423773765564
temi::msn::k18,11,388,printer,printer dan mesin fotokopi,function,1.5668309926986694,0.3699749708175659,1.1968560218811035
temi::msn::k18,12,220,washing_machine,mesin cuci,function,1.3157328367233276,0.1976853460073471,1.1180474758148193
temi::msn::k18,13,165,display,televisi dan monitor,function,0.494096040725708,0.44485196471214294,0.049244076013565063
temi::msn::k18,14,246,phone_tablet,ponsel dan tablet,function,1.3638845682144165,0.38895514607429504,0.9749294519424438
temi::msn::k18,15,132,camera,kamera,function,0.2663746476173401,0.21721769869327545,0.049156948924064636
temi::msn::k18,16,349,input_peripheral,perangkat input komputer,function,1.144451379776001,0.4860658347606659,0.6583855152130127
temi::msn::k18,17,195,washing_machine,mesin cuci,function,1.3274980783462524,0.963034451007843,0.3644636273384094
temi::msn::k16,0,411,display,televisi dan monitor,function,1.7359832525253296,0.7989643216133118,0.9370189309120178
temi::msn::k16,1,372,phone_tablet,ponsel dan tablet,function,1.8649191856384277,0.4681652784347534,1.3967539072036743
temi::msn::k16,2,330,input_peripheral,perangkat input komputer,function,1.4402320384979248,0.621847927570343,0.8183841109275818
temi::msn::k16,3,174,laptop,laptop,function,1.1144131422042847,0.3851379454135895,0.7292752265930176
temi::msn::k16,4,209,battery,baterai dan aki,function,2.3535141944885254,0.646998405456543,1.7065157890319824
temi::msn::k16,5,145,input_peripheral,perangkat input komputer,function,0.8937965035438538,0.21829552948474884,0.6755009889602661
temi::msn::k16,6,140,phone_tablet,ponsel dan tablet,function,0.9537332653999329,0.5885403752326965,0.36519289016723633
temi::msn::k16,7,220,cooking_appliance,peralatan memasak listrik,function,1.1666369438171387,0.1093859151005745,1.0572509765625
temi::msn::k16,8,158,printer,printer dan mesin fotokopi,function,0.410731703042984,0.29250040650367737,0.11823129653930664
temi::msn::k16,9,90,battery,baterai dan aki,function,0.9434882402420044,0.6539976596832275,0.28949058055877686
temi::msn::k16,10,221,electronic_component,komponen elektronik,function,1.9742770195007324,0.48597124218940735,1.4883058071136475
temi::msn::k16,11,344,washing_machine,mesin cuci,function,1.8361718654632568,0.6263499855995178,1.2098219394683838
temi::msn::k16,12,86,audio,perangkat audio,function,1.1316142082214355,0.32337644696235657,0.8082377910614014
temi::msn::k16,13,251,audio,perangkat audio,function,0.5505166053771973,0.4660647511482239,0.08445185422897339
temi::msn::k16,14,183,printer,printer dan mesin fotokopi,function,2.2060306072235107,0.3354426324367523,1.870587944984436
temi::msn::k16,15,245,input_peripheral,perangkat input komputer,function,1.0491939783096313,0.5710273385047913,0.4781666398048401
temi::msn::k14,0,365,desktop,komputer desktop,function,0.9984990954399109,0.9310616254806519,0.06743746995925903
temi::msn::k14,1,316,cooking_appliance,peralatan memasak listrik,function,2.000359058380127,0.5600462555885315,1.4403128623962402
temi::msn::k14,2,209,printer,printer dan mesin fotokopi,function,1.1561518907546997,0.6781091094017029,0.4780427813529968
temi::msn::k14,3,234,phone_tablet,ponsel dan tablet,function,0.84531170129776,0.6341137290000916,0.21119797229766846
temi::msn::k14,4,118,laptop,laptop,function,1.5397355556488037,0.2732437551021576,1.2664917707443237
temi::msn::k14,5,212,input_peripheral,perangkat input komputer,function,1.616969108581543,0.5519711971282959,1.064997911453247
temi::msn::k14,6,267,display,televisi dan monitor,function,1.5715116262435913,0.9691095948219299,0.6024020314216614
temi::msn::k14,7,112,phone_tablet,ponsel dan tablet,function,1.0686774253845215,0.5752518773078918,0.49342554807662964
temi::msn::k14,8,341,washing_machine,mesin cuci,function,1.6925991773605347,0.9626525640487671,0.7299466133117676
temi::msn::k14,9,109,electronic_component,komponen elektronik,function,0.709064245223999,0.19802221655845642,0.5110419988632202
temi::msn::k14,10,475,battery,baterai dan aki,function,1.1812386512756348,0.8608294129371643,0.32040923833847046
temi::msn::k14,11,209,phone_tablet,ponsel dan tablet,function,0.6815202832221985,0.5356020927429199,0.14591819047927856
temi::msn::k14,12,314,display,televisi dan monitor,function,0.9965690970420837,0.38224130868911743,0.6143277883529663
temi::msn::k14,13,298,electronic_component,komponen elektronik,function,1.6537948846817017,0.5710708498954773,1.0827240943908691
temi::msn::k12,0,401,printer,printer dan mesin fotokopi,function,1.333974838256836,0.5965538024902344,0.7374210357666016
temi::msn::k12,1,186,washing_machine,mesin cuci,function,0.5643162727355957,0.5612166523933411,0.0030996203422546387
temi::msn::k12,2,275,phone_tablet,ponsel dan tablet,function,1.0918595790863037,0.31975993514060974,0.7720996141433716
temi::msn::k12,3,311,display,televisi dan monitor,function,1.1873620748519897,0.6177542209625244,0.5696078538894653
temi::msn::k12,4,228,electronic_component,komponen elektronik,function,0.5966530442237854,0.24373199045658112,0.3529210686683655
temi::msn::k12,5,263,input_peripheral,perangkat input komputer,function,0.9918538928031921,0.5675698518753052,0.42428404092788696
temi::msn::k12,6,272,electronic_component,komponen elektronik,function,1.3398939371109009,0.4867430329322815,0.8531509041786194
temi::msn::k12,7,544,input_peripheral,perangkat input komputer,function,0.8891417384147644,0.6522148847579956,0.2369268536567688
temi::msn::k12,8,328,display,televisi dan monitor,function,1.499959111213684,1.166237235069275,0.3337218761444092
temi::msn::k12,9,432,washing_machine,mesin cuci,function,1.5194681882858276,1.4160895347595215,0.10337865352630615
temi::msn::k12,10,81,cooking_appliance,peralatan memasak listrik,function,0.5798068046569824,0.17946547269821167,0.40034133195877075
temi::msn::k12,11,258,laptop,laptop,function,1.2235112190246582,0.8934776782989502,0.330033540725708
temi::msn::k11,0,327,electronic_component,komponen elektronik,function,1.7389490604400635,0.3621036410331726,1.376845359802246
temi::msn::k11,1,422,washing_machine,mesin cuci,function,1.417557954788208,0.4663770794868469,0.9511808753013611
temi::msn::k11,2,202,battery,baterai dan aki,function,1.2139838933944702,0.5280499458312988,0.6859339475631714
temi::msn::k11,3,388,display,televisi dan monitor,function,1.2312511205673218,0.9015934467315674,0.3296576738357544
temi::msn::k11,4,175,display,televisi dan monitor,function,0.5187520980834961,0.4265352487564087,0.0922168493270874
temi::msn::k11,5,221,display,televisi dan monitor,function,0.4717642366886139,0.3471735119819641,0.12459072470664978
temi::msn::k11,6,271,printer,printer dan mesin fotokopi,function,1.0317820310592651,0.48728182911872864,0.5445002317428589
temi::msn::k11,7,464,cooking_appliance,peralatan memasak listrik,function,1.1924142837524414,0.5129352807998657,0.6794790029525757
temi::msn::k11,8,402,electronic_component,komponen elektronik,function,0.5511379241943359,0.34367436170578003,0.2074635624885559
temi::msn::k11,9,392,input_peripheral,perangkat input komputer,function,1.6683018207550049,0.8828323483467102,0.7854694724082947
temi::msn::k11,10,315,laptop,laptop,function,0.955111563205719,0.408142626285553,0.546968936920166
temi::msn::k10,0,306,cooking_appliance,peralatan memasak listrik,function,1.8155304193496704,0.6632834672927856,1.1522469520568848
temi::msn::k10,1,130,display,televisi dan monitor,function,1.0107542276382446,0.22470255196094513,0.7860516905784607
temi::msn::k10,2,383,input_peripheral,perangkat input komputer,function,1.3839609622955322,1.0752815008163452,0.308679461479187
temi::msn::k10,3,351,electronic_component,komponen elektronik,function,0.8592021465301514,0.7825756669044495,0.0766264796257019
temi::msn::k10,4,302,washing_machine,mesin cuci,function,2.156092882156372,0.8470590114593506,1.3090338706970215
temi::msn::k10,5,446,printer,printer dan mesin fotokopi,function,1.6494660377502441,0.405408650636673,1.2440574169158936
temi::msn::k10,6,388,electronic_component,komponen elektronik,function,0.4705328047275543,0.32544809579849243,0.1450847089290619
temi::msn::k10,7,340,audio,perangkat audio,function,0.5073018074035645,0.24040615558624268,0.2668956518173218
temi::msn::k10,8,413,phone_tablet,ponsel dan tablet,function,1.9401249885559082,0.5654652714729309,1.374659776687622
temi::msn::k10,9,520,input_peripheral,perangkat input komputer,function,0.7561663389205933,0.6239725947380066,0.13219374418258667
temi::msn::k9,0,486,phone_tablet,ponsel dan tablet,function,1.204483151435852,0.43383097648620605,0.770652174949646
temi::msn::k9,1,336,display,televisi dan monitor,function,1.298082709312439,0.6112816333770752,0.6868010759353638
temi::msn::k9,2,320,laptop,laptop,function,1.0588074922561646,0.29533588886260986,0.7634716033935547
temi::msn::k9,3,349,printer,printer dan mesin fotokopi,function,1.9690791368484497,0.2503618896007538,1.7187172174453735
temi::msn::k9,4,445,input_peripheral,perangkat input komputer,function,1.3281785249710083,0.3222753703594208,1.0059031248092651
temi::msn::k9,5,277,washing_machine,mesin cuci,function,1.8887861967086792,0.7446412444114685,1.1441450119018555
temi::msn::k9,6,335,cooking_appliance,peralatan memasak listrik,function,1.5035189390182495,0.9812561869621277,0.5222627520561218
temi::msn::k9,7,561,electronic_component,komponen elektronik,function,1.0485957860946655,0.2868175506591797,0.7617782354354858
temi::msn::k9,8,470,input_peripheral,perangkat input komputer,function,0.8736469149589539,0.5632039308547974,0.3104429841041565
temi::msn::k8,0,487,input_peripheral,perangkat input komputer,function,0.42044517397880554,0.40061238408088684,0.0198327898979187
temi::msn::k8,1,354,printer,printer dan mesin fotokopi,function,1.6757186651229858,0.40846550464630127,1.2672531604766846
temi::msn::k8,2,440,battery,baterai dan aki,function,0.9253648519515991,0.27922701835632324,0.6461378335952759
temi::msn::k8,3,279,washing_machine,mesin cuci,function,0.9341840744018555,0.36151283979415894,0.5726712346076965
temi::msn::k8,4,332,display,televisi dan monitor,function,1.3544278144836426,0.3223303258419037,1.0320974588394165
temi::msn::k8,5,612,electronic_component,komponen elektronik,function,0.7978142499923706,0.2714596688747406,0.5263545513153076
temi::msn::k8,6,581,phone_tablet,ponsel dan tablet,function,1.0407248735427856,0.5039942860603333,0.5367305874824524
temi::msn::k8,7,494,cooking_appliance,peralatan memasak listrik,function,1.2663661241531372,0.6037954688072205,0.6625706553459167
temi::msn::k6,0,677,phone_tablet,ponsel dan tablet,function,1.3580409288406372,0.36638206243515015,0.9916588664054871
temi::msn::k6,1,559,display,televisi dan monitor,function,0.7152836918830872,0.4401859641075134,0.27509772777557373
temi::msn::k6,2,765,electronic_component,komponen elektronik,function,0.8095590472221375,0.36221209168434143,0.447346955537796
temi::msn::k6,3,412,input_peripheral,perangkat input komputer,function,1.1510987281799316,1.0141113996505737,0.1369873285293579
temi::msn::k6,4,456,cooking_appliance,peralatan memasak listrik,function,1.2147268056869507,0.5341639518737793,0.6805628538131714
temi::msn::k6,5,710,input_peripheral,perangkat input komputer,function,0.5435201525688171,0.3393719792366028,0.20414817333221436
temi::msn::k4,0,938,electronic_component,komponen elektronik,function,0.6854451894760132,0.3788452744483948,0.3065999150276184
temi::msn::k4,1,962,printer,printer dan mesin fotokopi,function,0.6026987433433533,0.2701914310455322,0.33250731229782104
temi::msn::k4,2,865,cooking_appliance,peralatan memasak listrik,function,0.6747804880142212,0.4728958010673523,0.2018846869468689
temi::msn::k4,3,814,phone_tablet,ponsel dan tablet,function,0.7603487372398376,0.4555473327636719,0.30480140447616577
temi::franca::k24,0,264,printer,printer dan mesin fotokopi,function,2.8835363388061523,0.6306472420692444,2.2528891563415527
temi::franca::k24,1,195,laptop,laptop,function,2.5278782844543457,0.7592102289199829,1.7686680555343628
temi::franca::k24,2,184,washing_machine,mesin cuci,function,2.026604652404785,0.464059054851532,1.5625455379486084
temi::franca::k24,3,24,phone_tablet,ponsel dan tablet,function,1.0093791484832764,0.640065610408783,0.3693135380744934
temi::franca::k24,4,178,camera,kamera,function,0.4142216444015503,0.24177446961402893,0.17244717478752136
temi::franca::k24,5,346,phone_tablet,ponsel dan tablet,function,2.105361223220825,0.5342803597450256,1.5710809230804443
temi::franca::k24,6,168,display,televisi dan monitor,function,1.7250792980194092,0.7324521541595459,0.9926271438598633
temi::franca::k24,7,53,washing_machine,mesin cuci,function,1.3088252544403076,0.3775334656238556,0.9312918186187744
temi::franca::k24,8,315,battery,baterai dan aki,function,1.573527455329895,0.5591717958450317,1.0143556594848633
temi::franca::k24,9,157,audio,perangkat audio,function,1.0283163785934448,0.8371374011039734,0.19117897748947144
temi::franca::k24,10,111,display,televisi dan monitor,function,1.9137386083602905,0.6914776563644409,1.2222609519958496
temi::franca::k24,11,49,phone_tablet,ponsel dan tablet,function,0.9002573490142822,0.5541145205497742,0.34614282846450806
temi::franca::k24,12,74,display,televisi dan monitor,function,1.5942506790161133,1.0153069496154785,0.5789437294006348
temi::franca::k24,13,8,desktop,komputer desktop,function,0.7518962621688843,0.5745792984962463,0.17731696367263794
temi::franca::k24,14,112,phone_tablet,ponsel dan tablet,function,1.4774538278579712,0.8102712035179138,0.6671826243400574
temi::franca::k24,15,203,input_peripheral,perangkat input komputer,function,1.6508796215057373,1.2093918323516846,0.44148778915405273
temi::franca::k24,16,64,battery,baterai dan aki,function,2.2913260459899902,0.8216838240623474,1.469642162322998
temi::franca::k24,17,271,input_peripheral,perangkat input komputer,function,2.1009092330932617,0.7716646194458008,1.329244613647461
temi::franca::k24,18,236,electronic_component,komponen elektronik,function,2.110407590866089,0.611106812953949,1.4993007183074951
temi::franca::k24,19,114,audio,perangkat audio,function,1.9184001684188843,1.0472253561019897,0.8711748123168945
temi::franca::k24,20,26,electronic_component,komponen elektronik,function,0.842810332775116,0.7184597253799438,0.12435060739517212
temi::franca::k24,21,21,audio,perangkat audio,function,0.5861009359359741,0.5831958055496216,0.002905130386352539
temi::franca::k24,22,154,display,televisi dan monitor,function,2.048387289047241,1.6219589710235596,0.42642831802368164
temi::franca::k24,23,252,cooking_appliance,peralatan memasak listrik,function,2.4639222621917725,0.4308120906352997,2.0331101417541504
temi::franca::k22,0,246,cooking_appliance,peralatan memasak listrik,function,2.813112258911133,0.5914578437805176,2.2216544151306152
temi::franca::k22,1,148,laptop,laptop,function,0.9799736738204956,0.3965971767902374,0.5833765268325806
temi::franca::k22,2,44,display,televisi dan monitor,function,1.350100040435791,0.6265655755996704,0.7235344648361206
temi::franca::k22,3,268,input_peripheral,perangkat input komputer,function,2.1372265815734863,0.7520206570625305,1.3852059841156006
temi::franca::k22,4,40,printer,printer dan mesin fotokopi,function,1.2959153652191162,0.44764846563339233,0.8482668995857239
temi::franca::k22,5,234,display,televisi dan monitor,function,0.6524361371994019,0.5193100571632385,0.13312608003616333
temi::franca::k22,6,37,laptop,laptop,function,2.1786835193634033,0.7515871524810791,1.4270963668823242
temi::franca::k22,7,160,laptop,laptop,function,1.9027950763702393,0.8265787959098816,1.076216220855713
temi::franca::k22,8,263,input_peripheral,perangkat input komputer,function,1.8262200355529785,1.3574628829956055,0.46875715255737305
temi::franca::k22,9,109,display,televisi dan monitor,function,2.1373326778411865,0.7537896633148193,1.3835430145263672
temi::franca::k22,10,304,phone_tablet,ponsel dan tablet,function,2.1573123931884766,0.5736798048019409,1.5836325883865356
temi::franca::k22,11,50,audio,perangkat audio,function,1.3830161094665527,0.500034749507904,0.8829813599586487
temi::franca::k22,12,182,display,televisi dan monitor,function,2.1371047496795654,1.221662163734436,0.9154425859451294
temi::franca::k22,13,38,phone_tablet,ponsel dan tablet,function,1.851670503616333,0.40363258123397827,1.44803786277771
temi::franca::k22,14,100,phone_tablet,ponsel dan tablet,function,0.9632347822189331,0.7894144654273987,0.17382031679153442
temi::franca::k22,15,48,phone_tablet,ponsel dan tablet,function,1.5048680305480957,0.43625977635383606,1.068608283996582
temi::franca::k22,16,193,audio,perangkat audio,function,1.98680579662323,0.9440508484840393,1.042754888534546
temi::franca::k22,17,335,printer,printer dan mesin fotokopi,function,2.1130928993225098,0.5613506436347961,1.5517423152923584
temi::franca::k22,18,85,laptop,laptop,function,1.4855886697769165,1.0632346868515015,0.42235398292541504
temi::franca::k22,19,330,electronic_component,komponen elektronik,function,2.321065902709961,0.4838372766971588,1.8372286558151245
temi::franca::k22,20,150,battery,baterai dan aki,function,2.6671247482299805,0.6989433765411377,1.9681813716888428
temi::franca::k22,21,215,washing_machine,mesin cuci,function,2.1053502559661865,0.7798041105270386,1.325546145439148
temi::franca::k20,0,42,phone_tablet,ponsel dan tablet,function,0.9121316075325012,0.6545727849006653,0.25755882263183594
temi::franca::k20,1,232,phone_tablet,ponsel dan tablet,function,1.2833025455474854,1.0426712036132812,0.2406313419342041
temi::franca::k20,2,248,display,televisi dan monitor,function,1.8533798456192017,1.1441209316253662,0.7092589139938354
temi::franca::k20,3,148,battery,baterai dan aki,function,2.405808925628662,0.7077380418777466,1.6980708837509155
temi::franca::k20,4,230,phone_tablet,ponsel dan tablet,function,1.1104745864868164,0.6545432209968567,0.4559313654899597
temi::franca::k20,5,175,phone_tablet,ponsel dan tablet,function,1.8939683437347412,0.5653926134109497,1.3285757303237915
temi::franca::k20,6,125,cooking_appliance,peralatan memasak listrik,function,2.4285919666290283,0.4796125590801239,1.948979377746582
temi::franca::k20,7,115,audio,perangkat audio,function,2.3750641345977783,0.7462403774261475,1.6288237571716309
temi::franca::k20,8,379,electronic_component,komponen elektronik,function,1.7584383487701416,0.642458975315094,1.1159794330596924
temi::franca::k20,9,146,audio,perangkat audio,function,1.1562809944152832,0.8000590801239014,0.35622191429138184
temi::franca::k20,10,274,input_peripheral,perangkat input komputer,function,2.1283514499664307,0.7389666438102722,1.3893847465515137
temi::franca::k20,11,251,printer,printer dan mesin fotokopi,function,2.2661614418029785,0.6232081651687622,1.6429532766342163
temi::franca::k20,12,4,washing_machine,mesin cuci,function,1.9652992486953735,0.393002986907959,1.5722962617874146
temi::franca::k20,13,258,input_peripheral,perangkat input komputer,function,1.8762093782424927,1.2949438095092773,0.5812655687332153
temi::franca::k20,14,88,electronic_component,komponen elektronik,function,1.5473414659500122,0.46763089299201965,1.079710602760315
temi::franca::k20,15,288,washing_machine,mesin cuci,function,2.736696720123291,0.886496901512146,1.850199818611145
temi::franca::k20,16,96,printer,printer dan mesin fotokopi,function,2.3432037830352783,0.34836557507514954,1.9948382377624512
temi::franca::k20,17,211,display,televisi dan monitor,function,1.5924063920974731,0.5207656025886536,1.0716407299041748
temi::franca::k20,18,212,laptop,laptop,function,2.087514877319336,0.47416308522224426,1.613351821899414
temi::franca::k20,19,57,phone_tablet,ponsel dan tablet,function,1.563856840133667,0.342806339263916,1.221050500869751
temi::franca::k18,0,339,electronic_component,komponen elektronik,function,2.2620654106140137,0.259363055229187,2.002702236175537
temi::franca::k18,1,121,battery,baterai dan aki,function,0.7710111737251282,0.7121241688728333,0.05888700485229492
temi::franca::k18,2,75,input_peripheral,perangkat input komputer,function,0.4369387924671173,0.16863879561424255,0.26829999685287476
temi::franca::k18,3,270,input_peripheral,perangkat input komputer,function,1.8449325561523438,1.3040108680725098,0.540921688079834
temi::franca::k18,4,174,audio,perangkat audio,function,1.8325060606002808,0.48269766569137573,1.3498084545135498
temi::franca::k18,5,304,input_peripheral,perangkat input komputer,function,1.006421685218811,0.9088014364242554,0.09762024879455566
temi::franca::k18,6,277,laptop,laptop,function,2.0778839588165283,0.5890364050865173,1.4888474941253662
temi::franca::k18,7,312,cooking_appliance,peralatan memasak listrik,function,2.027147054672241,0.46959188580513,1.5575551986694336
temi::franca::k18,8,178,phone_tablet,ponsel dan tablet,function,1.217128872871399,0.4927898645401001,0.7243390083312988
temi::franca::k18,9,74,phone_tablet,ponsel dan tablet,function,1.5668699741363525,0.47643330693244934,1.0904366970062256
temi::franca::k18,10,240,display,televisi dan monitor,function,1.708592176437378,1.2459582090377808,0.46263396739959717
temi::franca::k18,11,284,washing_machine,mesin cuci,function,2.74568772315979,0.8963136672973633,1.8493740558624268
temi::franca::k18,12,233,printer,printer dan mesin fotokopi,function,3.113659620285034,0.7156628370285034,2.3979969024658203
temi::franca::k18,13,95,battery,baterai dan aki,function,2.025005340576172,0.8372463583946228,1.1877589225769043
temi::franca::k18,14,16,printer,printer dan mesin fotokopi,function,0.7817815542221069,0.3247256577014923,0.4570558965206146
temi::franca::k18,15,241,display,televisi dan monitor,function,2.0505056381225586,0.5704610347747803,1.4800446033477783
temi::franca::k18,16,251,battery,baterai dan aki,function,0.9393227696418762,0.6642857789993286,0.2750369906425476
temi::franca::k18,17,95,audio,perangkat audio,function,2.7049665451049805,0.7461617588996887,1.9588048458099365
temi::franca::k16,0,282,display,televisi dan monitor,function,1.5332013368606567,0.5477569103240967,0.9854444265365601
temi::franca::k16,1,159,audio,perangkat audio,function,1.8615559339523315,0.343260258436203,1.5182956457138062
temi::franca::k16,2,193,printer,printer dan mesin fotokopi,function,2.9511783123016357,0.43866485357284546,2.5125133991241455
temi::franca::k16,3,255,phone_tablet,ponsel dan tablet,function,2.166379451751709,0.7162033915519714,1.4501760005950928
temi::franca::k16,4,69,audio,perangkat audio,function,2.4216291904449463,0.5418940186500549,1.8797352313995361
temi::franca::k16,5,113,audio,perangkat audio,function,1.3185442686080933,0.6228881478309631,0.6956561207771301
temi::franca::k16,6,313,washing_machine,mesin cuci,function,2.440673828125,0.9533926248550415,1.4872812032699585
temi::franca::k16,7,408,input_peripheral,perangkat input komputer,function,1.4731663465499878,1.0320990085601807,0.44106733798980713
temi::franca::k16,8,391,electronic_component,komponen elektronik,function,2.1683125495910645,0.44084346294403076,1.7274690866470337
temi::franca::k16,9,133,cooking_appliance,peralatan memasak listrik,function,1.264884352684021,0.6318268775939941,0.6330574750900269
temi::franca::k16,10,135,laptop,laptop,function,1.9055105447769165,0.6702903509140015,1.235220193862915
temi::franca::k16,11,191,battery,baterai dan aki,function,1.9792523384094238,0.525191605091095,1.4540607929229736
temi::franca::k16,12,188,cooking_appliance,peralatan memasak listrik,function,2.517047882080078,0.5852031111717224,1.931844711303711
temi::franca::k16,13,297,display,televisi dan monitor,function,1.5638751983642578,1.1075775623321533,0.4562976360321045
temi::franca::k16,14,186,phone_tablet,ponsel dan tablet,function,1.1826709508895874,0.8738815784454346,0.30878937244415283
temi::franca::k16,15,266,input_peripheral,perangkat input komputer,function,1.8148409128189087,1.2176661491394043,0.5971747636795044
temi::franca::k14,0,312,phone_tablet,ponsel dan tablet,function,1.6030175685882568,0.47754156589508057,1.1254760026931763
temi::franca::k14,1,38,phone_tablet,ponsel dan tablet,function,1.068433403968811,0.3968481123447418,0.6715853214263916
temi::franca::k14,2,163,audio,perangkat audio,function,1.6506173610687256,0.5406898260116577,1.1099275350570679
temi::franca::k14,3,238,battery,baterai dan aki,function,2.983398675918579,0.8577632308006287,2.1256353855133057
temi::franca::k14,4,365,printer,printer dan mesin fotokopi,function,2.111849784851074,0.5587855577468872,1.553064227104187
temi::franca::k14,5,280,input_peripheral,perangkat input komputer,function,1.778620719909668,1.0404871702194214,0.7381335496902466
temi::franca::k14,6,277,cooking_appliance,peralatan memasak listrik,function,2.459364652633667,0.4667631685733795,1.9926015138626099
temi::franca::k14,7,200,audio,perangkat audio,function,1.9345365762710571,0.68694669008255,1.2475898265838623
temi::franca::k14,8,416,electronic_component,komponen elektronik,function,1.8235722780227661,0.7062291502952576,1.1173431873321533
temi::franca::k14,9,140,input_peripheral,perangkat input komputer,function,1.4881106615066528,0.9342842102050781,0.5538264513015747
temi::franca::k14,10,385,display,televisi dan monitor,function,1.576615810394287,0.7115886807441711,0.865027129650116
temi::franca::k14,11,379,laptop,laptop,function,0.968192458152771,0.7155972123146057,0.2525952458381653
temi::franca::k14,12,88,input_peripheral,perangkat input komputer,function,1.4606807231903076,0.1724509298801422,1.2882298231124878
temi::franca::k14,13,298,washing_machine,mesin cuci,function,2.405500650405884,0.7713956236839294,1.6341049671173096
temi::franca::k12,0,167,audio,perangkat audio,function,0.45394906401634216,0.24454648792743683,0.20940257608890533
temi::franca::k12,1,616,phone_tablet,ponsel dan tablet,function,1.556032419204712,0.9284319281578064,0.6276004910469055
temi::franca::k12,2,201,printer,printer dan mesin fotokopi,function,0.9748788475990295,0.9552414417266846,0.01963740587234497
temi::franca::k12,3,89,audio,perangkat audio,function,0.7158758044242859,0.631831705570221,0.08404409885406494
temi::franca::k12,4,412,display,televisi dan monitor,function,1.9436640739440918,1.170132040977478,0.7735320329666138
temi::franca::k12,5,397,cooking_appliance,peralatan memasak listrik,function,1.535618543624878,0.7086095809936523,0.8270089626312256
temi::franca::k12,6,499,electronic_component,komponen elektronik,function,1.7704192399978638,0.4971390664577484,1.273280143737793
temi::franca::k12,7,228,washing_machine,mesin cuci,function,1.9692038297653198,0.5019780397415161,1.4672257900238037
temi::franca::k12,8,306,input_peripheral,perangkat input komputer,function,1.599208116531372,0.6171504259109497,0.9820576906204224
temi::franca::k12,9,307,audio,perangkat audio,function,1.7659834623336792,1.141233205795288,0.6247502565383911
temi::franca::k12,10,59,input_peripheral,perangkat input komputer,function,1.3763952255249023,0.3107837438583374,1.065611481666565
temi::franca::k12,11,298,input_peripheral,perangkat input komputer,function,1.4240731000900269,0.9034770727157593,0.5205960273742676
temi::franca::k11,0,527,phone_tablet,ponsel dan tablet,function,1.5975826978683472,0.6436361074447632,0.953946590423584
temi::franca::k11,1,214,display,televisi dan monitor,function,1.94077730178833,1.6701005697250366,0.27067673206329346
temi::franca::k11,2,293,battery,baterai dan aki,function,1.135303020477295,0.49096980690956116,0.6443332433700562
temi::franca::k11,3,271,input_peripheral,perangkat input komputer,function,1.6724787950515747,1.050976037979126,0.6215027570724487
temi::franca::k11,4,316,printer,printer dan mesin fotokopi,function,1.7499032020568848,0.7419933080673218,1.007909893989563
temi::franca::k11,5,386,electronic_component,komponen elektronik,function,1.6428674459457397,0.34620001912117004,1.296667456626892
temi::franca::k11,6,376,display,televisi dan monitor,function,1.0534099340438843,0.407989501953125,0.6454204320907593
temi::franca::k11,7,274,input_peripheral,perangkat input komputer,function,1.3486765623092651,0.431863009929657,0.9168135523796082
temi::franca::k11,8,456,cooking_appliance,peralatan memasak listrik,function,1.7874516248703003,1.243409276008606,0.5440423488616943
temi::franca::k11,9,293,washing_machine,mesin cuci,function,2.475766658782959,0.7090495824813843,1.7667170763015747
temi::franca::k11,10,173,input_peripheral,perangkat input komputer,function,1.2486156225204468,0.6849802732467651,0.5636353492736816
temi::franca::k10,0,402,input_peripheral,perangkat input komputer,function,1.3601751327514648,0.31456705927848816,1.0456080436706543
temi::franca::k10,1,515,phone_tablet,ponsel dan tablet,function,1.8823494911193848,0.5280284285545349,1.354321002960205
temi::franca::k10,2,409,electronic_component,komponen elektronik,function,1.8526593446731567,0.5646840929985046,1.2879753112792969
temi::franca::k10,3,356,printer,printer dan mesin fotokopi,function,2.1413464546203613,0.5276601314544678,1.6136863231658936
temi::franca::k10,4,471,input_peripheral,perangkat input komputer,function,0.7314333915710449,0.4383220076560974,0.2931113839149475
temi::franca::k10,5,263,cooking_appliance,peralatan memasak listrik,function,2.622122049331665,0.5313516855239868,2.0907702445983887
temi::franca::k10,6,344,battery,baterai dan aki,function,0.6096125841140747,0.4422209858894348,0.1673915982246399
temi::franca::k10,7,216,laptop,laptop,function,2.3599369525909424,0.5987936854362488,1.7611432075500488
temi::franca::k10,8,305,display,televisi dan monitor,function,2.07169508934021,1.234604001045227,0.8370910882949829
temi::franca::k10,9,298,washing_machine,mesin cuci,function,2.608076333999634,0.8436818718910217,1.7643945217132568
temi::franca::k9,0,152,battery,baterai dan aki,function,0.9717944264411926,0.34731554985046387,0.6244788765907288
temi::franca::k9,1,425,washing_machine,mesin cuci,function,0.9046023488044739,0.7073352336883545,0.19726711511611938
temi::franca::k9,2,446,printer,printer dan mesin fotokopi,function,1.741221308708191,1.1199052333831787,0.6213160753250122
temi::franca::k9,3,678,phone_tablet,ponsel dan tablet,function,1.1919959783554077,0.7007126212120056,0.4912833571434021
temi::franca::k9,4,354,battery,baterai dan aki,function,1.2014614343643188,0.43133658170700073,0.7701248526573181
temi::franca::k9,5,189,input_peripheral,perangkat input komputer,function,1.8479163646697998,1.2042789459228516,0.6436374187469482
temi::franca::k9,6,657,electronic_component,komponen elektronik,function,1.286214828491211,0.9300212860107422,0.35619354248046875
temi::franca::k9,7,375,cooking_appliance,peralatan memasak listrik,function,2.0790631771087646,1.0336415767669678,1.0454216003417969
temi::franca::k9,8,303,display,televisi dan monitor,function,1.2641701698303223,0.5081802010536194,0.7559899687767029
temi::franca::k8,0,557,washing_machine,mesin cuci,function,1.6811363697052002,1.5695244073867798,0.11161196231842041
temi::franca::k8,1,417,input_peripheral,perangkat input komputer,function,1.4654502868652344,0.36417365074157715,1.1012766361236572
temi::franca::k8,2,345,input_peripheral,perangkat input komputer,function,1.3685932159423828,0.8492795825004578,0.519313633441925
temi::franca::k8,3,364,display,televisi dan monitor,function,1.5531619787216187,0.6567855477333069,0.8963764309883118
temi::franca::k8,4,285,laptop,laptop,function,1.896746039390564,0.34736168384552,1.549384355545044
temi::franca::k8,5,603,phone_tablet,ponsel dan tablet,function,1.3361761569976807,0.6422527432441711,0.6939234137535095
temi::franca::k8,6,351,printer,printer dan mesin fotokopi,function,2.087538719177246,0.5197275876998901,1.567811131477356
temi::franca::k8,7,657,electronic_component,komponen elektronik,function,1.1506985425949097,1.055745244026184,0.09495329856872559
temi::franca::k6,0,765,printer,printer dan mesin fotokopi,function,0.8917749524116516,0.7353100776672363,0.15646487474441528
temi::franca::k6,1,354,display,televisi dan monitor,function,1.1411240100860596,0.49965694546699524,0.6414670944213867
temi::franca::k6,2,700,phone_tablet,ponsel dan tablet,function,1.5166664123535156,0.740342915058136,0.7763234972953796
temi::franca::k6,3,568,battery,baterai dan aki,function,1.0890172719955444,0.8464901447296143,0.24252712726593018
temi::franca::k6,4,411,input_peripheral,perangkat input komputer,function,1.0493444204330444,0.7299715876579285,0.31937283277511597
temi::franca::k6,5,781,cooking_appliance,peralatan memasak listrik,function,1.1452313661575317,1.1006903648376465,0.044541001319885254
temi::franca::k4,0,998,printer,printer dan mesin fotokopi,function,0.6979798078536987,0.4779278039932251,0.22005200386047363
temi::franca::k4,1,892,input_peripheral,perangkat input komputer,function,1.0819787979125977,0.4265901446342468,0.6553886532783508
temi::franca::k4,2,682,electronic_component,komponen elektronik,function,1.2798577547073364,0.7524155378341675,0.527442216873169
temi::franca::k4,3,1007,phone_tablet,ponsel dan tablet,function,0.6910350918769836,0.5860775113105774,0.10495758056640625
temi::fashionsiglip::k24,0,26,washing_machine,mesin cuci,function,1.0713460445404053,0.503373384475708,0.5679726600646973
temi::fashionsiglip::k24,1,144,cooking_appliance,peralatan memasak listrik,function,2.208815336227417,0.6434892416000366,1.5653260946273804
temi::fashionsiglip::k24,2,40,audio,perangkat audio,function,1.8117520809173584,0.6011062860488892,1.2106457948684692
temi::fashionsiglip::k24,3,193,display,televisi dan monitor,function,0.2288510650396347,0.14440636336803436,0.08444470167160034
temi::fashionsiglip::k24,4,130,input_peripheral,perangkat input komputer,function,1.6153088808059692,1.1617350578308105,0.4535738229751587
temi::fashionsiglip::k24,5,329,electronic_component,komponen elektronik,function,2.1460416316986084,0.6598721742630005,1.486169457435608
temi::fashionsiglip::k24,6,232,printer,printer dan mesin fotokopi,function,2.6970369815826416,0.6136569976806641,2.0833799839019775
temi::fashionsiglip::k24,7,119,desktop,komputer desktop,function,0.6904398798942566,0.5258241891860962,0.1646156907081604
temi::fashionsiglip::k24,8,283,desktop,komputer desktop,function,0.435587078332901,0.39238083362579346,0.043206244707107544
temi::fashionsiglip::k24,9,238,phone_tablet,ponsel dan tablet,function,1.4943516254425049,0.3050794005393982,1.189272165298462
temi::fashionsiglip::k24,10,128,washing_machine,mesin cuci,function,1.9345377683639526,0.5389285683631897,1.3956091403961182
temi::fashionsiglip::k24,11,41,phone_tablet,ponsel dan tablet,function,0.7183442711830139,0.5477166175842285,0.1706276535987854
temi::fashionsiglip::k24,12,206,display,televisi dan monitor,function,1.24765145778656,1.155318021774292,0.09233343601226807
temi::fashionsiglip::k24,13,211,battery,baterai dan aki,function,1.9145361185073853,0.6421053409576416,1.2724307775497437
temi::fashionsiglip::k24,14,40,phone_tablet,ponsel dan tablet,function,1.0835716724395752,0.4632991850376129,0.6202725172042847
temi::fashionsiglip::k24,15,116,desktop,komputer desktop,function,1.033504843711853,0.8213782906532288,0.21212655305862427
temi::fashionsiglip::k24,16,130,display,televisi dan monitor,function,1.6712664365768433,0.3917507529258728,1.2795157432556152
temi::fashionsiglip::k24,17,57,input_peripheral,perangkat input komputer,function,1.3915587663650513,0.25670114159584045,1.1348576545715332
temi::fashionsiglip::k24,18,197,desktop,komputer desktop,function,1.256690502166748,1.2089769840240479,0.047713518142700195
temi::fashionsiglip::k24,19,131,audio,perangkat audio,function,1.6335242986679077,0.640269935131073,0.9932543635368347
temi::fashionsiglip::k24,20,200,washing_machine,mesin cuci,function,1.2253730297088623,0.8581884503364563,0.367184579372406
temi::fashionsiglip::k24,21,30,cooking_appliance,peralatan memasak listrik,function,0.6378229260444641,0.50847327709198,0.12934964895248413
temi::fashionsiglip::k24,22,178,phone_tablet,ponsel dan tablet,function,1.9072908163070679,0.5934557914733887,1.3138350248336792
temi::fashionsiglip::k24,23,180,input_peripheral,perangkat input komputer,function,1.1178932189941406,0.1736585944890976,0.9442346096038818
temi::fashionsiglip::k22,0,225,electronic_component,komponen elektronik,function,1.546162486076355,0.3285277783870697,1.217634677886963
temi::fashionsiglip::k22,1,170,input_peripheral,perangkat input komputer,function,1.6284325122833252,0.6789894700050354,0.9494430422782898
temi::fashionsiglip::k22,2,240,washing_machine,mesin cuci,function,2.973146677017212,0.9802283644676208,1.9929182529449463
temi::fashionsiglip::k22,3,111,display,televisi dan monitor,function,1.349983811378479,0.9572522044181824,0.39273160696029663
temi::fashionsiglip::k22,4,189,battery,baterai dan aki,function,2.569382667541504,0.7199030518531799,1.8494796752929688
temi::fashionsiglip::k22,5,67,laptop,laptop,function,1.2421915531158447,1.1152445077896118,0.1269470453262329
temi::fashionsiglip::k22,6,445,phone_tablet,ponsel dan tablet,function,1.4408272504806519,0.20701256394386292,1.2338147163391113
temi::fashionsiglip::k22,7,142,audio,perangkat audio,function,2.684767246246338,0.4889530539512634,2.1958141326904297
temi::fashionsiglip::k22,8,114,input_peripheral,perangkat input komputer,function,1.9458369016647339,1.0404061079025269,0.905430793762207
temi::fashionsiglip::k22,9,87,phone_tablet,ponsel dan tablet,function,1.2401280403137207,0.7942709922790527,0.44585704803466797
temi::fashionsiglip::k22,10,229,audio,perangkat audio,function,0.1659749299287796,0.14271514117717743,0.023259788751602173
temi::fashionsiglip::k22,11,74,printer,printer dan mesin fotokopi,function,2.2668325901031494,0.3625335991382599,1.904299020767212
temi::fashionsiglip::k22,12,118,display,televisi dan monitor,function,0.9884228110313416,0.6746765375137329,0.31374627351760864
temi::fashionsiglip::k22,13,165,display,televisi dan monitor,function,1.2210410833358765,0.5462026000022888,0.6748384833335876
temi::fashionsiglip::k22,14,322,desktop,komputer desktop,function,0.42326563596725464,0.4071601331233978,0.01610550284385681
temi::fashionsiglip::k22,15,107,electronic_component,komponen elektronik,function,1.9616321325302124,1.338075876235962,0.6235562562942505
temi::fashionsiglip::k22,16,72,desktop,komputer desktop,function,1.6423892974853516,1.5996440649032593,0.042745232582092285
temi::fashionsiglip::k22,17,232,cooking_appliance,peralatan memasak listrik,function,2.5548481941223145,0.6239330768585205,1.930915117263794
temi::fashionsiglip::k22,18,31,laptop,laptop,function,1.109297752380371,0.5582083463668823,0.5510894060134888
temi::fashionsiglip::k22,19,211,printer,printer dan mesin fotokopi,function,1.1100236177444458,0.8815819621086121,0.22844165563583374
temi::fashionsiglip::k22,20,87,audio,perangkat audio,function,2.0996737480163574,1.0878174304962158,1.0118563175201416
temi::fashionsiglip::k22,21,141,input_peripheral,perangkat input komputer,function,1.067778468132019,0.5939556360244751,0.47382283210754395
temi::fashionsiglip::k20,0,276,battery,baterai dan aki,function,0.5905405282974243,0.5075181126594543,0.08302241563796997
temi::fashionsiglip::k20,1,346,laptop,laptop,function,0.5848586559295654,0.5826635360717773,0.002195119857788086
temi::fashionsiglip::k20,2,122,laptop,laptop,function,2.4461770057678223,0.8660690188407898,1.5801079273223877
temi::fashionsiglip::k20,3,77,audio,perangkat audio,function,2.5767056941986084,0.46969807147979736,2.1070075035095215
temi::fashionsiglip::k20,4,61,desktop,komputer desktop,function,1.0853825807571411,0.6001525521278381,0.485230028629303
temi::fashionsiglip::k20,5,179,audio,perangkat audio,function,1.8112791776657104,0.12758994102478027,1.6836892366409302
temi::fashionsiglip::k20,6,307,input_peripheral,perangkat input komputer,function,2.118619680404663,0.8777673840522766,1.2408523559570312
temi::fashionsiglip::k20,7,29,cooking_appliance,peralatan memasak listrik,function,1.6618075370788574,0.24457783997058868,1.4172296524047852
temi::fashionsiglip::k20,8,299,electronic_component,komponen elektronik,function,2.371497631072998,0.22662141919136047,2.14487624168396
temi::fashionsiglip::k20,9,85,printer,printer dan mesin fotokopi,function,2.2441234588623047,0.597431480884552,1.6466920375823975
temi::fashionsiglip::k20,10,57,phone_tablet,ponsel dan tablet,function,1.1128917932510376,0.251509428024292,0.8613823652267456
temi::fashionsiglip::k20,11,105,desktop,komputer desktop,function,1.4411258697509766,1.3115177154541016,0.129608154296875
temi::fashionsiglip::k20,12,199,phone_tablet,ponsel dan tablet,function,2.081794500350952,0.6195514798164368,1.4622430801391602
temi::fashionsiglip::k20,13,289,display,televisi dan monitor,function,2.086561679840088,0.6647687554359436,1.421792984008789
temi::fashionsiglip::k20,14,169,battery,baterai dan aki,function,1.7292596101760864,0.45902636647224426,1.2702332735061646
temi::fashionsiglip::k20,15,54,audio,perangkat audio,function,1.4162185192108154,1.128347635269165,0.2878708839416504
temi::fashionsiglip::k20,16,245,cooking_appliance,peralatan memasak listrik,function,1.6892213821411133,0.8062688708305359,0.8829525113105774
temi::fashionsiglip::k20,17,236,cooking_appliance,peralatan memasak listrik,function,0.3678082525730133,0.30580759048461914,0.062000662088394165
temi::fashionsiglip::k20,18,85,desktop,komputer desktop,function,1.0958932638168335,0.9770110845565796,0.1188821792602539
temi::fashionsiglip::k20,19,359,washing_machine,mesin cuci,function,1.7776122093200684,0.9477084875106812,0.8299037218093872
temi::fashionsiglip::k18,0,130,printer,printer dan mesin fotokopi,function,0.9734465479850769,0.8179287314414978,0.1555178165435791
temi::fashionsiglip::k18,1,325,input_peripheral,perangkat input komputer,function,1.6089125871658325,0.5189782977104187,1.0899343490600586
temi::fashionsiglip::k18,2,189,input_peripheral,perangkat input komputer,function,1.3698822259902954,1.342736840248108,0.0271453857421875
temi::fashionsiglip::k18,3,171,phone_tablet,ponsel dan tablet,function,1.3752869367599487,0.5672619342803955,0.8080250024795532
temi::fashionsiglip::k18,4,236,printer,printer dan mesin fotokopi,function,1.3677058219909668,0.9548042416572571,0.4129015803337097
temi::fashionsiglip::k18,5,106,phone_tablet,ponsel dan tablet,function,0.6429226994514465,0.20503006875514984,0.4378926157951355
temi::fashionsiglip::k18,6,117,battery,baterai dan aki,function,1.044001579284668,0.732453465461731,0.311548113822937
temi::fashionsiglip::k18,7,126,printer,printer dan mesin fotokopi,function,0.5579381585121155,0.4418903887271881,0.11604776978492737
temi::fashionsiglip::k18,8,232,phone_tablet,ponsel dan tablet,function,0.29084300994873047,0.284133642911911,0.006709367036819458
temi::fashionsiglip::k18,9,319,display,televisi dan monitor,function,1.8920605182647705,0.5252604484558105,1.36680006980896
temi::fashionsiglip::k18,10,323,phone_tablet,ponsel dan tablet,function,1.8703287839889526,0.3837168216705322,1.4866119623184204
temi::fashionsiglip::k18,11,304,cooking_appliance,peralatan memasak listrik,function,2.1735284328460693,0.8864169120788574,1.287111520767212
temi::fashionsiglip::k18,12,139,desktop,komputer desktop,function,2.048327684402466,1.5186426639556885,0.5296850204467773
temi::fashionsiglip::k18,13,52,washing_machine,mesin cuci,function,1.318055510520935,0.3347039520740509,0.9833515882492065
temi::fashionsiglip::k18,14,51,printer,printer dan mesin fotokopi,function,1.5097885131835938,1.0118192434310913,0.49796926975250244
temi::fashionsiglip::k18,15,145,washing_machine,mesin cuci,function,1.853554368019104,0.7725083231925964,1.0810461044311523
temi::fashionsiglip::k18,16,189,battery,baterai dan aki,function,3.0297861099243164,0.8825973272323608,2.147188663482666
temi::fashionsiglip::k18,17,425,electronic_component,komponen elektronik,function,1.7112600803375244,0.10505751520395279,1.6062026023864746
temi::fashionsiglip::k17,0,407,input_peripheral,perangkat input komputer,function,1.3333371877670288,1.2734788656234741,0.05985832214355469
temi::fashionsiglip::k17,1,127,phone_tablet,ponsel dan tablet,function,1.7989071607589722,0.45309901237487793,1.3458081483840942
temi::fashionsiglip::k17,2,176,battery,baterai dan aki,function,1.0923274755477905,1.0738954544067383,0.018432021141052246
temi::fashionsiglip::k17,3,331,cooking_appliance,peralatan memasak listrik,function,1.3774617910385132,0.7848243117332458,0.5926374793052673
temi::fashionsiglip::k17,4,137,input_peripheral,perangkat input komputer,function,1.7258265018463135,0.7099393606185913,1.0158871412277222
temi::fashionsiglip::k17,5,306,washing_machine,mesin cuci,function,2.452528715133667,0.9693634510040283,1.4831652641296387
temi::fashionsiglip::k17,6,80,battery,baterai dan aki,function,1.488644003868103,1.1597895622253418,0.32885444164276123
temi::fashionsiglip::k17,7,67,printer,printer dan mesin fotokopi,function,1.1454229354858398,0.7852854132652283,0.3601375222206116
temi::fashionsiglip::k17,8,325,display,televisi dan monitor,function,0.5422241687774658,0.2129531353712082,0.32927101850509644
temi::fashionsiglip::k17,9,76,phone_tablet,ponsel dan tablet,function,2.0233681201934814,0.608528733253479,1.4148393869400024
temi::fashionsiglip::k17,10,347,printer,printer dan mesin fotokopi,function,0.9472023248672485,0.7538485527038574,0.1933537721633911
temi::fashionsiglip::k17,11,199,phone_tablet,ponsel dan tablet,function,2.21531081199646,0.48595425486564636,1.7293565273284912
temi::fashionsiglip::k17,12,166,desktop,komputer desktop,function,0.9522560834884644,0.7361998558044434,0.216056227684021
temi::fashionsiglip::k17,13,285,display,televisi dan monitor,function,0.32297661900520325,0.2760995030403137,0.046877115964889526
temi::fashionsiglip::k17,14,180,electronic_component,komponen elektronik,function,2.4837727546691895,0.3996777832508087,2.084095001220703
temi::fashionsiglip::k17,15,156,audio,perangkat audio,function,0.7473813891410828,0.3480965197086334,0.39928486943244934
temi::fashionsiglip::k17,16,214,display,televisi dan monitor,function,1.1630090475082397,0.5537917017936707,0.6092173457145691
temi::fashionsiglip::k16,0,430,display,televisi dan monitor,function,1.2137423753738403,0.3122405707836151,0.9015017747879028
temi::fashionsiglip::k16,1,85,input_peripheral,perangkat input komputer,function,0.7833372950553894,0.6134278178215027,0.16990947723388672
temi::fashionsiglip::k16,2,110,printer,printer dan mesin fotokopi,function,2.0231881141662598,0.4420155882835388,1.5811724662780762
temi::fashionsiglip::k16,3,368,input_peripheral,perangkat input komputer,function,1.7373688220977783,1.0315048694610596,0.7058639526367188
temi::fashionsiglip::k16,4,122,laptop,laptop,function,0.9733879566192627,0.9688177108764648,0.0045702457427978516
temi::fashionsiglip::k16,5,69,battery,baterai dan aki,function,0.7288710474967957,0.2214113175868988,0.5074597597122192
temi::fashionsiglip::k16,6,94,battery,baterai dan aki,function,1.119766116142273,0.24541568756103516,0.8743504285812378
temi::fashionsiglip::k16,7,477,phone_tablet,ponsel dan tablet,function,2.1497292518615723,0.5557195544242859,1.5940096378326416
temi::fashionsiglip::k16,8,172,audio,perangkat audio,function,1.522486686706543,0.836021363735199,0.686465322971344
temi::fashionsiglip::k16,9,119,desktop,komputer desktop,function,0.7819122076034546,0.5898825526237488,0.1920296549797058
temi::fashionsiglip::k16,10,175,cooking_appliance,peralatan memasak listrik,function,3.0244531631469727,0.6043280363082886,2.4201250076293945
temi::fashionsiglip::k16,11,328,desktop,komputer desktop,function,1.0043820142745972,0.8671444058418274,0.13723760843276978
temi::fashionsiglip::k16,12,152,electronic_component,komponen elektronik,function,0.8081466555595398,0.4879419803619385,0.3202046751976013
temi::fashionsiglip::k16,13,226,washing_machine,mesin cuci,function,2.9629909992218018,0.9574087858200073,2.005582332611084
temi::fashionsiglip::k16,14,400,electronic_component,komponen elektronik,function,1.7840200662612915,0.6142327785491943,1.1697872877120972
temi::fashionsiglip::k16,15,252,input_peripheral,perangkat input komputer,function,0.7089229226112366,0.677775502204895,0.031147420406341553
temi::fashionsiglip::k15,0,110,audio,perangkat audio,function,2.215088367462158,0.4377171993255615,1.7773711681365967
temi::fashionsiglip::k15,1,416,washing_machine,mesin cuci,function,1.5472584962844849,0.7520749568939209,0.795183539390564
temi::fashionsiglip::k15,2,124,input_peripheral,perangkat input komputer,function,1.121301293373108,0.818532407283783,0.30276888608932495
temi::fashionsiglip::k15,3,244,desktop,komputer desktop,function,0.4983830153942108,0.43346747756004333,0.06491553783416748
temi::fashionsiglip::k15,4,127,laptop,laptop,function,1.7686703205108643,0.6080486178398132,1.1606216430664062
temi::fashionsiglip::k15,5,428,phone_tablet,ponsel dan tablet,function,2.0736608505249023,0.5273069739341736,1.546353816986084
temi::fashionsiglip::k15,6,123,battery,baterai dan aki,function,2.521909713745117,1.3674618005752563,1.1544479131698608
temi::fashionsiglip::k15,7,314,printer,printer dan mesin fotokopi,function,1.6708370447158813,0.6850676536560059,0.9857693910598755
temi::fashionsiglip::k15,8,205,battery,baterai dan aki,function,0.38108184933662415,0.24953816831111908,0.13154368102550507
temi::fashionsiglip::k15,9,325,cooking_appliance,peralatan memasak listrik,function,0.7868289351463318,0.2974480390548706,0.4893808960914612
temi::fashionsiglip::k15,10,215,cooking_appliance,peralatan memasak listrik,function,1.5673846006393433,1.112744688987732,0.45463991165161133
temi::fashionsiglip::k15,11,176,electronic_component,komponen elektronik,function,1.5165387392044067,0.1876676082611084,1.3288711309432983
temi::fashionsiglip::k15,12,225,battery,baterai dan aki,function,1.422668695449829,0.5320286750793457,0.8906400203704834
temi::fashionsiglip::k15,13,75,laptop,laptop,function,1.7699263095855713,0.6522104740142822,1.117715835571289
temi::fashionsiglip::k15,14,472,input_peripheral,perangkat input komputer,function,1.7778993844985962,1.1584558486938477,0.6194435358047485
temi::fashionsiglip::k14,0,239,input_peripheral,perangkat input komputer,function,1.3837769031524658,0.2489265650510788,1.1348503828048706
temi::fashionsiglip::k14,1,235,printer,printer dan mesin fotokopi,function,2.0452775955200195,0.646442174911499,1.3988354206085205
temi::fashionsiglip::k14,2,288,battery,baterai dan aki,function,1.507691740989685,0.9372375011444092,0.5704542398452759
temi::fashionsiglip::k14,3,188,display,televisi dan monitor,function,1.5936410427093506,0.7518151998519897,0.8418258428573608
temi::fashionsiglip::k14,4,134,input_peripheral,perangkat input komputer,function,1.9863001108169556,0.7190417647361755,1.2672584056854248
temi::fashionsiglip::k14,5,473,phone_tablet,ponsel dan tablet,function,1.5432933568954468,0.3388310968875885,1.2044622898101807
temi::fashionsiglip::k14,6,325,electronic_component,komponen elektronik,function,0.6026356220245361,0.4560430943965912,0.14659252762794495
temi::fashionsiglip::k14,7,293,display,televisi dan monitor,function,1.4443793296813965,0.8285819888114929,0.6157973408699036
temi::fashionsiglip::k14,8,219,electronic_component,komponen elektronik,function,1.0886898040771484,0.3253467082977295,0.763343095779419
temi::fashionsiglip::k14,9,421,washing_machine,mesin cuci,function,1.5658084154129028,0.9296993613243103,0.6361090540885925
temi::fashionsiglip::k14,10,176,phone_tablet,ponsel dan tablet,function,1.055059552192688,0.6412099003791809,0.4138496518135071
temi::fashionsiglip::k14,11,306,laptop,laptop,function,1.4895591735839844,1.0903713703155518,0.3991878032684326
temi::fashionsiglip::k14,12,189,cooking_appliance,peralatan memasak listrik,function,2.513275384902954,0.5531187653541565,1.9601566791534424
temi::fashionsiglip::k14,13,93,input_peripheral,perangkat input komputer,function,0.8888993859291077,0.8725729584693909,0.016326427459716797
temi::fashionsiglip::k12,0,378,phone_tablet,ponsel dan tablet,function,0.9505704045295715,0.7764413952827454,0.17412900924682617
temi::fashionsiglip::k12,1,224,washing_machine,mesin cuci,function,2.4322779178619385,0.7525203824043274,1.6797575950622559
temi::fashionsiglip::k12,2,300,cooking_appliance,peralatan memasak listrik,function,0.34531310200691223,0.20469175279140472,0.1406213492155075
temi::fashionsiglip::k12,3,411,input_peripheral,perangkat input komputer,function,1.446510672569275,0.759024441242218,0.6874862313270569
temi::fashionsiglip::k12,4,210,input_peripheral,perangkat input komputer,function,0.7741626501083374,0.7545880079269409,0.019574642181396484
temi::fashionsiglip::k12,5,145,display,televisi dan monitor,function,1.5568803548812866,1.0475828647613525,0.5092974901199341
temi::fashionsiglip::k12,6,255,phone_tablet,ponsel dan tablet,function,1.4354596138000488,0.38159170746803284,1.0538679361343384
temi::fashionsiglip::k12,7,420,desktop,komputer desktop,function,0.49232685565948486,0.34209245443344116,0.1502344012260437
temi::fashionsiglip::k12,8,326,laptop,laptop,function,1.4570484161376953,1.297821283340454,0.1592271327972412
temi::fashionsiglip::k12,9,360,cooking_appliance,peralatan memasak listrik,function,0.9661142230033875,0.5402200222015381,0.42589420080184937
temi::fashionsiglip::k12,10,167,display,televisi dan monitor,function,1.9078539609909058,0.5552452802658081,1.3526086807250977
temi::fashionsiglip::k12,11,383,electronic_component,komponen elektronik,function,1.553030252456665,0.9722486138343811,0.5807816386222839
temi::fashionsiglip::k10,0,313,audio,perangkat audio,function,1.2990103960037231,1.0106256008148193,0.2883847951889038
temi::fashionsiglip::k10,1,341,electronic_component,komponen elektronik,function,1.5017011165618896,0.5118118524551392,0.9898892641067505
temi::fashionsiglip::k10,2,218,display,televisi dan monitor,function,1.2988771200180054,0.5522140264511108,0.7466630935668945
temi::fashionsiglip::k10,3,452,laptop,laptop,function,1.3227479457855225,1.1249549388885498,0.19779300689697266
temi::fashionsiglip::k10,4,322,display,televisi dan monitor,function,0.9600189328193665,0.5365937948226929,0.4234251379966736
temi::fashionsiglip::k10,5,255,cooking_appliance,peralatan memasak listrik,function,1.2578794956207275,0.6410155892372131,0.6168639063835144
temi::fashionsiglip::k10,6,547,phone_tablet,ponsel dan tablet,function,1.3730393648147583,0.2350868135690689,1.1379525661468506
temi::fashionsiglip::k10,7,471,desktop,komputer desktop,function,1.076340913772583,1.0389282703399658,0.03741264343261719
temi::fashionsiglip::k10,8,418,washing_machine,mesin cuci,function,2.0379161834716797,1.376590609550476,0.6613255739212036
temi::fashionsiglip::k10,9,242,phone_tablet,ponsel dan tablet,function,1.4072265625,1.040384292602539,0.36684226989746094
temi::fashionsiglip::k8,0,553,electronic_component,komponen elektronik,function,0.8320586681365967,0.8048054575920105,0.02725321054458618
temi::fashionsiglip::k8,1,496,printer,printer dan mesin fotokopi,function,0.7796734571456909,0.653061032295227,0.12661242485046387
temi::fashionsiglip::k8,2,654,washing_machine,mesin cuci,function,0.9963186383247375,0.7272334694862366,0.269085168838501
temi::fashionsiglip::k8,3,363,display,televisi dan monitor,function,1.7814717292785645,0.692404568195343,1.0890672206878662
temi::fashionsiglip::k8,4,237,electronic_component,komponen elektronik,function,1.3315991163253784,0.7538732886314392,0.5777258276939392
temi::fashionsiglip::k8,5,570,phone_tablet,ponsel dan tablet,function,1.7831110954284668,0.41077566146850586,1.372335433959961
temi::fashionsiglip::k8,6,392,desktop,komputer desktop,function,0.7830584645271301,0.6371784806251526,0.14587998390197754
temi::fashionsiglip::k8,7,314,laptop,laptop,function,1.338405966758728,0.33077216148376465,1.0076338052749634
temi::fashionsiglip::k6,0,586,washing_machine,mesin cuci,function,1.4035874605178833,1.3479207754135132,0.05566668510437012
temi::fashionsiglip::k6,1,523,desktop,komputer desktop,function,0.8475345969200134,0.7903363704681396,0.05719822645187378
temi::fashionsiglip::k6,2,626,phone_tablet,ponsel dan tablet,function,1.2277653217315674,0.31388017535209656,0.9138851165771484
temi::fashionsiglip::k6,3,514,input_peripheral,perangkat input komputer,function,0.6533288359642029,0.48918938636779785,0.16413944959640503
temi::fashionsiglip::k6,4,732,electronic_component,komponen elektronik,function,1.2054507732391357,0.737509548664093,0.4679412245750427
temi::fashionsiglip::k6,5,598,printer,printer dan mesin fotokopi,function,0.9180299043655396,0.34191837906837463,0.5761115550994873
temi::fashionsiglip::k4,0,992,phone_tablet,ponsel dan tablet,function,1.115634799003601,0.6619867086410522,0.45364809036254883
temi::fashionsiglip::k4,1,654,cooking_appliance,peralatan memasak listrik,function,1.047284722328186,0.8383609652519226,0.20892375707626343
temi::fashionsiglip::k4,2,953,desktop,komputer desktop,function,0.5257240533828735,0.48893189430236816,0.03679215908050537
temi::fashionsiglip::k4,3,980,washing_machine,mesin cuci,function,0.5929227471351624,0.29487425088882446,0.2980484962463379
temi::dinov2::k24,0,78,desktop,komputer desktop,function,1.3638046979904175,0.8558304905891418,0.5079742074012756
temi::dinov2::k24,1,218,input_peripheral,perangkat input komputer,function,2.160104751586914,0.7431308627128601,1.4169738292694092
temi::dinov2::k24,2,161,washing_machine,mesin cuci,function,1.3436442613601685,0.2571488320827484,1.0864953994750977
temi::dinov2::k24,3,137,printer,printer dan mesin fotokopi,function,1.9549201726913452,1.0848140716552734,0.8701061010360718
temi::dinov2::k24,4,240,phone_tablet,ponsel dan tablet,function,1.8560106754302979,0.47619324922561646,1.3798174858093262
temi::dinov2::k24,5,260,input_peripheral,perangkat input komputer,function,0.816889226436615,0.8044844269752502,0.012404799461364746
temi::dinov2::k24,6,76,phone_tablet,ponsel dan tablet,function,1.2023019790649414,0.7461708784103394,0.45613110065460205
temi::dinov2::k24,7,305,cooking_appliance,peralatan memasak listrik,function,2.102022171020508,1.5316357612609863,0.5703864097595215
temi::dinov2::k24,8,152,electronic_component,komponen elektronik,function,2.055422067642212,0.7082858085632324,1.3471362590789795
temi::dinov2::k24,9,141,phone_tablet,ponsel dan tablet,function,1.2007864713668823,0.7645317912101746,0.43625468015670776
temi::dinov2::k24,10,100,display,televisi dan monitor,function,1.8145034313201904,1.0736995935440063,0.7408038377761841
temi::dinov2::k24,11,143,display,televisi dan monitor,function,1.2537899017333984,1.1437054872512817,0.1100844144821167
temi::dinov2::k24,12,224,display,televisi dan monitor,function,0.626691460609436,0.41937294602394104,0.207318514585495
temi::dinov2::k24,13,76,audio,perangkat audio,function,2.521409273147583,0.8167441487312317,1.704665184020996
temi::dinov2::k24,14,221,electronic_component,komponen elektronik,function,2.0791265964508057,0.23579195141792297,1.843334674835205
temi::dinov2::k24,15,64,input_peripheral,perangkat input komputer,function,1.5172491073608398,0.7356230616569519,0.7816260457038879
temi::dinov2::k24,16,126,audio,perangkat audio,function,2.3928329944610596,0.19187232851982117,2.200960636138916
temi::dinov2::k24,17,15,input_peripheral,perangkat input komputer,function,1.0139037370681763,0.8000804781913757,0.21382325887680054
temi::dinov2::k24,18,188,battery,baterai dan aki,function,3.1282408237457275,0.8521297574043274,2.276111125946045
temi::dinov2::k24,19,133,battery,baterai dan aki,function,1.1165523529052734,0.8535519242286682,0.2630004286766052
temi::dinov2::k24,20,160,printer,printer dan mesin fotokopi,function,2.898993492126465,0.766844630241394,2.1321487426757812
temi::dinov2::k24,21,109,phone_tablet,ponsel dan tablet,function,2.10176944732666,0.607010543346405,1.4947588443756104
temi::dinov2::k24,22,228,display,televisi dan monitor,function,1.3876118659973145,0.8495618104934692,0.5380500555038452
temi::dinov2::k24,23,24,camera,kamera,function,1.1762508153915405,0.5043612122535706,0.67188960313797
temi::dinov2::k22,0,196,electronic_component,komponen elektronik,function,0.92696613073349,0.28365960717201233,0.6433064937591553
temi::dinov2::k22,1,250,battery,baterai dan aki,function,1.903565526008606,0.4007572829723358,1.5028082132339478
temi::dinov2::k22,2,84,battery,baterai dan aki,function,0.7523851990699768,0.5640103220939636,0.18837487697601318
temi::dinov2::k22,3,83,washing_machine,mesin cuci,function,2.0985822677612305,0.5621522665023804,1.53643000125885
temi::dinov2::k22,4,285,washing_machine,mesin cuci,function,0.9233035445213318,0.5840879082679749,0.33921563625335693
temi::dinov2::k22,5,172,laptop,laptop,function,2.6324846744537354,0.7282084822654724,1.9042761325836182
temi::dinov2::k22,6,367,phone_tablet,ponsel dan tablet,function,1.959176778793335,0.3831796646118164,1.5759971141815186
temi::dinov2::k22,7,235,cooking_appliance,peralatan memasak listrik,function,1.9546618461608887,0.8870463967323303,1.0676155090332031
temi::dinov2::k22,8,166,electronic_component,komponen elektronik,function,1.3666447401046753,1.1371897459030151,0.22945499420166016
temi::dinov2::k22,9,182,input_peripheral,perangkat input komputer,function,2.0728795528411865,0.5776599645614624,1.4952195882797241
temi::dinov2::k22,10,110,audio,perangkat audio,function,3.0497047901153564,0.41336745023727417,2.6363372802734375
temi::dinov2::k22,11,34,electronic_component,komponen elektronik,function,0.8832095265388489,0.5078245997428894,0.3753849267959595
temi::dinov2::k22,12,181,desktop,komputer desktop,function,0.6944621801376343,0.5199471116065979,0.17451506853103638
temi::dinov2::k22,13,251,printer,printer dan mesin fotokopi,function,2.9597182273864746,0.645113468170166,2.3146047592163086
temi::dinov2::k22,14,206,display,televisi dan monitor,function,1.1153297424316406,0.7590654492378235,0.35626429319381714
temi::dinov2::k22,15,116,battery,baterai dan aki,function,1.5729522705078125,1.0825037956237793,0.4904484748840332
temi::dinov2::k22,16,39,desktop,komputer desktop,function,1.5153274536132812,0.7982653379440308,0.7170621156692505
temi::dinov2::k22,17,252,input_peripheral,perangkat input komputer,function,1.823502779006958,1.3113218545913696,0.5121809244155884
temi::dinov2::k22,18,64,battery,baterai dan aki,function,0.7190128564834595,0.5986781120300293,0.12033474445343018
temi::dinov2::k22,19,105,washing_machine,mesin cuci,function,2.55326247215271,0.6710882782936096,1.8821742534637451
temi::dinov2::k22,20,138,cooking_appliance,peralatan memasak listrik,function,1.7412505149841309,1.3415380716323853,0.3997124433517456
temi::dinov2::k22,21,63,input_peripheral,perangkat input komputer,function,1.1255438327789307,0.46620240807533264,0.6593414545059204
temi::dinov2::k20,0,9,desktop,komputer desktop,function,2.021181583404541,1.560828685760498,0.46035289764404297
temi::dinov2::k20,1,110,laptop,laptop,function,1.4813835620880127,0.34658685326576233,1.1347967386245728
temi::dinov2::k20,2,113,battery,baterai dan aki,function,1.4084445238113403,1.0140577554702759,0.39438676834106445
temi::dinov2::k20,3,349,input_peripheral,perangkat input komputer,function,1.6858711242675781,0.46511605381965637,1.2207551002502441
temi::dinov2::k20,4,219,input_peripheral,perangkat input komputer,function,1.50052011013031,1.229956865310669,0.2705632448196411
temi::dinov2::k20,5,401,phone_tablet,ponsel dan tablet,function,2.1989052295684814,0.5468956828117371,1.6520094871520996
temi::dinov2::k20,6,452,display,televisi dan monitor,function,1.8833507299423218,0.7235996723175049,1.159751057624817
temi::dinov2::k20,7,74,printer,printer dan mesin fotokopi,function,2.6187100410461426,0.9803239703178406,1.6383860111236572
temi::dinov2::k20,8,242,printer,printer dan mesin fotokopi,function,0.7995582818984985,0.7898647785186768,0.009693503379821777
temi::dinov2::k20,9,138,printer,printer dan mesin fotokopi,function,1.1841250658035278,0.6972313523292542,0.4868937134742737
temi::dinov2::k20,10,238,cooking_appliance,peralatan memasak listrik,function,2.5659661293029785,0.5849995613098145,1.980966567993164
temi::dinov2::k20,11,244,electronic_component,komponen elektronik,function,1.9426062107086182,0.5879377722740173,1.354668378829956
temi::dinov2::k20,12,329,washing_machine,mesin cuci,function,2.4118101596832275,0.8051180839538574,1.6066920757293701
temi::dinov2::k20,13,94,desktop,komputer desktop,function,0.666337788105011,0.3159559667110443,0.3503818213939667
temi::dinov2::k20,14,57,cooking_appliance,peralatan memasak listrik,function,0.7173945307731628,0.6068710088729858,0.110523521900177
temi::dinov2::k20,15,94,printer,printer dan mesin fotokopi,function,1.0196186304092407,0.8691738843917847,0.15044474601745605
temi::dinov2::k20,16,111,battery,baterai dan aki,function,1.548568606376648,1.0897958278656006,0.45877277851104736
temi::dinov2::k20,17,67,audio,perangkat audio,function,0.9193440675735474,0.6265950202941895,0.2927490472793579
temi::dinov2::k20,18,151,audio,perangkat audio,function,2.439926862716675,0.3436364531517029,2.096290349960327
temi::dinov2::k20,19,87,input_peripheral,perangkat input komputer,function,2.000180959701538,1.2259578704833984,0.7742230892181396
temi::dinov2::k18,0,308,display,televisi dan monitor,function,1.8396198749542236,0.44012847542762756,1.3994914293289185
temi::dinov2::k18,1,224,input_peripheral,perangkat input komputer,function,1.0970548391342163,0.48613399267196655,0.6109208464622498
temi::dinov2::k18,2,120,electronic_component,komponen elektronik,function,1.3824795484542847,0.2786060571670532,1.1038734912872314
temi::dinov2::k18,3,265,printer,printer dan mesin fotokopi,function,2.4618983268737793,0.4723186194896698,1.989579677581787
temi::dinov2::k18,4,186,audio,perangkat audio,function,2.2912378311157227,0.5136276483535767,1.777610182762146
temi::dinov2::k18,5,100,laptop,laptop,function,2.052222490310669,0.401719868183136,1.6505026817321777
temi::dinov2::k18,6,127,phone_tablet,ponsel dan tablet,function,1.620776653289795,0.3641161620616913,1.2566604614257812
temi::dinov2::k18,7,223,input_peripheral,perangkat input komputer,function,0.840551495552063,0.36713969707489014,0.47341179847717285
temi::dinov2::k18,8,130,camera,kamera,function,0.6133677959442139,0.557639479637146,0.05572831630706787
temi::dinov2::k18,9,312,phone_tablet,ponsel dan tablet,function,2.0909507274627686,0.6710851192474365,1.419865608215332
temi::dinov2::k18,10,120,battery,baterai dan aki,function,1.4095919132232666,0.6867464780807495,0.7228454351425171
temi::dinov2::k18,11,35,battery,baterai dan aki,function,0.9929834604263306,0.47695910930633545,0.5160243511199951
temi::dinov2::k18,12,114,audio,perangkat audio,function,1.633520483970642,0.523828387260437,1.109692096710205
temi::dinov2::k18,13,409,desktop,komputer desktop,function,1.3188806772232056,1.2692396640777588,0.04964101314544678
temi::dinov2::k18,14,81,battery,baterai dan aki,function,1.5893025398254395,0.6083177924156189,0.9809847474098206
temi::dinov2::k18,15,408,electronic_component,komponen elektronik,function,1.3161760568618774,0.6691582798957825,0.647017776966095
temi::dinov2::k18,16,84,display,televisi dan monitor,function,1.4795053005218506,0.499534547328949,0.9799707531929016
temi::dinov2::k18,17,333,washing_machine,mesin cuci,function,2.0945217609405518,1.026387095451355,1.0681346654891968
temi::dinov2::k16,0,119,input_peripheral,perangkat input komputer,function,1.0859014987945557,0.4297237694263458,0.6561777591705322
temi::dinov2::k16,1,45,laptop,laptop,function,1.5353177785873413,1.3863461017608643,0.14897167682647705
temi::dinov2::k16,2,232,battery,baterai dan aki,function,2.395220994949341,1.1135157346725464,1.2817052602767944
temi::dinov2::k16,3,323,display,televisi dan monitor,function,1.3788577318191528,0.8097750544548035,0.5690826773643494
temi::dinov2::k16,4,15,electronic_component,komponen elektronik,function,1.5591050386428833,1.0603270530700684,0.49877798557281494
temi::dinov2::k16,5,129,audio,perangkat audio,function,1.7508740425109863,0.7189275026321411,1.0319465398788452
temi::dinov2::k16,6,206,electronic_component,komponen elektronik,function,2.4883499145507812,0.27202779054641724,2.216322183609009
temi::dinov2::k16,7,283,laptop,laptop,function,0.8419246673583984,0.7301175594329834,0.11180710792541504
temi::dinov2::k16,8,365,input_peripheral,perangkat input komputer,function,1.4919729232788086,0.40483829379081726,1.087134599685669
temi::dinov2::k16,9,149,display,televisi dan monitor,function,1.6442298889160156,0.7585399746894836,0.885689914226532
temi::dinov2::k16,10,246,washing_machine,mesin cuci,function,1.0143495798110962,0.5063444375991821,0.5080051422119141
temi::dinov2::k16,11,309,cooking_appliance,peralatan memasak listrik,function,1.6798018217086792,0.33124929666519165,1.3485524654388428
temi::dinov2::k16,12,435,phone_tablet,ponsel dan tablet,function,1.91256844997406,0.5021747946739197,1.4103937149047852
temi::dinov2::k16,13,140,laptop,laptop,function,1.5389587879180908,0.38329431414604187,1.1556644439697266
temi::dinov2::k16,14,245,printer,printer dan mesin fotokopi,function,2.354398012161255,0.65614914894104,1.6982488632202148
temi::dinov2::k16,15,338,washing_machine,mesin cuci,function,0.6417226195335388,0.16592475771903992,0.4757978618144989
temi::dinov2::k14,0,329,input_peripheral,perangkat input komputer,function,1.8816463947296143,0.6099088191986084,1.2717375755310059
temi::dinov2::k14,1,163,printer,printer dan mesin fotokopi,function,1.4742118120193481,0.9806656837463379,0.49354612827301025
temi::dinov2::k14,2,437,printer,printer dan mesin fotokopi,function,0.9508252739906311,0.8351656794548035,0.11565959453582764
temi::dinov2::k14,3,269,battery,baterai dan aki,function,0.7896579504013062,0.6045178771018982,0.18514007329940796
temi::dinov2::k14,4,355,cooking_appliance,peralatan memasak listrik,function,1.3306028842926025,0.7143387794494629,0.6162641048431396
temi::dinov2::k14,5,385,electronic_component,komponen elektronik,function,1.355790615081787,0.18494157493114471,1.170849084854126
temi::dinov2::k14,6,267,washing_machine,mesin cuci,function,2.0569002628326416,0.6935269832611084,1.3633732795715332
temi::dinov2::k14,7,120,phone_tablet,ponsel dan tablet,function,1.1976163387298584,0.4931704103946686,0.7044459581375122
temi::dinov2::k14,8,206,phone_tablet,ponsel dan tablet,function,1.9393858909606934,0.41840869188308716,1.520977258682251
temi::dinov2::k14,9,181,input_peripheral,perangkat input komputer,function,1.4052001237869263,0.7687430381774902,0.636457085609436
temi::dinov2::k14,10,244,audio,perangkat audio,function,1.551287293434143,0.39553242921829224,1.155754804611206
temi::dinov2::k14,11,236,display,televisi dan monitor,function,0.7497870326042175,0.68187415599823,0.06791287660598755
temi::dinov2::k14,12,179,display,televisi dan monitor,function,1.767468810081482,0.5211696624755859,1.246299147605896
temi::dinov2::k14,13,208,phone_tablet,ponsel dan tablet,function,1.4173723459243774,0.47095295786857605,0.946419358253479
temi::dinov2::k12,0,304,printer,printer dan mesin fotokopi,function,2.3878908157348633,0.719898521900177,1.667992353439331
temi::dinov2::k12,1,135,washing_machine,mesin cuci,function,1.5461864471435547,0.735172688961029,0.8110137581825256
temi::dinov2::k12,2,146,washing_machine,mesin cuci,function,2.4704480171203613,0.7568203210830688,1.7136276960372925
temi::dinov2::k12,3,220,input_peripheral,perangkat input komputer,function,0.7806051969528198,0.5656871199607849,0.2149180769920349
temi::dinov2::k12,4,287,laptop,laptop,function,1.702806830406189,0.5297853946685791,1.1730214357376099
temi::dinov2::k12,5,402,input_peripheral,perangkat input komputer,function,1.4304786920547485,0.4622838497161865,0.968194842338562
temi::dinov2::k12,6,302,electronic_component,komponen elektronik,function,0.6224188208580017,0.5153046250343323,0.10711419582366943
temi::dinov2::k12,7,384,display,televisi dan monitor,function,1.0650755167007446,0.8071041703224182,0.2579713463783264
temi::dinov2::k12,8,239,cooking_appliance,peralatan memasak listrik,function,2.8968453407287598,0.62555330991745,2.271291971206665
temi::dinov2::k12,9,570,phone_tablet,ponsel dan tablet,function,1.7279006242752075,0.43797868490219116,1.2899219989776611
temi::dinov2::k12,10,369,audio,perangkat audio,function,0.8852913975715637,0.5634836554527283,0.32180774211883545
temi::dinov2::k12,11,221,display,televisi dan monitor,function,1.6922528743743896,0.6109334826469421,1.0813193321228027
temi::dinov2::k10,0,438,printer,printer dan mesin fotokopi,function,1.5073423385620117,0.3104862868785858,1.1968560218811035
temi::dinov2::k10,1,209,display,televisi dan monitor,function,0.5460933446884155,0.365111380815506,0.18098196387290955
temi::dinov2::k10,2,323,input_peripheral,perangkat input komputer,function,1.8800365924835205,0.549472987651825,1.3305635452270508
temi::dinov2::k10,3,298,electronic_component,komponen elektronik,function,1.2535558938980103,0.49122554063796997,0.7623303532600403
temi::dinov2::k10,4,233,washing_machine,mesin cuci,function,1.2091810703277588,0.35723578929901123,0.8519452810287476
temi::dinov2::k10,5,577,phone_tablet,ponsel dan tablet,function,1.1488831043243408,0.47015470266342163,0.6787284016609192
temi::dinov2::k10,6,446,electronic_component,komponen elektronik,function,0.9215161204338074,0.5252419114112854,0.396274209022522
temi::dinov2::k10,7,353,washing_machine,mesin cuci,function,1.3302325010299683,0.6135693788528442,0.716663122177124
temi::dinov2::k10,8,393,cooking_appliance,peralatan memasak listrik,function,1.5691689252853394,0.7187676429748535,0.8504012823104858
temi::dinov2::k10,9,309,laptop,laptop,function,0.8916319012641907,0.5227896571159363,0.3688422441482544
temi::dinov2::k9,0,278,battery,baterai dan aki,function,2.601998805999756,0.8860493898391724,1.7159494161605835
temi::dinov2::k9,1,230,washing_machine,mesin cuci,function,0.8359134197235107,0.2411460280418396,0.5947673916816711
temi::dinov2::k9,2,480,electronic_component,komponen elektronik,function,1.4552890062332153,0.4123040735721588,1.042984962463379
temi::dinov2::k9,3,456,printer,printer dan mesin fotokopi,function,1.792954683303833,0.5049728751182556,1.2879817485809326
temi::dinov2::k9,4,430,phone_tablet,ponsel dan tablet,function,1.7220275402069092,0.6234717965126038,1.0985558032989502
temi::dinov2::k9,5,431,cooking_appliance,peralatan memasak listrik,function,1.8215978145599365,1.0481044054031372,0.7734934091567993
temi::dinov2::k9,6,343,washing_machine,mesin cuci,function,1.43429434299469,0.5921304225921631,0.8421639204025269
temi::dinov2::k9,7,408,input_peripheral,perangkat input komputer,function,1.2564818859100342,0.6145171523094177,0.6419647336006165
temi::dinov2::k9,8,523,desktop,komputer desktop,function,1.1323307752609253,0.8137463927268982,0.3185843825340271
temi::dinov2::k8,0,354,electronic_component,komponen elektronik,function,0.923845648765564,0.19127148389816284,0.7325741648674011
temi::dinov2::k8,1,617,laptop,laptop,function,0.756240963935852,0.6799173951148987,0.07632356882095337
temi::dinov2::k8,2,336,display,televisi dan monitor,function,1.4047956466674805,0.43582883477211,0.9689668416976929
temi::dinov2::k8,3,472,phone_tablet,ponsel dan tablet,function,2.0712764263153076,0.603611171245575,1.467665195465088
temi::dinov2::k8,4,425,washing_machine,mesin cuci,function,2.087679862976074,1.3277965784072876,0.7598832845687866
temi::dinov2::k8,5,319,display,televisi dan monitor,function,1.5666284561157227,1.197861671447754,0.36876678466796875
temi::dinov2::k8,6,624,audio,perangkat audio,function,1.0180584192276,0.6026845574378967,0.41537386178970337
temi::dinov2::k8,7,432,input_peripheral,perangkat input komputer,function,1.16810142993927,0.3141801655292511,0.8539212942123413
temi::dinov2::k7,0,503,laptop,laptop,function,0.4988020658493042,0.3799557685852051,0.11884629726409912
temi::dinov2::k7,1,771,phone_tablet,ponsel dan tablet,function,1.2778912782669067,0.46714672446250916,0.8107445240020752
temi::dinov2::k7,2,288,audio,perangkat audio,function,1.0414886474609375,0.3048354685306549,0.736653208732605
temi::dinov2::k7,3,394,desktop,komputer desktop,function,0.9263309240341187,0.6073513627052307,0.31897956132888794
temi::dinov2::k7,4,700,cooking_appliance,peralatan memasak listrik,function,0.7812554836273193,0.6059251427650452,0.17533034086227417
temi::dinov2::k7,5,446,display,televisi dan monitor,function,0.7340302467346191,0.4840107262134552,0.25001952052116394
temi::dinov2::k7,6,477,washing_machine,mesin cuci,function,1.3436150550842285,0.16255339980125427,1.1810616254806519
temi::dinov2::k6,0,587,input_peripheral,perangkat input komputer,function,0.6643654704093933,0.3338449001312256,0.3305205702781677
temi::dinov2::k6,1,641,desktop,komputer desktop,function,0.7694194316864014,0.6726177334785461,0.09680169820785522
temi::dinov2::k6,2,516,phone_tablet,ponsel dan tablet,function,0.9294926524162292,0.4875117540359497,0.44198089838027954
temi::dinov2::k6,3,571,battery,baterai dan aki,function,0.7869445085525513,0.6983757615089417,0.08856874704360962
temi::dinov2::k6,4,645,electronic_component,komponen elektronik,function,1.0797269344329834,0.5475781559944153,0.5321487784385681
temi::dinov2::k6,5,619,display,televisi dan monitor,function,1.1505736112594604,0.51178377866745,0.6387898325920105
temi::dinov2::k4,0,793,washing_machine,mesin cuci,function,0.7433489561080933,0.2654823660850525,0.47786659002304077
temi::dinov2::k4,1,929,phone_tablet,ponsel dan tablet,function,0.5735937356948853,0.5068552494049072,0.06673848628997803
temi::dinov2::k4,2,1035,electronic_component,komponen elektronik,function,0.6403028964996338,0.24563616514205933,0.39466673135757446
temi::dinov2::k4,3,822,desktop,komputer desktop,function,0.5463400483131409,0.5441495180130005,0.002190530300140381
tac::siglip2_initial::k24,0,104,audio,perangkat audio,function,3.331326723098755,0.5676095485687256,2.7637171745300293
tac::siglip2_initial::k24,1,117,printer,printer dan mesin fotokopi,function,3.1109704971313477,0.37497708201408386,2.7359933853149414
tac::siglip2_initial::k24,2,187,phone_tablet,ponsel dan tablet,function,2.276704788208008,0.5971624851226807,1.6795423030853271
tac::siglip2_initial::k24,3,53,washing_machine,mesin cuci,function,0.794409453868866,0.6271213889122009,0.16728806495666504
tac::siglip2_initial::k24,4,190,washing_machine,mesin cuci,function,3.0734615325927734,0.9578205347061157,2.1156411170959473
tac::siglip2_initial::k24,5,140,laptop,laptop,function,1.3128514289855957,0.46067318320274353,0.8521782159805298
tac::siglip2_initial::k24,6,229,phone_tablet,ponsel dan tablet,function,2.286303997039795,0.5811893343925476,1.7051146030426025
tac::siglip2_initial::k24,7,249,electronic_component,komponen elektronik,function,2.6124963760375977,0.35824474692344666,2.254251718521118
tac::siglip2_initial::k24,8,118,desktop,komputer desktop,function,2.4175915718078613,1.7912904024124146,0.6263011693954468
tac::siglip2_initial::k24,9,134,laptop,laptop,function,2.963611602783203,0.7509320378303528,2.212679624557495
tac::siglip2_initial::k24,10,221,cooking_appliance,peralatan memasak listrik,function,3.0113954544067383,0.6302611827850342,2.381134271621704
tac::siglip2_initial::k24,11,358,desktop,komputer desktop,function,0.502507746219635,0.46594178676605225,0.036565959453582764
tac::siglip2_initial::k24,12,156,input_peripheral,perangkat input komputer,function,0.6867871880531311,0.4031808376312256,0.2836063504219055
tac::siglip2_initial::k24,13,158,display,televisi dan monitor,function,2.3008947372436523,0.62628173828125,1.6746129989624023
tac::siglip2_initial::k24,14,63,battery,baterai dan aki,function,2.7658464908599854,1.8044027090072632,0.9614437818527222
tac::siglip2_initial::k24,15,179,input_peripheral,perangkat input komputer,function,2.257713794708252,0.6133368611335754,1.6443769931793213
tac::siglip2_initial::k24,16,168,input_peripheral,perangkat input komputer,function,1.9155664443969727,1.3331315517425537,0.582434892654419
tac::siglip2_initial::k24,17,105,audio,perangkat audio,function,3.0871529579162598,0.8406670689582825,2.246485948562622
tac::siglip2_initial::k24,18,125,printer,printer dan mesin fotokopi,function,3.086879014968872,1.0028738975524902,2.084005117416382
tac::siglip2_initial::k24,19,142,input_peripheral,perangkat input komputer,function,1.9717423915863037,0.982768177986145,0.9889742136001587
tac::siglip2_initial::k24,20,92,display,televisi dan monitor,function,2.7351181507110596,0.6604719758033752,2.074646234512329
tac::siglip2_initial::k24,21,67,washing_machine,mesin cuci,function,2.9828615188598633,0.9832130670547485,1.9996484518051147
tac::siglip2_initial::k24,22,68,audio,perangkat audio,function,0.7187639474868774,0.7178142666816711,0.0009496808052062988
tac::siglip2_initial::k24,23,156,battery,baterai dan aki,function,3.5462231636047363,0.9659236073493958,2.5802996158599854
tac::siglip2_initial::k22,0,102,audio,perangkat audio,function,3.3302931785583496,0.5693168044090271,2.7609763145446777
tac::siglip2_initial::k22,1,120,printer,printer dan mesin fotokopi,function,3.0745558738708496,0.3650036156177521,2.70955228805542
tac::siglip2_initial::k22,2,187,phone_tablet,ponsel dan tablet,function,2.276704788208008,0.5971624851226807,1.6795423030853271
tac::siglip2_initial::k22,3,92,washing_machine,mesin cuci,function,0.7904485464096069,0.7132763266563416,0.07717221975326538
tac::siglip2_initial::k22,4,191,washing_machine,mesin cuci,function,3.06426739692688,0.9598281383514404,2.1044392585754395
tac::siglip2_initial::k22,5,137,laptop,laptop,function,1.302909016609192,0.4864978790283203,0.8164111375808716
tac::siglip2_initial::k22,6,229,phone_tablet,ponsel dan tablet,function,2.286303997039795,0.5811893343925476,1.7051146030426025
tac::siglip2_initial::k22,7,247,electronic_component,komponen elektronik,function,2.62591552734375,0.32977885007858276,2.2961366176605225
tac::siglip2_initial::k22,8,117,desktop,komputer desktop,function,2.408456563949585,1.7979114055633545,0.6105451583862305
tac::siglip2_initial::k22,9,135,laptop,laptop,function,2.964254140853882,0.7525092363357544,2.211744785308838
tac::siglip2_initial::k22,10,221,cooking_appliance,peralatan memasak listrik,function,3.002932548522949,0.6251893639564514,2.3777432441711426
tac::siglip2_initial::k22,11,355,desktop,komputer desktop,function,0.510736882686615,0.4702106714248657,0.04052621126174927
tac::siglip2_initial::k22,12,153,input_peripheral,perangkat input komputer,function,0.7177531719207764,0.4284803569316864,0.28927281498908997
tac::siglip2_initial::k22,13,157,display,televisi dan monitor,function,2.303236722946167,0.6316655874252319,1.671571135520935
tac::siglip2_initial::k22,14,214,battery,baterai dan aki,function,3.3065199851989746,0.9580786824226379,2.3484413623809814
tac::siglip2_initial::k22,15,180,input_peripheral,perangkat input komputer,function,2.250584840774536,0.6119199395179749,1.638664960861206
tac::siglip2_initial::k22,16,168,input_peripheral,perangkat input komputer,function,1.9155664443969727,1.3331315517425537,0.582434892654419
tac::siglip2_initial::k22,17,128,audio,perangkat audio,function,2.946038007736206,0.8292456865310669,2.1167922019958496
tac::siglip2_initial::k22,18,137,printer,printer dan mesin fotokopi,function,3.0064642429351807,0.9620451331138611,2.044419050216675
tac::siglip2_initial::k22,19,143,input_peripheral,perangkat input komputer,function,1.966993808746338,0.976715087890625,0.9902787208557129
tac::siglip2_initial::k22,20,99,display,televisi dan monitor,function,2.6033358573913574,0.6574841737747192,1.9458516836166382
tac::siglip2_initial::k22,21,67,washing_machine,mesin cuci,function,2.9828615188598633,0.9832130670547485,1.9996484518051147
tac::siglip2_initial::k20,0,254,washing_machine,mesin cuci,function,3.052386522293091,0.9738664627075195,2.0785200595855713
tac::siglip2_initial::k20,1,156,laptop,laptop,function,1.0644172430038452,0.4833623468875885,0.5810549259185791
tac::siglip2_initial::k20,2,106,phone_tablet,ponsel dan tablet,function,2.2794926166534424,0.613027811050415,1.6664648056030273
tac::siglip2_initial::k20,3,255,electronic_component,komponen elektronik,function,2.5788776874542236,0.361013263463974,2.217864513397217
tac::siglip2_initial::k20,4,358,desktop,komputer desktop,function,0.4963306486606598,0.437839537858963,0.05849111080169678
tac::siglip2_initial::k20,5,134,laptop,laptop,function,2.964545488357544,0.7482039332389832,2.216341495513916
tac::siglip2_initial::k20,6,219,cooking_appliance,peralatan memasak listrik,function,2.998711585998535,0.6401112675666809,2.358600378036499
tac::siglip2_initial::k20,7,100,audio,perangkat audio,function,3.345510482788086,0.5648075342178345,2.780703067779541
tac::siglip2_initial::k20,8,178,input_peripheral,perangkat input komputer,function,1.9222912788391113,0.9836531281471252,0.9386381506919861
tac::siglip2_initial::k20,9,153,display,televisi dan monitor,function,2.2752904891967773,0.6390248537063599,1.6362656354904175
tac::siglip2_initial::k20,10,127,phone_tablet,ponsel dan tablet,function,2.2120251655578613,0.5575380325317383,1.654487133026123
tac::siglip2_initial::k20,11,158,audio,perangkat audio,function,0.33366188406944275,0.17669512331485748,0.15696676075458527
tac::siglip2_initial::k20,12,185,input_peripheral,perangkat input komputer,function,1.6287754774093628,0.886488139629364,0.7422873377799988
tac::siglip2_initial::k20,13,92,display,televisi dan monitor,function,2.7238428592681885,0.6628026366233826,2.061040163040161
tac::siglip2_initial::k20,14,132,audio,perangkat audio,function,2.874612331390381,0.8552992343902588,2.019313097000122
tac::siglip2_initial::k20,15,219,battery,baterai dan aki,function,3.30237078666687,0.9456522464752197,2.3567185401916504
tac::siglip2_initial::k20,16,251,printer,printer dan mesin fotokopi,function,3.039975881576538,0.6805400848388672,2.359435796737671
tac::siglip2_initial::k20,17,133,desktop,komputer desktop,function,2.3811721801757812,1.6175448894500732,0.763627290725708
tac::siglip2_initial::k20,18,182,phone_tablet,ponsel dan tablet,function,2.3299901485443115,0.6274611949920654,1.702528953552246
tac::siglip2_initial::k20,19,187,input_peripheral,perangkat input komputer,function,2.2225637435913086,0.6113290190696716,1.6112346649169922
tac::siglip2_initial::k18,0,401,phone_tablet,ponsel dan tablet,function,2.291858196258545,0.5920100808143616,1.6998481750488281
tac::siglip2_initial::k18,1,251,printer,printer dan mesin fotokopi,function,3.0509469509124756,0.6832955479621887,2.3676514625549316
tac::siglip2_initial::k18,2,182,input_peripheral,perangkat input komputer,function,1.904228687286377,0.975053071975708,0.929175615310669
tac::siglip2_initial::k18,3,255,electronic_component,komponen elektronik,function,2.5788776874542236,0.361013263463974,2.217864513397217
tac::siglip2_initial::k18,4,184,input_peripheral,perangkat input komputer,function,2.225929021835327,0.6071536540985107,1.6187753677368164
tac::siglip2_initial::k18,5,221,cooking_appliance,peralatan memasak listrik,function,2.998082160949707,0.6427493095397949,2.355332851409912
tac::siglip2_initial::k18,6,358,desktop,komputer desktop,function,0.4956812858581543,0.43920955061912537,0.05647173523902893
tac::siglip2_initial::k18,7,134,laptop,laptop,function,2.964545488357544,0.7482039332389832,2.216341495513916
tac::siglip2_initial::k18,8,69,washing_machine,mesin cuci,function,2.9668869972229004,0.9903843998908997,1.9765026569366455
tac::siglip2_initial::k18,9,165,audio,perangkat audio,function,0.3695642650127411,0.24506741762161255,0.12449684739112854
tac::siglip2_initial::k18,10,150,display,televisi dan monitor,function,2.214505195617676,0.7340314984321594,1.4804737567901611
tac::siglip2_initial::k18,11,225,audio,perangkat audio,function,3.068204402923584,0.6088355183601379,2.459368944168091
tac::siglip2_initial::k18,12,133,desktop,komputer desktop,function,2.3843441009521484,1.6339445114135742,0.7503995895385742
tac::siglip2_initial::k18,13,193,input_peripheral,perangkat input komputer,function,1.6246731281280518,0.885714590549469,0.7389585375785828
tac::siglip2_initial::k18,14,98,display,televisi dan monitor,function,2.6978180408477783,0.6387519836425781,2.0590660572052
tac::siglip2_initial::k18,15,156,laptop,laptop,function,1.0376790761947632,0.5166616439819336,0.5210174322128296
tac::siglip2_initial::k18,16,218,battery,baterai dan aki,function,3.303405523300171,0.9489797353744507,2.3544259071350098
tac::siglip2_initial::k18,17,186,washing_machine,mesin cuci,function,3.0851945877075195,0.9674437046051025,2.117750883102417
tac::siglip2_initial::k16,0,369,display,televisi dan monitor,function,0.4852893352508545,0.482351690530777,0.0029376447200775146
tac::siglip2_initial::k16,1,129,laptop,laptop,function,2.9777026176452637,0.7502148151397705,2.227487802505493
tac::siglip2_initial::k16,2,260,washing_machine,mesin cuci,function,3.034952402114868,0.9669809937477112,2.0679714679718018
tac::siglip2_initial::k16,3,208,input_peripheral,perangkat input komputer,function,1.8088288307189941,0.9043794870376587,0.9044493436813354
tac::siglip2_initial::k16,4,101,display,televisi dan monitor,function,2.6076974868774414,0.6642274260520935,1.9434700012207031
tac::siglip2_initial::k16,5,221,battery,baterai dan aki,function,3.300539255142212,0.9389510154724121,2.3615882396698
tac::siglip2_initial::k16,6,408,phone_tablet,ponsel dan tablet,function,2.28603196144104,0.5826613306999207,1.7033705711364746
tac::siglip2_initial::k16,7,219,display,televisi dan monitor,function,1.7051970958709717,0.6144657135009766,1.0907313823699951
tac::siglip2_initial::k16,8,284,desktop,komputer desktop,function,1.6676124334335327,1.020959734916687,0.6466526985168457
tac::siglip2_initial::k16,9,254,printer,printer dan mesin fotokopi,function,3.0288009643554688,0.6887251734733582,2.340075731277466
tac::siglip2_initial::k16,10,211,input_peripheral,perangkat input komputer,function,2.2226810455322266,0.6210259199142456,1.601655125617981
tac::siglip2_initial::k16,11,223,cooking_appliance,peralatan memasak listrik,function,2.983842134475708,0.6349917054176331,2.3488504886627197
tac::siglip2_initial::k16,12,101,audio,perangkat audio,function,3.338360548019409,0.5647876262664795,2.7735729217529297
tac::siglip2_initial::k16,13,132,audio,perangkat audio,function,2.874612331390381,0.8552992343902588,2.019313097000122
tac::siglip2_initial::k16,14,208,laptop,laptop,function,0.8462151885032654,0.49292513728141785,0.35329005122184753
tac::siglip2_initial::k16,15,251,electronic_component,komponen elektronik,function,2.5880117416381836,0.3660411536693573,2.221970558166504
tac::siglip2_initial::k14,0,255,printer,printer dan mesin fotokopi,function,3.0259478092193604,0.6757123470306396,2.3502354621887207
tac::siglip2_initial::k14,1,381,desktop,komputer desktop,function,0.48167678713798523,0.4801042973995209,0.0015724897384643555
tac::siglip2_initial::k14,2,220,battery,baterai dan aki,function,3.2969682216644287,0.9426795840263367,2.3542885780334473
tac::siglip2_initial::k14,3,283,laptop,laptop,function,0.5025597214698792,0.3413185179233551,0.16124120354652405
tac::siglip2_initial::k14,4,230,cooking_appliance,peralatan memasak listrik,function,2.9762823581695557,0.6343226432800293,2.3419597148895264
tac::siglip2_initial::k14,5,131,laptop,laptop,function,2.9756968021392822,0.7518720030784607,2.2238247394561768
tac::siglip2_initial::k14,6,400,phone_tablet,ponsel dan tablet,function,2.291036605834961,0.5843528509140015,1.7066837549209595
tac::siglip2_initial::k14,7,251,desktop,komputer desktop,function,1.8205894231796265,0.8881661891937256,0.9324232339859009
tac::siglip2_initial::k14,8,228,audio,perangkat audio,function,3.0561697483062744,0.6078361868858337,2.448333501815796
tac::siglip2_initial::k14,9,245,input_peripheral,perangkat input komputer,function,2.2040460109710693,0.6444010138511658,1.5596449375152588
tac::siglip2_initial::k14,10,260,washing_machine,mesin cuci,function,3.0395305156707764,0.9680756330490112,2.0714550018310547
tac::siglip2_initial::k14,11,254,electronic_component,komponen elektronik,function,2.5840718746185303,0.34760618209838867,2.2364656925201416
tac::siglip2_initial::k14,12,196,input_peripheral,perangkat input komputer,function,1.8365808725357056,0.9253791570663452,0.9112017154693604
tac::siglip2_initial::k14,13,245,display,televisi dan monitor,function,2.4674761295318604,0.40642696619033813,2.061049222946167
tac::siglip2_initial::k13,0,229,audio,perangkat audio,function,3.0612518787384033,0.6015040874481201,2.459747791290283
tac::siglip2_initial::k13,1,279,electronic_component,komponen elektronik,function,2.4608592987060547,0.3619389832019806,2.0989203453063965
tac::siglip2_initial::k13,2,232,input_peripheral,perangkat input komputer,function,2.194465160369873,0.6181730628013611,1.5762920379638672
tac::siglip2_initial::k13,3,227,cooking_appliance,peralatan memasak listrik,function,2.9837377071380615,0.6353781819343567,2.3483595848083496
tac::siglip2_initial::k13,4,222,battery,baterai dan aki,function,3.30342435836792,0.9390756487846375,2.3643486499786377
tac::siglip2_initial::k13,5,278,desktop,komputer desktop,function,1.7208393812179565,0.9643529653549194,0.7564864158630371
tac::siglip2_initial::k13,6,160,laptop,laptop,function,2.853520154953003,0.6975390315055847,2.1559810638427734
tac::siglip2_initial::k13,7,326,display,televisi dan monitor,function,2.023170232772827,0.40303435921669006,1.6201359033584595
tac::siglip2_initial::k13,8,430,phone_tablet,ponsel dan tablet,function,2.269547462463379,0.5936492681503296,1.6758981943130493
tac::siglip2_initial::k13,9,465,desktop,komputer desktop,function,0.41459256410598755,0.4143334925174713,0.00025907158851623535
tac::siglip2_initial::k13,10,257,printer,printer dan mesin fotokopi,function,3.020857572555542,0.6869459748268127,2.333911657333374
tac::siglip2_initial::k13,11,263,washing_machine,mesin cuci,function,3.032460927963257,0.968085765838623,2.064375162124634
tac::siglip2_initial::k13,12,211,input_peripheral,perangkat input komputer,function,1.7846108675003052,0.8989708423614502,0.885640025138855
tac::siglip2_initial::k12,0,467,display,televisi dan monitor,function,0.4140346348285675,0.4110543429851532,0.0029802918434143066
tac::siglip2_initial::k12,1,221,battery,baterai dan aki,function,3.300539255142212,0.9389510154724121,2.3615882396698
tac::siglip2_initial::k12,2,432,phone_tablet,ponsel dan tablet,function,2.262051582336426,0.5937038064002991,1.6683478355407715
tac::siglip2_initial::k12,3,312,display,televisi dan monitor,function,2.093902587890625,0.40935444831848145,1.6845481395721436
tac::siglip2_initial::k12,4,258,printer,printer dan mesin fotokopi,function,3.009929895401001,0.6763756275177002,2.333554267883301
tac::siglip2_initial::k12,5,288,electronic_component,komponen elektronik,function,2.3961668014526367,0.3697642683982849,2.026402473449707
tac::siglip2_initial::k12,6,262,washing_machine,mesin cuci,function,3.0378854274749756,0.9670763611793518,2.0708091259002686
tac::siglip2_initial::k12,7,230,audio,perangkat audio,function,3.059359550476074,0.5990599989891052,2.460299491882324
tac::siglip2_initial::k12,8,257,input_peripheral,perangkat input komputer,function,2.1836400032043457,0.6446312665939331,1.5390087366104126
tac::siglip2_initial::k12,9,408,desktop,komputer desktop,function,1.395261287689209,1.3041503429412842,0.0911109447479248
tac::siglip2_initial::k12,10,227,cooking_appliance,peralatan memasak listrik,function,2.9837377071380615,0.6353781819343567,2.3483595848083496
tac::siglip2_initial::k12,11,217,input_peripheral,perangkat input komputer,function,1.7662549018859863,0.8900883197784424,0.876166582107544
tac::siglip2_initial::k11,0,464,desktop,komputer desktop,function,1.2752848863601685,1.1345752477645874,0.14070963859558105
tac::siglip2_initial::k11,1,432,phone_tablet,ponsel dan tablet,function,2.265648126602173,0.5918577313423157,1.673790454864502
tac::siglip2_initial::k11,2,473,desktop,komputer desktop,function,0.41760018467903137,0.4116663634777069,0.005933821201324463
tac::siglip2_initial::k11,3,256,printer,printer dan mesin fotokopi,function,3.0338616371154785,0.6928225159645081,2.3410391807556152
tac::siglip2_initial::k11,4,327,display,televisi dan monitor,function,2.0174624919891357,0.4019598662853241,1.6155025959014893
tac::siglip2_initial::k11,5,263,washing_machine,mesin cuci,function,3.032460927963257,0.968085765838623,2.064375162124634
tac::siglip2_initial::k11,6,409,input_peripheral,perangkat input komputer,function,1.9950952529907227,0.78365159034729,1.2114436626434326
tac::siglip2_initial::k11,7,275,electronic_component,komponen elektronik,function,2.484316825866699,0.3606453537940979,2.123671531677246
tac::siglip2_initial::k11,8,224,battery,baterai dan aki,function,3.280630111694336,0.9387829899787903,2.3418471813201904
tac::siglip2_initial::k11,9,229,audio,perangkat audio,function,3.0612518787384033,0.6015040874481201,2.459747791290283
tac::siglip2_initial::k11,10,227,cooking_appliance,peralatan memasak listrik,function,2.9837377071380615,0.6353781819343567,2.3483595848083496
tac::siglip2_initial::k10,0,314,display,televisi dan monitor,function,2.1018824577331543,0.38611897826194763,1.7157634496688843
tac::siglip2_initial::k10,1,432,phone_tablet,ponsel dan tablet,function,2.2656586170196533,0.5914643406867981,1.6741943359375
tac::siglip2_initial::k10,2,416,input_peripheral,perangkat input komputer,function,1.9596407413482666,0.7736334204673767,1.1860072612762451
tac::siglip2_initial::k10,3,223,battery,baterai dan aki,function,3.2776687145233154,0.9386581778526306,2.33901047706604
tac::siglip2_initial::k10,4,258,printer,printer dan mesin fotokopi,function,3.0222692489624023,0.680753767490387,2.34151554107666
tac::siglip2_initial::k10,5,471,desktop,komputer desktop,function,0.41550612449645996,0.41530710458755493,0.0001990199089050293
tac::siglip2_initial::k10,6,232,audio,perangkat audio,function,3.0525946617126465,0.5952655673027039,2.457329034805298
tac::siglip2_initial::k10,7,284,electronic_component,komponen elektronik,function,2.4268031120300293,0.36816251277923584,2.058640480041504
tac::siglip2_initial::k10,8,465,desktop,komputer desktop,function,1.2821755409240723,1.1434168815612793,0.13875865936279297
tac::siglip2_initial::k10,9,484,washing_machine,mesin cuci,function,1.9430220127105713,1.8931149244308472,0.04990708827972412
tac::siglip2_initial::k8,0,252,printer,printer dan mesin fotokopi,function,3.0664007663726807,0.7031439542770386,2.3632569313049316
tac::siglip2_initial::k8,1,430,phone_tablet,ponsel dan tablet,function,2.2687201499938965,0.5914292335510254,1.677290916442871
tac::siglip2_initial::k8,2,560,cooking_appliance,peralatan memasak listrik,function,1.5283620357513428,1.163285732269287,0.36507630348205566
tac::siglip2_initial::k8,3,769,electronic_component,komponen elektronik,function,0.9616557359695435,0.2450394630432129,0.7166162729263306
tac::siglip2_initial::k8,4,223,battery,baterai dan aki,function,3.2703051567077637,0.9470673203468323,2.323237895965576
tac::siglip2_initial::k8,5,610,input_peripheral,perangkat input komputer,function,1.1363009214401245,0.6025556325912476,0.533745288848877
tac::siglip2_initial::k8,6,475,desktop,komputer desktop,function,1.2589237689971924,1.084385633468628,0.17453813552856445
tac::siglip2_initial::k8,7,260,washing_machine,mesin cuci,function,3.0496160984039307,0.9642468094825745,2.085369348526001
tac::siglip2_initial::k6,0,760,electronic_component,komponen elektronik,function,0.9608709216117859,0.20850783586502075,0.7523630857467651
tac::siglip2_initial::k6,1,720,printer,printer dan mesin fotokopi,function,0.7519589066505432,0.7407569885253906,0.011201918125152588
tac::siglip2_initial::k6,2,427,phone_tablet,ponsel dan tablet,function,2.2736339569091797,0.5971256494522095,1.6765083074569702
tac::siglip2_initial::k6,3,694,input_peripheral,perangkat input komputer,function,0.6476458311080933,0.594725489616394,0.05292034149169922
tac::siglip2_initial::k6,4,492,desktop,komputer desktop,function,1.2475581169128418,1.0722965002059937,0.17526161670684814
tac::siglip2_initial::k6,5,486,washing_machine,mesin cuci,function,1.9328736066818237,1.8831135034561157,0.04976010322570801
tac::siglip2_initial::k4,0,885,phone_tablet,ponsel dan tablet,function,0.9995090961456299,0.5236950516700745,0.4758140444755554
tac::siglip2_initial::k4,1,809,electronic_component,komponen elektronik,function,0.9047633409500122,0.25421303510665894,0.6505503058433533
tac::siglip2_initial::k4,2,497,washing_machine,mesin cuci,function,1.9020764827728271,1.8927249908447266,0.009351491928100586
tac::siglip2_initial::k4,3,1388,audio,perangkat audio,function,0.3256274461746216,0.31552350521087646,0.010103940963745117
tac::siglip2_head::k24,0,119,washing_machine,mesin cuci,function,3.099424362182617,0.9599490761756897,2.1394753456115723
tac::siglip2_head::k24,1,180,input_peripheral,perangkat input komputer,function,1.9320929050445557,1.1516249179840088,0.7804679870605469
tac::siglip2_head::k24,2,238,cooking_appliance,peralatan memasak listrik,function,2.9430012702941895,0.6239548921585083,2.3190464973449707
tac::siglip2_head::k24,3,156,input_peripheral,perangkat input komputer,function,2.02396559715271,0.5275151133537292,1.496450424194336
tac::siglip2_head::k24,4,152,desktop,komputer desktop,function,0.6684988737106323,0.6608189940452576,0.007679879665374756
tac::siglip2_head::k24,5,162,phone_tablet,ponsel dan tablet,function,2.2237114906311035,0.5890254974365234,1.63468599319458
tac::siglip2_head::k24,6,119,battery,baterai dan aki,function,3.207120895385742,0.9100557565689087,2.297065258026123
tac::siglip2_head::k24,7,135,battery,baterai dan aki,function,2.9092860221862793,0.9518170356750488,1.9574689865112305
tac::siglip2_head::k24,8,145,audio,perangkat audio,function,2.8066697120666504,0.7449938654899597,2.061675786972046
tac::siglip2_head::k24,9,144,input_peripheral,perangkat input komputer,function,2.192904233932495,0.8654987812042236,1.3274054527282715
tac::siglip2_head::k24,10,144,display,televisi dan monitor,function,2.3551125526428223,0.6630039215087891,1.6921086311340332
tac::siglip2_head::k24,11,127,printer,printer dan mesin fotokopi,function,2.3457374572753906,0.38949137926101685,1.9562461376190186
tac::siglip2_head::k24,12,145,phone_tablet,ponsel dan tablet,function,2.2035300731658936,0.5391448140144348,1.6643853187561035
tac::siglip2_head::k24,13,102,audio,perangkat audio,function,3.318039655685425,0.5771529078483582,2.740886688232422
tac::siglip2_head::k24,14,88,input_peripheral,perangkat input komputer,function,1.5958234071731567,0.9106292724609375,0.6851941347122192
tac::siglip2_head::k24,15,158,washing_machine,mesin cuci,function,2.8834450244903564,0.9733496308326721,1.910095453262329
tac::siglip2_head::k24,16,151,electronic_component,komponen elektronik,function,0.6249332427978516,0.31527087092399597,0.3096623718738556
tac::siglip2_head::k24,17,160,printer,printer dan mesin fotokopi,function,2.9612371921539307,1.1024521589279175,1.8587850332260132
tac::siglip2_head::k24,18,166,electronic_component,komponen elektronik,function,2.690438747406006,0.44052523374557495,2.249913454055786
tac::siglip2_head::k24,19,156,phone_tablet,ponsel dan tablet,function,2.334012269973755,0.7330420017242432,1.6009702682495117
tac::siglip2_head::k24,20,156,desktop,komputer desktop,function,2.3956191539764404,1.6051081418991089,0.7905110120773315
tac::siglip2_head::k24,21,202,laptop,laptop,function,2.8419809341430664,0.6942715644836426,2.147709369659424
tac::siglip2_head::k24,22,131,electronic_component,komponen elektronik,function,1.7759716510772705,0.4714919626712799,1.304479718208313
tac::siglip2_head::k24,23,143,display,televisi dan monitor,function,2.380814790725708,0.48029977083206177,1.900515079498291
tac::siglip2_head::k22,0,147,display,televisi dan monitor,function,2.2890777587890625,0.6473278999328613,1.6417498588562012
tac::siglip2_head::k22,1,197,battery,baterai dan aki,function,3.1609692573547363,0.9227747321128845,2.238194465637207
tac::siglip2_head::k22,2,160,desktop,komputer desktop,function,0.6778448820114136,0.5875067114830017,0.09033817052841187
tac::siglip2_head::k22,3,138,display,televisi dan monitor,function,2.4445979595184326,0.501819372177124,1.9427785873413086
tac::siglip2_head::k22,4,182,phone_tablet,ponsel dan tablet,function,1.995639681816101,0.7893857955932617,1.2062538862228394
tac::siglip2_head::k22,5,163,electronic_component,komponen elektronik,function,0.6185548305511475,0.3575131893157959,0.26104164123535156
tac::siglip2_head::k22,6,221,laptop,laptop,function,2.721886157989502,0.7364507913589478,1.9854353666305542
tac::siglip2_head::k22,7,158,electronic_component,komponen elektronik,function,1.7203620672225952,1.335526943206787,0.3848351240158081
tac::siglip2_head::k22,8,179,phone_tablet,ponsel dan tablet,function,2.308875560760498,0.6892419457435608,1.619633674621582
tac::siglip2_head::k22,9,173,desktop,komputer desktop,function,2.3628838062286377,1.4672917127609253,0.8955920934677124
tac::siglip2_head::k22,10,138,washing_machine,mesin cuci,function,2.780489444732666,0.9717897176742554,1.8086997270584106
tac::siglip2_head::k22,11,123,phone_tablet,ponsel dan tablet,function,2.2360098361968994,0.49543553590774536,1.7405743598937988
tac::siglip2_head::k22,12,210,input_peripheral,perangkat input komputer,function,1.8414908647537231,1.0042078495025635,0.8372830152511597
tac::siglip2_head::k22,13,156,input_peripheral,perangkat input komputer,function,1.9956716299057007,0.58614182472229,1.4095298051834106
tac::siglip2_head::k22,14,159,input_peripheral,perangkat input komputer,function,2.195922374725342,0.8335234522819519,1.3623988628387451
tac::siglip2_head::k22,15,232,cooking_appliance,peralatan memasak listrik,function,2.9718451499938965,0.621550977230072,2.3502941131591797
tac::siglip2_head::k22,16,146,audio,perangkat audio,function,2.7865958213806152,0.7734777927398682,2.013118028640747
tac::siglip2_head::k22,17,104,audio,perangkat audio,function,3.267977476119995,0.5723381638526917,2.6956393718719482
tac::siglip2_head::k22,18,174,electronic_component,komponen elektronik,function,2.651320219039917,0.21300631761550903,2.4383139610290527
tac::siglip2_head::k22,19,144,washing_machine,mesin cuci,function,3.0878429412841797,0.9557678699493408,2.132075071334839
tac::siglip2_head::k22,20,161,printer,printer dan mesin fotokopi,function,2.943629264831543,1.1096514463424683,1.8339778184890747
tac::siglip2_head::k22,21,114,printer,printer dan mesin fotokopi,function,2.7347018718719482,0.3209267556667328,2.4137752056121826
tac::siglip2_head::k20,0,126,printer,printer dan mesin fotokopi,function,2.838927745819092,1.2795917987823486,1.5593359470367432
tac::siglip2_head::k20,1,169,laptop,laptop,function,2.7504851818084717,0.7421786785125732,2.0083065032958984
tac::siglip2_head::k20,2,233,cooking_appliance,peralatan memasak listrik,function,2.958932399749756,0.6178684234619141,2.341063976287842
tac::siglip2_head::k20,3,150,washing_machine,mesin cuci,function,3.0614304542541504,0.9355819821357727,2.1258485317230225
tac::siglip2_head::k20,4,176,desktop,komputer desktop,function,2.150186538696289,1.643967866897583,0.506218671798706
tac::siglip2_head::k20,5,215,phone_tablet,ponsel dan tablet,function,2.3176987171173096,0.6850456595420837,1.632652997970581
tac::siglip2_head::k20,6,194,battery,baterai dan aki,function,3.1641650199890137,0.9477605223655701,2.216404438018799
tac::siglip2_head::k20,7,143,audio,perangkat audio,function,2.3504395484924316,0.8642865419387817,1.48615300655365
tac::siglip2_head::k20,8,201,input_peripheral,perangkat input komputer,function,1.852415680885315,0.9453766942024231,0.9070389866828918
tac::siglip2_head::k20,9,134,printer,printer dan mesin fotokopi,function,3.1773059368133545,0.2714103162288666,2.905895709991455
tac::siglip2_head::k20,10,142,washing_machine,mesin cuci,function,2.6632134914398193,1.0682424306869507,1.5949710607528687
tac::siglip2_head::k20,11,149,audio,perangkat audio,function,2.767559051513672,0.7574364542961121,2.010122537612915
tac::siglip2_head::k20,12,237,phone_tablet,ponsel dan tablet,function,2.2311666011810303,0.5536144971847534,1.6775521039962769
tac::siglip2_head::k20,13,169,camera,kamera,function,0.6547554731369019,0.6345025897026062,0.020252883434295654
tac::siglip2_head::k20,14,236,electronic_component,komponen elektronik,function,2.6444287300109863,0.337999552488327,2.306429147720337
tac::siglip2_head::k20,15,152,electronic_component,komponen elektronik,function,0.6045516133308411,0.3653930425643921,0.23915857076644897
tac::siglip2_head::k20,16,156,input_peripheral,perangkat input komputer,function,1.5379902124404907,0.2976919412612915,1.2402982711791992
tac::siglip2_head::k20,17,178,input_peripheral,perangkat input komputer,function,2.191530466079712,0.8034627437591553,1.3880677223205566
tac::siglip2_head::k20,18,165,laptop,laptop,function,1.31303870677948,0.8905704617500305,0.42246824502944946
tac::siglip2_head::k20,19,254,display,televisi dan monitor,function,2.473745346069336,0.3594825863838196,2.114262819290161
tac::siglip2_head::k18,0,194,electronic_component,komponen elektronik,function,2.6244730949401855,0.416566401720047,2.207906723022461
tac::siglip2_head::k18,1,239,audio,perangkat audio,function,3.062959671020508,0.5603682994842529,2.502591371536255
tac::siglip2_head::k18,2,254,printer,printer dan mesin fotokopi,function,3.0815858840942383,0.7117024064064026,2.3698835372924805
tac::siglip2_head::k18,3,155,electronic_component,komponen elektronik,function,0.6120375990867615,0.28412193059921265,0.32791566848754883
tac::siglip2_head::k18,4,253,display,televisi dan monitor,function,2.4877219200134277,0.3604132831096649,2.1273086071014404
tac::siglip2_head::k18,5,183,desktop,komputer desktop,function,2.112588405609131,1.6109551191329956,0.5016332864761353
tac::siglip2_head::k18,6,159,desktop,komputer desktop,function,0.6686069965362549,0.5841317176818848,0.08447527885437012
tac::siglip2_head::k18,7,239,phone_tablet,ponsel dan tablet,function,2.2146432399749756,0.5626706480979919,1.6519725322723389
tac::siglip2_head::k18,8,161,input_peripheral,perangkat input komputer,function,2.0323455333709717,0.5313476920127869,1.50099778175354
tac::siglip2_head::k18,9,211,washing_machine,mesin cuci,function,3.0399837493896484,0.9449236989021301,2.095060110092163
tac::siglip2_head::k18,10,176,battery,baterai dan aki,function,1.9042096138000488,0.9823741912841797,0.9218354225158691
tac::siglip2_head::k18,11,212,phone_tablet,ponsel dan tablet,function,2.32743239402771,0.6639514565467834,1.6634809970855713
tac::siglip2_head::k18,12,237,cooking_appliance,peralatan memasak listrik,function,2.9474434852600098,0.6216633915901184,2.325780153274536
tac::siglip2_head::k18,13,171,electronic_component,komponen elektronik,function,1.0250325202941895,0.4679301679134369,0.5571023225784302
tac::siglip2_head::k18,14,219,laptop,laptop,function,2.8060991764068604,0.6872320771217346,2.1188671588897705
tac::siglip2_head::k18,15,225,input_peripheral,perangkat input komputer,function,1.8616175651550293,1.0026029348373413,0.859014630317688
tac::siglip2_head::k18,16,141,input_peripheral,perangkat input komputer,function,2.1753339767456055,0.8622479438781738,1.3130860328674316
tac::siglip2_head::k18,17,150,battery,baterai dan aki,function,2.8903324604034424,0.9161781072616577,1.9741543531417847
tac::siglip2_head::k16,0,156,audio,perangkat audio,function,2.6600067615509033,0.7813733220100403,1.8786334991455078
tac::siglip2_head::k16,1,249,input_peripheral,perangkat input komputer,function,1.8641656637191772,1.0708767175674438,0.7932889461517334
tac::siglip2_head::k16,2,237,battery,baterai dan aki,function,3.2218494415283203,0.8851861357688904,2.336663246154785
tac::siglip2_head::k16,3,136,audio,perangkat audio,function,2.322232961654663,0.474645733833313,1.84758722782135
tac::siglip2_head::k16,4,234,laptop,laptop,function,2.671055555343628,0.720008134841919,1.951047420501709
tac::siglip2_head::k16,5,168,desktop,komputer desktop,function,2.1936702728271484,1.3522059917449951,0.8414642810821533
tac::siglip2_head::k16,6,243,electronic_component,komponen elektronik,function,2.6437525749206543,0.2957143485546112,2.3480381965637207
tac::siglip2_head::k16,7,198,input_peripheral,perangkat input komputer,function,2.1812469959259033,0.788429856300354,1.3928171396255493
tac::siglip2_head::k16,8,201,phone_tablet,ponsel dan tablet,function,2.304995536804199,0.6769186854362488,1.6280767917633057
tac::siglip2_head::k16,9,167,input_peripheral,perangkat input komputer,function,1.1142529249191284,0.5942906737327576,0.5199622511863708
tac::siglip2_head::k16,10,262,phone_tablet,ponsel dan tablet,function,2.199803113937378,0.6008217334747314,1.5989813804626465
tac::siglip2_head::k16,11,238,cooking_appliance,peralatan memasak listrik,function,2.9430012702941895,0.6239548921585083,2.3190464973449707
tac::siglip2_head::k16,12,278,washing_machine,mesin cuci,function,2.9586174488067627,0.9643121957778931,1.9943052530288696
tac::siglip2_head::k16,13,268,display,televisi dan monitor,function,2.468407392501831,0.41304251551628113,2.0553648471832275
tac::siglip2_head::k16,14,254,printer,printer dan mesin fotokopi,function,3.0813019275665283,0.7151855230331421,2.366116523742676
tac::siglip2_head::k16,15,290,display,televisi dan monitor,function,0.4449882209300995,0.44395047426223755,0.0010377466678619385
tac::siglip2_head::k14,0,164,desktop,komputer desktop,function,2.3463010787963867,1.4123445749282837,0.933956503868103
tac::siglip2_head::k14,1,253,input_peripheral,perangkat input komputer,function,1.8616551160812378,1.0695527791976929,0.7921023368835449
tac::siglip2_head::k14,2,276,phone_tablet,ponsel dan tablet,function,1.7940542697906494,0.7586610317230225,1.035393238067627
tac::siglip2_head::k14,3,224,battery,baterai dan aki,function,2.9127488136291504,0.8604974150657654,2.0522513389587402
tac::siglip2_head::k14,4,280,electronic_component,komponen elektronik,function,2.4952800273895264,0.30466315150260925,2.1906168460845947
tac::siglip2_head::k14,5,235,phone_tablet,ponsel dan tablet,function,2.2786097526550293,0.7021556496620178,1.5764541625976562
tac::siglip2_head::k14,6,278,display,televisi dan monitor,function,2.439753770828247,0.39684873819351196,2.04290509223938
tac::siglip2_head::k14,7,282,washing_machine,mesin cuci,function,2.9396841526031494,0.9651215672492981,1.974562644958496
tac::siglip2_head::k14,8,236,laptop,laptop,function,2.6688098907470703,0.74094158411026,1.927868366241455
tac::siglip2_head::k14,9,240,cooking_appliance,peralatan memasak listrik,function,2.9262163639068604,0.6185787916183472,2.3076376914978027
tac::siglip2_head::k14,10,259,printer,printer dan mesin fotokopi,function,3.0435450077056885,0.7017436623573303,2.341801404953003
tac::siglip2_head::k14,11,304,display,televisi dan monitor,function,0.44633257389068604,0.4440581798553467,0.0022743940353393555
tac::siglip2_head::k14,12,303,input_peripheral,perangkat input komputer,function,2.0917906761169434,0.6705330014228821,1.421257734298706
tac::siglip2_head::k14,13,245,audio,perangkat audio,function,3.0243070125579834,0.5466797947883606,2.4776272773742676
tac::siglip2_head::k13,0,247,audio,perangkat audio,function,3.012561082839966,0.5429971218109131,2.4695639610290527
tac::siglip2_head::k13,1,241,cooking_appliance,peralatan memasak listrik,function,2.9189820289611816,0.6162194609642029,2.302762508392334
tac::siglip2_head::k13,2,241,display,televisi dan monitor,function,1.7018942832946777,0.4543696641921997,1.247524619102478
tac::siglip2_head::k13,3,258,battery,baterai dan aki,function,3.041804790496826,0.8311570882797241,2.2106475830078125
tac::siglip2_head::k13,4,282,washing_machine,mesin cuci,function,2.9396841526031494,0.9651215672492981,1.974562644958496
tac::siglip2_head::k13,5,406,phone_tablet,ponsel dan tablet,function,2.2562546730041504,0.6244362592697144,1.631818413734436
tac::siglip2_head::k13,6,309,display,televisi dan monitor,function,0.44892531633377075,0.44524475932121277,0.0036805570125579834
tac::siglip2_head::k13,7,267,input_peripheral,perangkat input komputer,function,1.8442243337631226,1.082415223121643,0.7618091106414795
tac::siglip2_head::k13,8,259,display,televisi dan monitor,function,1.9702308177947998,1.6994104385375977,0.27082037925720215
tac::siglip2_head::k13,9,281,electronic_component,komponen elektronik,function,2.4768900871276855,0.3119242489337921,2.164965867996216
tac::siglip2_head::k13,10,299,input_peripheral,perangkat input komputer,function,2.1086788177490234,0.6847407221794128,1.4239380359649658
tac::siglip2_head::k13,11,261,printer,printer dan mesin fotokopi,function,3.0300440788269043,0.6974438428878784,2.3326001167297363
tac::siglip2_head::k13,12,228,laptop,laptop,function,2.781243324279785,0.6605497002601624,2.1206936836242676
tac::siglip2_head::k12,0,304,input_peripheral,perangkat input komputer,function,2.084115505218506,0.6828636527061462,1.4012517929077148
tac::siglip2_head::k12,1,290,display,televisi dan monitor,function,2.0250325202941895,1.5694332122802734,0.455599308013916
tac::siglip2_head::k12,2,244,audio,perangkat audio,function,3.031547784805298,0.546684205532074,2.484863519668579
tac::siglip2_head::k12,3,270,input_peripheral,perangkat input komputer,function,1.8328524827957153,1.0750041007995605,0.7578483819961548
tac::siglip2_head::k12,4,383,display,televisi dan monitor,function,1.2085707187652588,0.4200487732887268,0.788521945476532
tac::siglip2_head::k12,5,241,cooking_appliance,peralatan memasak listrik,function,2.9170610904693604,0.6185310482978821,2.298530101776123
tac::siglip2_head::k12,6,301,electronic_component,komponen elektronik,function,2.440890312194824,0.3016078770160675,2.139282464981079
tac::siglip2_head::k12,7,409,phone_tablet,ponsel dan tablet,function,2.250182628631592,0.643134355545044,1.6070482730865479
tac::siglip2_head::k12,8,284,laptop,laptop,function,2.196423292160034,0.5459752678871155,1.6504480838775635
tac::siglip2_head::k12,9,251,battery,baterai dan aki,function,2.341827154159546,0.7800873517990112,1.5617398023605347
tac::siglip2_head::k12,10,341,washing_machine,mesin cuci,function,2.4466278553009033,0.7821025848388672,1.6645252704620361
tac::siglip2_head::k12,11,261,printer,printer dan mesin fotokopi,function,3.0300440788269043,0.6974438428878784,2.3326001167297363
tac::siglip2_head::k11,0,413,phone_tablet,ponsel dan tablet,function,2.256424903869629,0.619534969329834,1.636889934539795
tac::siglip2_head::k11,1,306,input_peripheral,perangkat input komputer,function,2.0780978202819824,0.6796684861183167,1.3984293937683105
tac::siglip2_head::k11,2,310,display,televisi dan monitor,function,2.436288595199585,0.5310316681861877,1.905256986618042
tac::siglip2_head::k11,3,299,electronic_component,komponen elektronik,function,2.4556779861450195,0.29311972856521606,2.1625583171844482
tac::siglip2_head::k11,4,311,battery,baterai dan aki,function,2.6010377407073975,0.6503735780715942,1.9506641626358032
tac::siglip2_head::k11,5,340,laptop,laptop,function,1.9691210985183716,1.337426781654358,0.6316943168640137
tac::siglip2_head::k11,6,283,washing_machine,mesin cuci,function,2.931131601333618,0.9619776606559753,1.969153881072998
tac::siglip2_head::k11,7,305,display,televisi dan monitor,function,0.4540543854236603,0.42816877365112305,0.02588561177253723
tac::siglip2_head::k11,8,381,cooking_appliance,peralatan memasak listrik,function,2.0851597785949707,0.9004989266395569,1.1846609115600586
tac::siglip2_head::k11,9,365,printer,printer dan mesin fotokopi,function,2.3237111568450928,0.5776488184928894,1.7460622787475586
tac::siglip2_head::k11,10,266,input_peripheral,perangkat input komputer,function,1.869933843612671,1.162485957145691,0.70744788646698
tac::siglip2_head::k10,0,400,printer,printer dan mesin fotokopi,function,1.9873472452163696,0.7208284139633179,1.2665188312530518
tac::siglip2_head::k10,1,411,input_peripheral,perangkat input komputer,function,1.1023582220077515,0.8342922925949097,0.2680659294128418
tac::siglip2_head::k10,2,312,laptop,laptop,function,2.01328444480896,0.6552804112434387,1.358004093170166
tac::siglip2_head::k10,3,325,display,televisi dan monitor,function,0.4225172698497772,0.4110890030860901,0.011428266763687134
tac::siglip2_head::k10,4,294,electronic_component,komponen elektronik,function,2.410989761352539,0.32571834325790405,2.0852713584899902
tac::siglip2_head::k10,5,386,washing_machine,mesin cuci,function,2.1508631706237793,0.9115941524505615,1.2392690181732178
tac::siglip2_head::k10,6,336,cooking_appliance,peralatan memasak listrik,function,2.0543301105499268,0.7241243124008179,1.3302057981491089
tac::siglip2_head::k10,7,351,display,televisi dan monitor,function,1.9776145219802856,1.2502238750457764,0.7273906469345093
tac::siglip2_head::k10,8,454,phone_tablet,ponsel dan tablet,function,2.245316982269287,0.6300381422042847,1.6152788400650024
tac::siglip2_head::k10,9,310,input_peripheral,perangkat input komputer,function,2.0577714443206787,0.6657336354255676,1.3920378684997559
tac::siglip2_head::k8,0,490,washing_machine,mesin cuci,function,1.764557957649231,0.41009098291397095,1.3544669151306152
tac::siglip2_head::k8,1,494,laptop,laptop,function,1.6405854225158691,1.097191572189331,0.5433938503265381
tac::siglip2_head::k8,2,469,audio,perangkat audio,function,1.7241817712783813,0.8679999709129333,0.856181800365448
tac::siglip2_head::k8,3,482,phone_tablet,ponsel dan tablet,function,2.189075231552124,0.6461212038993835,1.5429539680480957
tac::siglip2_head::k8,4,427,display,televisi dan monitor,function,2.0301971435546875,1.194596290588379,0.8356008529663086
tac::siglip2_head::k8,5,432,cooking_appliance,peralatan memasak listrik,function,1.6158353090286255,0.41586658358573914,1.199968695640564
tac::siglip2_head::k8,6,330,input_peripheral,perangkat input komputer,function,1.967903971672058,0.6584065556526184,1.309497356414795
tac::siglip2_head::k8,7,455,printer,printer dan mesin fotokopi,function,1.4755538702011108,0.9794096946716309,0.49614417552948
tac::siglip2_head::k6,0,575,input_peripheral,perangkat input komputer,function,1.9066773653030396,0.8004015684127808,1.1062757968902588
tac::siglip2_head::k6,1,640,display,televisi dan monitor,function,1.3514188528060913,1.0567278861999512,0.29469096660614014
tac::siglip2_head::k6,2,520,laptop,laptop,function,1.2167575359344482,0.32858601212501526,0.8881715536117554
tac::siglip2_head::k6,3,516,printer,printer dan mesin fotokopi,function,1.565170168876648,0.5735917091369629,0.9915784597396851
tac::siglip2_head::k6,4,762,washing_machine,mesin cuci,function,1.160965919494629,0.26923128962516785,0.8917346000671387
tac::siglip2_head::k6,5,566,phone_tablet,ponsel dan tablet,function,2.0288217067718506,0.7104949951171875,1.318326711654663
tac::siglip2_head::k4,0,871,phone_tablet,ponsel dan tablet,function,1.3332328796386719,0.43798601627349854,0.8952468633651733
tac::siglip2_head::k4,1,878,cooking_appliance,peralatan memasak listrik,function,0.7248747944831848,0.6618386507034302,0.06303614377975464
tac::siglip2_head::k4,2,771,printer,printer dan mesin fotokopi,function,1.1614748239517212,1.0819931030273438,0.07948172092437744
tac::siglip2_head::k4,3,1059,laptop,laptop,function,0.5880049467086792,0.5392642021179199,0.04874074459075928
tac::siglip2_concat::k24,0,315,camera,kamera,function,0.4470249116420746,0.4150272011756897,0.03199771046638489
tac::siglip2_concat::k24,1,99,laptop,laptop,function,2.944225788116455,0.7439091205596924,2.2003166675567627
tac::siglip2_concat::k24,2,87,washing_machine,mesin cuci,function,2.6804392337799072,0.993509829044342,1.68692946434021
tac::siglip2_concat::k24,3,187,input_peripheral,perangkat input komputer,function,2.1691462993621826,0.5617285966873169,1.6074177026748657
tac::siglip2_concat::k24,4,214,phone_tablet,ponsel dan tablet,function,2.2702996730804443,0.5750674605369568,1.6952321529388428
tac::siglip2_concat::k24,5,238,cooking_appliance,peralatan memasak listrik,function,2.9430012702941895,0.6239548921585083,2.3190464973449707
tac::siglip2_concat::k24,6,263,input_peripheral,perangkat input komputer,function,1.8415378332138062,1.0823214054107666,0.7592164278030396
tac::siglip2_concat::k24,7,135,battery,baterai dan aki,function,3.0130608081817627,0.978818416595459,2.0342423915863037
tac::siglip2_concat::k24,8,121,electronic_component,komponen elektronik,function,2.5826151371002197,0.2060248851776123,2.3765902519226074
tac::siglip2_concat::k24,9,155,printer,printer dan mesin fotokopi,function,2.943671941757202,1.1272480487823486,1.8164238929748535
tac::siglip2_concat::k24,10,147,display,televisi dan monitor,function,2.3222391605377197,0.6505237221717834,1.671715497970581
tac::siglip2_concat::k24,11,111,input_peripheral,perangkat input komputer,function,2.0010321140289307,0.9036247134208679,1.097407341003418
tac::siglip2_concat::k24,12,139,electronic_component,komponen elektronik,function,2.632680654525757,0.4815947115421295,2.15108585357666
tac::siglip2_concat::k24,13,150,desktop,komputer desktop,function,2.365471124649048,1.63274085521698,0.7327302694320679
tac::siglip2_concat::k24,14,100,audio,perangkat audio,function,3.3144125938415527,0.5898430347442627,2.72456955909729
tac::siglip2_concat::k24,15,63,laptop,laptop,function,2.340548515319824,0.7718293070793152,1.5687191486358643
tac::siglip2_concat::k24,16,100,printer,printer dan mesin fotokopi,function,3.2787084579467773,0.34232380986213684,2.936384677886963
tac::siglip2_concat::k24,17,246,phone_tablet,ponsel dan tablet,function,2.2589757442474365,0.6275191307067871,1.6314566135406494
tac::siglip2_concat::k24,18,137,display,televisi dan monitor,function,2.442988157272339,0.5237653255462646,1.9192228317260742
tac::siglip2_concat::k24,19,103,battery,baterai dan aki,function,3.4953927993774414,0.7694100141525269,2.725982666015625
tac::siglip2_concat::k24,20,34,camera,kamera,function,0.6289591789245605,0.5857396721839905,0.04321950674057007
tac::siglip2_concat::k24,21,195,washing_machine,mesin cuci,function,3.0503530502319336,0.9580330848693848,2.092319965362549
tac::siglip2_concat::k24,22,146,audio,perangkat audio,function,2.827821969985962,0.7696787118911743,2.058143138885498
tac::siglip2_concat::k24,23,94,laptop,laptop,function,2.1949760913848877,0.7581713795661926,1.4368047714233398
tac::siglip2_concat::k22,0,280,washing_machine,mesin cuci,function,2.9525420665740967,0.9644942283630371,1.9880478382110596
tac::siglip2_concat::k22,1,224,phone_tablet,ponsel dan tablet,function,2.293170928955078,0.5872969031333923,1.705873966217041
tac::siglip2_concat::k22,2,175,electronic_component,komponen elektronik,function,2.6613359451293945,0.4411025643348694,2.22023344039917
tac::siglip2_concat::k22,3,317,display,televisi dan monitor,function,0.4248957633972168,0.41668498516082764,0.00821077823638916
tac::siglip2_concat::k22,4,97,input_peripheral,perangkat input komputer,function,1.7085378170013428,0.7925996780395508,0.915938138961792
tac::siglip2_concat::k22,5,131,display,televisi dan monitor,function,2.4722745418548584,0.5178241729736328,1.9544503688812256
tac::siglip2_concat::k22,6,238,cooking_appliance,peralatan memasak listrik,function,2.9430012702941895,0.6239548921585083,2.3190464973449707
tac::siglip2_concat::k22,7,169,desktop,komputer desktop,function,2.3369359970092773,1.4704058170318604,0.866530179977417
tac::siglip2_concat::k22,8,100,printer,printer dan mesin fotokopi,function,3.2787084579467773,0.34232380986213684,2.936384677886963
tac::siglip2_concat::k22,9,145,audio,perangkat audio,function,2.8347747325897217,0.7733075618743896,2.061467170715332
tac::siglip2_concat::k22,10,114,input_peripheral,perangkat input komputer,function,2.01632022857666,0.9243308901786804,1.091989278793335
tac::siglip2_concat::k22,11,238,battery,baterai dan aki,function,3.2183327674865723,0.8815039396286011,2.3368287086486816
tac::siglip2_concat::k22,12,150,display,televisi dan monitor,function,2.3232736587524414,0.6522159576416016,1.6710577011108398
tac::siglip2_concat::k22,13,39,camera,kamera,function,0.7181106209754944,0.6101111769676208,0.10799944400787354
tac::siglip2_concat::k22,14,147,laptop,laptop,function,2.7343294620513916,0.8070836663246155,1.927245855331421
tac::siglip2_concat::k22,15,187,input_peripheral,perangkat input komputer,function,2.1772427558898926,0.5754824280738831,1.6017603874206543
tac::siglip2_concat::k22,16,137,input_peripheral,perangkat input komputer,function,1.8632960319519043,1.0900650024414062,0.773231029510498
tac::siglip2_concat::k22,17,100,audio,perangkat audio,function,3.3144125938415527,0.5898430347442627,2.72456955909729
tac::siglip2_concat::k22,18,240,phone_tablet,ponsel dan tablet,function,2.195935010910034,0.6928337812423706,1.5031012296676636
tac::siglip2_concat::k22,19,84,electronic_component,komponen elektronik,function,2.5421130657196045,0.38934236764907837,2.152770757675171
tac::siglip2_concat::k22,20,155,printer,printer dan mesin fotokopi,function,2.943671941757202,1.1272480487823486,1.8164238929748535
tac::siglip2_concat::k22,21,112,laptop,laptop,function,2.2608954906463623,0.746475875377655,1.5144195556640625
tac::siglip2_concat::k20,0,151,desktop,komputer desktop,function,2.411149024963379,1.6172456741333008,0.7939033508300781
tac::siglip2_concat::k20,1,276,washing_machine,mesin cuci,function,2.9761040210723877,0.9591398239135742,2.0169641971588135
tac::siglip2_concat::k20,2,257,electronic_component,komponen elektronik,function,2.623073101043701,0.2961081564426422,2.326964855194092
tac::siglip2_concat::k20,3,457,phone_tablet,ponsel dan tablet,function,2.2659482955932617,0.605305016040802,1.6606433391571045
tac::siglip2_concat::k20,4,109,input_peripheral,perangkat input komputer,function,2.000656843185425,0.9077262282371521,1.092930555343628
tac::siglip2_concat::k20,5,312,display,televisi dan monitor,function,0.4375532567501068,0.43181249499320984,0.005740761756896973
tac::siglip2_concat::k20,6,249,cooking_appliance,peralatan memasak listrik,function,2.8784594535827637,0.6423685550689697,2.236090898513794
tac::siglip2_concat::k20,7,145,audio,perangkat audio,function,2.8347747325897217,0.7733075618743896,2.061467170715332
tac::siglip2_concat::k20,8,37,camera,kamera,function,0.9655152559280396,0.48806700110435486,0.4774482548236847
tac::siglip2_concat::k20,9,254,printer,printer dan mesin fotokopi,function,3.086668014526367,0.7021211385726929,2.3845467567443848
tac::siglip2_concat::k20,10,72,input_peripheral,perangkat input komputer,function,1.9406476020812988,1.6974912881851196,0.2431563138961792
tac::siglip2_concat::k20,11,189,battery,baterai dan aki,function,3.149168014526367,0.9503841400146484,2.1987838745117188
tac::siglip2_concat::k20,12,208,laptop,laptop,function,2.8535828590393066,0.6850131154060364,2.168569803237915
tac::siglip2_concat::k20,13,139,display,televisi dan monitor,function,2.375464916229248,0.6753079891204834,1.7001569271087646
tac::siglip2_concat::k20,14,64,camera,kamera,function,0.41055864095687866,0.3725864291191101,0.037972211837768555
tac::siglip2_concat::k20,15,189,input_peripheral,perangkat input komputer,function,2.1767563819885254,0.5722556710243225,1.6045007705688477
tac::siglip2_concat::k20,16,193,input_peripheral,perangkat input komputer,function,1.8304235935211182,0.9080618619918823,0.9223617315292358
tac::siglip2_concat::k20,17,100,audio,perangkat audio,function,3.3144125938415527,0.5898430347442627,2.72456955909729
tac::siglip2_concat::k20,18,45,battery,baterai dan aki,function,3.7251319885253906,0.7256330847740173,2.9994988441467285
tac::siglip2_concat::k20,19,133,display,televisi dan monitor,function,2.506662607192993,0.5615846514701843,1.945077896118164
tac::siglip2_concat::k18,0,256,printer,printer dan mesin fotokopi,function,3.0638222694396973,0.7108481526374817,2.3529741764068604
tac::siglip2_concat::k18,1,312,display,televisi dan monitor,function,0.43987977504730225,0.433849960565567,0.0060298144817352295
tac::siglip2_concat::k18,2,298,input_peripheral,perangkat input komputer,function,2.112532377243042,0.7006270289421082,1.411905288696289
tac::siglip2_concat::k18,3,136,display,televisi dan monitor,function,2.4579432010650635,0.5482228398323059,1.9097204208374023
tac::siglip2_concat::k18,4,456,phone_tablet,ponsel dan tablet,function,2.262371301651001,0.6040419340133667,1.6583293676376343
tac::siglip2_concat::k18,5,137,audio,perangkat audio,function,2.8724377155303955,0.7331984043121338,2.1392393112182617
tac::siglip2_concat::k18,6,79,camera,kamera,function,1.0442259311676025,0.41414493322372437,0.6300809979438782
tac::siglip2_concat::k18,7,102,washing_machine,mesin cuci,function,2.811187505722046,0.9712713360786438,1.8399162292480469
tac::siglip2_concat::k18,8,266,input_peripheral,perangkat input komputer,function,1.8447352647781372,1.084406852722168,0.7603284120559692
tac::siglip2_concat::k18,9,102,battery,baterai dan aki,function,3.480132818222046,0.741161584854126,2.73897123336792
tac::siglip2_concat::k18,10,178,washing_machine,mesin cuci,function,3.033540964126587,0.9606108069419861,2.072930097579956
tac::siglip2_concat::k18,11,160,desktop,komputer desktop,function,2.3714778423309326,1.5789331197738647,0.7925447225570679
tac::siglip2_concat::k18,12,238,cooking_appliance,peralatan memasak listrik,function,2.9430012702941895,0.6239548921585083,2.3190464973449707
tac::siglip2_concat::k18,13,138,battery,baterai dan aki,function,2.9886929988861084,0.9773003458976746,2.011392593383789
tac::siglip2_concat::k18,14,146,display,televisi dan monitor,function,2.32033109664917,0.6534308791160583,1.6669001579284668
tac::siglip2_concat::k18,15,257,electronic_component,komponen elektronik,function,2.6087331771850586,0.29021742939949036,2.3185157775878906
tac::siglip2_concat::k18,16,216,laptop,laptop,function,2.827571392059326,0.6889106035232544,2.1386609077453613
tac::siglip2_concat::k18,17,102,audio,perangkat audio,function,3.3188610076904297,0.577074408531189,2.741786479949951
tac::siglip2_concat::k16,0,469,phone_tablet,ponsel dan tablet,function,2.220308780670166,0.6331354379653931,1.587173342704773
tac::siglip2_concat::k16,1,280,washing_machine,mesin cuci,function,2.9525420665740967,0.9644942283630371,1.9880478382110596
tac::siglip2_concat::k16,2,297,input_peripheral,perangkat input komputer,function,2.1135294437408447,0.6890991926193237,1.424430251121521
tac::siglip2_concat::k16,3,330,display,televisi dan monitor,function,0.4337073564529419,0.4315947890281677,0.00211256742477417
tac::siglip2_concat::k16,4,246,battery,baterai dan aki,function,3.1454927921295166,0.8587855100631714,2.2867074012756348
tac::siglip2_concat::k16,5,262,input_peripheral,perangkat input komputer,function,1.855696678161621,1.0935614109039307,0.7621352672576904
tac::siglip2_concat::k16,6,255,printer,printer dan mesin fotokopi,function,3.075058937072754,0.7082365155220032,2.3668224811553955
tac::siglip2_concat::k16,7,147,audio,perangkat audio,function,2.811401844024658,0.7770809531211853,2.034320831298828
tac::siglip2_concat::k16,8,274,electronic_component,komponen elektronik,function,2.48942232131958,0.31639164686203003,2.1730306148529053
tac::siglip2_concat::k16,9,128,desktop,komputer desktop,function,2.518113851547241,1.466335654258728,1.0517781972885132
tac::siglip2_concat::k16,10,238,cooking_appliance,peralatan memasak listrik,function,2.9430012702941895,0.6239548921585083,2.3190464973449707
tac::siglip2_concat::k16,11,147,display,televisi dan monitor,function,2.297234535217285,0.6562673449516296,1.6409671306610107
tac::siglip2_concat::k16,12,67,laptop,laptop,function,2.184051275253296,0.9225462675094604,1.2615050077438354
tac::siglip2_concat::k16,13,153,display,televisi dan monitor,function,2.4428231716156006,0.6142086386680603,1.8286144733428955
tac::siglip2_concat::k16,14,100,audio,perangkat audio,function,3.3144125938415527,0.5898430347442627,2.72456955909729
tac::siglip2_concat::k16,15,186,laptop,laptop,function,2.656421184539795,0.6921698451042175,1.9642512798309326
tac::siglip2_concat::k14,0,470,phone_tablet,ponsel dan tablet,function,2.2176313400268555,0.6314600706100464,1.586171269416809
tac::siglip2_concat::k14,1,320,display,televisi dan monitor,function,0.4227617681026459,0.41426533460617065,0.00849643349647522
tac::siglip2_concat::k14,2,283,washing_machine,mesin cuci,function,2.931131601333618,0.9619776606559753,1.969153881072998
tac::siglip2_concat::k14,3,266,input_peripheral,perangkat input komputer,function,1.8410742282867432,1.0821640491485596,0.7589101791381836
tac::siglip2_concat::k14,4,239,cooking_appliance,peralatan memasak listrik,function,2.936398506164551,0.6227368116378784,2.313661575317383
tac::siglip2_concat::k14,5,283,electronic_component,komponen elektronik,function,2.4637644290924072,0.3171079456806183,2.1466565132141113
tac::siglip2_concat::k14,6,258,printer,printer dan mesin fotokopi,function,3.050765037536621,0.7019308805465698,2.3488340377807617
tac::siglip2_concat::k14,7,225,laptop,laptop,function,2.780996084213257,0.6776019334793091,2.103394031524658
tac::siglip2_concat::k14,8,113,display,televisi dan monitor,function,2.6436917781829834,0.5906507968902588,2.0530409812927246
tac::siglip2_concat::k14,9,302,input_peripheral,perangkat input komputer,function,2.093268871307373,0.6825680732727051,1.410700798034668
tac::siglip2_concat::k14,10,168,display,televisi dan monitor,function,2.261272668838501,0.613296627998352,1.647976040840149
tac::siglip2_concat::k14,11,158,desktop,komputer desktop,function,2.3969509601593018,1.5463427305221558,0.850608229637146
tac::siglip2_concat::k14,12,243,audio,perangkat audio,function,3.035588026046753,0.5498610734939575,2.485726833343506
tac::siglip2_concat::k14,13,251,battery,baterai dan aki,function,3.105525255203247,0.8432436585426331,2.262281656265259
tac::siglip2_concat::k13,0,322,display,televisi dan monitor,function,0.42781099677085876,0.4165574014186859,0.011253595352172852
tac::siglip2_concat::k13,1,471,phone_tablet,ponsel dan tablet,function,2.2160606384277344,0.6306535005569458,1.5854071378707886
tac::siglip2_concat::k13,2,259,printer,printer dan mesin fotokopi,function,3.043132781982422,0.7043869495391846,2.3387458324432373
tac::siglip2_concat::k13,3,268,input_peripheral,perangkat input komputer,function,1.839381456375122,1.0837345123291016,0.7556469440460205
tac::siglip2_concat::k13,4,283,washing_machine,mesin cuci,function,2.931131601333618,0.9619776606559753,1.969153881072998
tac::siglip2_concat::k13,5,302,input_peripheral,perangkat input komputer,function,2.091726541519165,0.6812214851379395,1.4105050563812256
tac::siglip2_concat::k13,6,281,electronic_component,komponen elektronik,function,2.4783875942230225,0.3135818541049957,2.1648056507110596
tac::siglip2_concat::k13,7,253,battery,baterai dan aki,function,3.0873987674713135,0.8398125171661377,2.247586250305176
tac::siglip2_concat::k13,8,245,audio,perangkat audio,function,3.0243070125579834,0.5466797947883606,2.4776272773742676
tac::siglip2_concat::k13,9,239,cooking_appliance,peralatan memasak listrik,function,2.936398506164551,0.6227368116378784,2.313661575317383
tac::siglip2_concat::k13,10,151,desktop,komputer desktop,function,2.443483352661133,1.4935023784637451,0.9499809741973877
tac::siglip2_concat::k13,11,284,display,televisi dan monitor,function,2.443964958190918,0.41180625557899475,2.032158613204956
tac::siglip2_concat::k13,12,221,laptop,laptop,function,2.8128535747528076,0.6819129586219788,2.1309406757354736
tac::siglip2_concat::k12,0,240,cooking_appliance,peralatan memasak listrik,function,2.9262163639068604,0.6185787916183472,2.3076376914978027
tac::siglip2_concat::k12,1,471,phone_tablet,ponsel dan tablet,function,2.2160606384277344,0.6306535005569458,1.5854071378707886
tac::siglip2_concat::k12,2,322,display,televisi dan monitor,function,0.42781099677085876,0.4165574014186859,0.011253595352172852
tac::siglip2_concat::k12,3,346,laptop,laptop,function,1.9250080585479736,1.3787094354629517,0.546298623085022
tac::siglip2_concat::k12,4,270,input_peripheral,perangkat input komputer,function,1.8312489986419678,1.0792121887207031,0.7520368099212646
tac::siglip2_concat::k12,5,259,printer,printer dan mesin fotokopi,function,3.043132781982422,0.7043869495391846,2.3387458324432373
tac::siglip2_concat::k12,6,304,input_peripheral,perangkat input komputer,function,2.0828492641448975,0.6804100275039673,1.4024392366409302
tac::siglip2_concat::k12,7,253,battery,baterai dan aki,function,3.0873987674713135,0.8398125171661377,2.247586250305176
tac::siglip2_concat::k12,8,306,display,televisi dan monitor,function,2.444309711456299,0.5162037014961243,1.9281060695648193
tac::siglip2_concat::k12,9,244,audio,perangkat audio,function,3.031547784805298,0.546684205532074,2.484863519668579
tac::siglip2_concat::k12,10,283,washing_machine,mesin cuci,function,2.931131601333618,0.9619776606559753,1.969153881072998
tac::siglip2_concat::k12,11,281,electronic_component,komponen elektronik,function,2.4783875942230225,0.3135818541049957,2.1648056507110596
tac::siglip2_concat::k11,0,316,display,televisi dan monitor,function,0.4346860945224762,0.42190730571746826,0.012778788805007935
tac::siglip2_concat::k11,1,474,phone_tablet,ponsel dan tablet,function,2.205744981765747,0.6283861398696899,1.5773588418960571
tac::siglip2_concat::k11,2,245,audio,perangkat audio,function,3.032322406768799,0.5451467037200928,2.487175703048706
tac::siglip2_concat::k11,3,241,cooking_appliance,peralatan memasak listrik,function,2.9201107025146484,0.6167437434196472,2.3033668994903564
tac::siglip2_concat::k11,4,283,washing_machine,mesin cuci,function,2.931131601333618,0.9619776606559753,1.969153881072998
tac::siglip2_concat::k11,5,311,input_peripheral,perangkat input komputer,function,2.088956832885742,0.6931166648864746,1.3958401679992676
tac::siglip2_concat::k11,6,593,laptop,laptop,function,1.4381214380264282,1.2712410688400269,0.16688036918640137
tac::siglip2_concat::k11,7,291,electronic_component,komponen elektronik,function,2.4702796936035156,0.29776304960250854,2.1725165843963623
tac::siglip2_concat::k11,8,254,battery,baterai dan aki,function,3.0807695388793945,0.8362473845481873,2.2445220947265625
tac::siglip2_concat::k11,9,310,display,televisi dan monitor,function,2.436899185180664,0.5374734997749329,1.899425745010376
tac::siglip2_concat::k11,10,261,printer,printer dan mesin fotokopi,function,3.019990921020508,0.7055228352546692,2.3144681453704834
tac::siglip2_concat::k10,0,472,phone_tablet,ponsel dan tablet,function,2.2162325382232666,0.6270679831504822,1.5891644954681396
tac::siglip2_concat::k10,1,284,washing_machine,mesin cuci,function,2.9230735301971436,0.962112307548523,1.9609612226486206
tac::siglip2_concat::k10,2,312,input_peripheral,perangkat input komputer,function,2.0834081172943115,0.6870233416557312,1.3963847160339355
tac::siglip2_concat::k10,3,281,electronic_component,komponen elektronik,function,2.4815590381622314,0.3122081756591797,2.1693508625030518
tac::siglip2_concat::k10,4,326,display,televisi dan monitor,function,0.4222760796546936,0.4208841025829315,0.001391977071762085
tac::siglip2_concat::k10,5,311,display,televisi dan monitor,function,2.432220220565796,0.5349286198616028,1.897291660308838
tac::siglip2_concat::k10,6,505,printer,printer dan mesin fotokopi,function,1.6931207180023193,1.1996737718582153,0.493446946144104
tac::siglip2_concat::k10,7,255,battery,baterai dan aki,function,3.0728769302368164,0.8345261216163635,2.2383508682250977
tac::siglip2_concat::k10,8,593,laptop,laptop,function,1.439131259918213,1.2708591222763062,0.16827213764190674
tac::siglip2_concat::k10,9,240,cooking_appliance,peralatan memasak listrik,function,2.930225133895874,0.6208767294883728,2.3093483448028564
tac::siglip2_concat::k8,0,588,input_peripheral,perangkat input komputer,function,1.929214358329773,0.8376131057739258,1.0916012525558472
tac::siglip2_concat::k8,1,424,electronic_component,komponen elektronik,function,0.7044249773025513,0.38445669412612915,0.3199682831764221
tac::siglip2_concat::k8,2,489,phone_tablet,ponsel dan tablet,function,2.1549901962280273,0.6417170166969299,1.5132732391357422
tac::siglip2_concat::k8,3,258,audio,perangkat audio,function,2.9159722328186035,0.5192919373512268,2.3966803550720215
tac::siglip2_concat::k8,4,623,display,televisi dan monitor,function,1.3186742067337036,1.0395938158035278,0.2790803909301758
tac::siglip2_concat::k8,5,548,cooking_appliance,peralatan memasak listrik,function,1.822693109512329,1.7991259098052979,0.02356719970703125
tac::siglip2_concat::k8,6,377,battery,baterai dan aki,function,2.2388393878936768,1.4986075162887573,0.7402318716049194
tac::siglip2_concat::k8,7,272,printer,printer dan mesin fotokopi,function,2.9277451038360596,0.6538552045822144,2.2738900184631348
tac::siglip2_concat::k6,0,905,laptop,laptop,function,1.0456616878509521,0.9914925694465637,0.05416911840438843
tac::siglip2_concat::k6,1,701,phone_tablet,ponsel dan tablet,function,1.5789523124694824,0.6492205858230591,0.9297317266464233
tac::siglip2_concat::k6,2,573,electronic_component,komponen elektronik,function,0.9678736925125122,0.28264495730400085,0.685228705406189
tac::siglip2_concat::k6,3,656,cooking_appliance,peralatan memasak listrik,function,1.59394371509552,1.5188448429107666,0.07509887218475342
tac::siglip2_concat::k6,4,430,printer,printer dan mesin fotokopi,function,1.9332135915756226,0.6130102276802063,1.3202033042907715
tac::siglip2_concat::k6,5,314,input_peripheral,perangkat input komputer,function,2.0606894493103027,0.6652008891105652,1.3954885005950928
tac::siglip2_concat::k4,0,957,cooking_appliance,peralatan memasak listrik,function,1.078748345375061,1.0394190549850464,0.03932929039001465
tac::siglip2_concat::k4,1,530,electronic_component,komponen elektronik,function,0.5490670204162598,0.43462076783180237,0.1144462525844574
tac::siglip2_concat::k4,2,580,phone_tablet,ponsel dan tablet,function,2.0045063495635986,0.6247879862785339,1.37971830368042
tac::siglip2_concat::k4,3,1512,input_peripheral,perangkat input komputer,function,0.7138991355895996,0.4783875048160553,0.2355116307735443
tac::radio_siglip2g_initial::k24,0,104,laptop,laptop,function,1.707783818244934,0.3840145766735077,1.323769211769104
tac::radio_siglip2g_initial::k24,1,245,input_peripheral,perangkat input komputer,function,1.9162101745605469,1.1983354091644287,0.7178747653961182
tac::radio_siglip2g_initial::k24,2,118,audio,perangkat audio,function,0.3227404057979584,0.15771685540676117,0.1650235503911972
tac::radio_siglip2g_initial::k24,3,125,printer,printer dan mesin fotokopi,function,3.035696029663086,0.8989136815071106,2.13678240776062
tac::radio_siglip2g_initial::k24,4,152,display,televisi dan monitor,function,2.329850912094116,0.5919914841651917,1.7378594875335693
tac::radio_siglip2g_initial::k24,5,168,electronic_component,komponen elektronik,function,2.714600086212158,0.4208076000213623,2.293792486190796
tac::radio_siglip2g_initial::k24,6,145,electronic_component,komponen elektronik,function,2.2511582374572754,0.27498695254325867,1.9761712551116943
tac::radio_siglip2g_initial::k24,7,248,washing_machine,mesin cuci,function,3.04470157623291,0.964176595211029,2.0805249214172363
tac::radio_siglip2g_initial::k24,8,133,cooking_appliance,peralatan memasak listrik,function,3.0718235969543457,0.5647115111351013,2.5071120262145996
tac::radio_siglip2g_initial::k24,9,325,phone_tablet,ponsel dan tablet,function,2.268660545349121,0.5962453484535217,1.6724152565002441
tac::radio_siglip2g_initial::k24,10,287,input_peripheral,perangkat input komputer,function,2.14725923538208,0.7189251780509949,1.4283339977264404
tac::radio_siglip2g_initial::k24,11,115,audio,perangkat audio,function,3.21574068069458,0.5528339743614197,2.6629066467285156
tac::radio_siglip2g_initial::k24,12,91,battery,baterai dan aki,function,3.7974185943603516,0.8387245535850525,2.9586939811706543
tac::radio_siglip2g_initial::k24,13,148,laptop,laptop,function,2.8756651878356934,0.702652633190155,2.1730124950408936
tac::radio_siglip2g_initial::k24,14,48,washing_machine,mesin cuci,function,1.266431212425232,1.0885624885559082,0.17786872386932373
tac::radio_siglip2g_initial::k24,15,118,display,televisi dan monitor,function,2.6104772090911865,0.6349673867225647,1.9755098819732666
tac::radio_siglip2g_initial::k24,16,282,desktop,komputer desktop,function,0.5052347779273987,0.5049979090690613,0.00023686885833740234
tac::radio_siglip2g_initial::k24,17,118,audio,perangkat audio,function,2.9560160636901855,0.8067472577095032,2.149268865585327
tac::radio_siglip2g_initial::k24,18,134,desktop,komputer desktop,function,2.420731544494629,1.597000002861023,0.823731541633606
tac::radio_siglip2g_initial::k24,19,103,phone_tablet,ponsel dan tablet,function,2.2988319396972656,0.5965380072593689,1.702293872833252
tac::radio_siglip2g_initial::k24,20,124,battery,baterai dan aki,function,3.054138422012329,1.016634464263916,2.037503957748413
tac::radio_siglip2g_initial::k24,21,117,printer,printer dan mesin fotokopi,function,3.187269687652588,0.473361074924469,2.7139086723327637
tac::radio_siglip2g_initial::k24,22,43,camera,kamera,function,0.9343461394309998,0.7094979286193848,0.224848210811615
tac::radio_siglip2g_initial::k24,23,88,cooking_appliance,peralatan memasak listrik,function,2.8319358825683594,0.7001245617866516,2.1318113803863525
tac::radio_siglip2g_initial::k22,0,128,printer,printer dan mesin fotokopi,function,3.0026707649230957,0.9065598249435425,2.0961108207702637
tac::radio_siglip2g_initial::k22,1,248,input_peripheral,perangkat input komputer,function,1.9104968309402466,1.192938208580017,0.7175586223602295
tac::radio_siglip2g_initial::k22,2,116,laptop,laptop,function,1.5806537866592407,0.3563444912433624,1.2243093252182007
tac::radio_siglip2g_initial::k22,3,187,phone_tablet,ponsel dan tablet,function,2.289172887802124,0.6206481456756592,1.6685247421264648
tac::radio_siglip2g_initial::k22,4,221,cooking_appliance,peralatan memasak listrik,function,2.9928886890411377,0.6290485262870789,2.363840103149414
tac::radio_siglip2g_initial::k22,5,88,battery,baterai dan aki,function,3.828064203262329,0.8445324301719666,2.9835317134857178
tac::radio_siglip2g_initial::k22,6,286,input_peripheral,perangkat input komputer,function,2.1554923057556152,0.7261881232261658,1.4293041229248047
tac::radio_siglip2g_initial::k22,7,236,electronic_component,komponen elektronik,function,2.625455856323242,0.3432965576648712,2.2821593284606934
tac::radio_siglip2g_initial::k22,8,256,washing_machine,mesin cuci,function,3.041717290878296,0.9670094847679138,2.0747077465057373
tac::radio_siglip2g_initial::k22,9,155,electronic_component,komponen elektronik,function,1.250119924545288,0.1667592078447342,1.0833606719970703
tac::radio_siglip2g_initial::k22,10,124,battery,baterai dan aki,function,3.057417154312134,1.0216267108917236,2.03579044342041
tac::radio_siglip2g_initial::k22,11,160,display,televisi dan monitor,function,2.304892063140869,0.625747799873352,1.679144263267517
tac::radio_siglip2g_initial::k22,12,145,laptop,laptop,function,2.8741540908813477,0.7056457996368408,2.168508291244507
tac::radio_siglip2g_initial::k22,13,142,audio,perangkat audio,function,0.3373832106590271,0.26997944712638855,0.06740376353263855
tac::radio_siglip2g_initial::k22,14,117,audio,perangkat audio,function,3.2011218070983887,0.551085889339447,2.650035858154297
tac::radio_siglip2g_initial::k22,15,49,camera,kamera,function,0.8771876096725464,0.7085556983947754,0.168631911277771
tac::radio_siglip2g_initial::k22,16,112,audio,perangkat audio,function,3.024958848953247,0.8347551226615906,2.1902036666870117
tac::radio_siglip2g_initial::k22,17,134,desktop,komputer desktop,function,2.413642406463623,1.5904674530029297,0.8231749534606934
tac::radio_siglip2g_initial::k22,18,119,printer,printer dan mesin fotokopi,function,3.1702053546905518,0.456931471824646,2.7132740020751953
tac::radio_siglip2g_initial::k22,19,206,desktop,komputer desktop,function,0.7473944425582886,0.7136882543563843,0.0337061882019043
tac::radio_siglip2g_initial::k22,20,106,display,televisi dan monitor,function,2.6932482719421387,0.6375153064727783,2.0557329654693604
tac::radio_siglip2g_initial::k22,21,244,phone_tablet,ponsel dan tablet,function,2.262277603149414,0.5801147818565369,1.6821627616882324
tac::radio_siglip2g_initial::k20,0,212,battery,baterai dan aki,function,3.36075758934021,0.9509938359260559,2.409763813018799
tac::radio_siglip2g_initial::k20,1,169,input_peripheral,perangkat input komputer,function,1.913402795791626,0.9691763520240784,0.9442264437675476
tac::radio_siglip2g_initial::k20,2,166,washing_machine,mesin cuci,function,3.076040506362915,0.9600748419761658,2.1159656047821045
tac::radio_siglip2g_initial::k20,3,424,phone_tablet,ponsel dan tablet,function,2.2836976051330566,0.6020340919494629,1.6816635131835938
tac::radio_siglip2g_initial::k20,4,247,electronic_component,komponen elektronik,function,2.6184239387512207,0.3407030701637268,2.2777209281921387
tac::radio_siglip2g_initial::k20,5,220,cooking_appliance,peralatan memasak listrik,function,2.999385118484497,0.622922956943512,2.37646222114563
tac::radio_siglip2g_initial::k20,6,111,desktop,komputer desktop,function,2.382505178451538,1.7897988557815552,0.5927063226699829
tac::radio_siglip2g_initial::k20,7,246,printer,printer dan mesin fotokopi,function,3.087491989135742,0.7054877877235413,2.3820042610168457
tac::radio_siglip2g_initial::k20,8,118,display,televisi dan monitor,function,2.6094722747802734,0.6320558786392212,1.9774163961410522
tac::radio_siglip2g_initial::k20,9,138,audio,perangkat audio,function,0.3198893964290619,0.22889472544193268,0.09099467098712921
tac::radio_siglip2g_initial::k20,10,286,input_peripheral,perangkat input komputer,function,2.1547510623931885,0.7254955172538757,1.429255485534668
tac::radio_siglip2g_initial::k20,11,329,desktop,komputer desktop,function,0.4656708836555481,0.42785221338272095,0.03781867027282715
tac::radio_siglip2g_initial::k20,12,148,display,televisi dan monitor,function,2.340975522994995,0.6232666373252869,1.7177088260650635
tac::radio_siglip2g_initial::k20,13,105,audio,perangkat audio,function,3.048748254776001,0.8440597653388977,2.204688549041748
tac::radio_siglip2g_initial::k20,14,97,desktop,komputer desktop,function,1.8831835985183716,1.7509028911590576,0.13228070735931396
tac::radio_siglip2g_initial::k20,15,127,audio,perangkat audio,function,3.1344153881073,0.5278664231300354,2.606549024581909
tac::radio_siglip2g_initial::k20,16,101,washing_machine,mesin cuci,function,2.7941136360168457,1.0362088680267334,1.7579047679901123
tac::radio_siglip2g_initial::k20,17,137,laptop,laptop,function,1.439035177230835,0.5257005095481873,0.9133346676826477
tac::radio_siglip2g_initial::k20,18,147,laptop,laptop,function,2.868145704269409,0.696530282497406,2.1716153621673584
tac::radio_siglip2g_initial::k20,19,51,camera,kamera,function,0.8431879878044128,0.7532553672790527,0.08993262052536011
tac::radio_siglip2g_initial::k18,0,142,laptop,laptop,function,2.870846748352051,0.7095475196838379,2.161299228668213
tac::radio_siglip2g_initial::k18,1,152,display,televisi dan monitor,function,2.312180280685425,0.6064971685409546,1.7056831121444702
tac::radio_siglip2g_initial::k18,2,259,washing_machine,mesin cuci,function,3.029644012451172,0.9687223434448242,2.0609216690063477
tac::radio_siglip2g_initial::k18,3,244,printer,printer dan mesin fotokopi,function,3.1000473499298096,0.6808320879936218,2.419215202331543
tac::radio_siglip2g_initial::k18,4,194,input_peripheral,perangkat input komputer,function,1.8814023733139038,0.9752801060676575,0.9061222672462463
tac::radio_siglip2g_initial::k18,5,254,electronic_component,komponen elektronik,function,2.6086597442626953,0.34029075503349304,2.26836895942688
tac::radio_siglip2g_initial::k18,6,123,phone_tablet,ponsel dan tablet,function,2.3100051879882812,0.6162487864494324,1.693756341934204
tac::radio_siglip2g_initial::k18,7,286,input_peripheral,perangkat input komputer,function,2.1544342041015625,0.7239007949829102,1.4305334091186523
tac::radio_siglip2g_initial::k18,8,129,display,televisi dan monitor,function,2.5817129611968994,0.6655064821243286,1.9162064790725708
tac::radio_siglip2g_initial::k18,9,186,camera,kamera,function,0.7492222189903259,0.36169666051864624,0.3875255584716797
tac::radio_siglip2g_initial::k18,10,322,phone_tablet,ponsel dan tablet,function,2.257664680480957,0.6001225113868713,1.6575422286987305
tac::radio_siglip2g_initial::k18,11,117,audio,perangkat audio,function,3.2011218070983887,0.551085889339447,2.650035858154297
tac::radio_siglip2g_initial::k18,12,220,cooking_appliance,peralatan memasak listrik,function,2.998328685760498,0.6212464570999146,2.377082347869873
tac::radio_siglip2g_initial::k18,13,116,audio,perangkat audio,function,2.9821856021881104,0.8316569328308105,2.1505286693573
tac::radio_siglip2g_initial::k18,14,192,desktop,komputer desktop,function,2.216322660446167,1.0362255573272705,1.1800971031188965
tac::radio_siglip2g_initial::k18,15,211,battery,baterai dan aki,function,3.3727149963378906,0.9470215439796448,2.4256935119628906
tac::radio_siglip2g_initial::k18,16,96,laptop,laptop,function,2.211822986602783,0.6984884738922119,1.5133345127105713
tac::radio_siglip2g_initial::k18,17,336,desktop,komputer desktop,function,0.4872238039970398,0.4126284420490265,0.0745953619480133
tac::radio_siglip2g_initial::k16,0,106,audio,perangkat audio,function,3.29453706741333,0.5594559907913208,2.735081195831299
tac::radio_siglip2g_initial::k16,1,189,camera,kamera,function,0.6526006460189819,0.3486548960208893,0.30394574999809265
tac::radio_siglip2g_initial::k16,2,109,laptop,laptop,function,1.7123628854751587,0.46958842873573303,1.242774486541748
tac::radio_siglip2g_initial::k16,3,259,washing_machine,mesin cuci,function,3.029644012451172,0.9687223434448242,2.0609216690063477
tac::radio_siglip2g_initial::k16,4,147,laptop,laptop,function,2.868145704269409,0.696530282497406,2.1716153621673584
tac::radio_siglip2g_initial::k16,5,425,phone_tablet,ponsel dan tablet,function,2.282522678375244,0.6087843775749207,1.6737382411956787
tac::radio_siglip2g_initial::k16,6,255,electronic_component,komponen elektronik,function,2.608818292617798,0.33808276057243347,2.270735502243042
tac::radio_siglip2g_initial::k16,7,130,audio,perangkat audio,function,2.882200241088867,0.8206139206886292,2.061586380004883
tac::radio_siglip2g_initial::k16,8,286,input_peripheral,perangkat input komputer,function,2.1536927223205566,0.7232080698013306,1.430484652519226
tac::radio_siglip2g_initial::k16,9,242,printer,printer dan mesin fotokopi,function,3.111321210861206,0.6924708485603333,2.4188504219055176
tac::radio_siglip2g_initial::k16,10,222,cooking_appliance,peralatan memasak listrik,function,2.993457078933716,0.6212989687919617,2.3721580505371094
tac::radio_siglip2g_initial::k16,11,263,display,televisi dan monitor,function,2.481976270675659,0.4137738049030304,2.068202495574951
tac::radio_siglip2g_initial::k16,12,195,input_peripheral,perangkat input komputer,function,1.8839192390441895,0.9809817671775818,0.9029374718666077
tac::radio_siglip2g_initial::k16,13,212,battery,baterai dan aki,function,3.3641457557678223,0.946147084236145,2.417998790740967
tac::radio_siglip2g_initial::k16,14,346,desktop,komputer desktop,function,0.500879168510437,0.46926531195640564,0.03161385655403137
tac::radio_siglip2g_initial::k16,15,193,desktop,komputer desktop,function,2.225236654281616,1.0397084951400757,1.1855281591415405
tac::radio_siglip2g_initial::k15,0,363,desktop,komputer desktop,function,0.5159819722175598,0.46373212337493896,0.05224984884262085
tac::radio_siglip2g_initial::k15,1,436,phone_tablet,ponsel dan tablet,function,2.2866785526275635,0.6113718152046204,1.675306797027588
tac::radio_siglip2g_initial::k15,2,285,input_peripheral,perangkat input komputer,function,2.159451723098755,0.7261645197868347,1.4332871437072754
tac::radio_siglip2g_initial::k15,3,263,electronic_component,komponen elektronik,function,2.571976900100708,0.3328588008880615,2.2391180992126465
tac::radio_siglip2g_initial::k15,4,197,input_peripheral,perangkat input komputer,function,1.8759310245513916,0.9794999361038208,0.8964310884475708
tac::radio_siglip2g_initial::k15,5,245,printer,printer dan mesin fotokopi,function,3.0976898670196533,0.6752545237541199,2.4224352836608887
tac::radio_siglip2g_initial::k15,6,207,laptop,laptop,function,2.8100411891937256,0.6651198267936707,2.14492130279541
tac::radio_siglip2g_initial::k15,7,265,display,televisi dan monitor,function,2.4805102348327637,0.4123070538043976,2.0682032108306885
tac::radio_siglip2g_initial::k15,8,225,cooking_appliance,peralatan memasak listrik,function,2.984326124191284,0.6303108930587769,2.354015350341797
tac::radio_siglip2g_initial::k15,9,235,audio,perangkat audio,function,3.077324151992798,0.5697655081748962,2.507558584213257
tac::radio_siglip2g_initial::k15,10,259,washing_machine,mesin cuci,function,3.029644012451172,0.9687223434448242,2.0609216690063477
tac::radio_siglip2g_initial::k15,11,89,battery,baterai dan aki,function,3.813981056213379,0.8453102707862854,2.9686708450317383
tac::radio_siglip2g_initial::k15,12,125,battery,baterai dan aki,function,3.057361125946045,1.0182052850723267,2.039155960083008
tac::radio_siglip2g_initial::k15,13,191,camera,kamera,function,0.7151181697845459,0.31576067209243774,0.39935749769210815
tac::radio_siglip2g_initial::k15,14,194,desktop,komputer desktop,function,2.247077465057373,1.0470242500305176,1.2000532150268555
tac::radio_siglip2g_initial::k14,0,201,camera,kamera,function,0.6883397698402405,0.36251941323280334,0.32582035660743713
tac::radio_siglip2g_initial::k14,1,436,phone_tablet,ponsel dan tablet,function,2.2866785526275635,0.6113718152046204,1.675306797027588
tac::radio_siglip2g_initial::k14,2,287,input_peripheral,perangkat input komputer,function,2.154561996459961,0.7268860340118408,1.4276759624481201
tac::radio_siglip2g_initial::k14,3,211,battery,baterai dan aki,function,3.3690025806427,0.9485782980918884,2.420424222946167
tac::radio_siglip2g_initial::k14,4,259,washing_machine,mesin cuci,function,3.029644012451172,0.9687223434448242,2.0609216690063477
tac::radio_siglip2g_initial::k14,5,173,display,televisi dan monitor,function,2.26948618888855,0.5195530652999878,1.749933123588562
tac::radio_siglip2g_initial::k14,6,261,electronic_component,komponen elektronik,function,2.5713634490966797,0.3365701735019684,2.234793186187744
tac::radio_siglip2g_initial::k14,7,223,cooking_appliance,peralatan memasak listrik,function,2.9890501499176025,0.6303399205207825,2.358710289001465
tac::radio_siglip2g_initial::k14,8,352,desktop,komputer desktop,function,0.5020601749420166,0.42453306913375854,0.07752710580825806
tac::radio_siglip2g_initial::k14,9,216,display,televisi dan monitor,function,2.239124059677124,1.5732694864273071,0.6658545732498169
tac::radio_siglip2g_initial::k14,10,245,printer,printer dan mesin fotokopi,function,3.0976898670196533,0.6752545237541199,2.4224352836608887
tac::radio_siglip2g_initial::k14,11,214,laptop,laptop,function,2.7625019550323486,0.6883261799812317,2.0741758346557617
tac::radio_siglip2g_initial::k14,12,234,audio,perangkat audio,function,3.084336280822754,0.5705168843269348,2.513819456100464
tac::radio_siglip2g_initial::k14,13,267,input_peripheral,perangkat input komputer,function,1.862856388092041,1.2753119468688965,0.5875444412231445
tac::radio_siglip2g_initial::k13,0,289,input_peripheral,perangkat input komputer,function,2.139327049255371,0.7165467739105225,1.4227802753448486
tac::radio_siglip2g_initial::k13,1,276,electronic_component,komponen elektronik,function,2.4748122692108154,0.363629013299942,2.1111831665039062
tac::radio_siglip2g_initial::k13,2,224,cooking_appliance,peralatan memasak listrik,function,2.979865550994873,0.6300215721130371,2.349843978881836
tac::radio_siglip2g_initial::k13,3,273,input_peripheral,perangkat input komputer,function,1.8514602184295654,1.246228575706482,0.6052316427230835
tac::radio_siglip2g_initial::k13,4,254,printer,printer dan mesin fotokopi,function,3.073230266571045,0.6934784650802612,2.379751682281494
tac::radio_siglip2g_initial::k13,5,445,phone_tablet,ponsel dan tablet,function,2.2761590480804443,0.6077336072921753,1.668425440788269
tac::radio_siglip2g_initial::k13,6,219,laptop,laptop,function,2.717834949493408,0.6710343956947327,2.0468006134033203
tac::radio_siglip2g_initial::k13,7,357,desktop,komputer desktop,function,0.49393609166145325,0.4233715236186981,0.07056456804275513
tac::radio_siglip2g_initial::k13,8,287,display,televisi dan monitor,function,1.3122406005859375,0.46026143431663513,0.85197913646698
tac::radio_siglip2g_initial::k13,9,242,audio,perangkat audio,function,3.00419282913208,0.5775589942932129,2.426633834838867
tac::radio_siglip2g_initial::k13,10,229,battery,baterai dan aki,function,3.2403390407562256,0.9008823037147522,2.339456796646118
tac::radio_siglip2g_initial::k13,11,221,display,televisi dan monitor,function,2.2596242427825928,1.5666780471801758,0.692946195602417
tac::radio_siglip2g_initial::k13,12,263,washing_machine,mesin cuci,function,3.024744987487793,0.9714287519454956,2.053316116333008
tac::radio_siglip2g_initial::k12,0,399,desktop,komputer desktop,function,0.4902053475379944,0.42153286933898926,0.06867247819900513
tac::radio_siglip2g_initial::k12,1,235,battery,baterai dan aki,function,3.201763868331909,0.8816619515419006,2.3201019763946533
tac::radio_siglip2g_initial::k12,2,292,input_peripheral,perangkat input komputer,function,2.1307601928710938,0.7055593729019165,1.4252008199691772
tac::radio_siglip2g_initial::k12,3,265,washing_machine,mesin cuci,function,3.016061305999756,0.9685053825378418,2.047555923461914
tac::radio_siglip2g_initial::k12,4,306,laptop,laptop,function,1.7322372198104858,1.38563072681427,0.3466064929962158
tac::radio_siglip2g_initial::k12,5,450,phone_tablet,ponsel dan tablet,function,2.2517807483673096,0.6027531623840332,1.6490275859832764
tac::radio_siglip2g_initial::k12,6,244,audio,perangkat audio,function,2.9906222820281982,0.5792073011398315,2.4114151000976562
tac::radio_siglip2g_initial::k12,7,314,electronic_component,komponen elektronik,function,2.2618987560272217,0.3671138882637024,1.894784927368164
tac::radio_siglip2g_initial::k12,8,269,input_peripheral,perangkat input komputer,function,1.8171437978744507,1.1527605056762695,0.6643832921981812
tac::radio_siglip2g_initial::k12,9,257,printer,printer dan mesin fotokopi,function,3.0569605827331543,0.6972248554229736,2.3597357273101807
tac::radio_siglip2g_initial::k12,10,227,cooking_appliance,peralatan memasak listrik,function,2.967240333557129,0.6258388757705688,2.3414015769958496
tac::radio_siglip2g_initial::k12,11,321,display,televisi dan monitor,function,2.185075044631958,0.36205124855041504,1.823023796081543
tac::radio_siglip2g_initial::k10,0,387,display,televisi dan monitor,function,2.197270154953003,0.7299408912658691,1.4673292636871338
tac::radio_siglip2g_initial::k10,1,239,battery,baterai dan aki,function,3.1631734371185303,0.8674022555351257,2.2957711219787598
tac::radio_siglip2g_initial::k10,2,264,washing_machine,mesin cuci,function,3.0213823318481445,0.9675053954124451,2.0538768768310547
tac::radio_siglip2g_initial::k10,3,782,input_peripheral,perangkat input komputer,function,1.5327562093734741,1.029076337814331,0.5036798715591431
tac::radio_siglip2g_initial::k10,4,310,electronic_component,komponen elektronik,function,2.27077579498291,0.3543879985809326,1.9163877964019775
tac::radio_siglip2g_initial::k10,5,458,phone_tablet,ponsel dan tablet,function,2.239515542984009,0.5988435745239258,1.640671968460083
tac::radio_siglip2g_initial::k10,6,408,desktop,komputer desktop,function,0.49425214529037476,0.4194745421409607,0.07477760314941406
tac::radio_siglip2g_initial::k10,7,228,cooking_appliance,peralatan memasak listrik,function,2.9649198055267334,0.6252701282501221,2.3396496772766113
tac::radio_siglip2g_initial::k10,8,247,audio,perangkat audio,function,2.9730629920959473,0.5774540901184082,2.395608901977539
tac::radio_siglip2g_initial::k10,9,256,printer,printer dan mesin fotokopi,function,3.065910816192627,0.6912875771522522,2.3746232986450195
tac::radio_siglip2g_initial::k8,0,236,battery,baterai dan aki,function,3.2011728286743164,0.8839320540428162,2.3172407150268555
tac::radio_siglip2g_initial::k8,1,588,audio,perangkat audio,function,1.4243665933609009,0.8663426637649536,0.5580239295959473
tac::radio_siglip2g_initial::k8,2,495,washing_machine,mesin cuci,function,1.9084818363189697,1.885150671005249,0.023331165313720703
tac::radio_siglip2g_initial::k8,3,454,phone_tablet,ponsel dan tablet,function,2.244535446166992,0.6008001565933228,1.6437352895736694
tac::radio_siglip2g_initial::k8,4,848,input_peripheral,perangkat input komputer,function,1.415514349937439,1.0989558696746826,0.31655848026275635
tac::radio_siglip2g_initial::k8,5,412,desktop,komputer desktop,function,0.4932677149772644,0.45557647943496704,0.03769123554229736
tac::radio_siglip2g_initial::k8,6,292,electronic_component,komponen elektronik,function,2.3941242694854736,0.3587340712547302,2.0353901386260986
tac::radio_siglip2g_initial::k8,7,254,printer,printer dan mesin fotokopi,function,3.072434663772583,0.6966003179550171,2.3758344650268555
tac::radio_siglip2g_initial::k6,0,701,electronic_component,komponen elektronik,function,1.119200587272644,0.14545410871505737,0.9737464785575867
tac::radio_siglip2g_initial::k6,1,374,display,televisi dan monitor,function,2.2948708534240723,0.7609962821006775,1.53387451171875
tac::radio_siglip2g_initial::k6,2,778,input_peripheral,perangkat input komputer,function,1.546563982963562,1.0347964763641357,0.5117675065994263
tac::radio_siglip2g_initial::k6,3,490,washing_machine,mesin cuci,function,1.9067476987838745,1.8928049802780151,0.013942718505859375
tac::radio_siglip2g_initial::k6,4,457,phone_tablet,ponsel dan tablet,function,2.247025489807129,0.5941648483276367,1.6528606414794922
tac::radio_siglip2g_initial::k6,5,779,printer,printer dan mesin fotokopi,function,0.8918763399124146,0.765206515789032,0.12666982412338257
tac::radio_siglip2g_initial::k4,0,933,input_peripheral,perangkat input komputer,function,1.2919402122497559,0.9814876317977905,0.31045258045196533
tac::radio_siglip2g_initial::k4,1,496,phone_tablet,ponsel dan tablet,function,2.180936336517334,0.6287353038787842,1.5522010326385498
tac::radio_siglip2g_initial::k4,2,1390,cooking_appliance,peralatan memasak listrik,function,0.8164689540863037,0.6472784876823425,0.16919046640396118
tac::radio_siglip2g_initial::k4,3,760,electronic_component,komponen elektronik,function,1.0115811824798584,0.2256411910057068,0.7859399914741516
tac::radio_siglip2g_head::k24,0,144,laptop,laptop,function,2.8762967586517334,0.6791456341743469,2.1971511840820312
tac::radio_siglip2g_head::k24,1,133,laptop,laptop,function,1.5765693187713623,0.7976709008216858,0.7788984179496765
tac::radio_siglip2g_head::k24,2,91,printer,printer dan mesin fotokopi,function,3.234893798828125,0.27170780301094055,2.963186025619507
tac::radio_siglip2g_head::k24,3,149,washing_machine,mesin cuci,function,1.5078070163726807,1.2073404788970947,0.30046653747558594
tac::radio_siglip2g_head::k24,4,120,input_peripheral,perangkat input komputer,function,1.8094300031661987,1.6017355918884277,0.207694411277771
tac::radio_siglip2g_head::k24,5,134,display,televisi dan monitor,function,2.472492218017578,0.5908606648445129,1.88163161277771
tac::radio_siglip2g_head::k24,6,182,washing_machine,mesin cuci,function,3.049699306488037,0.9618781208992004,2.0878212451934814
tac::radio_siglip2g_head::k24,7,180,phone_tablet,ponsel dan tablet,function,2.314589738845825,0.49960044026374817,1.8149893283843994
tac::radio_siglip2g_head::k24,8,169,electronic_component,komponen elektronik,function,2.01690673828125,0.10922156274318695,1.9076851606369019
tac::radio_siglip2g_head::k24,9,101,audio,perangkat audio,function,2.5015060901641846,1.1083251237869263,1.3931809663772583
tac::radio_siglip2g_head::k24,10,158,battery,baterai dan aki,function,3.2227556705474854,1.0033094882965088,2.2194461822509766
tac::radio_siglip2g_head::k24,11,145,display,televisi dan monitor,function,2.344292640686035,0.6650355458259583,1.6792571544647217
tac::radio_siglip2g_head::k24,12,102,camera,kamera,function,0.8858575820922852,0.5252331495285034,0.36062443256378174
tac::radio_siglip2g_head::k24,13,293,input_peripheral,perangkat input komputer,function,2.12068772315979,0.70819491147995,1.4124927520751953
tac::radio_siglip2g_head::k24,14,122,printer,printer dan mesin fotokopi,function,2.851278305053711,1.2638607025146484,1.5874176025390625
tac::radio_siglip2g_head::k24,15,150,input_peripheral,perangkat input komputer,function,1.8810913562774658,0.8937176465988159,0.9873737096786499
tac::radio_siglip2g_head::k24,16,105,battery,baterai dan aki,function,2.3055975437164307,0.6093927025794983,1.6962049007415771
tac::radio_siglip2g_head::k24,17,122,audio,perangkat audio,function,2.568840980529785,0.5184344053268433,2.0504064559936523
tac::radio_siglip2g_head::k24,18,142,phone_tablet,ponsel dan tablet,function,2.3350605964660645,0.7570138573646545,1.5780467987060547
tac::radio_siglip2g_head::k24,19,167,electronic_component,komponen elektronik,function,2.665989398956299,0.38934144377708435,2.2766480445861816
tac::radio_siglip2g_head::k24,20,128,phone_tablet,ponsel dan tablet,function,2.064202070236206,0.626148521900177,1.4380536079406738
tac::radio_siglip2g_head::k24,21,182,display,televisi dan monitor,function,0.5204464197158813,0.4539790451526642,0.06646737456321716
tac::radio_siglip2g_head::k24,22,213,cooking_appliance,peralatan memasak listrik,function,3.002861738204956,0.6151726841926575,2.3876891136169434
tac::radio_siglip2g_head::k24,23,147,desktop,komputer desktop,function,2.1316440105438232,1.6567468643188477,0.4748971462249756
tac::radio_siglip2g_head::k22,0,196,phone_tablet,ponsel dan tablet,function,2.325777292251587,0.7011929750442505,1.6245843172073364
tac::radio_siglip2g_head::k22,1,248,input_peripheral,perangkat input komputer,function,1.9067606925964355,1.16681969165802,0.7399410009384155
tac::radio_siglip2g_head::k22,2,117,display,televisi dan monitor,function,2.469724178314209,0.5475115180015564,1.9222126007080078
tac::radio_siglip2g_head::k22,3,123,printer,printer dan mesin fotokopi,function,3.1525919437408447,0.26403993368148804,2.888551950454712
tac::radio_siglip2g_head::k22,4,139,desktop,komputer desktop,function,1.609802484512329,0.6026334762573242,1.0071690082550049
tac::radio_siglip2g_head::k22,5,217,laptop,laptop,function,2.8035476207733154,0.6609799861907959,2.1425676345825195
tac::radio_siglip2g_head::k22,6,186,washing_machine,mesin cuci,function,3.0122056007385254,0.9685237407684326,2.0436818599700928
tac::radio_siglip2g_head::k22,7,139,battery,baterai dan aki,function,2.0684776306152344,0.5713344812393188,1.4971431493759155
tac::radio_siglip2g_head::k22,8,152,battery,baterai dan aki,function,3.243345260620117,1.0056190490722656,2.2377262115478516
tac::radio_siglip2g_head::k22,9,214,display,televisi dan monitor,function,0.46031835675239563,0.3816748559474945,0.07864350080490112
tac::radio_siglip2g_head::k22,10,106,input_peripheral,perangkat input komputer,function,2.0780584812164307,0.5704665184020996,1.507591962814331
tac::radio_siglip2g_head::k22,11,150,electronic_component,komponen elektronik,function,2.7174673080444336,0.41622620820999146,2.301241159439087
tac::radio_siglip2g_head::k22,12,202,cooking_appliance,peralatan memasak listrik,function,2.997662305831909,0.6083911657333374,2.3892712593078613
tac::radio_siglip2g_head::k22,13,134,printer,printer dan mesin fotokopi,function,2.936988353729248,1.0021686553955078,1.9348196983337402
tac::radio_siglip2g_head::k22,14,128,display,televisi dan monitor,function,1.9194246530532837,1.5340349674224854,0.38538968563079834
tac::radio_siglip2g_head::k22,15,105,audio,perangkat audio,function,3.165361166000366,0.5476743578910828,2.6176867485046387
tac::radio_siglip2g_head::k22,16,248,phone_tablet,ponsel dan tablet,function,2.193443775177002,0.5761457681655884,1.6172980070114136
tac::radio_siglip2g_head::k22,17,148,display,televisi dan monitor,function,2.3415350914001465,0.6514115333557129,1.6901235580444336
tac::radio_siglip2g_head::k22,18,159,electronic_component,komponen elektronik,function,2.3305957317352295,0.22528822720050812,2.1053075790405273
tac::radio_siglip2g_head::k22,19,132,washing_machine,mesin cuci,function,2.179645538330078,1.3764437437057495,0.8032017946243286
tac::radio_siglip2g_head::k22,20,192,input_peripheral,perangkat input komputer,function,2.118764638900757,0.7645404934883118,1.3542242050170898
tac::radio_siglip2g_head::k22,21,144,audio,perangkat audio,function,2.817432165145874,0.7761198282241821,2.0413122177124023
tac::radio_siglip2g_head::k20,0,162,printer,printer dan mesin fotokopi,function,2.923919200897217,1.0076204538345337,1.916298747062683
tac::radio_siglip2g_head::k20,1,243,audio,perangkat audio,function,3.0284645557403564,0.5581579804420471,2.470306634902954
tac::radio_siglip2g_head::k20,2,120,washing_machine,mesin cuci,function,2.3567850589752197,1.2044557332992554,1.1523293256759644
tac::radio_siglip2g_head::k20,3,109,printer,printer dan mesin fotokopi,function,2.7621397972106934,0.27899593114852905,2.4831438064575195
tac::radio_siglip2g_head::k20,4,166,display,televisi dan monitor,function,2.10937237739563,1.401263952255249,0.7081084251403809
tac::radio_siglip2g_head::k20,5,225,battery,baterai dan aki,function,3.283592939376831,0.9200172424316406,2.3635756969451904
tac::radio_siglip2g_head::k20,6,156,input_peripheral,perangkat input komputer,function,1.7809209823608398,0.8210751414299011,0.9598458409309387
tac::radio_siglip2g_head::k20,7,187,washing_machine,mesin cuci,function,3.0047900676727295,0.9706180095672607,2.0341720581054688
tac::radio_siglip2g_head::k20,8,207,input_peripheral,perangkat input komputer,function,2.0637784004211426,0.7867200374603271,1.2770583629608154
tac::radio_siglip2g_head::k20,9,199,laptop,laptop,function,2.7927567958831787,0.6127890348434448,2.1799678802490234
tac::radio_siglip2g_head::k20,10,162,desktop,komputer desktop,function,0.7859020233154297,0.6511746644973755,0.1347273588180542
tac::radio_siglip2g_head::k20,11,216,cooking_appliance,peralatan memasak listrik,function,2.979086399078369,0.6168495416641235,2.362236976623535
tac::radio_siglip2g_head::k20,12,191,display,televisi dan monitor,function,0.4797135889530182,0.41701439023017883,0.06269919872283936
tac::radio_siglip2g_head::k20,13,213,display,televisi dan monitor,function,2.435030460357666,0.46603116393089294,1.9689992666244507
tac::radio_siglip2g_head::k20,14,182,phone_tablet,ponsel dan tablet,function,2.33015513420105,0.71666020154953,1.613494873046875
tac::radio_siglip2g_head::k20,15,96,input_peripheral,perangkat input komputer,function,2.067167043685913,0.5451957583427429,1.5219712257385254
tac::radio_siglip2g_head::k20,16,153,electronic_component,komponen elektronik,function,2.3175384998321533,0.49499157071113586,1.8225469589233398
tac::radio_siglip2g_head::k20,17,262,phone_tablet,ponsel dan tablet,function,2.2012429237365723,0.5573961734771729,1.6438467502593994
tac::radio_siglip2g_head::k20,18,170,electronic_component,komponen elektronik,function,2.4614758491516113,0.18543849885463715,2.2760374546051025
tac::radio_siglip2g_head::k20,19,160,desktop,komputer desktop,function,1.8733667135238647,1.5754565000534058,0.297910213470459
tac::radio_siglip2g_head::k18,0,173,display,televisi dan monitor,function,2.276160478591919,0.5932280421257019,1.6829323768615723
tac::radio_siglip2g_head::k18,1,220,input_peripheral,perangkat input komputer,function,1.9163233041763306,1.0830256938934326,0.833297610282898
tac::radio_siglip2g_head::k18,2,171,audio,perangkat audio,function,2.9680843353271484,0.43801262974739075,2.53007173538208
tac::radio_siglip2g_head::k18,3,167,input_peripheral,perangkat input komputer,function,2.1587860584259033,0.5839490294456482,1.5748369693756104
tac::radio_siglip2g_head::k18,4,138,display,televisi dan monitor,function,0.49724170565605164,0.37858670949935913,0.1186549961566925
tac::radio_siglip2g_head::k18,5,221,cooking_appliance,peralatan memasak listrik,function,2.981409788131714,0.6178338527679443,2.3635759353637695
tac::radio_siglip2g_head::k18,6,257,printer,printer dan mesin fotokopi,function,3.0413641929626465,0.6823536157608032,2.359010696411133
tac::radio_siglip2g_head::k18,7,206,input_peripheral,perangkat input komputer,function,1.1254874467849731,0.8854288458824158,0.24005860090255737
tac::radio_siglip2g_head::k18,8,238,electronic_component,komponen elektronik,function,2.6034188270568848,0.3284672200679779,2.274951696395874
tac::radio_siglip2g_head::k18,9,151,battery,baterai dan aki,function,2.7404699325561523,0.8657576441764832,1.8747122287750244
tac::radio_siglip2g_head::k18,10,188,battery,baterai dan aki,function,1.9254266023635864,0.5092502236366272,1.4161763191223145
tac::radio_siglip2g_head::k18,11,167,desktop,komputer desktop,function,1.7440541982650757,0.7179006934165955,1.026153564453125
tac::radio_siglip2g_head::k18,12,205,display,televisi dan monitor,function,2.3012828826904297,1.121867299079895,1.1794155836105347
tac::radio_siglip2g_head::k18,13,217,laptop,laptop,function,2.792738437652588,0.651106059551239,2.141632318496704
tac::radio_siglip2g_head::k18,14,249,washing_machine,mesin cuci,function,3.023465394973755,0.9640368223190308,2.0594286918640137
tac::radio_siglip2g_head::k18,15,184,phone_tablet,ponsel dan tablet,function,2.333253860473633,0.7220574021339417,1.611196517944336
tac::radio_siglip2g_head::k18,16,160,desktop,komputer desktop,function,0.6136143207550049,0.5442113280296326,0.06940299272537231
tac::radio_siglip2g_head::k18,17,267,phone_tablet,ponsel dan tablet,function,2.2037086486816406,0.5621316432952881,1.6415770053863525
tac::radio_siglip2g_head::k16,0,185,phone_tablet,ponsel dan tablet,function,2.322761297225952,0.7199362516403198,1.6028250455856323
tac::radio_siglip2g_head::k16,1,211,cooking_appliance,peralatan memasak listrik,function,3.0071656703948975,0.6034911274909973,2.403674602508545
tac::radio_siglip2g_head::k16,2,279,electronic_component,komponen elektronik,function,2.5884838104248047,0.26522982120513916,2.323254108428955
tac::radio_siglip2g_head::k16,3,143,battery,baterai dan aki,function,2.8581199645996094,0.9370042681694031,1.9211156368255615
tac::radio_siglip2g_head::k16,4,294,input_peripheral,perangkat input komputer,function,2.1183254718780518,0.7061110138893127,1.4122145175933838
tac::radio_siglip2g_head::k16,5,206,laptop,laptop,function,2.8181700706481934,0.645135760307312,2.173034191131592
tac::radio_siglip2g_head::k16,6,186,desktop,komputer desktop,function,1.9028984308242798,1.7488969564437866,0.15400147438049316
tac::radio_siglip2g_head::k16,7,268,phone_tablet,ponsel dan tablet,function,2.198249578475952,0.526332676410675,1.6719169616699219
tac::radio_siglip2g_head::k16,8,259,washing_machine,mesin cuci,function,3.02744197845459,0.9648974537849426,2.062544584274292
tac::radio_siglip2g_head::k16,9,144,desktop,komputer desktop,function,0.6909983158111572,0.6233901381492615,0.06760817766189575
tac::radio_siglip2g_head::k16,10,244,audio,perangkat audio,function,3.0163748264312744,0.5528543591499329,2.4635205268859863
tac::radio_siglip2g_head::k16,11,197,battery,baterai dan aki,function,1.8745219707489014,0.4663245975971222,1.4081974029541016
tac::radio_siglip2g_head::k16,12,213,display,televisi dan monitor,function,0.5029985308647156,0.46525275707244873,0.037745773792266846
tac::radio_siglip2g_head::k16,13,242,display,televisi dan monitor,function,2.4400906562805176,0.3968089520931244,2.0432817935943604
tac::radio_siglip2g_head::k16,14,256,input_peripheral,perangkat input komputer,function,1.886863350868225,1.2042114734649658,0.6826518774032593
tac::radio_siglip2g_head::k16,15,252,printer,printer dan mesin fotokopi,function,3.0769481658935547,0.6931908130645752,2.3837573528289795
tac::radio_siglip2g_head::k15,0,174,audio,perangkat audio,function,2.1962122917175293,0.8315984010696411,1.3646138906478882
tac::radio_siglip2g_head::k15,1,268,input_peripheral,perangkat input komputer,function,1.864751935005188,1.2246613502502441,0.6400905847549438
tac::radio_siglip2g_head::k15,2,267,washing_machine,mesin cuci,function,2.988314151763916,0.9616430401802063,2.0266711711883545
tac::radio_siglip2g_head::k15,3,264,phone_tablet,ponsel dan tablet,function,2.169121265411377,0.5580143928527832,1.6111068725585938
tac::radio_siglip2g_head::k15,4,199,phone_tablet,ponsel dan tablet,function,2.3288755416870117,0.6953922510147095,1.6334832906723022
tac::radio_siglip2g_head::k15,5,229,laptop,laptop,function,2.7406156063079834,0.6231846809387207,2.1174309253692627
tac::radio_siglip2g_head::k15,6,272,display,televisi dan monitor,function,0.444209486246109,0.4176488518714905,0.02656063437461853
tac::radio_siglip2g_head::k15,7,240,battery,baterai dan aki,function,3.1148641109466553,0.8499290943145752,2.26493501663208
tac::radio_siglip2g_head::k15,8,197,desktop,komputer desktop,function,1.905501127243042,1.6841901540756226,0.22131097316741943
tac::radio_siglip2g_head::k15,9,260,printer,printer dan mesin fotokopi,function,3.010890245437622,0.686301052570343,2.324589252471924
tac::radio_siglip2g_head::k15,10,288,electronic_component,komponen elektronik,function,2.5606040954589844,0.24868851900100708,2.311915636062622
tac::radio_siglip2g_head::k15,11,297,input_peripheral,perangkat input komputer,function,2.109750270843506,0.6989643573760986,1.4107859134674072
tac::radio_siglip2g_head::k15,12,221,cooking_appliance,peralatan memasak listrik,function,2.9861042499542236,0.6209078431129456,2.365196466445923
tac::radio_siglip2g_head::k15,13,248,display,televisi dan monitor,function,2.4354822635650635,0.3782561719417572,2.0572261810302734
tac::radio_siglip2g_head::k15,14,155,audio,perangkat audio,function,2.433068037033081,0.37192678451538086,2.0611412525177
tac::radio_siglip2g_head::k14,0,277,display,televisi dan monitor,function,0.4524206221103668,0.4450185298919678,0.007402092218399048
tac::radio_siglip2g_head::k14,1,272,input_peripheral,perangkat input komputer,function,1.85478675365448,1.2485250234603882,0.6062617301940918
tac::radio_siglip2g_head::k14,2,300,input_peripheral,perangkat input komputer,function,2.093571662902832,0.6868184804916382,1.4067531824111938
tac::radio_siglip2g_head::k14,3,265,display,televisi dan monitor,function,2.011629104614258,1.373098373413086,0.6385307312011719
tac::radio_siglip2g_head::k14,4,200,display,televisi dan monitor,function,1.8880048990249634,0.5614281296730042,1.3265767097473145
tac::radio_siglip2g_head::k14,5,296,electronic_component,komponen elektronik,function,2.5423777103424072,0.24824470281600952,2.294132947921753
tac::radio_siglip2g_head::k14,6,247,cooking_appliance,peralatan memasak listrik,function,2.839482545852661,0.6436055898666382,2.1958770751953125
tac::radio_siglip2g_head::k14,7,241,battery,baterai dan aki,function,3.123197078704834,0.8524941802024841,2.270702838897705
tac::radio_siglip2g_head::k14,8,264,phone_tablet,ponsel dan tablet,function,2.1458747386932373,0.5655848979949951,1.5802898406982422
tac::radio_siglip2g_head::k14,9,242,laptop,laptop,function,2.6373274326324463,0.7012393474578857,1.9360880851745605
tac::radio_siglip2g_head::k14,10,241,audio,perangkat audio,function,3.039127826690674,0.5592683553695679,2.4798593521118164
tac::radio_siglip2g_head::k14,11,258,printer,printer dan mesin fotokopi,function,3.0354247093200684,0.6801967024803162,2.3552279472351074
tac::radio_siglip2g_head::k14,12,198,phone_tablet,ponsel dan tablet,function,2.3296027183532715,0.7000972628593445,1.6295053958892822
tac::radio_siglip2g_head::k14,13,278,washing_machine,mesin cuci,function,2.9515576362609863,0.9728604555130005,1.9786971807479858
tac::radio_siglip2g_head::k13,0,260,printer,printer dan mesin fotokopi,function,3.010427713394165,0.6885873079299927,2.321840286254883
tac::radio_siglip2g_head::k13,1,286,desktop,komputer desktop,function,0.4561728239059448,0.42850369215011597,0.027669131755828857
tac::radio_siglip2g_head::k13,2,300,input_peripheral,perangkat input komputer,function,2.0958542823791504,0.6862568855285645,1.409597396850586
tac::radio_siglip2g_head::k13,3,299,electronic_component,komponen elektronik,function,2.512744903564453,0.2630637586116791,2.249681234359741
tac::radio_siglip2g_head::k13,4,453,phone_tablet,ponsel dan tablet,function,2.2580654621124268,0.6190379858016968,1.63902747631073
tac::radio_siglip2g_head::k13,5,248,cooking_appliance,peralatan memasak listrik,function,2.838191270828247,0.6425225734710693,2.1956686973571777
tac::radio_siglip2g_head::k13,6,207,display,televisi dan monitor,function,2.2673730850219727,0.46267950534820557,1.804693579673767
tac::radio_siglip2g_head::k13,7,211,display,televisi dan monitor,function,2.149503469467163,1.6271411180496216,0.5223623514175415
tac::radio_siglip2g_head::k13,8,253,laptop,laptop,function,2.5462090969085693,0.6278167963027954,1.918392300605774
tac::radio_siglip2g_head::k13,9,281,washing_machine,mesin cuci,function,2.9259297847747803,0.9681134819984436,1.9578163623809814
tac::radio_siglip2g_head::k13,10,275,input_peripheral,perangkat input komputer,function,1.8367033004760742,1.2312862873077393,0.605417013168335
tac::radio_siglip2g_head::k13,11,262,battery,baterai dan aki,function,2.900444269180298,0.8253567218780518,2.075087547302246
tac::radio_siglip2g_head::k13,12,244,audio,perangkat audio,function,3.0241901874542236,0.5552695393562317,2.4689207077026367
tac::radio_siglip2g_head::k12,0,236,laptop,laptop,function,2.650928020477295,0.6090497970581055,2.0418782234191895
tac::radio_siglip2g_head::k12,1,302,input_peripheral,perangkat input komputer,function,2.0809977054595947,0.6751405596733093,1.4058570861816406
tac::radio_siglip2g_head::k12,2,378,electronic_component,komponen elektronik,function,1.2695952653884888,0.836372435092926,0.43322283029556274
tac::radio_siglip2g_head::k12,3,287,camera,kamera,function,0.44052961468696594,0.43822410702705383,0.0023055076599121094
tac::radio_siglip2g_head::k12,4,267,phone_tablet,ponsel dan tablet,function,2.1209523677825928,0.5626146793365479,1.558337688446045
tac::radio_siglip2g_head::k12,5,274,input_peripheral,perangkat input komputer,function,1.8373178243637085,1.2060288190841675,0.631289005279541
tac::radio_siglip2g_head::k12,6,210,phone_tablet,ponsel dan tablet,function,2.300928831100464,0.6881479620933533,1.6127808094024658
tac::radio_siglip2g_head::k12,7,311,battery,baterai dan aki,function,2.5283877849578857,1.1902533769607544,1.3381344079971313
tac::radio_siglip2g_head::k12,8,319,washing_machine,mesin cuci,function,2.6716785430908203,1.0782395601272583,1.593438982963562
tac::radio_siglip2g_head::k12,9,264,printer,printer dan mesin fotokopi,function,2.976653814315796,0.6663309931755066,2.3103227615356445
tac::radio_siglip2g_head::k12,10,282,display,televisi dan monitor,function,2.404320240020752,0.4206508696079254,1.983669400215149
tac::radio_siglip2g_head::k12,11,449,cooking_appliance,peralatan memasak listrik,function,1.6768770217895508,1.5311650037765503,0.1457120180130005
tac::radio_siglip2g_head::k10,0,425,laptop,laptop,function,1.3658818006515503,1.330994963645935,0.034886837005615234
tac::radio_siglip2g_head::k10,1,338,battery,baterai dan aki,function,2.1872758865356445,0.5257660746574402,1.6615097522735596
tac::radio_siglip2g_head::k10,2,392,audio,perangkat audio,function,1.6392110586166382,0.42286285758018494,1.2163481712341309
tac::radio_siglip2g_head::k10,3,404,cooking_appliance,peralatan memasak listrik,function,1.910046100616455,1.184610366821289,0.725435733795166
tac::radio_siglip2g_head::k10,4,293,washing_machine,mesin cuci,function,2.8464834690093994,0.9733644127845764,1.8731191158294678
tac::radio_siglip2g_head::k10,5,326,desktop,komputer desktop,function,0.4884823262691498,0.4338981807231903,0.05458414554595947
tac::radio_siglip2g_head::k10,6,330,electronic_component,komponen elektronik,function,2.3270812034606934,0.229911670088768,2.0971696376800537
tac::radio_siglip2g_head::k10,7,294,printer,printer dan mesin fotokopi,function,2.681471586227417,0.5532559156417847,2.128215789794922
tac::radio_siglip2g_head::k10,8,471,phone_tablet,ponsel dan tablet,function,2.2274293899536133,0.6085038781166077,1.6189255714416504
tac::radio_siglip2g_head::k10,9,306,input_peripheral,perangkat input komputer,function,2.0617856979370117,0.6919391751289368,1.3698465824127197
tac::radio_siglip2g_head::k8,0,458,laptop,laptop,function,1.4216601848602295,1.2615922689437866,0.16006791591644287
tac::radio_siglip2g_head::k8,1,365,battery,baterai dan aki,function,2.098461627960205,0.7911491394042969,1.3073124885559082
tac::radio_siglip2g_head::k8,2,428,printer,printer dan mesin fotokopi,function,2.0167672634124756,0.5290192365646362,1.4877480268478394
tac::radio_siglip2g_head::k8,3,481,phone_tablet,ponsel dan tablet,function,2.1967520713806152,0.5972574353218079,1.5994946956634521
tac::radio_siglip2g_head::k8,4,477,input_peripheral,perangkat input komputer,function,1.2378255128860474,0.9433310031890869,0.29449450969696045
tac::radio_siglip2g_head::k8,5,390,electronic_component,komponen elektronik,function,2.038935899734497,0.15185557305812836,1.8870803117752075
tac::radio_siglip2g_head::k8,6,485,washing_machine,mesin cuci,function,1.9303573369979858,1.861997127532959,0.06836020946502686
tac::radio_siglip2g_head::k8,7,495,display,televisi dan monitor,function,1.2230175733566284,0.41671809554100037,0.8062994480133057
tac::radio_siglip2g_head::k6,0,726,input_peripheral,perangkat input komputer,function,1.6377590894699097,0.9924555420875549,0.6453035473823547
tac::radio_siglip2g_head::k6,1,566,printer,printer dan mesin fotokopi,function,1.5199682712554932,1.5081543922424316,0.011813879013061523
tac::radio_siglip2g_head::k6,2,662,electronic_component,komponen elektronik,function,1.1917389631271362,0.1591145247220993,1.0326244831085205
tac::radio_siglip2g_head::k6,3,477,audio,perangkat audio,function,1.4325475692749023,1.3136131763458252,0.11893439292907715
tac::radio_siglip2g_head::k6,4,509,phone_tablet,ponsel dan tablet,function,2.1482315063476562,0.608892560005188,1.5393389463424683
tac::radio_siglip2g_head::k6,5,639,display,televisi dan monitor,function,1.556481122970581,1.1535249948501587,0.40295612812042236
tac::radio_siglip2g_head::k4,0,1003,audio,perangkat audio,function,0.673149585723877,0.6303313970565796,0.04281818866729736
tac::radio_siglip2g_head::k4,1,885,washing_machine,mesin cuci,function,1.0917643308639526,0.9229200482368469,0.1688442826271057
tac::radio_siglip2g_head::k4,2,794,input_peripheral,perangkat input komputer,function,0.9108958840370178,0.6135657429695129,0.2973301410675049
tac::radio_siglip2g_head::k4,3,897,phone_tablet,ponsel dan tablet,function,1.2555655241012573,0.35626018047332764,0.8993053436279297
tac::radio_siglip2g_concat::k24,0,232,cooking_appliance,peralatan memasak listrik,function,2.94706392288208,0.6269370317459106,2.320127010345459
tac::radio_siglip2g_concat::k24,1,224,phone_tablet,ponsel dan tablet,function,2.2441742420196533,0.629019558429718,1.61515474319458
tac::radio_siglip2g_concat::k24,2,167,electronic_component,komponen elektronik,function,1.4140247106552124,0.37376222014427185,1.0402624607086182
tac::radio_siglip2g_concat::k24,3,30,electronic_component,komponen elektronik,function,0.6599031686782837,0.6208988428115845,0.03900432586669922
tac::radio_siglip2g_concat::k24,4,223,display,televisi dan monitor,function,0.5028666853904724,0.4687713384628296,0.03409534692764282
tac::radio_siglip2g_concat::k24,5,61,desktop,komputer desktop,function,2.678673505783081,0.8335304260253906,1.8451430797576904
tac::radio_siglip2g_concat::k24,6,55,battery,baterai dan aki,function,3.5950043201446533,0.7135753035545349,2.8814289569854736
tac::radio_siglip2g_concat::k24,7,120,display,televisi dan monitor,function,2.52811598777771,0.5878124833106995,1.9403035640716553
tac::radio_siglip2g_concat::k24,8,270,washing_machine,mesin cuci,function,2.9827280044555664,0.9785104393959045,2.0042176246643066
tac::radio_siglip2g_concat::k24,9,143,display,televisi dan monitor,function,2.3613598346710205,0.6534470915794373,1.7079126834869385
tac::radio_siglip2g_concat::k24,10,297,input_peripheral,perangkat input komputer,function,2.1100351810455322,0.6996050477027893,1.4104301929473877
tac::radio_siglip2g_concat::k24,11,260,input_peripheral,perangkat input komputer,function,1.8790911436080933,1.1933598518371582,0.6857312917709351
tac::radio_siglip2g_concat::k24,12,48,camera,kamera,function,1.1234933137893677,0.3870943784713745,0.7363989353179932
tac::radio_siglip2g_concat::k24,13,98,printer,printer dan mesin fotokopi,function,3.063753128051758,1.4091465473175049,1.654606580734253
tac::radio_siglip2g_concat::k24,14,154,printer,printer dan mesin fotokopi,function,3.071291446685791,0.21752384305000305,2.8537676334381104
tac::radio_siglip2g_concat::k24,15,84,laptop,laptop,function,2.543308734893799,0.5137068629264832,2.029601812362671
tac::radio_siglip2g_concat::k24,16,147,laptop,laptop,function,2.8688857555389404,0.6963725686073303,2.172513246536255
tac::radio_siglip2g_concat::k24,17,117,display,televisi dan monitor,function,1.9697167873382568,1.6311924457550049,0.33852434158325195
tac::radio_siglip2g_concat::k24,18,166,battery,baterai dan aki,function,3.19010066986084,0.985708475112915,2.204392194747925
tac::radio_siglip2g_concat::k24,19,73,audio,perangkat audio,function,2.532200336456299,0.5611380934715271,1.971062183380127
tac::radio_siglip2g_concat::k24,20,210,electronic_component,komponen elektronik,function,2.61391544342041,0.3258386552333832,2.288076877593994
tac::radio_siglip2g_concat::k24,21,92,audio,perangkat audio,function,3.2750957012176514,0.6023082733154297,2.6727874279022217
tac::radio_siglip2g_concat::k24,22,227,phone_tablet,ponsel dan tablet,function,2.25545072555542,0.6054619550704956,1.6499887704849243
tac::radio_siglip2g_concat::k24,23,81,audio,perangkat audio,function,3.136528253555298,0.857734203338623,2.278794050216675
tac::radio_siglip2g_concat::k22,0,121,display,televisi dan monitor,function,2.510669469833374,0.5781163573265076,1.9325530529022217
tac::radio_siglip2g_concat::k22,1,189,phone_tablet,ponsel dan tablet,function,2.3254494667053223,0.6565201878547668,1.6689293384552002
tac::radio_siglip2g_concat::k22,2,289,electronic_component,komponen elektronik,function,2.560012102127075,0.2554807960987091,2.3045313358306885
tac::radio_siglip2g_concat::k22,3,265,input_peripheral,perangkat input komputer,function,1.8608684539794922,1.1736820936203003,0.6871863603591919
tac::radio_siglip2g_concat::k22,4,273,washing_machine,mesin cuci,function,2.966184616088867,0.9771419763565063,1.9890426397323608
tac::radio_siglip2g_concat::k22,5,131,printer,printer dan mesin fotokopi,function,2.9393134117126465,1.0492643117904663,1.8900490999221802
tac::radio_siglip2g_concat::k22,6,298,input_peripheral,perangkat input komputer,function,2.1042850017547607,0.6955074071884155,1.4087775945663452
tac::radio_siglip2g_concat::k22,7,288,display,televisi dan monitor,function,0.43625742197036743,0.4252547025680542,0.011002719402313232
tac::radio_siglip2g_concat::k22,8,72,audio,perangkat audio,function,3.1560564041137695,0.9728747606277466,2.1831817626953125
tac::radio_siglip2g_concat::k22,9,224,cooking_appliance,peralatan memasak listrik,function,2.9751944541931152,0.6205207109451294,2.3546738624572754
tac::radio_siglip2g_concat::k22,10,58,battery,baterai dan aki,function,3.4666457176208496,0.6976102590560913,2.7690353393554688
tac::radio_siglip2g_concat::k22,11,229,laptop,laptop,function,2.731353998184204,0.6185685396194458,2.1127853393554688
tac::radio_siglip2g_concat::k22,12,145,display,televisi dan monitor,function,2.347832679748535,0.6469082832336426,1.7009243965148926
tac::radio_siglip2g_concat::k22,13,94,phone_tablet,ponsel dan tablet,function,1.9536046981811523,0.6747147440910339,1.2788898944854736
tac::radio_siglip2g_concat::k22,14,72,audio,perangkat audio,function,2.531724691390991,0.5751256346702576,1.9565989971160889
tac::radio_siglip2g_concat::k22,15,169,battery,baterai dan aki,function,3.176750898361206,0.976318895816803,2.200432062149048
tac::radio_siglip2g_concat::k22,16,66,desktop,komputer desktop,function,2.5149543285369873,0.794799268245697,1.7201550006866455
tac::radio_siglip2g_concat::k22,17,72,camera,kamera,function,1.0434832572937012,0.728134036064148,0.3153492212295532
tac::radio_siglip2g_concat::k22,18,122,display,televisi dan monitor,function,1.9579393863677979,1.6632462739944458,0.29469311237335205
tac::radio_siglip2g_concat::k22,19,126,printer,printer dan mesin fotokopi,function,3.14504075050354,0.2326500117778778,2.91239070892334
tac::radio_siglip2g_concat::k22,20,100,audio,perangkat audio,function,3.274665117263794,0.5993537306785583,2.675311326980591
tac::radio_siglip2g_concat::k22,21,176,phone_tablet,ponsel dan tablet,function,2.2898614406585693,0.565908670425415,1.7239527702331543
tac::radio_siglip2g_concat::k20,0,163,desktop,komputer desktop,function,1.990296483039856,1.8365448713302612,0.15375161170959473
tac::radio_siglip2g_concat::k20,1,118,desktop,komputer desktop,function,0.9448567628860474,0.802932858467102,0.1419239044189453
tac::radio_siglip2g_concat::k20,2,175,input_peripheral,perangkat input komputer,function,2.1454758644104004,0.5425958037376404,1.6028800010681152
tac::radio_siglip2g_concat::k20,3,456,phone_tablet,ponsel dan tablet,function,2.2495064735412598,0.6058639883995056,1.6436424255371094
tac::radio_siglip2g_concat::k20,4,285,washing_machine,mesin cuci,function,2.9032649993896484,0.9865225553512573,1.9167424440383911
tac::radio_siglip2g_concat::k20,5,179,battery,baterai dan aki,function,3.1658382415771484,0.970827043056488,2.1950111389160156
tac::radio_siglip2g_concat::k20,6,58,camera,kamera,function,1.0115652084350586,0.41753360629081726,0.594031572341919
tac::radio_siglip2g_concat::k20,7,255,printer,printer dan mesin fotokopi,function,3.053302049636841,0.6529245972633362,2.4003775119781494
tac::radio_siglip2g_concat::k20,8,203,laptop,laptop,function,2.7851080894470215,0.6117417216300964,2.1733663082122803
tac::radio_siglip2g_concat::k20,9,243,display,televisi dan monitor,function,2.4357149600982666,0.39437136054039,2.0413436889648438
tac::radio_siglip2g_concat::k20,10,74,audio,perangkat audio,function,2.5161125659942627,0.5812920331954956,1.934820532798767
tac::radio_siglip2g_concat::k20,11,181,input_peripheral,perangkat input komputer,function,1.84933340549469,0.9022406339645386,0.9470927715301514
tac::radio_siglip2g_concat::k20,12,234,cooking_appliance,peralatan memasak listrik,function,2.9326558113098145,0.6288782954216003,2.3037774562835693
tac::radio_siglip2g_concat::k20,13,234,display,televisi dan monitor,function,0.44963788986206055,0.4274442493915558,0.02219364047050476
tac::radio_siglip2g_concat::k20,14,100,audio,perangkat audio,function,3.274665117263794,0.5993537306785583,2.675311326980591
tac::radio_siglip2g_concat::k20,15,285,electronic_component,komponen elektronik,function,2.5816731452941895,0.262666791677475,2.3190064430236816
tac::radio_siglip2g_concat::k20,16,71,audio,perangkat audio,function,3.166442632675171,0.969089150428772,2.1973533630371094
tac::radio_siglip2g_concat::k20,17,91,input_peripheral,perangkat input komputer,function,1.8319929838180542,1.8013181686401367,0.03067481517791748
tac::radio_siglip2g_concat::k20,18,125,input_peripheral,perangkat input komputer,function,2.01151442527771,0.8980579376220703,1.1134564876556396
tac::radio_siglip2g_concat::k20,19,49,battery,baterai dan aki,function,3.55155348777771,0.6612707376480103,2.89028263092041
tac::radio_siglip2g_concat::k18,0,296,electronic_component,komponen elektronik,function,2.5413944721221924,0.25600168108940125,2.2853927612304688
tac::radio_siglip2g_concat::k18,1,227,laptop,laptop,function,2.7522549629211426,0.6348680853843689,2.117386817932129
tac::radio_siglip2g_concat::k18,2,72,audio,perangkat audio,function,3.1560564041137695,0.9728747606277466,2.1831817626953125
tac::radio_siglip2g_concat::k18,3,61,cooking_appliance,peralatan memasak listrik,function,0.8850507140159607,0.8561539053916931,0.028896808624267578
tac::radio_siglip2g_concat::k18,4,223,cooking_appliance,peralatan memasak listrik,function,2.9785373210906982,0.619498610496521,2.359038829803467
tac::radio_siglip2g_concat::k18,5,460,phone_tablet,ponsel dan tablet,function,2.2340190410614014,0.622713029384613,1.6113059520721436
tac::radio_siglip2g_concat::k18,6,300,input_peripheral,perangkat input komputer,function,2.093571662902832,0.6868184804916382,1.4067531824111938
tac::radio_siglip2g_concat::k18,7,231,battery,baterai dan aki,function,3.220984697341919,0.9017295241355896,2.3192551136016846
tac::radio_siglip2g_concat::k18,8,131,display,televisi dan monitor,function,2.462170124053955,0.5856556296348572,1.8765144348144531
tac::radio_siglip2g_concat::k18,9,279,display,televisi dan monitor,function,0.43962976336479187,0.4322529733181,0.0073767900466918945
tac::radio_siglip2g_concat::k18,10,178,input_peripheral,perangkat input komputer,function,1.8460710048675537,0.8964664340019226,0.9496045708656311
tac::radio_siglip2g_concat::k18,11,258,printer,printer dan mesin fotokopi,function,3.0290639400482178,0.6949216723442078,2.3341422080993652
tac::radio_siglip2g_concat::k18,12,279,washing_machine,mesin cuci,function,2.943281888961792,0.9729584455490112,1.9703234434127808
tac::radio_siglip2g_concat::k18,13,73,audio,perangkat audio,function,2.5189666748046875,0.5631299018859863,1.9558367729187012
tac::radio_siglip2g_concat::k18,14,99,audio,perangkat audio,function,3.291576862335205,0.5941396951675415,2.697437286376953
tac::radio_siglip2g_concat::k18,15,94,input_peripheral,perangkat input komputer,function,1.830708622932434,1.7643979787826538,0.06631064414978027
tac::radio_siglip2g_concat::k18,16,146,display,televisi dan monitor,function,2.3452835083007812,0.6447720527648926,1.7005114555358887
tac::radio_siglip2g_concat::k18,17,172,desktop,komputer desktop,function,1.9944581985473633,1.57677161693573,0.4176865816116333
tac::radio_siglip2g_concat::k16,0,293,electronic_component,komponen elektronik,function,2.55234432220459,0.2570960819721222,2.29524827003479
tac::radio_siglip2g_concat::k16,1,299,input_peripheral,perangkat input komputer,function,2.096541404724121,0.6899679899215698,1.4065734148025513
tac::radio_siglip2g_concat::k16,2,457,phone_tablet,ponsel dan tablet,function,2.2488975524902344,0.6043859720230103,1.6445115804672241
tac::radio_siglip2g_concat::k16,3,223,cooking_appliance,peralatan memasak listrik,function,2.9785373210906982,0.619498610496521,2.359038829803467
tac::radio_siglip2g_concat::k16,4,259,display,televisi dan monitor,function,2.4307448863983154,0.3544723391532898,2.076272487640381
tac::radio_siglip2g_concat::k16,5,242,display,televisi dan monitor,function,0.4515044689178467,0.449546217918396,0.0019582509994506836
tac::radio_siglip2g_concat::k16,6,278,washing_machine,mesin cuci,function,2.9508278369903564,0.9734655022621155,1.9773623943328857
tac::radio_siglip2g_concat::k16,7,232,battery,baterai dan aki,function,3.212824821472168,0.9002507925033569,2.3125739097595215
tac::radio_siglip2g_concat::k16,8,152,audio,perangkat audio,function,2.8367583751678467,0.718291163444519,2.118467330932617
tac::radio_siglip2g_concat::k16,9,269,input_peripheral,perangkat input komputer,function,1.8527777194976807,1.2116413116455078,0.6411364078521729
tac::radio_siglip2g_concat::k16,10,208,laptop,laptop,function,2.766467571258545,0.6104432344436646,2.15602445602417
tac::radio_siglip2g_concat::k16,11,62,cooking_appliance,peralatan memasak listrik,function,0.9150612950325012,0.5590904355049133,0.3559708595275879
tac::radio_siglip2g_concat::k16,12,157,desktop,komputer desktop,function,2.0468413829803467,1.7588250637054443,0.28801631927490234
tac::radio_siglip2g_concat::k16,13,94,audio,perangkat audio,function,3.254500150680542,0.6067096590995789,2.6477904319763184
tac::radio_siglip2g_concat::k16,14,256,printer,printer dan mesin fotokopi,function,3.0492262840270996,0.6837983131408691,2.3654279708862305
tac::radio_siglip2g_concat::k16,15,98,desktop,komputer desktop,function,0.9371963143348694,0.8287543654441833,0.10844194889068604
tac::radio_siglip2g_concat::k15,0,262,printer,printer dan mesin fotokopi,function,2.987234592437744,0.7081025242805481,2.279132127761841
tac::radio_siglip2g_concat::k15,1,297,electronic_component,komponen elektronik,function,2.5300848484039307,0.2539835274219513,2.2761013507843018
tac::radio_siglip2g_concat::k15,2,271,input_peripheral,perangkat input komputer,function,1.8477431535720825,1.2021530866622925,0.64559006690979
tac::radio_siglip2g_concat::k15,3,464,phone_tablet,ponsel dan tablet,function,2.2360668182373047,0.6122604608535767,1.623806357383728
tac::radio_siglip2g_concat::k15,4,299,input_peripheral,perangkat input komputer,function,2.1012794971466064,0.6923287510871887,1.4089508056640625
tac::radio_siglip2g_concat::k15,5,245,cooking_appliance,peralatan memasak listrik,function,2.848339796066284,0.6374953389167786,2.2108445167541504
tac::radio_siglip2g_concat::k15,6,261,display,televisi dan monitor,function,2.421468496322632,0.3590867221355438,2.0623817443847656
tac::radio_siglip2g_concat::k15,7,111,audio,perangkat audio,function,3.30674147605896,0.528946042060852,2.7777953147888184
tac::radio_siglip2g_concat::k15,8,279,camera,kamera,function,0.4652097523212433,0.43659618496894836,0.028613567352294922
tac::radio_siglip2g_concat::k15,9,233,laptop,laptop,function,2.708639144897461,0.609378457069397,2.0992608070373535
tac::radio_siglip2g_concat::k15,10,181,desktop,komputer desktop,function,2.008328676223755,1.6541528701782227,0.3541758060455322
tac::radio_siglip2g_concat::k15,11,281,washing_machine,mesin cuci,function,2.9243273735046387,0.9701812863349915,1.954146146774292
tac::radio_siglip2g_concat::k15,12,30,cooking_appliance,peralatan memasak listrik,function,0.6067129969596863,0.6022363305091858,0.004476666450500488
tac::radio_siglip2g_concat::k15,13,235,battery,baterai dan aki,function,3.1486096382141113,0.8627240657806396,2.2858855724334717
tac::radio_siglip2g_concat::k15,14,130,audio,perangkat audio,function,2.814692974090576,0.7678079605102539,2.0468850135803223
tac::radio_siglip2g_concat::k14,0,258,printer,printer dan mesin fotokopi,function,3.0354247093200684,0.6801967024803162,2.3552279472351074
tac::radio_siglip2g_concat::k14,1,300,input_peripheral,perangkat input komputer,function,2.093571662902832,0.6868184804916382,1.4067531824111938
tac::radio_siglip2g_concat::k14,2,204,display,televisi dan monitor,function,2.3744428157806396,0.5002418756484985,1.8742009401321411
tac::radio_siglip2g_concat::k14,3,237,laptop,laptop,function,2.6485607624053955,0.6792336106300354,1.9693272113800049
tac::radio_siglip2g_concat::k14,4,459,phone_tablet,ponsel dan tablet,function,2.237125873565674,0.6222890615463257,1.6148368120193481
tac::radio_siglip2g_concat::k14,5,265,battery,baterai dan aki,function,2.8796865940093994,0.843061625957489,2.0366249084472656
tac::radio_siglip2g_concat::k14,6,282,washing_machine,mesin cuci,function,2.9190690517425537,0.9694472551345825,1.9496217966079712
tac::radio_siglip2g_concat::k14,7,284,desktop,komputer desktop,function,0.46423259377479553,0.44179388880729675,0.02243870496749878
tac::radio_siglip2g_concat::k14,8,298,electronic_component,komponen elektronik,function,2.529715061187744,0.2561308443546295,2.2735841274261475
tac::radio_siglip2g_concat::k14,9,246,cooking_appliance,peralatan memasak listrik,function,2.8456246852874756,0.6392775774002075,2.2063469886779785
tac::radio_siglip2g_concat::k14,10,275,input_peripheral,perangkat input komputer,function,1.8351885080337524,1.2276976108551025,0.6074908971786499
tac::radio_siglip2g_concat::k14,11,130,audio,perangkat audio,function,2.814493179321289,0.7575282454490662,2.056964874267578
tac::radio_siglip2g_concat::k14,12,111,audio,perangkat audio,function,3.30674147605896,0.528946042060852,2.7777953147888184
tac::radio_siglip2g_concat::k14,13,230,display,televisi dan monitor,function,1.93106210231781,1.5111174583435059,0.4199446439743042
tac::radio_siglip2g_concat::k13,0,302,input_peripheral,perangkat input komputer,function,2.0809977054595947,0.6751405596733093,1.4058570861816406
tac::radio_siglip2g_concat::k13,1,283,desktop,komputer desktop,function,0.46192240715026855,0.43500110507011414,0.02692130208015442
tac::radio_siglip2g_concat::k13,2,260,printer,printer dan mesin fotokopi,function,3.010427713394165,0.6885873079299927,2.321840286254883
tac::radio_siglip2g_concat::k13,3,466,phone_tablet,ponsel dan tablet,function,2.2355594635009766,0.6148416996002197,1.6207177639007568
tac::radio_siglip2g_concat::k13,4,293,display,televisi dan monitor,function,2.3641374111175537,0.3959113359451294,1.9682260751724243
tac::radio_siglip2g_concat::k13,5,126,desktop,komputer desktop,function,2.3257083892822266,1.8084588050842285,0.517249584197998
tac::radio_siglip2g_concat::k13,6,285,washing_machine,mesin cuci,function,2.892462730407715,0.964545726776123,1.9279170036315918
tac::radio_siglip2g_concat::k13,7,241,audio,perangkat audio,function,3.0412116050720215,0.5600070357322693,2.4812045097351074
tac::radio_siglip2g_concat::k13,8,246,cooking_appliance,peralatan memasak listrik,function,2.8456246852874756,0.6392775774002075,2.2063469886779785
tac::radio_siglip2g_concat::k13,9,309,electronic_component,komponen elektronik,function,2.4703664779663086,0.26127833127975464,2.209088087081909
tac::radio_siglip2g_concat::k13,10,247,battery,baterai dan aki,function,3.044344186782837,0.8506587743759155,2.193685531616211
tac::radio_siglip2g_concat::k13,11,245,laptop,laptop,function,2.611119270324707,0.669855535030365,1.9412636756896973
tac::radio_siglip2g_concat::k13,12,276,input_peripheral,perangkat input komputer,function,1.8314231634140015,1.2236526012420654,0.607770562171936
tac::radio_siglip2g_concat::k12,0,468,phone_tablet,ponsel dan tablet,function,2.2295761108398438,0.6145662665367126,1.6150097846984863
tac::radio_siglip2g_concat::k12,1,285,washing_machine,mesin cuci,function,2.892462730407715,0.964545726776123,1.9279170036315918
tac::radio_siglip2g_concat::k12,2,302,input_peripheral,perangkat input komputer,function,2.0809977054595947,0.6751405596733093,1.4058570861816406
tac::radio_siglip2g_concat::k12,3,280,display,televisi dan monitor,function,0.4480119049549103,0.4364914894104004,0.011520415544509888
tac::radio_siglip2g_concat::k12,4,309,electronic_component,komponen elektronik,function,2.464338541030884,0.26095661520957947,2.2033820152282715
tac::radio_siglip2g_concat::k12,5,291,display,televisi dan monitor,function,2.389328718185425,0.43790820240974426,1.951420545578003
tac::radio_siglip2g_concat::k12,6,247,battery,baterai dan aki,function,3.0444834232330322,0.8477877378463745,2.1966958045959473
tac::radio_siglip2g_concat::k12,7,377,laptop,laptop,function,1.7820308208465576,1.2518024444580078,0.5302283763885498
tac::radio_siglip2g_concat::k12,8,243,audio,perangkat audio,function,3.0232458114624023,0.5564565658569336,2.4667892456054688
tac::radio_siglip2g_concat::k12,9,246,cooking_appliance,peralatan memasak listrik,function,2.8456246852874756,0.6392775774002075,2.2063469886779785
tac::radio_siglip2g_concat::k12,10,271,input_peripheral,perangkat input komputer,function,1.8447540998458862,1.2037906646728516,0.6409634351730347
tac::radio_siglip2g_concat::k12,11,260,printer,printer dan mesin fotokopi,function,3.010427713394165,0.6885873079299927,2.321840286254883
tac::radio_siglip2g_concat::k10,0,396,display,televisi dan monitor,function,2.2734978199005127,0.8524875044822693,1.4210102558135986
tac::radio_siglip2g_concat::k10,1,493,phone_tablet,ponsel dan tablet,function,2.1701271533966064,0.5958821773529053,1.5742449760437012
tac::radio_siglip2g_concat::k10,2,307,desktop,komputer desktop,function,0.48945119976997375,0.42614486813545227,0.06330633163452148
tac::radio_siglip2g_concat::k10,3,503,printer,printer dan mesin fotokopi,function,1.708935022354126,1.1836363077163696,0.5252987146377563
tac::radio_siglip2g_concat::k10,4,339,electronic_component,komponen elektronik,function,2.2849700450897217,0.23046857118606567,2.054501533508301
tac::radio_siglip2g_concat::k10,5,447,laptop,laptop,function,1.438318133354187,1.275278925895691,0.1630392074584961
tac::radio_siglip2g_concat::k10,6,236,cooking_appliance,peralatan memasak listrik,function,2.9277167320251465,0.6296968460083008,2.2980198860168457
tac::radio_siglip2g_concat::k10,7,310,input_peripheral,perangkat input komputer,function,2.042602300643921,0.6959961652755737,1.3466061353683472
tac::radio_siglip2g_concat::k10,8,259,battery,baterai dan aki,function,2.944627046585083,0.7968118190765381,2.147815227508545
tac::radio_siglip2g_concat::k10,9,289,washing_machine,mesin cuci,function,2.872809410095215,0.9685511589050293,1.9042582511901855
tac::radio_siglip2g_concat::k8,0,307,printer,printer dan mesin fotokopi,function,2.6719539165496826,0.5982176065444946,2.0737361907958984
tac::radio_siglip2g_concat::k8,1,658,electronic_component,komponen elektronik,function,1.514618158340454,1.2665818929672241,0.24803626537322998
tac::radio_siglip2g_concat::k8,2,314,desktop,komputer desktop,function,0.5005152821540833,0.4470210075378418,0.053494274616241455
tac::radio_siglip2g_concat::k8,3,618,cooking_appliance,peralatan memasak listrik,function,1.6753889322280884,1.5960243940353394,0.07936453819274902
tac::radio_siglip2g_concat::k8,4,509,phone_tablet,ponsel dan tablet,function,2.093860149383545,0.5887871384620667,1.505073070526123
tac::radio_siglip2g_concat::k8,5,453,laptop,laptop,function,1.4199386835098267,1.2668098211288452,0.15312886238098145
tac::radio_siglip2g_concat::k8,6,315,input_peripheral,perangkat input komputer,function,2.0158421993255615,0.7165839076042175,1.2992582321166992
tac::radio_siglip2g_concat::k8,7,405,display,televisi dan monitor,function,2.1229913234710693,0.7072395086288452,1.4157518148422241
tac::radio_siglip2g_concat::k6,0,766,input_peripheral,perangkat input komputer,function,1.5766257047653198,0.9850335717201233,0.5915921330451965
tac::radio_siglip2g_concat::k6,1,538,washing_machine,mesin cuci,function,1.8256433010101318,1.8247803449630737,0.0008629560470581055
tac::radio_siglip2g_concat::k6,2,554,phone_tablet,ponsel dan tablet,function,2.0564887523651123,0.6501309275627136,1.406357765197754
tac::radio_siglip2g_concat::k6,3,641,printer,printer dan mesin fotokopi,function,1.1927335262298584,0.7933598756790161,0.3993736505508423
tac::radio_siglip2g_concat::k6,4,411,display,televisi dan monitor,function,2.1997735500335693,0.8371129035949707,1.3626606464385986
tac::radio_siglip2g_concat::k6,5,669,electronic_component,komponen elektronik,function,1.1946879625320435,0.162006214261055,1.0326817035675049
tac::radio_siglip2g_concat::k4,0,839,input_peripheral,perangkat input komputer,function,1.474678874015808,0.9352409839630127,0.5394378900527954
tac::radio_siglip2g_concat::k4,1,576,phone_tablet,ponsel dan tablet,function,2.0135421752929688,0.6660287380218506,1.3475134372711182
tac::radio_siglip2g_concat::k4,2,472,electronic_component,komponen elektronik,function,0.5960021615028381,0.38823625445365906,0.20776590704917908
tac::radio_siglip2g_concat::k4,3,1692,cooking_appliance,peralatan memasak listrik,function,0.6348657011985779,0.4809105694293976,0.1539551317691803
mge::single_link::k24,0,287,display,televisi dan monitor,function,0.7518003582954407,0.5621044635772705,0.18969589471817017
mge::single_link::k24,1,161,electronic_component,komponen elektronik,function,1.3195463418960571,0.46199145913124084,0.8575549125671387
mge::single_link::k24,2,48,laptop,laptop,function,2.4911422729492188,0.5595598220825195,1.9315824508666992
mge::single_link::k24,3,22,laptop,laptop,function,1.4971871376037598,0.5762526988983154,0.9209344387054443
mge::single_link::k24,4,120,display,televisi dan monitor,function,2.330390691757202,0.7371547818183899,1.593235969543457
mge::single_link::k24,5,239,electronic_component,komponen elektronik,function,2.596780776977539,0.3824813961982727,2.214299440383911
mge::single_link::k24,6,40,camera,kamera,function,2.604433059692383,1.5294678211212158,1.074965238571167
mge::single_link::k24,7,93,washing_machine,mesin cuci,function,2.9309186935424805,0.9693292379379272,1.9615894556045532
mge::single_link::k24,8,135,laptop,laptop,function,2.941427707672119,0.738761305809021,2.2026662826538086
mge::single_link::k24,9,29,laptop,laptop,function,0.9130904078483582,0.7473073601722717,0.16578304767608643
mge::single_link::k24,10,127,display,televisi dan monitor,function,2.582700729370117,0.6528654098510742,1.929835319519043
mge::single_link::k24,11,282,input_peripheral,perangkat input komputer,function,2.1081087589263916,0.7361823320388794,1.3719264268875122
mge::single_link::k24,12,198,desktop,komputer desktop,function,2.1412734985351562,0.9445139765739441,1.1967594623565674
mge::single_link::k24,13,26,printer,printer dan mesin fotokopi,function,1.346584439277649,0.9406557679176331,0.40592867136001587
mge::single_link::k24,14,176,input_peripheral,perangkat input komputer,function,1.8830370903015137,0.9911673069000244,0.8918697834014893
mge::single_link::k24,15,139,battery,baterai dan aki,function,2.9560656547546387,0.9628124833106995,1.993253231048584
mge::single_link::k24,16,442,phone_tablet,ponsel dan tablet,function,2.225031852722168,0.5891743898391724,1.6358574628829956
mge::single_link::k24,17,250,cooking_appliance,peralatan memasak listrik,function,2.826786994934082,0.593424379825592,2.2333626747131348
mge::single_link::k24,18,242,printer,printer dan mesin fotokopi,function,3.1158013343811035,0.666049599647522,2.449751853942871
mge::single_link::k24,19,235,audio,perangkat audio,function,3.065901756286621,0.5681461691856384,2.497755527496338
mge::single_link::k24,20,98,battery,baterai dan aki,function,3.5241472721099854,0.7664686441421509,2.757678508758545
mge::single_link::k24,21,14,input_peripheral,perangkat input komputer,function,1.3762264251708984,0.967670738697052,0.40855568647384644
mge::single_link::k24,22,170,washing_machine,mesin cuci,function,3.09037184715271,0.9702009558677673,2.120170831680298
mge::single_link::k24,23,6,washing_machine,mesin cuci,function,2.4226949214935303,0.7183663249015808,1.7043285369873047
mge::single_link::k22,0,161,electronic_component,komponen elektronik,function,1.3195463418960571,0.46199145913124084,0.8575549125671387
mge::single_link::k22,1,48,laptop,laptop,function,2.4911422729492188,0.5595598220825195,1.9315824508666992
mge::single_link::k22,2,151,display,televisi dan monitor,function,2.26191782951355,0.6050863265991211,1.6568315029144287
mge::single_link::k22,3,120,display,televisi dan monitor,function,2.330390691757202,0.7371547818183899,1.593235969543457
mge::single_link::k22,4,239,electronic_component,komponen elektronik,function,2.596780776977539,0.3824813961982727,2.214299440383911
mge::single_link::k22,5,40,camera,kamera,function,2.604433059692383,1.5294678211212158,1.074965238571167
mge::single_link::k22,6,10,washing_machine,mesin cuci,function,2.5319838523864746,1.0433223247528076,1.488661527633667
mge::single_link::k22,7,135,laptop,laptop,function,2.941427707672119,0.738761305809021,2.2026662826538086
mge::single_link::k22,8,282,input_peripheral,perangkat input komputer,function,2.1081087589263916,0.7361823320388794,1.3719264268875122
mge::single_link::k22,9,196,desktop,komputer desktop,function,2.1461691856384277,0.9497177600860596,1.1964514255523682
mge::single_link::k22,10,442,phone_tablet,ponsel dan tablet,function,2.225031852722168,0.5891743898391724,1.6358574628829956
mge::single_link::k22,11,26,printer,printer dan mesin fotokopi,function,1.346584439277649,0.9406557679176331,0.40592867136001587
mge::single_link::k22,12,176,input_peripheral,perangkat input komputer,function,1.8830370903015137,0.9911673069000244,0.8918697834014893
mge::single_link::k22,13,139,battery,baterai dan aki,function,2.9560656547546387,0.9628124833106995,1.993253231048584
mge::single_link::k22,14,256,cooking_appliance,peralatan memasak listrik,function,2.7773709297180176,0.6362979412078857,2.141072988510132
mge::single_link::k22,15,242,printer,printer dan mesin fotokopi,function,3.1158013343811035,0.666049599647522,2.449751853942871
mge::single_link::k22,16,235,audio,perangkat audio,function,3.065901756286621,0.5681461691856384,2.497755527496338
mge::single_link::k22,17,98,battery,baterai dan aki,function,3.5241472721099854,0.7664686441421509,2.757678508758545
mge::single_link::k22,18,29,laptop,laptop,function,0.9130904078483582,0.7473073601722717,0.16578304767608643
mge::single_link::k22,19,14,input_peripheral,perangkat input komputer,function,1.3762264251708984,0.967670738697052,0.40855568647384644
mge::single_link::k22,20,287,display,televisi dan monitor,function,0.7518003582954407,0.5621044635772705,0.18969589471817017
mge::single_link::k22,21,253,washing_machine,mesin cuci,function,3.053830146789551,0.9669904708862305,2.0868396759033203
mge::single_link::k20,0,161,electronic_component,komponen elektronik,function,1.3195463418960571,0.46199145913124084,0.8575549125671387
mge::single_link::k20,1,49,laptop,laptop,function,2.452578067779541,0.5286481380462646,1.9239299297332764
mge::single_link::k20,2,151,display,televisi dan monitor,function,2.26191782951355,0.6050863265991211,1.6568315029144287
mge::single_link::k20,3,120,display,televisi dan monitor,function,2.330390691757202,0.7371547818183899,1.593235969543457
mge::single_link::k20,4,239,electronic_component,komponen elektronik,function,2.596780776977539,0.3824813961982727,2.214299440383911
mge::single_link::k20,5,39,camera,kamera,function,2.6402339935302734,1.4986830949783325,1.141550898551941
mge::single_link::k20,6,10,washing_machine,mesin cuci,function,2.5319838523864746,1.0433223247528076,1.488661527633667
mge::single_link::k20,7,135,laptop,laptop,function,2.941427707672119,0.738761305809021,2.2026662826538086
mge::single_link::k20,8,372,desktop,komputer desktop,function,1.5997161865234375,1.3829824924468994,0.21673369407653809
mge::single_link::k20,9,296,input_peripheral,perangkat input komputer,function,2.0734925270080566,0.6881232261657715,1.3853693008422852
mge::single_link::k20,10,26,printer,printer dan mesin fotokopi,function,1.346584439277649,0.9406557679176331,0.40592867136001587
mge::single_link::k20,11,139,battery,baterai dan aki,function,2.9560656547546387,0.9628124833106995,1.993253231048584
mge::single_link::k20,12,442,phone_tablet,ponsel dan tablet,function,2.225031852722168,0.5891743898391724,1.6358574628829956
mge::single_link::k20,13,256,cooking_appliance,peralatan memasak listrik,function,2.7773709297180176,0.6362979412078857,2.141072988510132
mge::single_link::k20,14,242,printer,printer dan mesin fotokopi,function,3.1158013343811035,0.666049599647522,2.449751853942871
mge::single_link::k20,15,235,audio,perangkat audio,function,3.065901756286621,0.5681461691856384,2.497755527496338
mge::single_link::k20,16,98,battery,baterai dan aki,function,3.5241472721099854,0.7664686441421509,2.757678508758545
mge::single_link::k20,17,29,laptop,laptop,function,0.9130904078483582,0.7473073601722717,0.16578304767608643
mge::single_link::k20,18,287,display,televisi dan monitor,function,0.7518003582954407,0.5621044635772705,0.18969589471817017
mge::single_link::k20,19,253,washing_machine,mesin cuci,function,3.053830146789551,0.9669904708862305,2.0868396759033203
mge::single_link::k18,0,161,electronic_component,komponen elektronik,function,1.3195463418960571,0.46199145913124084,0.8575549125671387
mge::single_link::k18,1,49,laptop,laptop,function,2.452578067779541,0.5286481380462646,1.9239299297332764
mge::single_link::k18,2,120,display,televisi dan monitor,function,2.330390691757202,0.7371547818183899,1.593235969543457
mge::single_link::k18,3,239,electronic_component,komponen elektronik,function,2.596780776977539,0.3824813961982727,2.214299440383911
mge::single_link::k18,4,39,camera,kamera,function,2.6402339935302734,1.4986830949783325,1.141550898551941
mge::single_link::k18,5,263,washing_machine,mesin cuci,function,3.0339877605438232,0.9698929190635681,2.0640947818756104
mge::single_link::k18,6,164,laptop,laptop,function,2.5827581882476807,0.6771590709686279,1.9055991172790527
mge::single_link::k18,7,296,input_peripheral,perangkat input komputer,function,2.0734925270080566,0.6881232261657715,1.3853693008422852
mge::single_link::k18,8,134,display,televisi dan monitor,function,2.5298900604248047,0.6148825287818909,1.9150075912475586
mge::single_link::k18,9,26,printer,printer dan mesin fotokopi,function,1.346584439277649,0.9406557679176331,0.40592867136001587
mge::single_link::k18,10,442,phone_tablet,ponsel dan tablet,function,2.225031852722168,0.5891743898391724,1.6358574628829956
mge::single_link::k18,11,372,desktop,komputer desktop,function,1.5997161865234375,1.3829824924468994,0.21673369407653809
mge::single_link::k18,12,139,battery,baterai dan aki,function,2.9560656547546387,0.9628124833106995,1.993253231048584
mge::single_link::k18,13,256,cooking_appliance,peralatan memasak listrik,function,2.7773709297180176,0.6362979412078857,2.141072988510132
mge::single_link::k18,14,242,printer,printer dan mesin fotokopi,function,3.1158013343811035,0.666049599647522,2.449751853942871
mge::single_link::k18,15,235,audio,perangkat audio,function,3.065901756286621,0.5681461691856384,2.497755527496338
mge::single_link::k18,16,98,battery,baterai dan aki,function,3.5241472721099854,0.7664686441421509,2.757678508758545
mge::single_link::k18,17,304,display,televisi dan monitor,function,0.7181283831596375,0.5601898431777954,0.15793853998184204
mge::single_link::k17,0,161,electronic_component,komponen elektronik,function,1.3195463418960571,0.46199145913124084,0.8575549125671387
mge::single_link::k17,1,49,laptop,laptop,function,2.452578067779541,0.5286481380462646,1.9239299297332764
mge::single_link::k17,2,304,display,televisi dan monitor,function,0.7181283831596375,0.5601898431777954,0.15793853998184204
mge::single_link::k17,3,374,desktop,komputer desktop,function,1.594146728515625,1.3890085220336914,0.2051382064819336
mge::single_link::k17,4,120,display,televisi dan monitor,function,2.330390691757202,0.7371547818183899,1.593235969543457
mge::single_link::k17,5,239,electronic_component,komponen elektronik,function,2.596780776977539,0.3824813961982727,2.214299440383911
mge::single_link::k17,6,39,camera,kamera,function,2.6402339935302734,1.4986830949783325,1.141550898551941
mge::single_link::k17,7,262,washing_machine,mesin cuci,function,3.0393805503845215,0.9688603281974792,2.0705201625823975
mge::single_link::k17,8,164,laptop,laptop,function,2.5827581882476807,0.6771590709686279,1.9055991172790527
mge::single_link::k17,9,294,input_peripheral,perangkat input komputer,function,2.070523977279663,0.6890072226524353,1.381516695022583
mge::single_link::k17,10,134,display,televisi dan monitor,function,2.5298900604248047,0.6148825287818909,1.9150075912475586
mge::single_link::k17,11,442,phone_tablet,ponsel dan tablet,function,2.225031852722168,0.5891743898391724,1.6358574628829956
mge::single_link::k17,12,256,cooking_appliance,peralatan memasak listrik,function,2.7773709297180176,0.6362979412078857,2.141072988510132
mge::single_link::k17,13,242,printer,printer dan mesin fotokopi,function,3.1158013343811035,0.666049599647522,2.449751853942871
mge::single_link::k17,14,236,audio,perangkat audio,function,3.0540623664855957,0.5709947943687439,2.483067512512207
mge::single_link::k17,15,237,battery,baterai dan aki,function,3.190969228744507,0.881624162197113,2.309345006942749
mge::single_link::k17,16,26,printer,printer dan mesin fotokopi,function,1.346584439277649,0.9406557679176331,0.40592867136001587
mge::single_link::k16,0,161,electronic_component,komponen elektronik,function,1.3195463418960571,0.46199145913124084,0.8575549125671387
mge::single_link::k16,1,213,laptop,laptop,function,2.5528109073638916,0.6429947018623352,1.9098162651062012
mge::single_link::k16,2,374,desktop,komputer desktop,function,1.594146728515625,1.3890085220336914,0.2051382064819336
mge::single_link::k16,3,120,display,televisi dan monitor,function,2.330390691757202,0.7371547818183899,1.593235969543457
mge::single_link::k16,4,239,electronic_component,komponen elektronik,function,2.596780776977539,0.3824813961982727,2.214299440383911
mge::single_link::k16,5,39,camera,kamera,function,2.6402339935302734,1.4986830949783325,1.141550898551941
mge::single_link::k16,6,263,washing_machine,mesin cuci,function,3.0339877605438232,0.9698929190635681,2.0640947818756104
mge::single_link::k16,7,294,input_peripheral,perangkat input komputer,function,2.070523977279663,0.6890072226524353,1.381516695022583
mge::single_link::k16,8,442,phone_tablet,ponsel dan tablet,function,2.225031852722168,0.5891743898391724,1.6358574628829956
mge::single_link::k16,9,134,display,televisi dan monitor,function,2.5298900604248047,0.6148825287818909,1.9150075912475586
mge::single_link::k16,10,237,battery,baterai dan aki,function,3.190969228744507,0.881624162197113,2.309345006942749
mge::single_link::k16,11,256,cooking_appliance,peralatan memasak listrik,function,2.7773709297180176,0.6362979412078857,2.141072988510132
mge::single_link::k16,12,242,printer,printer dan mesin fotokopi,function,3.1158013343811035,0.666049599647522,2.449751853942871
mge::single_link::k16,13,235,audio,perangkat audio,function,3.065901756286621,0.5681461691856384,2.497755527496338
mge::single_link::k16,14,304,display,televisi dan monitor,function,0.7181283831596375,0.5601898431777954,0.15793853998184204
mge::single_link::k16,15,26,printer,printer dan mesin fotokopi,function,1.346584439277649,0.9406557679176331,0.40592867136001587
mge::single_link::k15,0,132,electronic_component,komponen elektronik,function,1.4425792694091797,0.747058629989624,0.6955206394195557
mge::single_link::k15,1,211,laptop,laptop,function,2.5741539001464844,0.6488667130470276,1.9252872467041016
mge::single_link::k15,2,374,desktop,komputer desktop,function,1.594146728515625,1.3890085220336914,0.2051382064819336
mge::single_link::k15,3,122,display,televisi dan monitor,function,2.303990364074707,0.7350476384162903,1.5689427852630615
mge::single_link::k15,4,239,electronic_component,komponen elektronik,function,2.596780776977539,0.3824813961982727,2.214299440383911
mge::single_link::k15,5,262,washing_machine,mesin cuci,function,3.0393805503845215,0.9688603281974792,2.0705201625823975
mge::single_link::k15,6,372,camera,kamera,function,0.554119348526001,0.5198972821235657,0.0342220664024353
mge::single_link::k15,7,294,input_peripheral,perangkat input komputer,function,2.070523977279663,0.6890072226524353,1.381516695022583
mge::single_link::k15,8,442,phone_tablet,ponsel dan tablet,function,2.225031852722168,0.5891743898391724,1.6358574628829956
mge::single_link::k15,9,134,display,televisi dan monitor,function,2.5298900604248047,0.6148825287818909,1.9150075912475586
mge::single_link::k15,10,256,cooking_appliance,peralatan memasak listrik,function,2.7773709297180176,0.6362979412078857,2.141072988510132
mge::single_link::k15,11,242,printer,printer dan mesin fotokopi,function,3.1158013343811035,0.666049599647522,2.449751853942871
mge::single_link::k15,12,236,audio,perangkat audio,function,3.0540623664855957,0.5709947943687439,2.483067512512207
mge::single_link::k15,13,237,battery,baterai dan aki,function,3.190969228744507,0.881624162197113,2.309345006942749
mge::single_link::k15,14,26,printer,printer dan mesin fotokopi,function,1.346584439277649,0.9406557679176331,0.40592867136001587
mge::single_link::k14,0,161,electronic_component,komponen elektronik,function,1.3195463418960571,0.46199145913124084,0.8575549125671387
mge::single_link::k14,1,375,desktop,komputer desktop,function,1.5921577215194702,1.388903021812439,0.20325469970703125
mge::single_link::k14,2,122,display,televisi dan monitor,function,2.3052914142608643,0.6221264004707336,1.6831650733947754
mge::single_link::k14,3,182,display,televisi dan monitor,function,1.9117296934127808,0.38932669162750244,1.5224030017852783
mge::single_link::k14,4,239,electronic_component,komponen elektronik,function,2.596780776977539,0.3824813961982727,2.214299440383911
mge::single_link::k14,5,263,washing_machine,mesin cuci,function,3.0339877605438232,0.9698929190635681,2.0640947818756104
mge::single_link::k14,6,228,laptop,laptop,function,2.3670034408569336,0.5301750898361206,1.836828351020813
mge::single_link::k14,7,294,input_peripheral,perangkat input komputer,function,2.070523977279663,0.6890072226524353,1.381516695022583
mge::single_link::k14,8,441,phone_tablet,ponsel dan tablet,function,2.2300331592559814,0.5930588841438293,1.6369743347167969
mge::single_link::k14,9,238,battery,baterai dan aki,function,3.1793558597564697,0.879521369934082,2.2998344898223877
mge::single_link::k14,10,255,cooking_appliance,peralatan memasak listrik,function,2.7780206203460693,0.6379396319389343,2.1400809288024902
mge::single_link::k14,11,268,printer,printer dan mesin fotokopi,function,2.9441606998443604,0.6801691055297852,2.263991594314575
mge::single_link::k14,12,235,audio,perangkat audio,function,3.065901756286621,0.5681461691856384,2.497755527496338
mge::single_link::k14,13,278,display,televisi dan monitor,function,0.7304583191871643,0.5011200308799744,0.22933828830718994
mge::single_link::k12,0,228,laptop,laptop,function,2.3670034408569336,0.5301750898361206,1.836828351020813
mge::single_link::k12,1,669,input_peripheral,perangkat input komputer,function,1.688449740409851,1.1952579021453857,0.49319183826446533
mge::single_link::k12,2,122,display,televisi dan monitor,function,2.3052914142608643,0.6221264004707336,1.6831650733947754
mge::single_link::k12,3,328,display,televisi dan monitor,function,0.5925668478012085,0.5417761206626892,0.05079072713851929
mge::single_link::k12,4,399,electronic_component,komponen elektronik,function,2.0894277095794678,0.23560002446174622,1.853827714920044
mge::single_link::k12,5,441,phone_tablet,ponsel dan tablet,function,2.2300331592559814,0.5930588841438293,1.6369743347167969
mge::single_link::k12,6,134,display,televisi dan monitor,function,2.5298900604248047,0.6148825287818909,1.9150075912475586
mge::single_link::k12,7,238,battery,baterai dan aki,function,3.1793558597564697,0.879521369934082,2.2998344898223877
mge::single_link::k12,8,264,cooking_appliance,peralatan memasak listrik,function,2.691054582595825,0.6109297871589661,2.080124855041504
mge::single_link::k12,9,268,printer,printer dan mesin fotokopi,function,2.9441606998443604,0.6801691055297852,2.263991594314575
mge::single_link::k12,10,235,audio,perangkat audio,function,3.065901756286621,0.5681461691856384,2.497755527496338
mge::single_link::k12,11,253,washing_machine,mesin cuci,function,3.053830146789551,0.9669904708862305,2.0868396759033203
mge::single_link::k10,0,438,cooking_appliance,peralatan memasak listrik,function,1.5986932516098022,0.9771636724472046,0.6215295791625977
mge::single_link::k10,1,438,phone_tablet,ponsel dan tablet,function,2.2422842979431152,0.5941295623779297,1.6481547355651855
mge::single_link::k10,2,371,electronic_component,komponen elektronik,function,2.1861209869384766,0.21569806337356567,1.9704229831695557
mge::single_link::k10,3,229,laptop,laptop,function,2.3682069778442383,0.5315642356872559,1.8366427421569824
mge::single_link::k10,4,430,display,televisi dan monitor,function,1.1073170900344849,0.3860659599304199,0.7212511301040649
mge::single_link::k10,5,268,printer,printer dan mesin fotokopi,function,2.9441606998443604,0.6801691055297852,2.263991594314575
mge::single_link::k10,6,238,audio,perangkat audio,function,3.0283868312835693,0.579774022102356,2.448612689971924
mge::single_link::k10,7,668,input_peripheral,perangkat input komputer,function,1.695444107055664,1.2075328826904297,0.4879112243652344
mge::single_link::k10,8,253,washing_machine,mesin cuci,function,3.053830146789551,0.9669904708862305,2.0868396759033203
mge::single_link::k10,9,246,battery,baterai dan aki,function,2.992272138595581,0.8137322664260864,2.178539752960205
mge::single_link::k8,0,800,electronic_component,komponen elektronik,function,0.8590800762176514,0.5215514898300171,0.3375285863876343
mge::single_link::k8,1,439,phone_tablet,ponsel dan tablet,function,2.2372210025787354,0.5902159810066223,1.6470050811767578
mge::single_link::k8,2,668,input_peripheral,perangkat input komputer,function,1.695444107055664,1.2075328826904297,0.4879112243652344
mge::single_link::k8,3,655,battery,baterai dan aki,function,0.8929792046546936,0.8593648672103882,0.03361433744430542
mge::single_link::k8,4,228,laptop,laptop,function,2.366710901260376,0.5298188328742981,1.8368921279907227
mge::single_link::k8,5,268,printer,printer dan mesin fotokopi,function,2.9441606998443604,0.6801691055297852,2.263991594314575
mge::single_link::k8,6,255,audio,perangkat audio,function,2.8501718044281006,0.5756779313087463,2.274493932723999
mge::single_link::k8,7,266,washing_machine,mesin cuci,function,2.962714195251465,0.9484228491783142,2.014291286468506
mge::single_link::k6,0,1187,washing_machine,mesin cuci,function,0.6807519793510437,0.4973924160003662,0.1833595633506775
mge::single_link::k6,1,901,input_peripheral,perangkat input komputer,function,1.3178648948669434,1.023033857345581,0.2948310375213623
mge::single_link::k6,2,441,phone_tablet,ponsel dan tablet,function,2.2300331592559814,0.5930588841438293,1.6369743347167969
mge::single_link::k6,3,542,battery,baterai dan aki,function,1.0605032444000244,0.6891025304794312,0.37140071392059326
mge::single_link::k6,4,251,cooking_appliance,peralatan memasak listrik,function,2.7554807662963867,0.5865944623947144,2.168886184692383
mge::single_link::k6,5,257,printer,printer dan mesin fotokopi,function,3.048058271408081,0.6686903238296509,2.3793678283691406
mge::single_link::k4,0,1700,washing_machine,mesin cuci,function,0.5606332421302795,0.5126785039901733,0.0479547381401062
mge::single_link::k4,1,441,phone_tablet,ponsel dan tablet,function,2.2300331592559814,0.5930588841438293,1.6369743347167969
mge::single_link::k4,2,930,input_peripheral,perangkat input komputer,function,1.2633801698684692,0.9588152766227722,0.304564893245697
mge::single_link::k4,3,508,battery,baterai dan aki,function,1.1256215572357178,0.7402527332305908,0.38536882400512695
mge::average_link::k24,0,52,laptop,laptop,function,1.6833490133285522,1.3772557973861694,0.3060932159423828
mge::average_link::k24,1,72,desktop,komputer desktop,function,1.9552900791168213,1.8450922966003418,0.11019778251647949
mge::average_link::k24,2,34,display,televisi dan monitor,function,1.4112576246261597,1.3786710500717163,0.03258657455444336
mge::average_link::k24,3,150,display,televisi dan monitor,function,2.2628285884857178,0.7101116180419922,1.5527169704437256
mge::average_link::k24,4,320,phone_tablet,ponsel dan tablet,function,2.2648162841796875,0.6436110138893127,1.6212053298950195
mge::average_link::k24,5,246,electronic_component,komponen elektronik,function,2.5758326053619385,0.39629068970680237,2.179541826248169
mge::average_link::k24,6,111,electronic_component,komponen elektronik,function,1.7492525577545166,0.5427139401435852,1.2065386772155762
mge::average_link::k24,7,145,laptop,laptop,function,2.9335927963256836,0.7227572798728943,2.2108354568481445
mge::average_link::k24,8,208,input_peripheral,perangkat input komputer,function,1.7918641567230225,0.9007524251937866,0.8911117315292358
mge::average_link::k24,9,122,desktop,komputer desktop,function,1.0680303573608398,1.064206838607788,0.003823518753051758
mge::average_link::k24,10,18,cooking_appliance,peralatan memasak listrik,function,1.5063122510910034,0.7691242098808289,0.7371880412101746
mge::average_link::k24,11,164,input_peripheral,perangkat input komputer,function,1.726823329925537,0.5574923157691956,1.1693310737609863
mge::average_link::k24,12,262,printer,printer dan mesin fotokopi,function,3.0095303058624268,0.6667020916938782,2.3428282737731934
mge::average_link::k24,13,140,phone_tablet,ponsel dan tablet,function,2.156162738800049,0.4777469038963318,1.6784157752990723
mge::average_link::k24,14,117,desktop,komputer desktop,function,2.401888608932495,1.6931134462356567,0.7087751626968384
mge::average_link::k24,15,233,cooking_appliance,peralatan memasak listrik,function,2.921428918838501,0.6769196391105652,2.244509220123291
mge::average_link::k24,16,133,audio,perangkat audio,function,2.8748433589935303,0.7793530821800232,2.0954902172088623
mge::average_link::k24,17,29,input_peripheral,perangkat input komputer,function,0.5709031224250793,0.31122949719429016,0.2596736252307892
mge::average_link::k24,18,143,input_peripheral,perangkat input komputer,function,2.2011139392852783,0.553449273109436,1.6476646661758423
mge::average_link::k24,19,267,washing_machine,mesin cuci,function,2.976048707962036,0.9809364676475525,1.9951121807098389
mge::average_link::k24,20,102,audio,perangkat audio,function,3.3150315284729004,0.5737565159797668,2.7412750720977783
mge::average_link::k24,21,192,display,televisi dan monitor,function,0.40665408968925476,0.3497767150402069,0.05687737464904785
mge::average_link::k24,22,227,battery,baterai dan aki,function,3.3029823303222656,0.9160562753677368,2.3869261741638184
mge::average_link::k24,23,92,display,televisi dan monitor,function,2.780712366104126,0.7190395593643188,2.0616726875305176
mge::average_link::k22,0,125,electronic_component,komponen elektronik,function,1.8274792432785034,0.5275289416313171,1.299950361251831
mge::average_link::k22,1,52,laptop,laptop,function,1.6833490133285522,1.3772557973861694,0.3060932159423828
mge::average_link::k22,2,280,input_peripheral,perangkat input komputer,function,1.805551290512085,1.1719197034835815,0.6336315870285034
mge::average_link::k22,3,34,display,televisi dan monitor,function,1.4112576246261597,1.3786710500717163,0.03258657455444336
mge::average_link::k22,4,140,display,televisi dan monitor,function,1.1360551118850708,1.0183058977127075,0.11774921417236328
mge::average_link::k22,5,150,display,televisi dan monitor,function,2.2628285884857178,0.7101116180419922,1.5527169704437256
mge::average_link::k22,6,231,electronic_component,komponen elektronik,function,2.599240779876709,0.40639615058898926,2.1928446292877197
mge::average_link::k22,7,145,laptop,laptop,function,2.9335927963256836,0.7227572798728943,2.2108354568481445
mge::average_link::k22,8,173,camera,kamera,function,0.3857918083667755,0.28558096289634705,0.10021084547042847
mge::average_link::k22,9,21,cooking_appliance,peralatan memasak listrik,function,1.4680649042129517,0.6523069143295288,0.8157579898834229
mge::average_link::k22,10,114,input_peripheral,perangkat input komputer,function,1.5166596174240112,0.45383191108703613,1.062827706336975
mge::average_link::k22,11,461,phone_tablet,ponsel dan tablet,function,2.2316088676452637,0.5930782556533813,1.6385306119918823
mge::average_link::k22,12,263,printer,printer dan mesin fotokopi,function,2.9996511936187744,0.6663133502006531,2.3333377838134766
mge::average_link::k22,13,194,input_peripheral,perangkat input komputer,function,2.190368413925171,0.6049777269363403,1.5853906869888306
mge::average_link::k22,14,117,desktop,komputer desktop,function,2.401888608932495,1.6931134462356567,0.7087751626968384
mge::average_link::k22,15,27,input_peripheral,perangkat input komputer,function,0.6759070158004761,0.33606866002082825,0.3398383557796478
mge::average_link::k22,16,234,cooking_appliance,peralatan memasak listrik,function,2.9146759510040283,0.6796568036079407,2.2350192070007324
mge::average_link::k22,17,132,audio,perangkat audio,function,2.883091449737549,0.7864348292350769,2.096656560897827
mge::average_link::k22,18,265,washing_machine,mesin cuci,function,2.9895191192626953,0.9771990180015564,2.012320041656494
mge::average_link::k22,19,102,audio,perangkat audio,function,3.3150315284729004,0.5737565159797668,2.7412750720977783
mge::average_link::k22,20,227,battery,baterai dan aki,function,3.3029823303222656,0.9160562753677368,2.3869261741638184
mge::average_link::k22,21,92,display,televisi dan monitor,function,2.780712366104126,0.7190395593643188,2.0616726875305176
mge::average_link::k20,0,117,electronic_component,komponen elektronik,function,1.6411365270614624,0.5009657144546509,1.1401708126068115
mge::average_link::k20,1,53,laptop,laptop,function,1.6983917951583862,1.3272783756256104,0.3711134195327759
mge::average_link::k20,2,260,input_peripheral,perangkat input komputer,function,1.8783516883850098,1.2509911060333252,0.6273605823516846
mge::average_link::k20,3,34,display,televisi dan monitor,function,1.4112576246261597,1.3786710500717163,0.03258657455444336
mge::average_link::k20,4,306,display,televisi dan monitor,function,0.6844125986099243,0.5617013573646545,0.12271124124526978
mge::average_link::k20,5,150,display,televisi dan monitor,function,2.2628285884857178,0.7101116180419922,1.5527169704437256
mge::average_link::k20,6,245,electronic_component,komponen elektronik,function,2.583688259124756,0.3960425853729248,2.187645673751831
mge::average_link::k20,7,267,washing_machine,mesin cuci,function,2.9712579250335693,0.9767212867736816,1.9945366382598877
mge::average_link::k20,8,145,laptop,laptop,function,2.9335927963256836,0.7227572798728943,2.2108354568481445
mge::average_link::k20,9,18,cooking_appliance,peralatan memasak listrik,function,1.5063122510910034,0.7691242098808289,0.7371880412101746
mge::average_link::k20,10,145,desktop,komputer desktop,function,1.945494532585144,1.380055546760559,0.565438985824585
mge::average_link::k20,11,159,input_peripheral,perangkat input komputer,function,1.5070204734802246,0.48798975348472595,1.0190306901931763
mge::average_link::k20,12,453,phone_tablet,ponsel dan tablet,function,2.2529842853546143,0.5971989035606384,1.655785322189331
mge::average_link::k20,13,262,printer,printer dan mesin fotokopi,function,3.0010058879852295,0.6597524285316467,2.3412535190582275
mge::average_link::k20,14,222,cooking_appliance,peralatan memasak listrik,function,2.9880175590515137,0.6348276138305664,2.3531899452209473
mge::average_link::k20,15,12,cooking_appliance,peralatan memasak listrik,function,1.557857871055603,1.5089951753616333,0.04886269569396973
mge::average_link::k20,16,172,input_peripheral,perangkat input komputer,function,2.1962082386016846,0.5811473727226257,1.615060806274414
mge::average_link::k20,17,233,battery,baterai dan aki,function,3.2193732261657715,0.8794331550598145,2.339940071105957
mge::average_link::k20,18,234,audio,perangkat audio,function,3.071371555328369,0.5688810348510742,2.502490520477295
mge::average_link::k20,19,92,display,televisi dan monitor,function,2.780712366104126,0.7190395593643188,2.0616726875305176
mge::average_link::k18,0,116,electronic_component,komponen elektronik,function,1.6611146926879883,0.5176728963851929,1.1434417963027954
mge::average_link::k18,1,53,laptop,laptop,function,1.6646193265914917,1.339377522468567,0.3252418041229248
mge::average_link::k18,2,260,input_peripheral,perangkat input komputer,function,1.8783516883850098,1.2509911060333252,0.6273605823516846
mge::average_link::k18,3,179,laptop,laptop,function,2.638244390487671,0.6465970873832703,1.9916472434997559
mge::average_link::k18,4,153,display,televisi dan monitor,function,2.2232513427734375,0.7022840976715088,1.5209672451019287
mge::average_link::k18,5,461,phone_tablet,ponsel dan tablet,function,2.2316088676452637,0.5930782556533813,1.6385306119918823
mge::average_link::k18,6,268,washing_machine,mesin cuci,function,2.9650869369506836,0.9780814051628113,1.9870054721832275
mge::average_link::k18,7,15,cooking_appliance,peralatan memasak listrik,function,1.6531528234481812,0.865586519241333,0.7875663042068481
mge::average_link::k18,8,137,desktop,komputer desktop,function,2.07226824760437,1.4480544328689575,0.6242138147354126
mge::average_link::k18,9,331,input_peripheral,perangkat input komputer,function,1.8651483058929443,0.53639817237854,1.3287501335144043
mge::average_link::k18,10,308,display,televisi dan monitor,function,0.6805925369262695,0.553862452507019,0.1267300844192505
mge::average_link::k18,11,262,printer,printer dan mesin fotokopi,function,3.0010058879852295,0.6597524285316467,2.3412535190582275
mge::average_link::k18,12,221,cooking_appliance,peralatan memasak listrik,function,2.995469093322754,0.6317389011383057,2.3637301921844482
mge::average_link::k18,13,12,cooking_appliance,peralatan memasak listrik,function,1.557857871055603,1.5089951753616333,0.04886269569396973
mge::average_link::k18,14,243,electronic_component,komponen elektronik,function,2.6031076908111572,0.392890065908432,2.2102177143096924
mge::average_link::k18,15,233,battery,baterai dan aki,function,3.2193732261657715,0.8794331550598145,2.339940071105957
mge::average_link::k18,16,235,audio,perangkat audio,function,3.071622610092163,0.5683577060699463,2.503264904022217
mge::average_link::k18,17,92,display,televisi dan monitor,function,2.780712366104126,0.7190395593643188,2.0616726875305176
mge::average_link::k16,0,64,laptop,laptop,function,1.9021042585372925,0.8865957260131836,1.0155085325241089
mge::average_link::k16,1,460,phone_tablet,ponsel dan tablet,function,2.231747627258301,0.5931307673454285,1.6386168003082275
mge::average_link::k16,2,260,input_peripheral,perangkat input komputer,function,1.8783516883850098,1.2509911060333252,0.6273605823516846
mge::average_link::k16,3,117,electronic_component,komponen elektronik,function,1.6380490064620972,0.508719265460968,1.1293296813964844
mge::average_link::k16,4,280,washing_machine,mesin cuci,function,2.9026832580566406,1.0029288530349731,1.8997544050216675
mge::average_link::k16,5,145,laptop,laptop,function,2.9335927963256836,0.7227572798728943,2.2108354568481445
mge::average_link::k16,6,235,audio,perangkat audio,function,3.071622610092163,0.5683577060699463,2.503264904022217
mge::average_link::k16,7,20,cooking_appliance,peralatan memasak listrik,function,1.565060019493103,0.7205072641372681,0.844552755355835
mge::average_link::k16,8,229,display,televisi dan monitor,function,1.9834458827972412,1.528612732887268,0.45483314990997314
mge::average_link::k16,9,262,printer,printer dan mesin fotokopi,function,3.0010058879852295,0.6597524285316467,2.3412535190582275
mge::average_link::k16,10,328,input_peripheral,perangkat input komputer,function,1.8851667642593384,0.5493364334106445,1.3358303308486938
mge::average_link::k16,11,221,cooking_appliance,peralatan memasak listrik,function,2.995469093322754,0.6317389011383057,2.3637301921844482
mge::average_link::k16,12,243,electronic_component,komponen elektronik,function,2.6031076908111572,0.392890065908432,2.2102177143096924
mge::average_link::k16,13,230,battery,baterai dan aki,function,3.260493516921997,0.9034348130226135,2.3570587635040283
mge::average_link::k16,14,331,display,televisi dan monitor,function,0.6051444411277771,0.4898734986782074,0.1152709424495697
mge::average_link::k16,15,154,display,televisi dan monitor,function,2.194331645965576,0.6988883018493652,1.495443344116211
mge::average_link::k14,0,283,input_peripheral,perangkat input komputer,function,1.7823394536972046,1.1777372360229492,0.6046022176742554
mge::average_link::k14,1,117,electronic_component,komponen elektronik,function,1.6380490064620972,0.508719265460968,1.1293296813964844
mge::average_link::k14,2,490,washing_machine,mesin cuci,function,1.9145371913909912,1.8925577402114868,0.021979451179504395
mge::average_link::k14,3,330,display,televisi dan monitor,function,0.6049585342407227,0.4909355938434601,0.11402294039726257
mge::average_link::k14,4,209,laptop,laptop,function,2.617730140686035,0.6423603892326355,1.9753696918487549
mge::average_link::k14,5,264,printer,printer dan mesin fotokopi,function,2.977163553237915,0.6725097298622131,2.3046538829803467
mge::average_link::k14,6,174,display,televisi dan monitor,function,2.0050973892211914,0.6323481798171997,1.3727492094039917
mge::average_link::k14,7,206,display,televisi dan monitor,function,2.1777472496032715,1.6602447032928467,0.5175025463104248
mge::average_link::k14,8,328,input_peripheral,perangkat input komputer,function,1.8851667642593384,0.5493364334106445,1.3358303308486938
mge::average_link::k14,9,233,audio,perangkat audio,function,3.078986406326294,0.5714378952980042,2.5075485706329346
mge::average_link::k14,10,460,phone_tablet,ponsel dan tablet,function,2.231747627258301,0.5931307673454285,1.6386168003082275
mge::average_link::k14,11,243,electronic_component,komponen elektronik,function,2.6031076908111572,0.392890065908432,2.2102177143096924
mge::average_link::k14,12,12,cooking_appliance,peralatan memasak listrik,function,1.2924286127090454,1.1867889165878296,0.10563969612121582
mge::average_link::k14,13,230,battery,baterai dan aki,function,3.260493516921997,0.9034348130226135,2.3570587635040283
mge::average_link::k13,0,212,laptop,laptop,function,2.5981180667877197,0.650080144405365,1.94803786277771
mge::average_link::k13,1,260,input_peripheral,perangkat input komputer,function,1.8783516883850098,1.2509911060333252,0.6273605823516846
mge::average_link::k13,2,328,display,televisi dan monitor,function,0.613206148147583,0.4956135153770447,0.11759263277053833
mge::average_link::k13,3,459,phone_tablet,ponsel dan tablet,function,2.2355175018310547,0.5940729975700378,1.641444444656372
mge::average_link::k13,4,117,electronic_component,komponen elektronik,function,1.6380490064620972,0.508719265460968,1.1293296813964844
mge::average_link::k13,5,501,washing_machine,mesin cuci,function,1.900929570198059,1.8818738460540771,0.019055724143981934
mge::average_link::k13,6,333,input_peripheral,perangkat input komputer,function,1.873123288154602,0.536953330039978,1.336169958114624
mge::average_link::k13,7,222,display,televisi dan monitor,function,2.052720308303833,1.5625842809677124,0.4901360273361206
mge::average_link::k13,8,174,display,televisi dan monitor,function,2.0050973892211914,0.6323481798171997,1.3727492094039917
mge::average_link::k13,9,233,audio,perangkat audio,function,3.078986406326294,0.5714378952980042,2.5075485706329346
mge::average_link::k13,10,247,electronic_component,komponen elektronik,function,2.566215753555298,0.4006151556968689,2.165600538253784
mge::average_link::k13,11,230,battery,baterai dan aki,function,3.260493516921997,0.9034348130226135,2.3570587635040283
mge::average_link::k13,12,263,printer,printer dan mesin fotokopi,function,2.987114667892456,0.6609323620796204,2.3261823654174805
mge::average_link::k12,0,454,phone_tablet,ponsel dan tablet,function,2.2504961490631104,0.5986347198486328,1.6518614292144775
mge::average_link::k12,1,289,input_peripheral,perangkat input komputer,function,1.747126817703247,1.1498194932937622,0.5973073244094849
mge::average_link::k12,2,357,electronic_component,komponen elektronik,function,2.2940821647644043,0.22794292867183685,2.0661392211914062
mge::average_link::k12,3,502,washing_machine,mesin cuci,function,1.8971408605575562,1.8782118558883667,0.018929004669189453
mge::average_link::k12,4,334,display,televisi dan monitor,function,0.5904838442802429,0.499475359916687,0.09100848436355591
mge::average_link::k12,5,208,laptop,laptop,function,2.6172902584075928,0.6409798264503479,1.9763104915618896
mge::average_link::k12,6,328,input_peripheral,perangkat input komputer,function,1.8851667642593384,0.5493364334106445,1.3358303308486938
mge::average_link::k12,7,263,printer,printer dan mesin fotokopi,function,2.987114667892456,0.6609323620796204,2.3261823654174805
mge::average_link::k12,8,207,display,televisi dan monitor,function,2.167820930480957,1.6567145586013794,0.5111063718795776
mge::average_link::k12,9,233,audio,perangkat audio,function,3.078986406326294,0.5714378952980042,2.5075485706329346
mge::average_link::k12,10,174,display,televisi dan monitor,function,2.0050973892211914,0.6323481798171997,1.3727492094039917
mge::average_link::k12,11,230,battery,baterai dan aki,function,3.260493516921997,0.9034348130226135,2.3570587635040283
mge::average_link::k11,0,328,display,televisi dan monitor,function,0.5760626196861267,0.5289795398712158,0.04708307981491089
mge::average_link::k11,1,252,laptop,laptop,function,2.2695138454437256,0.9690335988998413,1.3004802465438843
mge::average_link::k11,2,458,phone_tablet,ponsel dan tablet,function,2.2362842559814453,0.5933905839920044,1.642893671989441
mge::average_link::k11,3,282,input_peripheral,perangkat input komputer,function,1.7970904111862183,1.160539150238037,0.6365512609481812
mge::average_link::k11,4,357,electronic_component,komponen elektronik,function,2.2940821647644043,0.22794292867183685,2.0661392211914062
mge::average_link::k11,5,174,display,televisi dan monitor,function,2.0050973892211914,0.6323481798171997,1.3727492094039917
mge::average_link::k11,6,173,display,televisi dan monitor,function,2.412081241607666,1.4380196332931519,0.9740616083145142
mge::average_link::k11,7,329,input_peripheral,perangkat input komputer,function,1.8810330629348755,0.5478098392486572,1.3332232236862183
mge::average_link::k11,8,502,washing_machine,mesin cuci,function,1.8971408605575562,1.8782118558883667,0.018929004669189453
mge::average_link::k11,9,228,battery,baterai dan aki,function,3.2803971767425537,0.9063474535942078,2.374049663543701
mge::average_link::k11,10,496,printer,printer dan mesin fotokopi,function,1.7207919359207153,1.1808815002441406,0.5399104356765747
mge::average_link::k10,0,352,electronic_component,komponen elektronik,function,2.344879150390625,0.23615145683288574,2.1087276935577393
mge::average_link::k10,1,453,phone_tablet,ponsel dan tablet,function,2.2543575763702393,0.5996015667915344,1.6547560691833496
mge::average_link::k10,2,541,laptop,laptop,function,1.4103550910949707,1.0633270740509033,0.3470280170440674
mge::average_link::k10,3,154,display,televisi dan monitor,function,2.194331645965576,0.6988883018493652,1.495443344116211
mge::average_link::k10,4,327,input_peripheral,perangkat input komputer,function,1.8872445821762085,0.5517957806587219,1.3354487419128418
mge::average_link::k10,5,172,display,televisi dan monitor,function,2.415681838989258,1.4407920837402344,0.9748897552490234
mge::average_link::k10,6,522,cooking_appliance,peralatan memasak listrik,function,1.8662140369415283,1.852059245109558,0.014154791831970215
mge::average_link::k10,7,231,battery,baterai dan aki,function,3.2518374919891357,0.9092718362808228,2.3425655364990234
mge::average_link::k10,8,496,printer,printer dan mesin fotokopi,function,1.7207919359207153,1.1808815002441406,0.5399104356765747
mge::average_link::k10,9,331,display,televisi dan monitor,function,0.5734404921531677,0.5200592875480652,0.05338120460510254
mge::average_link::k8,0,576,electronic_component,komponen elektronik,function,1.7830232381820679,1.442172884941101,0.3408503532409668
mge::average_link::k8,1,453,phone_tablet,ponsel dan tablet,function,2.2543575763702393,0.5996015667915344,1.6547560691833496
mge::average_link::k8,2,502,washing_machine,mesin cuci,function,1.8971408605575562,1.8782118558883667,0.018929004669189453
mge::average_link::k8,3,177,display,televisi dan monitor,function,1.9813411235809326,0.6258751153945923,1.3554660081863403
mge::average_link::k8,4,495,printer,printer dan mesin fotokopi,function,1.7213308811187744,1.1843055486679077,0.5370253324508667
mge::average_link::k8,5,705,desktop,komputer desktop,function,1.1640284061431885,1.0975267887115479,0.06650161743164062
mge::average_link::k8,6,335,input_peripheral,perangkat input komputer,function,1.867664098739624,0.5324978232383728,1.3351662158966064
mge::average_link::k8,7,336,display,televisi dan monitor,function,0.5614050626754761,0.5064194798469543,0.05498558282852173
mge::average_link::k6,0,455,phone_tablet,ponsel dan tablet,function,2.2445666790008545,0.5948734879493713,1.649693250656128
mge::average_link::k6,1,1005,input_peripheral,perangkat input komputer,function,1.1331346035003662,0.9704397320747375,0.16269487142562866
mge::average_link::k6,2,522,cooking_appliance,peralatan memasak listrik,function,1.8670281171798706,1.8518785238265991,0.015149593353271484
mge::average_link::k6,3,497,printer,printer dan mesin fotokopi,function,1.7146929502487183,1.1859078407287598,0.5287851095199585
mge::average_link::k6,4,946,electronic_component,komponen elektronik,function,1.0182451009750366,0.7967957258224487,0.2214493751525879
mge::average_link::k6,5,154,display,televisi dan monitor,function,2.194331645965576,0.6988883018493652,1.495443344116211
mge::average_link::k4,0,1020,electronic_component,komponen elektronik,function,0.9493607878684998,0.7424972057342529,0.20686358213424683
mge::average_link::k4,1,459,phone_tablet,ponsel dan tablet,function,2.229858160018921,0.5991618037223816,1.6306962966918945
mge::average_link::k4,2,522,cooking_appliance,peralatan memasak listrik,function,1.8615020513534546,1.8512494564056396,0.010252594947814941
mge::average_link::k4,3,1578,input_peripheral,perangkat input komputer,function,0.5524818897247314,0.5348021984100342,0.017679691314697266
mcsf::mb3::k24,0,131,audio,perangkat audio,function,2.904451847076416,0.7894776463508606,2.1149742603302
mcsf::mb3::k24,1,287,display,televisi dan monitor,function,0.5890074968338013,0.5494269728660583,0.03958052396774292
mcsf::mb3::k24,2,178,washing_machine,mesin cuci,function,3.061626672744751,0.9556731581687927,2.1059534549713135
mcsf::mb3::k24,3,264,printer,printer dan mesin fotokopi,function,3.005105495452881,0.6551433801651001,2.3499622344970703
mcsf::mb3::k24,4,229,electronic_component,komponen elektronik,function,2.5964536666870117,0.42022502422332764,2.1762285232543945
mcsf::mb3::k24,5,116,desktop,komputer desktop,function,2.449246883392334,1.7506074905395508,0.6986393928527832
mcsf::mb3::k24,6,438,phone_tablet,ponsel dan tablet,function,2.25020694732666,0.5883672833442688,1.6618397235870361
mcsf::mb3::k24,7,303,input_peripheral,perangkat input komputer,function,2.053927183151245,0.6744488477706909,1.3794783353805542
mcsf::mb3::k24,8,242,cooking_appliance,peralatan memasak listrik,function,2.916147470474243,0.628915011882782,2.2872323989868164
mcsf::mb3::k24,9,103,input_peripheral,perangkat input komputer,function,1.7909297943115234,1.7393501996994019,0.05157959461212158
mcsf::mb3::k24,10,103,audio,perangkat audio,function,3.3282010555267334,0.5656720995903015,2.762528896331787
mcsf::mb3::k24,11,150,laptop,laptop,function,2.9418129920959473,0.7347603440284729,2.207052707672119
mcsf::mb3::k24,12,45,battery,baterai dan aki,function,3.6294169425964355,1.2765717506408691,2.3528451919555664
mcsf::mb3::k24,13,161,display,televisi dan monitor,function,2.2580032348632812,0.6657941937446594,1.5922091007232666
mcsf::mb3::k24,14,98,display,televisi dan monitor,function,2.742521047592163,0.6696293950080872,2.0728917121887207
mcsf::mb3::k24,15,86,washing_machine,mesin cuci,function,2.969630002975464,0.9753361940383911,1.9942938089370728
mcsf::mb3::k24,16,35,audio,perangkat audio,function,0.4864150881767273,0.34807589650154114,0.13833919167518616
mcsf::mb3::k24,17,29,electronic_component,komponen elektronik,function,0.6071994304656982,0.5966420769691467,0.010557353496551514
mcsf::mb3::k24,18,117,electronic_component,komponen elektronik,function,1.978637933731079,0.5848604440689087,1.3937774896621704
mcsf::mb3::k24,19,66,battery,baterai dan aki,function,2.741909980773926,1.7095667123794556,1.0323432683944702
mcsf::mb3::k24,20,111,laptop,laptop,function,1.3317152261734009,0.6966040730476379,0.6351111531257629
mcsf::mb3::k24,21,69,battery,baterai dan aki,function,3.25286602973938,1.2525049448013306,2.0003609657287598
mcsf::mb3::k24,22,172,input_peripheral,perangkat input komputer,function,1.873553991317749,0.9342834949493408,0.9392704963684082
mcsf::mb3::k24,23,46,battery,baterai dan aki,function,3.9126908779144287,0.7191183567047119,3.193572521209717
mcsf::mb3::k22,0,303,input_peripheral,perangkat input komputer,function,2.053927183151245,0.6744488477706909,1.3794783353805542
mcsf::mb3::k22,1,284,display,televisi dan monitor,function,0.5908313989639282,0.54526686668396,0.04556453227996826
mcsf::mb3::k22,2,439,phone_tablet,ponsel dan tablet,function,2.2455387115478516,0.5913017392158508,1.6542370319366455
mcsf::mb3::k22,3,243,cooking_appliance,peralatan memasak listrik,function,2.906174421310425,0.624782919883728,2.2813916206359863
mcsf::mb3::k22,4,71,battery,baterai dan aki,function,3.2633001804351807,1.2307590246200562,2.032541275024414
mcsf::mb3::k22,5,228,electronic_component,komponen elektronik,function,2.6082499027252197,0.414572149515152,2.1936776638031006
mcsf::mb3::k22,6,179,washing_machine,mesin cuci,function,3.0616226196289062,0.9548670649528503,2.106755495071411
mcsf::mb3::k22,7,264,printer,printer dan mesin fotokopi,function,3.005105495452881,0.6551433801651001,2.3499622344970703
mcsf::mb3::k22,8,160,display,televisi dan monitor,function,2.2603964805603027,0.6591675877571106,1.601228952407837
mcsf::mb3::k22,9,103,laptop,laptop,function,1.466652274131775,0.7500591278076172,0.7165931463241577
mcsf::mb3::k22,10,131,audio,perangkat audio,function,2.904451847076416,0.7894776463508606,2.1149742603302
mcsf::mb3::k22,11,100,input_peripheral,perangkat input komputer,function,1.7889066934585571,1.7566179037094116,0.03228878974914551
mcsf::mb3::k22,12,103,audio,perangkat audio,function,3.3282010555267334,0.5656720995903015,2.762528896331787
mcsf::mb3::k22,13,85,washing_machine,mesin cuci,function,2.9685566425323486,0.977264940738678,1.9912917613983154
mcsf::mb3::k22,14,117,desktop,komputer desktop,function,2.444192886352539,1.7462959289550781,0.6978969573974609
mcsf::mb3::k22,15,29,electronic_component,komponen elektronik,function,0.6071994304656982,0.5966420769691467,0.010557353496551514
mcsf::mb3::k22,16,176,input_peripheral,perangkat input komputer,function,1.8687255382537842,0.9327781200408936,0.9359474182128906
mcsf::mb3::k22,17,109,display,televisi dan monitor,function,2.7091407775878906,0.6222319006919861,2.0869088172912598
mcsf::mb3::k22,18,90,battery,baterai dan aki,function,3.7688655853271484,0.8218912482261658,2.946974277496338
mcsf::mb3::k22,19,150,laptop,laptop,function,2.9418129920959473,0.7347603440284729,2.207052707672119
mcsf::mb3::k22,20,96,battery,baterai dan aki,function,1.975385069847107,1.1094512939453125,0.8659337759017944
mcsf::mb3::k22,21,119,electronic_component,komponen elektronik,function,1.9578630924224854,0.5713419318199158,1.3865211009979248
mcsf::mb3::k20,0,190,laptop,laptop,function,2.901641845703125,0.6958944797515869,2.205747365951538
mcsf::mb3::k20,1,456,phone_tablet,ponsel dan tablet,function,2.2504281997680664,0.5998061299324036,1.6506221294403076
mcsf::mb3::k20,2,295,display,televisi dan monitor,function,0.5801731944084167,0.5198293924331665,0.060343801975250244
mcsf::mb3::k20,3,32,camera,kamera,function,0.7064470648765564,0.5463653802871704,0.160081684589386
mcsf::mb3::k20,4,252,input_peripheral,perangkat input komputer,function,1.880487084388733,1.1156001091003418,0.7648869752883911
mcsf::mb3::k20,5,158,display,televisi dan monitor,function,2.2582600116729736,0.6655617952346802,1.5926982164382935
mcsf::mb3::k20,6,242,cooking_appliance,peralatan memasak listrik,function,2.916147470474243,0.628915011882782,2.2872323989868164
mcsf::mb3::k20,7,265,printer,printer dan mesin fotokopi,function,2.9942541122436523,0.681425929069519,2.3128280639648438
mcsf::mb3::k20,8,131,audio,perangkat audio,function,2.904451847076416,0.7894776463508606,2.1149742603302
mcsf::mb3::k20,9,90,battery,baterai dan aki,function,3.7688655853271484,0.8218912482261658,2.946974277496338
mcsf::mb3::k20,10,229,electronic_component,komponen elektronik,function,2.6079928874969482,0.4098142683506012,2.19817852973938
mcsf::mb3::k20,11,97,battery,baterai dan aki,function,1.9581871032714844,1.0916190147399902,0.8665680885314941
mcsf::mb3::k20,12,86,washing_machine,mesin cuci,function,2.969630002975464,0.9753361940383911,1.9942938089370728
mcsf::mb3::k20,13,178,washing_machine,mesin cuci,function,3.061626672744751,0.9556731581687927,2.1059534549713135
mcsf::mb3::k20,14,141,desktop,komputer desktop,function,2.4444684982299805,1.526058554649353,0.9184099435806274
mcsf::mb3::k20,15,147,electronic_component,komponen elektronik,function,1.5934394598007202,0.5461764931678772,1.0472629070281982
mcsf::mb3::k20,16,103,audio,perangkat audio,function,3.3282010555267334,0.5656720995903015,2.762528896331787
mcsf::mb3::k20,17,116,display,televisi dan monitor,function,2.6755168437957764,0.6023555397987366,2.0731613636016846
mcsf::mb3::k20,18,71,battery,baterai dan aki,function,3.2633001804351807,1.2307590246200562,2.032541275024414
mcsf::mb3::k20,19,300,input_peripheral,perangkat input komputer,function,2.074138879776001,0.6815018653869629,1.392637014389038
mcsf::mb3::k18,0,243,cooking_appliance,peralatan memasak listrik,function,2.906174421310425,0.624782919883728,2.2813916206359863
mcsf::mb3::k18,1,190,laptop,laptop,function,2.9026241302490234,0.6987921595573425,2.203831911087036
mcsf::mb3::k18,2,456,phone_tablet,ponsel dan tablet,function,2.236424684524536,0.5979782342910767,1.6384464502334595
mcsf::mb3::k18,3,303,input_peripheral,perangkat input komputer,function,2.053927183151245,0.6744488477706909,1.3794783353805542
mcsf::mb3::k18,4,265,printer,printer dan mesin fotokopi,function,2.9942541122436523,0.681425929069519,2.3128280639648438
mcsf::mb3::k18,5,280,display,televisi dan monitor,function,0.5884217619895935,0.5495086908340454,0.038913071155548096
mcsf::mb3::k18,6,179,washing_machine,mesin cuci,function,3.0616226196289062,0.9548670649528503,2.106755495071411
mcsf::mb3::k18,7,142,desktop,komputer desktop,function,2.4395601749420166,1.519131064414978,0.9204291105270386
mcsf::mb3::k18,8,253,input_peripheral,perangkat input komputer,function,1.87229585647583,1.1029564142227173,0.7693394422531128
mcsf::mb3::k18,9,156,display,televisi dan monitor,function,2.2716822624206543,0.6615332365036011,1.6101490259170532
mcsf::mb3::k18,10,131,audio,perangkat audio,function,2.904451847076416,0.7894776463508606,2.1149742603302
mcsf::mb3::k18,11,121,display,televisi dan monitor,function,2.6400492191314697,0.605426013469696,2.034623146057129
mcsf::mb3::k18,12,160,battery,baterai dan aki,function,2.6010499000549316,0.8068791627883911,1.7941707372665405
mcsf::mb3::k18,13,258,electronic_component,komponen elektronik,function,2.3728549480438232,0.4299215078353882,1.942933440208435
mcsf::mb3::k18,14,103,audio,perangkat audio,function,3.3282010555267334,0.5656720995903015,2.762528896331787
mcsf::mb3::k18,15,85,washing_machine,mesin cuci,function,2.9685566425323486,0.977264940738678,1.9912917613983154
mcsf::mb3::k18,16,91,battery,baterai dan aki,function,3.772609233856201,0.831177830696106,2.9414315223693848
mcsf::mb3::k18,17,163,electronic_component,komponen elektronik,function,1.4449775218963623,0.5032793283462524,0.9416981935501099
mcsf::mb3::k16,0,457,phone_tablet,ponsel dan tablet,function,2.2469642162323,0.6005145311355591,1.6464496850967407
mcsf::mb3::k16,1,314,display,televisi dan monitor,function,0.5117127895355225,0.5004721283912659,0.011240661144256592
mcsf::mb3::k16,2,242,cooking_appliance,peralatan memasak listrik,function,2.914870262145996,0.6252334713935852,2.2896368503570557
mcsf::mb3::k16,3,266,printer,printer dan mesin fotokopi,function,2.9915616512298584,0.6858440041542053,2.305717706680298
mcsf::mb3::k16,4,257,input_peripheral,perangkat input komputer,function,1.8586314916610718,1.1143490076065063,0.7442824840545654
mcsf::mb3::k16,5,303,input_peripheral,perangkat input komputer,function,2.053927183151245,0.6744488477706909,1.3794783353805542
mcsf::mb3::k16,6,323,electronic_component,komponen elektronik,function,2.466057300567627,0.2638047933578491,2.2022523880004883
mcsf::mb3::k16,7,218,laptop,laptop,function,2.720210552215576,0.6133019924163818,2.1069085597991943
mcsf::mb3::k16,8,180,washing_machine,mesin cuci,function,3.0510969161987305,0.9600631594657898,2.091033697128296
mcsf::mb3::k16,9,161,display,televisi dan monitor,function,2.264798164367676,0.6422877907752991,1.6225104331970215
mcsf::mb3::k16,10,133,audio,perangkat audio,function,2.8870227336883545,0.7875461578369141,2.0994765758514404
mcsf::mb3::k16,11,160,battery,baterai dan aki,function,2.662959575653076,0.8315578699111938,1.8314017057418823
mcsf::mb3::k16,12,139,desktop,komputer desktop,function,2.442361354827881,1.5424227714538574,0.8999385833740234
mcsf::mb3::k16,13,103,audio,perangkat audio,function,3.3282010555267334,0.5656720995903015,2.762528896331787
mcsf::mb3::k16,14,203,battery,baterai dan aki,function,1.6596800088882446,1.2708778381347656,0.388802170753479
mcsf::mb3::k16,15,120,display,televisi dan monitor,function,2.640685796737671,0.6023029088973999,2.0383830070495605
mcsf::mb3::k15,0,194,battery,baterai dan aki,function,2.966752290725708,0.8958631157875061,2.0708892345428467
mcsf::mb3::k15,1,459,phone_tablet,ponsel dan tablet,function,2.24143123626709,0.5990341305732727,1.642397165298462
mcsf::mb3::k15,2,321,display,televisi dan monitor,function,0.5042510032653809,0.4963591992855072,0.007891803979873657
mcsf::mb3::k15,3,138,desktop,komputer desktop,function,2.439002752304077,1.5515486001968384,0.8874541521072388
mcsf::mb3::k15,4,234,audio,perangkat audio,function,3.090972423553467,0.5781742334365845,2.512798309326172
mcsf::mb3::k15,5,216,laptop,laptop,function,2.7547948360443115,0.6321761012077332,2.1226186752319336
mcsf::mb3::k15,6,304,input_peripheral,perangkat input komputer,function,2.0484371185302734,0.6714694499969482,1.3769676685333252
mcsf::mb3::k15,7,322,electronic_component,komponen elektronik,function,2.461873769760132,0.27237504720687866,2.1894986629486084
mcsf::mb3::k15,8,206,washing_machine,mesin cuci,function,2.732666254043579,0.9121975898742676,1.8204686641693115
mcsf::mb3::k15,9,268,printer,printer dan mesin fotokopi,function,2.9765913486480713,0.6754177808761597,2.301173686981201
mcsf::mb3::k15,10,242,cooking_appliance,peralatan memasak listrik,function,2.9044294357299805,0.6106610298156738,2.2937684059143066
mcsf::mb3::k15,11,146,display,televisi dan monitor,function,2.292863607406616,0.6711838245391846,1.6216797828674316
mcsf::mb3::k15,12,264,input_peripheral,perangkat input komputer,function,1.8308650255203247,1.0790067911148071,0.7518582344055176
mcsf::mb3::k15,13,133,display,televisi dan monitor,function,2.571959972381592,0.6040953993797302,1.9678645133972168
mcsf::mb3::k15,14,132,washing_machine,mesin cuci,function,1.9510891437530518,1.2791415452957153,0.6719475984573364
mcsf::mb3::k14,0,246,cooking_appliance,peralatan memasak listrik,function,2.8870561122894287,0.6222458481788635,2.26481032371521
mcsf::mb3::k14,1,456,phone_tablet,ponsel dan tablet,function,2.247349977493286,0.6002084016799927,1.6471415758132935
mcsf::mb3::k14,2,321,electronic_component,komponen elektronik,function,2.4655935764312744,0.27370306849479675,2.1918904781341553
mcsf::mb3::k14,3,266,input_peripheral,perangkat input komputer,function,1.8191016912460327,1.0843907594680786,0.7347109317779541
mcsf::mb3::k14,4,305,input_peripheral,perangkat input komputer,function,2.043363094329834,0.6644961833953857,1.3788669109344482
mcsf::mb3::k14,5,320,display,televisi dan monitor,function,0.5114891529083252,0.5103958249092102,0.0010933279991149902
mcsf::mb3::k14,6,234,audio,perangkat audio,function,3.090972423553467,0.5781742334365845,2.512798309326172
mcsf::mb3::k14,7,265,washing_machine,mesin cuci,function,3.0228097438812256,0.9586853981018066,2.064124345779419
mcsf::mb3::k14,8,238,battery,baterai dan aki,function,3.1728594303131104,0.8736352920532227,2.2992241382598877
mcsf::mb3::k14,9,266,printer,printer dan mesin fotokopi,function,2.9915616512298584,0.6858440041542053,2.305717706680298
mcsf::mb3::k14,10,221,laptop,laptop,function,2.6960017681121826,0.5959308743476868,2.1000709533691406
mcsf::mb3::k14,11,139,display,televisi dan monitor,function,2.550931930541992,0.6079061031341553,1.943025827407837
mcsf::mb3::k14,12,136,desktop,komputer desktop,function,2.4432456493377686,1.5691039562225342,0.8741416931152344
mcsf::mb3::k14,13,166,display,televisi dan monitor,function,1.8542208671569824,0.6075913906097412,1.2466294765472412
mcsf::mb3::k13,0,267,printer,printer dan mesin fotokopi,function,2.984332323074341,0.6803362965583801,2.3039960861206055
mcsf::mb3::k13,1,327,input_peripheral,perangkat input komputer,function,1.9066202640533447,0.5546998381614685,1.3519203662872314
mcsf::mb3::k13,2,324,display,televisi dan monitor,function,0.5335056781768799,0.49512311816215515,0.03838256001472473
mcsf::mb3::k13,3,270,input_peripheral,perangkat input komputer,function,1.8222475051879883,1.104001760482788,0.7182457447052002
mcsf::mb3::k13,4,322,electronic_component,komponen elektronik,function,2.454465389251709,0.27616366744041443,2.1783018112182617
mcsf::mb3::k13,5,246,cooking_appliance,peralatan memasak listrik,function,2.8816404342651367,0.6187458038330078,2.262894630432129
mcsf::mb3::k13,6,456,phone_tablet,ponsel dan tablet,function,2.247349977493286,0.6002084016799927,1.6471415758132935
mcsf::mb3::k13,7,234,audio,perangkat audio,function,3.090972423553467,0.5781742334365845,2.512798309326172
mcsf::mb3::k13,8,240,battery,baterai dan aki,function,3.148056983947754,0.8619870543479919,2.286069869995117
mcsf::mb3::k13,9,265,washing_machine,mesin cuci,function,3.0228097438812256,0.9586853981018066,2.064124345779419
mcsf::mb3::k13,10,223,laptop,laptop,function,2.7063276767730713,0.6093295812606812,2.0969982147216797
mcsf::mb3::k13,11,267,display,televisi dan monitor,function,2.4281165599823,0.38292810320854187,2.0451884269714355
mcsf::mb3::k13,12,138,desktop,komputer desktop,function,2.408714771270752,1.6441049575805664,0.7646098136901855
mcsf::mb3::k12,0,348,electronic_component,komponen elektronik,function,2.328636884689331,0.28588834404945374,2.04274845123291
mcsf::mb3::k12,1,456,phone_tablet,ponsel dan tablet,function,2.247349977493286,0.6002084016799927,1.6471415758132935
mcsf::mb3::k12,2,333,display,televisi dan monitor,function,0.5731993913650513,0.5061805248260498,0.06701886653900146
mcsf::mb3::k12,3,264,washing_machine,mesin cuci,function,3.031658172607422,0.9620786905288696,2.069579601287842
mcsf::mb3::k12,4,357,display,televisi dan monitor,function,2.323542356491089,0.8743218779563904,1.4492204189300537
mcsf::mb3::k12,5,307,input_peripheral,perangkat input komputer,function,1.7223608493804932,1.3446322679519653,0.37772858142852783
mcsf::mb3::k12,6,305,input_peripheral,perangkat input komputer,function,2.0403566360473633,0.6649011373519897,1.3754554986953735
mcsf::mb3::k12,7,267,printer,printer dan mesin fotokopi,function,2.97628116607666,0.6748350262641907,2.3014461994171143
mcsf::mb3::k12,8,247,cooking_appliance,peralatan memasak listrik,function,2.864802837371826,0.6098031401634216,2.2549996376037598
mcsf::mb3::k12,9,234,audio,perangkat audio,function,3.090972423553467,0.5781742334365845,2.512798309326172
mcsf::mb3::k12,10,241,battery,baterai dan aki,function,3.133828639984131,0.856320858001709,2.277507781982422
mcsf::mb3::k12,11,220,laptop,laptop,function,2.7264091968536377,0.6132351756095886,2.1131739616394043
mcsf::mb3::k10,0,458,phone_tablet,ponsel dan tablet,function,2.247006893157959,0.5994216799736023,1.647585153579712
mcsf::mb3::k10,1,368,display,televisi dan monitor,function,0.49735039472579956,0.4971720278263092,0.00017836689949035645
mcsf::mb3::k10,2,490,laptop,laptop,function,1.530079960823059,1.1784756183624268,0.3516043424606323
mcsf::mb3::k10,3,473,audio,perangkat audio,function,1.5093802213668823,1.4857778549194336,0.02360236644744873
mcsf::mb3::k10,4,267,printer,printer dan mesin fotokopi,function,2.9740612506866455,0.7067086696624756,2.26735258102417
mcsf::mb3::k10,5,320,electronic_component,komponen elektronik,function,2.4625439643859863,0.27777111530303955,2.1847729682922363
mcsf::mb3::k10,6,357,display,televisi dan monitor,function,2.3293654918670654,0.8681972026824951,1.4611682891845703
mcsf::mb3::k10,7,253,cooking_appliance,peralatan memasak listrik,function,2.8015522956848145,0.6015080213546753,2.2000441551208496
mcsf::mb3::k10,8,329,input_peripheral,perangkat input komputer,function,1.8978967666625977,0.5457816123962402,1.3521151542663574
mcsf::mb3::k10,9,264,washing_machine,mesin cuci,function,3.031658172607422,0.9620786905288696,2.069579601287842
mcsf::mb3::k8,0,331,input_peripheral,perangkat input komputer,function,1.8842483758926392,0.5377271771430969,1.3465211391448975
mcsf::mb3::k8,1,448,desktop,komputer desktop,function,0.48670217394828796,0.40246477723121643,0.08423739671707153
mcsf::mb3::k8,2,458,phone_tablet,ponsel dan tablet,function,2.247006893157959,0.5994216799736023,1.647585153579712
mcsf::mb3::k8,3,478,battery,baterai dan aki,function,1.778804898262024,1.7560943365097046,0.022710561752319336
mcsf::mb3::k8,4,523,cooking_appliance,peralatan memasak listrik,function,1.840234398841858,1.80935537815094,0.03087902069091797
mcsf::mb3::k8,5,573,laptop,laptop,function,1.3188655376434326,1.2979172468185425,0.020948290824890137
mcsf::mb3::k8,6,266,printer,printer dan mesin fotokopi,function,2.9781267642974854,0.7086395025253296,2.2694873809814453
mcsf::mb3::k8,7,502,audio,perangkat audio,function,1.6120848655700684,0.9760977625846863,0.6359871029853821
mcsf::mb3::k6,0,761,cooking_appliance,peralatan memasak listrik,function,1.2091269493103027,1.0133206844329834,0.19580626487731934
mcsf::mb3::k6,1,770,printer,printer dan mesin fotokopi,function,0.9108471274375916,0.899192214012146,0.011654913425445557
mcsf::mb3::k6,2,459,phone_tablet,ponsel dan tablet,function,2.2421181201934814,0.6017256379127502,1.640392541885376
mcsf::mb3::k6,3,307,input_peripheral,perangkat input komputer,function,2.0329723358154297,0.6590341925621033,1.3739380836486816
mcsf::mb3::k6,4,694,electronic_component,komponen elektronik,function,1.119481086730957,0.20052792131900787,0.9189531803131104
mcsf::mb3::k6,5,588,laptop,laptop,function,1.294806718826294,1.2702628374099731,0.0245438814163208
mcsf::mb3::k4,0,1058,phone_tablet,ponsel dan tablet,function,0.8984761834144592,0.6622833609580994,0.23619282245635986
mcsf::mb3::k4,1,706,electronic_component,komponen elektronik,function,1.095686674118042,0.18935777246952057,0.9063289165496826
mcsf::mb3::k4,2,940,battery,baterai dan aki,function,0.6019929051399231,0.4658539891242981,0.136138916015625
mcsf::mb3::k4,3,875,cooking_appliance,peralatan memasak listrik,function,0.9462755918502808,0.8301318883895874,0.11614370346069336
fgw::mb8::k24,0,290,input_peripheral,perangkat input komputer,function,2.1322245597839355,0.7171586751937866,1.415065884590149
fgw::mb8::k24,1,231,washing_machine,mesin cuci,function,2.4084575176239014,0.6966797709465027,1.711777687072754
fgw::mb8::k24,2,325,phone_tablet,ponsel dan tablet,function,2.283432960510254,0.577617883682251,1.705815076828003
fgw::mb8::k24,3,239,printer,printer dan mesin fotokopi,function,2.7814900875091553,0.5782490372657776,2.2032411098480225
fgw::mb8::k24,4,97,battery,baterai dan aki,function,2.4185891151428223,1.5733897686004639,0.8451993465423584
fgw::mb8::k24,5,138,display,televisi dan monitor,function,2.547703981399536,1.2405469417572021,1.307157039642334
fgw::mb8::k24,6,191,electronic_component,komponen elektronik,function,2.446601390838623,0.16355198621749878,2.2830493450164795
fgw::mb8::k24,7,115,cooking_appliance,peralatan memasak listrik,function,2.3604118824005127,0.6723145842552185,1.6880972385406494
fgw::mb8::k24,8,66,display,televisi dan monitor,function,2.1380629539489746,0.5164439678192139,1.6216189861297607
fgw::mb8::k24,9,195,audio,perangkat audio,function,1.4125827550888062,1.0016731023788452,0.41090965270996094
fgw::mb8::k24,10,76,battery,baterai dan aki,function,2.530745506286621,2.071035385131836,0.45971012115478516
fgw::mb8::k24,11,151,phone_tablet,ponsel dan tablet,function,1.436663269996643,0.3118448257446289,1.1248184442520142
fgw::mb8::k24,12,87,audio,perangkat audio,function,0.36947938799858093,0.3242209255695343,0.04525846242904663
fgw::mb8::k24,13,261,input_peripheral,perangkat input komputer,function,1.8684722185134888,1.185391902923584,0.6830803155899048
fgw::mb8::k24,14,94,audio,perangkat audio,function,2.192843198776245,1.0193376541137695,1.1735055446624756
fgw::mb8::k24,15,120,battery,baterai dan aki,function,1.4862077236175537,0.40089502930641174,1.0853127241134644
fgw::mb8::k24,16,65,audio,perangkat audio,function,1.3390216827392578,0.8364250659942627,0.5025966167449951
fgw::mb8::k24,17,115,washing_machine,mesin cuci,function,2.480677604675293,1.0272672176361084,1.4534103870391846
fgw::mb8::k24,18,115,laptop,laptop,function,2.1589746475219727,1.3776063919067383,0.7813682556152344
fgw::mb8::k24,19,74,desktop,komputer desktop,function,2.6524555683135986,1.3328347206115723,1.3196208477020264
fgw::mb8::k24,20,144,electronic_component,komponen elektronik,function,2.4235212802886963,0.34021294116973877,2.083308219909668
fgw::mb8::k24,21,71,printer,printer dan mesin fotokopi,function,1.83426034450531,0.4993014931678772,1.334958791732788
fgw::mb8::k24,22,186,cooking_appliance,peralatan memasak listrik,function,2.222168445587158,0.7027004361152649,1.519468069076538
fgw::mb8::k24,23,133,display,televisi dan monitor,function,2.3146774768829346,0.6775109767913818,1.6371665000915527
fgw::mb8::k22,0,133,display,televisi dan monitor,function,2.5527212619781494,0.602718710899353,1.9500025510787964
fgw::mb8::k22,1,290,input_peripheral,perangkat input komputer,function,2.1275181770324707,0.7123339772224426,1.4151842594146729
fgw::mb8::k22,2,262,washing_machine,mesin cuci,function,2.2120487689971924,0.6155369877815247,1.5965118408203125
fgw::mb8::k22,3,322,phone_tablet,ponsel dan tablet,function,2.286142587661743,0.570158064365387,1.715984582901001
fgw::mb8::k22,4,141,printer,printer dan mesin fotokopi,function,2.824319839477539,0.4256792664527893,2.3986406326293945
fgw::mb8::k22,5,221,cooking_appliance,peralatan memasak listrik,function,1.878484845161438,0.7441480159759521,1.1343368291854858
fgw::mb8::k22,6,145,electronic_component,komponen elektronik,function,2.440286159515381,0.33283063769340515,2.1074554920196533
fgw::mb8::k22,7,124,laptop,laptop,function,1.8632923364639282,0.9442331790924072,0.919059157371521
fgw::mb8::k22,8,160,audio,perangkat audio,function,1.9938313961029053,0.42880406975746155,1.5650273561477661
fgw::mb8::k22,9,157,battery,baterai dan aki,function,2.559579372406006,0.8512044548988342,1.7083749771118164
fgw::mb8::k22,10,145,display,televisi dan monitor,function,2.345550775527954,0.6596975326538086,1.6858532428741455
fgw::mb8::k22,11,107,washing_machine,mesin cuci,function,2.44488525390625,0.9907824993133545,1.4541027545928955
fgw::mb8::k22,12,75,battery,baterai dan aki,function,2.6238410472869873,1.2832984924316406,1.3405425548553467
fgw::mb8::k22,13,210,audio,perangkat audio,function,1.4951518774032593,0.641049325466156,0.8541025519371033
fgw::mb8::k22,14,92,desktop,komputer desktop,function,2.260643720626831,2.0463716983795166,0.21427202224731445
fgw::mb8::k22,15,144,phone_tablet,ponsel dan tablet,function,1.3273110389709473,0.3158439099788666,1.0114670991897583
fgw::mb8::k22,16,149,input_peripheral,perangkat input komputer,function,2.0205883979797363,1.2985302209854126,0.7220581769943237
fgw::mb8::k22,17,83,battery,baterai dan aki,function,2.185603141784668,1.0723756551742554,1.1132274866104126
fgw::mb8::k22,18,221,printer,printer dan mesin fotokopi,function,1.7369475364685059,1.0211821794509888,0.7157653570175171
fgw::mb8::k22,19,189,electronic_component,komponen elektronik,function,2.4474103450775146,0.16566236317157745,2.281748056411743
fgw::mb8::k22,20,93,desktop,komputer desktop,function,2.1422924995422363,1.3685420751571655,0.7737504243850708
fgw::mb8::k22,21,116,cooking_appliance,peralatan memasak listrik,function,2.36380934715271,0.6707166433334351,1.693092703819275
fgw::mb8::k20,0,290,input_peripheral,perangkat input komputer,function,2.1275181770324707,0.7123339772224426,1.4151842594146729
fgw::mb8::k20,1,235,cooking_appliance,peralatan memasak listrik,function,1.687759518623352,0.6731472015380859,1.0146123170852661
fgw::mb8::k20,2,305,phone_tablet,ponsel dan tablet,function,2.309145212173462,0.5296012759208679,1.7795438766479492
fgw::mb8::k20,3,268,electronic_component,komponen elektronik,function,2.507868528366089,0.3277668356895447,2.1801016330718994
fgw::mb8::k20,4,198,audio,perangkat audio,function,1.4410053491592407,0.9681954383850098,0.47280991077423096
fgw::mb8::k20,5,306,printer,printer dan mesin fotokopi,function,2.4569754600524902,0.447634220123291,2.009341239929199
fgw::mb8::k20,6,191,input_peripheral,perangkat input komputer,function,1.9216701984405518,1.1316765546798706,0.7899936437606812
fgw::mb8::k20,7,282,washing_machine,mesin cuci,function,2.0197601318359375,0.5228908658027649,1.4968693256378174
fgw::mb8::k20,8,152,display,televisi dan monitor,function,2.3144724369049072,0.6127885580062866,1.7016838788986206
fgw::mb8::k20,9,188,battery,baterai dan aki,function,1.959671974182129,1.3082637786865234,0.6514081954956055
fgw::mb8::k20,10,150,audio,perangkat audio,function,2.498412847518921,0.7876653075218201,1.710747480392456
fgw::mb8::k20,11,117,desktop,komputer desktop,function,1.8739856481552124,1.397813081741333,0.4761725664138794
fgw::mb8::k20,12,96,desktop,komputer desktop,function,2.2386977672576904,2.0248401165008545,0.21385765075683594
fgw::mb8::k20,13,128,electronic_component,komponen elektronik,function,1.5524425506591797,1.2565412521362305,0.2959012985229492
fgw::mb8::k20,14,130,display,televisi dan monitor,function,2.569382667541504,0.5836040377616882,1.985778570175171
fgw::mb8::k20,15,96,phone_tablet,ponsel dan tablet,function,0.772844135761261,0.31668391823768616,0.45616021752357483
fgw::mb8::k20,16,106,phone_tablet,ponsel dan tablet,function,2.267000436782837,0.7762253284454346,1.4907751083374023
fgw::mb8::k20,17,117,cooking_appliance,peralatan memasak listrik,function,2.3504605293273926,0.6687830090522766,1.6816775798797607
fgw::mb8::k20,18,89,battery,baterai dan aki,function,2.058762788772583,0.349758505821228,1.709004282951355
fgw::mb8::k20,19,135,washing_machine,mesin cuci,function,2.097989320755005,0.857852041721344,1.2401373386383057
fgw::mb8::k18,0,266,electronic_component,komponen elektronik,function,2.528290271759033,0.3263181746006012,2.201972007751465
fgw::mb8::k18,1,160,washing_machine,mesin cuci,function,1.9059396982192993,0.7795130014419556,1.1264266967773438
fgw::mb8::k18,2,265,input_peripheral,perangkat input komputer,function,1.8582727909088135,1.1979315280914307,0.6603412628173828
fgw::mb8::k18,3,339,printer,printer dan mesin fotokopi,function,2.344637155532837,0.4485573172569275,1.8960797786712646
fgw::mb8::k18,4,312,phone_tablet,ponsel dan tablet,function,2.2807929515838623,0.5723375678062439,1.7084553241729736
fgw::mb8::k18,5,184,audio,perangkat audio,function,1.8194892406463623,0.4331521689891815,1.3863370418548584
fgw::mb8::k18,6,252,cooking_appliance,peralatan memasak listrik,function,2.7421822547912598,0.616796612739563,2.1253857612609863
fgw::mb8::k18,7,152,display,televisi dan monitor,function,2.3144724369049072,0.6127885580062866,1.7016838788986206
fgw::mb8::k18,8,311,washing_machine,mesin cuci,function,1.8559889793395996,0.46754559874534607,1.3884433507919312
fgw::mb8::k18,9,291,input_peripheral,perangkat input komputer,function,2.128570556640625,0.7146046161651611,1.4139659404754639
fgw::mb8::k18,10,124,electronic_component,komponen elektronik,function,1.49919855594635,1.3412535190582275,0.15794503688812256
fgw::mb8::k18,11,132,laptop,laptop,function,2.1634092330932617,1.1773921251296997,0.986017107963562
fgw::mb8::k18,12,152,display,televisi dan monitor,function,2.5099315643310547,0.7635993957519531,1.7463321685791016
fgw::mb8::k18,13,93,battery,baterai dan aki,function,2.483081340789795,1.568924903869629,0.914156436920166
fgw::mb8::k18,14,164,phone_tablet,ponsel dan tablet,function,1.3429360389709473,0.3167240023612976,1.0262119770050049
fgw::mb8::k18,15,85,battery,baterai dan aki,function,2.110952138900757,1.1676445007324219,0.943307638168335
fgw::mb8::k18,16,198,audio,perangkat audio,function,1.4410053491592407,0.9681954383850098,0.47280991077423096
fgw::mb8::k18,17,99,desktop,komputer desktop,function,2.6426727771759033,1.6080927848815918,1.0345799922943115
fgw::mb8::k16,0,268,input_peripheral,perangkat input komputer,function,1.855169653892517,1.2213197946548462,0.6338498592376709
fgw::mb8::k16,1,275,washing_machine,mesin cuci,function,2.1306521892547607,0.601050853729248,1.5296013355255127
fgw::mb8::k16,2,181,battery,baterai dan aki,function,2.021803379058838,1.305530309677124,0.7162730693817139
fgw::mb8::k16,3,303,printer,printer dan mesin fotokopi,function,2.479597568511963,0.4636174440383911,2.0159802436828613
fgw::mb8::k16,4,440,phone_tablet,ponsel dan tablet,function,2.284428596496582,0.6079301238059998,1.6764984130859375
fgw::mb8::k16,5,327,cooking_appliance,peralatan memasak listrik,function,2.0053837299346924,0.648679792881012,1.3567039966583252
fgw::mb8::k16,6,267,electronic_component,komponen elektronik,function,2.500290632247925,0.3276607394218445,2.1726298332214355
fgw::mb8::k16,7,112,desktop,komputer desktop,function,2.5107455253601074,1.7238881587982178,0.7868573665618896
fgw::mb8::k16,8,105,audio,perangkat audio,function,0.30498868227005005,0.2717869281768799,0.033201754093170166
fgw::mb8::k16,9,152,display,televisi dan monitor,function,2.3144724369049072,0.6127885580062866,1.7016838788986206
fgw::mb8::k16,10,154,washing_machine,mesin cuci,function,1.940535545349121,0.7849169373512268,1.155618667602539
fgw::mb8::k16,11,288,input_peripheral,perangkat input komputer,function,2.1351499557495117,0.7195537090301514,1.4155962467193604
fgw::mb8::k16,12,205,audio,perangkat audio,function,1.6115148067474365,0.752387523651123,0.8591272830963135
fgw::mb8::k16,13,198,audio,perangkat audio,function,1.4410053491592407,0.9681954383850098,0.47280991077423096
fgw::mb8::k16,14,166,battery,baterai dan aki,function,2.027447462081909,1.418040156364441,0.6094073057174683
fgw::mb8::k16,15,138,display,televisi dan monitor,function,2.538712978363037,0.6442840099334717,1.8944289684295654
fgw::mb8::k14,0,146,phone_tablet,ponsel dan tablet,function,1.1284018754959106,0.40194225311279297,0.7264596223831177
fgw::mb8::k14,1,344,printer,printer dan mesin fotokopi,function,2.3003780841827393,0.45118916034698486,1.8491889238357544
fgw::mb8::k14,2,253,cooking_appliance,peralatan memasak listrik,function,2.7422308921813965,0.6162833571434021,2.1259474754333496
fgw::mb8::k14,3,270,input_peripheral,perangkat input komputer,function,1.8546056747436523,1.2402445077896118,0.6143611669540405
fgw::mb8::k14,4,198,audio,perangkat audio,function,1.4410053491592407,0.9681954383850098,0.47280991077423096
fgw::mb8::k14,5,276,battery,baterai dan aki,function,2.545088529586792,0.6654173731803894,1.8796710968017578
fgw::mb8::k14,6,158,washing_machine,mesin cuci,function,1.8948878049850464,0.7631365060806274,1.131751298904419
fgw::mb8::k14,7,345,electronic_component,komponen elektronik,function,2.3888766765594482,0.22874081134796143,2.1601357460021973
fgw::mb8::k14,8,335,washing_machine,mesin cuci,function,1.7301021814346313,0.4053800702095032,1.3247220516204834
fgw::mb8::k14,9,159,display,televisi dan monitor,function,2.360516309738159,0.5735900402069092,1.78692626953125
fgw::mb8::k14,10,383,phone_tablet,ponsel dan tablet,function,2.2862844467163086,0.5723528861999512,1.7139315605163574
fgw::mb8::k14,11,233,display,televisi dan monitor,function,2.174926519393921,1.5609772205352783,0.6139492988586426
fgw::mb8::k14,12,291,input_peripheral,perangkat input komputer,function,2.128570556640625,0.7146046161651611,1.4139659404754639
fgw::mb8::k14,13,188,audio,perangkat audio,function,1.753769040107727,0.4006621241569519,1.35310697555542
fgw::mb8::k13,0,187,audio,perangkat audio,function,1.8240936994552612,0.4344715476036072,1.3896222114562988
fgw::mb8::k13,1,462,phone_tablet,ponsel dan tablet,function,2.24712872505188,0.6013280749320984,1.6458005905151367
fgw::mb8::k13,2,294,input_peripheral,perangkat input komputer,function,2.1167397499084473,0.7077974677085876,1.4089422225952148
fgw::mb8::k13,3,259,cooking_appliance,peralatan memasak listrik,function,2.7100465297698975,0.6062000393867493,2.103846549987793
fgw::mb8::k13,4,344,electronic_component,komponen elektronik,function,2.389665126800537,0.21622981131076813,2.1734352111816406
fgw::mb8::k13,5,411,washing_machine,mesin cuci,function,2.0023016929626465,0.5315733551979065,1.4707283973693848
fgw::mb8::k13,6,349,printer,printer dan mesin fotokopi,function,2.293590545654297,0.4444739520549774,1.849116563796997
fgw::mb8::k13,7,200,battery,baterai dan aki,function,2.0074095726013184,0.9236271381378174,1.083782434463501
fgw::mb8::k13,8,234,display,televisi dan monitor,function,2.1721675395965576,1.551513671875,0.6206538677215576
fgw::mb8::k13,9,198,audio,perangkat audio,function,1.4165277481079102,0.9888477325439453,0.42768001556396484
fgw::mb8::k13,10,282,input_peripheral,perangkat input komputer,function,1.816348671913147,1.2065553665161133,0.6097933053970337
fgw::mb8::k13,11,161,display,televisi dan monitor,function,2.339801788330078,0.5688674449920654,1.7709343433380127
fgw::mb8::k13,12,198,battery,baterai dan aki,function,1.8167394399642944,1.3681005239486694,0.448638916015625
fgw::mb8::k12,0,294,input_peripheral,perangkat input komputer,function,2.1167397499084473,0.7077974677085876,1.4089422225952148
fgw::mb8::k12,1,334,cooking_appliance,peralatan memasak listrik,function,2.007427930831909,0.6543828845024109,1.3530449867248535
fgw::mb8::k12,2,212,battery,baterai dan aki,function,1.9033604860305786,0.9035297632217407,0.9998307228088379
fgw::mb8::k12,3,461,phone_tablet,ponsel dan tablet,function,2.2515676021575928,0.5985617637634277,1.653005838394165
fgw::mb8::k12,4,419,washing_machine,mesin cuci,function,1.9731805324554443,0.5258459448814392,1.4473345279693604
fgw::mb8::k12,5,343,electronic_component,komponen elektronik,function,2.3942761421203613,0.21775907278060913,2.1765170097351074
fgw::mb8::k12,6,196,battery,baterai dan aki,function,1.9119436740875244,1.3218547105789185,0.590088963508606
fgw::mb8::k12,7,283,input_peripheral,perangkat input komputer,function,1.8156300783157349,1.2068971395492554,0.6087329387664795
fgw::mb8::k12,8,340,printer,printer dan mesin fotokopi,function,2.2242319583892822,0.5380561351776123,1.68617582321167
fgw::mb8::k12,9,298,audio,perangkat audio,function,2.312859535217285,0.3462880253791809,1.966571569442749
fgw::mb8::k12,10,163,display,televisi dan monitor,function,2.3448054790496826,0.5622331500053406,1.7825722694396973
fgw::mb8::k12,11,236,display,televisi dan monitor,function,2.1600775718688965,1.5493282079696655,0.610749363899231
fgw::mb8::k11,0,412,cooking_appliance,peralatan memasak listrik,function,1.5759861469268799,0.4647863507270813,1.1111998558044434
fgw::mb8::k11,1,465,phone_tablet,ponsel dan tablet,function,2.237356185913086,0.5997774600982666,1.6375787258148193
fgw::mb8::k11,2,296,input_peripheral,perangkat input komputer,function,2.108435869216919,0.6980013847351074,1.4104344844818115
fgw::mb8::k11,3,341,printer,printer dan mesin fotokopi,function,2.2185299396514893,0.5351456999778748,1.6833841800689697
fgw::mb8::k11,4,303,battery,baterai dan aki,function,2.389934539794922,0.6473190188407898,1.7426154613494873
fgw::mb8::k11,5,295,audio,perangkat audio,function,2.3531627655029297,0.36308199167251587,1.9900808334350586
fgw::mb8::k11,6,359,washing_machine,mesin cuci,function,2.3780839443206787,0.8553863763809204,1.5226975679397583
fgw::mb8::k11,7,283,input_peripheral,perangkat input komputer,function,1.8152066469192505,1.2119429111480713,0.6032637357711792
fgw::mb8::k11,8,253,display,televisi dan monitor,function,2.169168472290039,1.442524790763855,0.7266436815261841
fgw::mb8::k11,9,349,electronic_component,komponen elektronik,function,2.3640873432159424,0.2327585369348526,2.131328821182251
fgw::mb8::k11,10,223,display,televisi dan monitor,function,2.0117123126983643,0.646122932434082,1.3655893802642822
fgw::mb8::k10,0,296,input_peripheral,perangkat input komputer,function,2.108435869216919,0.6980013847351074,1.4104344844818115
fgw::mb8::k10,1,334,cooking_appliance,peralatan memasak listrik,function,2.063546895980835,0.7952136397361755,1.2683331966400146
fgw::mb8::k10,2,464,phone_tablet,ponsel dan tablet,function,2.2412774562835693,0.5992340445518494,1.6420433521270752
fgw::mb8::k10,3,357,electronic_component,komponen elektronik,function,2.320183277130127,0.23489053547382355,2.0852928161621094
fgw::mb8::k10,4,428,audio,perangkat audio,function,1.5274149179458618,0.38960278034210205,1.1378121376037598
fgw::mb8::k10,5,308,printer,printer dan mesin fotokopi,function,2.456237316131592,0.4472048282623291,2.0090324878692627
fgw::mb8::k10,6,284,input_peripheral,perangkat input komputer,function,1.8099919557571411,1.2097631692886353,0.6002287864685059
fgw::mb8::k10,7,356,washing_machine,mesin cuci,function,2.3929054737091064,0.8580169081687927,1.534888505935669
fgw::mb8::k10,8,375,display,televisi dan monitor,function,2.207441806793213,1.0521535873413086,1.1552882194519043
fgw::mb8::k10,9,377,battery,baterai dan aki,function,1.7478268146514893,1.1418414115905762,0.6059854030609131
fgw::mb8::k8,0,285,input_peripheral,perangkat input komputer,function,1.8091341257095337,1.2291744947433472,0.5799596309661865
fgw::mb8::k8,1,512,cooking_appliance,peralatan memasak listrik,function,1.290195107460022,0.5899547934532166,0.7002403140068054
fgw::mb8::k8,2,461,phone_tablet,ponsel dan tablet,function,2.2515676021575928,0.5985617637634277,1.653005838394165
fgw::mb8::k8,3,354,washing_machine,mesin cuci,function,2.3817214965820312,0.8502265214920044,1.5314949750900269
fgw::mb8::k8,4,444,printer,printer dan mesin fotokopi,function,1.6340208053588867,1.0610923767089844,0.5729284286499023
fgw::mb8::k8,5,603,electronic_component,komponen elektronik,function,1.7200857400894165,1.367222785949707,0.3528629541397095
fgw::mb8::k8,6,625,audio,perangkat audio,function,1.119184136390686,1.0683002471923828,0.05088388919830322
fgw::mb8::k8,7,295,input_peripheral,perangkat input komputer,function,2.1139774322509766,0.7041954398155212,1.4097819328308105
fgw::mb8::k6,0,448,printer,printer dan mesin fotokopi,function,1.6159197092056274,1.0704923868179321,0.5454273223876953
fgw::mb8::k6,1,687,electronic_component,komponen elektronik,function,1.5087149143218994,1.2663365602493286,0.2423783540725708
fgw::mb8::k6,2,681,display,televisi dan monitor,function,0.9909722805023193,0.9494916796684265,0.04148060083389282
fgw::mb8::k6,3,780,washing_machine,mesin cuci,function,1.2769454717636108,1.1587483882904053,0.11819708347320557
fgw::mb8::k6,4,522,input_peripheral,perangkat input komputer,function,1.9818832874298096,0.8643696308135986,1.117513656616211
fgw::mb8::k6,5,461,phone_tablet,ponsel dan tablet,function,2.2515676021575928,0.5985617637634277,1.653005838394165
fgw::mb8::k4,0,934,phone_tablet,ponsel dan tablet,function,1.0541127920150757,1.0361032485961914,0.018009543418884277
fgw::mb8::k4,1,1461,cooking_appliance,peralatan memasak listrik,function,0.702080249786377,0.6507872343063354,0.051293015480041504
fgw::mb8::k4,2,732,input_peripheral,perangkat input komputer,function,1.5571959018707275,1.032364845275879,0.5248310565948486
fgw::mb8::k4,3,452,printer,printer dan mesin fotokopi,function,1.600956916809082,1.073133111000061,0.527823805809021
fgw::mb4::k24,0,254,input_peripheral,perangkat input komputer,function,1.891743779182434,1.1873888969421387,0.7043548822402954
fgw::mb4::k24,1,87,phone_tablet,ponsel dan tablet,function,0.9265995025634766,0.3660978674888611,0.5605016350746155
fgw::mb4::k24,2,234,cooking_appliance,peralatan memasak listrik,function,1.8022699356079102,0.5355504751205444,1.2667194604873657
fgw::mb4::k24,3,157,printer,printer dan mesin fotokopi,function,2.5362539291381836,0.45991384983062744,2.0763401985168457
fgw::mb4::k24,4,194,washing_machine,mesin cuci,function,2.875718832015991,0.9084177613258362,1.9673011302947998
fgw::mb4::k24,5,97,battery,baterai dan aki,function,2.488682746887207,1.513826608657837,0.9748561382293701
fgw::mb4::k24,6,178,phone_tablet,ponsel dan tablet,function,2.3002147674560547,0.5168224573135376,1.783392310142517
fgw::mb4::k24,7,99,display,televisi dan monitor,function,2.333611488342285,0.7933748960494995,1.5402365922927856
fgw::mb4::k24,8,284,input_peripheral,perangkat input komputer,function,2.1580803394317627,0.7213936448097229,1.4366867542266846
fgw::mb4::k24,9,144,electronic_component,komponen elektronik,function,2.2566473484039307,0.2118295431137085,2.0448179244995117
fgw::mb4::k24,10,150,audio,perangkat audio,function,1.9356884956359863,0.4848802089691162,1.4508082866668701
fgw::mb4::k24,11,103,battery,baterai dan aki,function,1.6992273330688477,0.9020364284515381,0.7971909046173096
fgw::mb4::k24,12,127,display,televisi dan monitor,function,2.6358237266540527,0.7858518362045288,1.849971890449524
fgw::mb4::k24,13,199,audio,perangkat audio,function,1.4502520561218262,0.907191812992096,0.5430602431297302
fgw::mb4::k24,14,75,battery,baterai dan aki,function,2.550034284591675,0.47770771384239197,2.07232666015625
fgw::mb4::k24,15,214,phone_tablet,ponsel dan tablet,function,2.2845683097839355,0.5962852835655212,1.6882829666137695
fgw::mb4::k24,16,144,display,televisi dan monitor,function,1.763503074645996,0.9987249374389648,0.7647781372070312
fgw::mb4::k24,17,109,washing_machine,mesin cuci,function,2.4556021690368652,0.9571802616119385,1.4984219074249268
fgw::mb4::k24,18,192,electronic_component,komponen elektronik,function,2.5644338130950928,0.23380492627620697,2.3306288719177246
fgw::mb4::k24,19,70,laptop,laptop,function,0.7572064399719238,0.4535096287727356,0.30369681119918823
fgw::mb4::k24,20,117,desktop,komputer desktop,function,2.482267141342163,1.4736456871032715,1.0086214542388916
fgw::mb4::k24,21,155,printer,printer dan mesin fotokopi,function,2.49288272857666,0.5223091244697571,1.9705736637115479
fgw::mb4::k24,22,85,battery,baterai dan aki,function,1.940855860710144,1.9018217325210571,0.039034128189086914
fgw::mb4::k24,23,111,cooking_appliance,peralatan memasak listrik,function,2.3680121898651123,0.6605983972549438,1.7074137926101685
fgw::mb4::k22,0,152,printer,printer dan mesin fotokopi,function,2.6956419944763184,0.45840322971343994,2.237238883972168
fgw::mb4::k22,1,168,phone_tablet,ponsel dan tablet,function,1.5449694395065308,0.5177048444747925,1.0272645950317383
fgw::mb4::k22,2,113,cooking_appliance,peralatan memasak listrik,function,2.337423324584961,0.6654987335205078,1.6719245910644531
fgw::mb4::k22,3,318,phone_tablet,ponsel dan tablet,function,2.2887630462646484,0.5626548528671265,1.726108193397522
fgw::mb4::k22,4,124,display,televisi dan monitor,function,2.358738899230957,0.7143703103065491,1.6443686485290527
fgw::mb4::k22,5,167,input_peripheral,perangkat input komputer,function,1.7550560235977173,1.304510474205017,0.4505455493927002
fgw::mb4::k22,6,268,electronic_component,komponen elektronik,function,2.5259814262390137,0.3163534998893738,2.209627866744995
fgw::mb4::k22,7,211,washing_machine,mesin cuci,function,2.682203531265259,0.8613960146903992,1.8208074569702148
fgw::mb4::k22,8,130,battery,baterai dan aki,function,2.8937394618988037,1.1969653367996216,1.6967741250991821
fgw::mb4::k22,9,164,audio,perangkat audio,function,1.8648015260696411,0.8090017437934875,1.0557997226715088
fgw::mb4::k22,10,157,printer,printer dan mesin fotokopi,function,2.4608163833618164,0.5053393840789795,1.955476999282837
fgw::mb4::k22,11,287,input_peripheral,perangkat input komputer,function,2.136928081512451,0.7186712026596069,1.4182568788528442
fgw::mb4::k22,12,112,electronic_component,komponen elektronik,function,1.5708032846450806,1.4836746454238892,0.0871286392211914
fgw::mb4::k22,13,64,audio,perangkat audio,function,0.7948046922683716,0.7003248333930969,0.09447985887527466
fgw::mb4::k22,14,134,audio,perangkat audio,function,2.4983134269714355,0.38456758856773376,2.113745927810669
fgw::mb4::k22,15,129,display,televisi dan monitor,function,2.6321780681610107,0.8231375217437744,1.8090405464172363
fgw::mb4::k22,16,222,cooking_appliance,peralatan memasak listrik,function,1.8135370016098022,0.4414648711681366,1.3720721006393433
fgw::mb4::k22,17,98,desktop,komputer desktop,function,2.641904592514038,1.6273235082626343,1.0145810842514038
fgw::mb4::k22,18,144,washing_machine,mesin cuci,function,1.9880108833312988,0.5802750587463379,1.407735824584961
fgw::mb4::k22,19,121,laptop,laptop,function,2.156808376312256,1.3440381288528442,0.8127702474594116
fgw::mb4::k22,20,195,laptop,laptop,function,1.738837480545044,1.207309365272522,0.531528115272522
fgw::mb4::k22,21,101,display,televisi dan monitor,function,1.758955717086792,1.1499634981155396,0.6089922189712524
fgw::mb4::k20,0,272,washing_machine,mesin cuci,function,2.116830348968506,0.582934558391571,1.53389573097229
fgw::mb4::k20,1,281,input_peripheral,perangkat input komputer,function,2.1581003665924072,0.7178228497505188,1.4402775764465332
fgw::mb4::k20,2,269,electronic_component,komponen elektronik,function,2.521148681640625,0.3202965259552002,2.200852155685425
fgw::mb4::k20,3,211,printer,printer dan mesin fotokopi,function,1.8979758024215698,0.8210275173187256,1.0769482851028442
fgw::mb4::k20,4,255,input_peripheral,perangkat input komputer,function,1.8865402936935425,1.1935123205184937,0.6930279731750488
fgw::mb4::k20,5,145,display,televisi dan monitor,function,2.319650173187256,0.6258367896080017,1.6938133239746094
fgw::mb4::k20,6,95,battery,baterai dan aki,function,2.3924942016601562,1.583940029144287,0.8085541725158691
fgw::mb4::k20,7,311,phone_tablet,ponsel dan tablet,function,2.2855641841888428,0.5648988485336304,1.7206653356552124
fgw::mb4::k20,8,251,cooking_appliance,peralatan memasak listrik,function,2.7419211864471436,0.6217988133430481,2.1201224327087402
fgw::mb4::k20,9,198,audio,perangkat audio,function,1.462740182876587,0.8936185836791992,0.5691215991973877
fgw::mb4::k20,10,144,display,televisi dan monitor,function,2.5379934310913086,0.6499899625778198,1.8880034685134888
fgw::mb4::k20,11,113,electronic_component,komponen elektronik,function,1.6392329931259155,1.3412991762161255,0.29793381690979004
fgw::mb4::k20,12,151,printer,printer dan mesin fotokopi,function,2.5964839458465576,0.5547402501106262,2.041743755340576
fgw::mb4::k20,13,183,audio,perangkat audio,function,1.7362449169158936,0.7667773962020874,0.9694675207138062
fgw::mb4::k20,14,77,laptop,laptop,function,1.0843449831008911,0.15615203976631165,0.9281929731369019
fgw::mb4::k20,15,123,desktop,komputer desktop,function,2.4979703426361084,1.616604208946228,0.8813661336898804
fgw::mb4::k20,16,87,battery,baterai dan aki,function,2.160884380340576,0.5588436126708984,1.6020407676696777
fgw::mb4::k20,17,169,phone_tablet,ponsel dan tablet,function,1.5682523250579834,0.498715341091156,1.0695369243621826
fgw::mb4::k20,18,125,washing_machine,mesin cuci,function,2.184802293777466,0.9013079404830933,1.2834943532943726
fgw::mb4::k20,19,119,laptop,laptop,function,2.1523571014404297,1.331662893295288,0.8206942081451416
fgw::mb4::k18,0,268,washing_machine,mesin cuci,function,2.1507034301757812,0.5977438688278198,1.5529595613479614
fgw::mb4::k18,1,245,battery,baterai dan aki,function,2.2080681324005127,1.3018261194229126,0.9062420129776001
fgw::mb4::k18,2,158,laptop,laptop,function,1.3710041046142578,1.3689630031585693,0.0020411014556884766
fgw::mb4::k18,3,254,cooking_appliance,peralatan memasak listrik,function,2.726905107498169,0.6183476448059082,2.1085574626922607
fgw::mb4::k18,4,297,printer,printer dan mesin fotokopi,function,2.5244407653808594,0.477504163980484,2.046936511993408
fgw::mb4::k18,5,340,phone_tablet,ponsel dan tablet,function,2.281168222427368,0.5811043381690979,1.700063943862915
fgw::mb4::k18,6,190,audio,perangkat audio,function,1.7619940042495728,0.7721072435379028,0.9898867607116699
fgw::mb4::k18,7,153,display,televisi dan monitor,function,1.3623371124267578,1.1148282289505005,0.24750888347625732
fgw::mb4::k18,8,271,electronic_component,komponen elektronik,function,2.5091536045074463,0.3326048254966736,2.176548719406128
fgw::mb4::k18,9,290,input_peripheral,perangkat input komputer,function,2.134143590927124,0.7174804210662842,1.4166631698608398
fgw::mb4::k18,10,118,display,televisi dan monitor,function,2.385267972946167,0.7591540813446045,1.6261138916015625
fgw::mb4::k18,11,168,input_peripheral,perangkat input komputer,function,1.755408525466919,1.310636281967163,0.44477224349975586
fgw::mb4::k18,12,203,audio,perangkat audio,function,1.4255764484405518,0.9407503008842468,0.48482614755630493
fgw::mb4::k18,13,120,desktop,komputer desktop,function,2.4927282333374023,1.7141858339309692,0.7785423994064331
fgw::mb4::k18,14,118,display,televisi dan monitor,function,2.6746251583099365,0.6572052836418152,2.0174198150634766
fgw::mb4::k18,15,111,washing_machine,mesin cuci,function,2.4401636123657227,0.9791750311851501,1.4609885215759277
fgw::mb4::k18,16,182,phone_tablet,ponsel dan tablet,function,1.4041180610656738,0.45993009209632874,0.9441879987716675
fgw::mb4::k18,17,93,battery,baterai dan aki,function,2.0358152389526367,0.9543108940124512,1.0815043449401855
fgw::mb4::k16,0,149,washing_machine,mesin cuci,function,2.0166120529174805,0.806102991104126,1.2105090618133545
fgw::mb4::k16,1,290,input_peripheral,perangkat input komputer,function,2.134143590927124,0.7174804210662842,1.4166631698608398
fgw::mb4::k16,2,191,battery,baterai dan aki,function,2.018582344055176,1.2579600811004639,0.7606222629547119
fgw::mb4::k16,3,230,cooking_appliance,peralatan memasak listrik,function,1.760518193244934,0.6566195487976074,1.1038986444473267
fgw::mb4::k16,4,323,printer,printer dan mesin fotokopi,function,2.399839401245117,0.648814857006073,1.7510244846343994
fgw::mb4::k16,5,331,electronic_component,komponen elektronik,function,2.457188367843628,0.2353965789079666,2.2217917442321777
fgw::mb4::k16,6,187,phone_tablet,ponsel dan tablet,function,1.3658136129379272,0.430700421333313,0.9351131916046143
fgw::mb4::k16,7,269,input_peripheral,perangkat input komputer,function,1.8472635746002197,1.2295112609863281,0.6177523136138916
fgw::mb4::k16,8,204,audio,perangkat audio,function,1.4225969314575195,0.9242234826087952,0.49837344884872437
fgw::mb4::k16,9,177,display,televisi dan monitor,function,2.433387279510498,0.9834678173065186,1.4499194622039795
fgw::mb4::k16,10,177,audio,perangkat audio,function,1.8729206323623657,0.4615650475025177,1.4113556146621704
fgw::mb4::k16,11,340,phone_tablet,ponsel dan tablet,function,2.2797257900238037,0.5881688594818115,1.6915569305419922
fgw::mb4::k16,12,145,display,televisi dan monitor,function,2.3107728958129883,0.6489932537078857,1.6617796421051025
fgw::mb4::k16,13,165,battery,baterai dan aki,function,2.0169081687927246,0.5943477749824524,1.422560453414917
fgw::mb4::k16,14,281,washing_machine,mesin cuci,function,2.0739033222198486,0.5728585720062256,1.501044750213623
fgw::mb4::k16,15,120,cooking_appliance,peralatan memasak listrik,function,2.2768568992614746,0.6739799976348877,1.602876901626587
fgw::mb4::k14,0,290,input_peripheral,perangkat input komputer,function,2.134143590927124,0.7174804210662842,1.4166631698608398
fgw::mb4::k14,1,334,cooking_appliance,peralatan memasak listrik,function,1.9671515226364136,0.6274183988571167,1.3397331237792969
fgw::mb4::k14,2,436,phone_tablet,ponsel dan tablet,function,2.287867546081543,0.6104142069816589,1.6774532794952393
fgw::mb4::k14,3,116,battery,baterai dan aki,function,0.32467302680015564,0.31200921535491943,0.012663811445236206
fgw::mb4::k14,4,329,washing_machine,mesin cuci,function,2.5321030616760254,0.8742979168891907,1.6578052043914795
fgw::mb4::k14,5,201,audio,perangkat audio,function,1.432878017425537,0.9311379194259644,0.5017400979995728
fgw::mb4::k14,6,158,display,televisi dan monitor,function,2.3560407161712646,0.5577544569969177,1.7982861995697021
fgw::mb4::k14,7,338,electronic_component,komponen elektronik,function,2.4271512031555176,0.23082812130451202,2.1963231563568115
fgw::mb4::k14,8,231,display,televisi dan monitor,function,2.1959097385406494,1.5724509954452515,0.623458743095398
fgw::mb4::k14,9,271,input_peripheral,perangkat input komputer,function,1.843293309211731,1.242478370666504,0.600814938545227
fgw::mb4::k14,10,186,audio,perangkat audio,function,1.8284224271774292,0.7789082527160645,1.0495141744613647
fgw::mb4::k14,11,197,battery,baterai dan aki,function,1.6401389837265015,0.43839332461357117,1.201745629310608
fgw::mb4::k14,12,191,battery,baterai dan aki,function,2.016721487045288,1.2765419483184814,0.7401795387268066
fgw::mb4::k14,13,301,printer,printer dan mesin fotokopi,function,2.482477903366089,0.46755820512771606,2.0149197578430176
fgw::mb4::k13,0,334,cooking_appliance,peralatan memasak listrik,function,2.0014195442199707,0.5833441615104675,1.4180753231048584
fgw::mb4::k13,1,146,laptop,laptop,function,1.0031994581222534,0.29635170102119446,0.7068477869033813
fgw::mb4::k13,2,290,input_peripheral,perangkat input komputer,function,2.134143590927124,0.7174804210662842,1.4166631698608398
fgw::mb4::k13,3,352,printer,printer dan mesin fotokopi,function,2.2642500400543213,0.45101144909858704,1.8132386207580566
fgw::mb4::k13,4,276,battery,baterai dan aki,function,2.542825222015381,0.6615521907806396,1.8812730312347412
fgw::mb4::k13,5,350,washing_machine,mesin cuci,function,2.413573980331421,0.8662957549095154,1.5472781658172607
fgw::mb4::k13,6,437,phone_tablet,ponsel dan tablet,function,2.287003517150879,0.6106018424034119,1.6764016151428223
fgw::mb4::k13,7,231,display,televisi dan monitor,function,2.1959097385406494,1.5724509954452515,0.623458743095398
fgw::mb4::k13,8,202,audio,perangkat audio,function,1.4427000284194946,0.919029176235199,0.5236708521842957
fgw::mb4::k13,9,332,electronic_component,komponen elektronik,function,2.452817916870117,0.23228998482227325,2.2205278873443604
fgw::mb4::k13,10,271,input_peripheral,perangkat input komputer,function,1.843293309211731,1.242478370666504,0.600814938545227
fgw::mb4::k13,11,199,audio,perangkat audio,function,1.644873857498169,0.7728015184402466,0.8720723390579224
fgw::mb4::k13,12,159,display,televisi dan monitor,function,2.345021963119507,0.5650632381439209,1.779958724975586
fgw::mb4::k12,0,332,cooking_appliance,peralatan memasak listrik,function,2.02284836769104,0.5742861032485962,1.4485622644424438
fgw::mb4::k12,1,314,battery,baterai dan aki,function,2.405134439468384,0.677829921245575,1.727304458618164
fgw::mb4::k12,2,285,input_peripheral,perangkat input komputer,function,1.7991392612457275,1.2079719305038452,0.5911673307418823
fgw::mb4::k12,3,460,phone_tablet,ponsel dan tablet,function,2.234635591506958,0.5978187918663025,1.6368167400360107
fgw::mb4::k12,4,361,printer,printer dan mesin fotokopi,function,2.2182247638702393,0.4716954231262207,1.7465293407440186
fgw::mb4::k12,5,351,washing_machine,mesin cuci,function,2.425173044204712,0.8686257600784302,1.5565472841262817
fgw::mb4::k12,6,340,electronic_component,komponen elektronik,function,2.4114534854888916,0.23813004791736603,2.173323392868042
fgw::mb4::k12,7,298,input_peripheral,perangkat input komputer,function,2.0901756286621094,0.6877082586288452,1.4024673700332642
fgw::mb4::k12,8,166,display,televisi dan monitor,function,2.283722162246704,0.5330920219421387,1.7506301403045654
fgw::mb4::k12,9,185,audio,perangkat audio,function,1.8022748231887817,0.43595239520072937,1.36632239818573
fgw::mb4::k12,10,239,display,televisi dan monitor,function,2.164093255996704,1.535233736038208,0.6288595199584961
fgw::mb4::k12,11,248,laptop,laptop,function,1.2427188158035278,1.003196120262146,0.23952269554138184
fgw::mb4::k11,0,303,printer,printer dan mesin fotokopi,function,2.4824838638305664,0.47103947401046753,2.011444330215454
fgw::mb4::k11,1,336,electronic_component,komponen elektronik,function,2.432060480117798,0.23718316853046417,2.1948773860931396
fgw::mb4::k11,2,358,cooking_appliance,peralatan memasak listrik,function,1.855700135231018,0.5468509197235107,1.3088492155075073
fgw::mb4::k11,3,241,display,televisi dan monitor,function,1.8075354099273682,0.6260650157928467,1.1814703941345215
fgw::mb4::k11,4,296,input_peripheral,perangkat input komputer,function,2.1001181602478027,0.690138041973114,1.409980058670044
fgw::mb4::k11,5,460,phone_tablet,ponsel dan tablet,function,2.234635591506958,0.5978187918663025,1.6368167400360107
fgw::mb4::k11,6,284,input_peripheral,perangkat input komputer,function,1.803335428237915,1.2056833505630493,0.5976520776748657
fgw::mb4::k11,7,259,display,televisi dan monitor,function,2.176046371459961,1.4404443502426147,0.7356020212173462
fgw::mb4::k11,8,354,washing_machine,mesin cuci,function,2.3899805545806885,0.8560462594032288,1.5339343547821045
fgw::mb4::k11,9,311,battery,baterai dan aki,function,2.419255495071411,0.6791496872901917,1.7401058673858643
fgw::mb4::k11,10,377,audio,perangkat audio,function,1.6361055374145508,0.5186386108398438,1.117466926574707
fgw::mb4::k10,0,296,input_peripheral,perangkat input komputer,function,2.1001181602478027,0.690138041973114,1.409980058670044
fgw::mb4::k10,1,356,washing_machine,mesin cuci,function,2.3881008625030518,0.8537483811378479,1.5343525409698486
fgw::mb4::k10,2,351,electronic_component,komponen elektronik,function,2.353008508682251,0.2362021654844284,2.1168062686920166
fgw::mb4::k10,3,383,display,televisi dan monitor,function,2.172905683517456,1.0454282760620117,1.1274774074554443
fgw::mb4::k10,4,460,phone_tablet,ponsel dan tablet,function,2.2449114322662354,0.605241060256958,1.6396703720092773
fgw::mb4::k10,5,304,printer,printer dan mesin fotokopi,function,2.4740328788757324,0.46661004424095154,2.007422924041748
fgw::mb4::k10,6,325,cooking_appliance,peralatan memasak listrik,function,2.1197171211242676,0.7675688862800598,1.3521482944488525
fgw::mb4::k10,7,371,battery,baterai dan aki,function,1.7670466899871826,1.1647268533706665,0.6023198366165161
fgw::mb4::k10,8,284,input_peripheral,perangkat input komputer,function,1.803335428237915,1.2056833505630493,0.5976520776748657
fgw::mb4::k10,9,449,audio,perangkat audio,function,1.4207305908203125,0.3631695806980133,1.0575610399246216
fgw::mb4::k8,0,519,input_peripheral,perangkat input komputer,function,1.9797179698944092,0.8578182458877563,1.1218997240066528
fgw::mb4::k8,1,361,washing_machine,mesin cuci,function,2.335233449935913,0.8406198024749756,1.4946136474609375
fgw::mb4::k8,2,356,electronic_component,komponen elektronik,function,2.3289904594421387,0.23032593727111816,2.0986645221710205
fgw::mb4::k8,3,642,audio,perangkat audio,function,1.0949244499206543,1.052551507949829,0.042372941970825195
fgw::mb4::k8,4,459,phone_tablet,ponsel dan tablet,function,2.2471678256988525,0.6038920879364014,1.6432757377624512
fgw::mb4::k8,5,306,printer,printer dan mesin fotokopi,function,2.5097405910491943,0.3923850357532501,2.1173555850982666
fgw::mb4::k8,6,515,cooking_appliance,peralatan memasak listrik,function,1.2454285621643066,0.5509368181228638,0.6944917440414429
fgw::mb4::k8,7,421,battery,baterai dan aki,function,1.5050519704818726,1.3916137218475342,0.11343824863433838
fgw::mb4::k6,0,668,input_peripheral,perangkat input komputer,function,1.7430999279022217,1.171478271484375,0.5716216564178467
fgw::mb4::k6,1,638,cooking_appliance,peralatan memasak listrik,function,1.2733579874038696,1.1925370693206787,0.08082091808319092
fgw::mb4::k6,2,538,washing_machine,mesin cuci,function,1.5645604133605957,0.3721785843372345,1.1923818588256836
fgw::mb4::k6,3,459,phone_tablet,ponsel dan tablet,function,2.2429897785186768,0.5974913835525513,1.6454983949661255
fgw::mb4::k6,4,592,electronic_component,komponen elektronik,function,1.746848702430725,1.391994595527649,0.35485410690307617
fgw::mb4::k6,5,684,printer,printer dan mesin fotokopi,function,1.162143588066101,0.6536353826522827,0.5085082054138184
fgw::mb4::k4,0,926,phone_tablet,ponsel dan tablet,function,1.0574079751968384,1.049344539642334,0.008063435554504395
fgw::mb4::k4,1,723,input_peripheral,perangkat input komputer,function,1.5762156248092651,1.0189406871795654,0.5572749376296997
fgw::mb4::k4,2,968,washing_machine,mesin cuci,function,1.0411051511764526,0.8526721000671387,0.18843305110931396
fgw::mb4::k4,3,962,printer,printer dan mesin fotokopi,function,0.701200008392334,0.5227734446525574,0.1784265637397766
classic::ward_fused::k24,0,88,battery,baterai dan aki,function,3.7843008041381836,0.8046364188194275,2.9796643257141113
classic::ward_fused::k24,1,113,camera,kamera,function,1.3742769956588745,0.7359554171562195,0.638321578502655
classic::ward_fused::k24,2,146,laptop,laptop,function,2.8362667560577393,0.7244962453842163,2.1117706298828125
classic::ward_fused::k24,3,411,phone_tablet,ponsel dan tablet,function,2.255274772644043,0.5260847210884094,1.7291901111602783
classic::ward_fused::k24,4,211,display,televisi dan monitor,function,0.4173705577850342,0.34205782413482666,0.07531273365020752
classic::ward_fused::k24,5,131,display,televisi dan monitor,function,2.5835349559783936,0.6127211451530457,1.9708137512207031
classic::ward_fused::k24,6,186,input_peripheral,perangkat input komputer,function,1.787952184677124,0.9200980067253113,0.8678541779518127
classic::ward_fused::k24,7,116,battery,baterai dan aki,function,3.1099741458892822,1.0759962797164917,2.03397798538208
classic::ward_fused::k24,8,231,cooking_appliance,peralatan memasak listrik,function,2.9628729820251465,0.6262613534927368,2.336611747741699
classic::ward_fused::k24,9,127,audio,perangkat audio,function,2.898021936416626,0.8095529675483704,2.0884690284729004
classic::ward_fused::k24,10,244,electronic_component,komponen elektronik,function,2.601522922515869,0.3288023769855499,2.2727205753326416
classic::ward_fused::k24,11,293,input_peripheral,perangkat input komputer,function,2.122650384902954,0.71100252866745,1.4116477966308594
classic::ward_fused::k24,12,119,desktop,komputer desktop,function,2.431831121444702,1.6201692819595337,0.8116618394851685
classic::ward_fused::k24,13,183,washing_machine,mesin cuci,function,3.0620064735412598,0.9673604369163513,2.0946459770202637
classic::ward_fused::k24,14,142,display,televisi dan monitor,function,2.3387739658355713,0.6712077856063843,1.667566180229187
classic::ward_fused::k24,15,106,audio,perangkat audio,function,3.3344626426696777,0.5552988052368164,2.7791638374328613
classic::ward_fused::k24,16,254,printer,printer dan mesin fotokopi,function,3.0848777294158936,0.6421652436256409,2.4427125453948975
classic::ward_fused::k24,17,82,electronic_component,komponen elektronik,function,2.0007166862487793,0.3589337468147278,1.6417829990386963
classic::ward_fused::k24,18,76,washing_machine,mesin cuci,function,2.9480109214782715,0.9577783346176147,1.9902325868606567
classic::ward_fused::k24,19,71,battery,baterai dan aki,function,0.906374990940094,0.3754395842552185,0.5309354066848755
classic::ward_fused::k24,20,61,desktop,komputer desktop,function,1.8451021909713745,1.4230116605758667,0.4220905303955078
classic::ward_fused::k24,21,54,laptop,laptop,function,2.858337163925171,0.5946757197380066,2.2636613845825195
classic::ward_fused::k24,22,47,phone_tablet,ponsel dan tablet,function,2.239204168319702,1.1733635663986206,1.0658406019210815
classic::ward_fused::k24,23,87,input_peripheral,perangkat input komputer,function,1.8986097574234009,1.7120543718338013,0.1865553855895996
classic::ward_fused::k22,0,458,phone_tablet,ponsel dan tablet,function,2.2536256313323975,0.5925084352493286,1.6611171960830688
classic::ward_fused::k22,1,273,input_peripheral,perangkat input komputer,function,1.8232167959213257,1.1724803447723389,0.6507364511489868
classic::ward_fused::k22,2,88,battery,baterai dan aki,function,3.7843008041381836,0.8046364188194275,2.9796643257141113
classic::ward_fused::k22,3,113,camera,kamera,function,1.3742769956588745,0.7359554171562195,0.638321578502655
classic::ward_fused::k22,4,211,display,televisi dan monitor,function,0.4173705577850342,0.34205782413482666,0.07531273365020752
classic::ward_fused::k22,5,131,display,televisi dan monitor,function,2.5835349559783936,0.6127211451530457,1.9708137512207031
classic::ward_fused::k22,6,146,laptop,laptop,function,2.8362667560577393,0.7244962453842163,2.1117706298828125
classic::ward_fused::k22,7,116,battery,baterai dan aki,function,3.1099741458892822,1.0759962797164917,2.03397798538208
classic::ward_fused::k22,8,231,cooking_appliance,peralatan memasak listrik,function,2.9628729820251465,0.6262613534927368,2.336611747741699
classic::ward_fused::k22,9,127,audio,perangkat audio,function,2.898021936416626,0.8095529675483704,2.0884690284729004
classic::ward_fused::k22,10,244,electronic_component,komponen elektronik,function,2.601522922515869,0.3288023769855499,2.2727205753326416
classic::ward_fused::k22,11,293,input_peripheral,perangkat input komputer,function,2.122650384902954,0.71100252866745,1.4116477966308594
classic::ward_fused::k22,12,119,desktop,komputer desktop,function,2.431831121444702,1.6201692819595337,0.8116618394851685
classic::ward_fused::k22,13,183,washing_machine,mesin cuci,function,3.0620064735412598,0.9673604369163513,2.0946459770202637
classic::ward_fused::k22,14,142,display,televisi dan monitor,function,2.3387739658355713,0.6712077856063843,1.667566180229187
classic::ward_fused::k22,15,106,audio,perangkat audio,function,3.3344626426696777,0.5552988052368164,2.7791638374328613
classic::ward_fused::k22,16,254,printer,printer dan mesin fotokopi,function,3.0848777294158936,0.6421652436256409,2.4427125453948975
classic::ward_fused::k22,17,82,electronic_component,komponen elektronik,function,2.0007166862487793,0.3589337468147278,1.6417829990386963
classic::ward_fused::k22,18,76,washing_machine,mesin cuci,function,2.9480109214782715,0.9577783346176147,1.9902325868606567
classic::ward_fused::k22,19,71,battery,baterai dan aki,function,0.906374990940094,0.3754395842552185,0.5309354066848755
classic::ward_fused::k22,20,61,desktop,komputer desktop,function,1.8451021909713745,1.4230116605758667,0.4220905303955078
classic::ward_fused::k22,21,54,laptop,laptop,function,2.858337163925171,0.5946757197380066,2.2636613845825195
classic::ward_fused::k20,0,272,desktop,komputer desktop,function,0.6791377067565918,0.6428999900817871,0.03623771667480469
classic::ward_fused::k20,1,200,laptop,laptop,function,2.842226028442383,0.689444899559021,2.1527810096740723
classic::ward_fused::k20,2,458,phone_tablet,ponsel dan tablet,function,2.2536256313323975,0.5925084352493286,1.6611171960830688
classic::ward_fused::k20,3,113,camera,kamera,function,1.3742769956588745,0.7359554171562195,0.638321578502655
classic::ward_fused::k20,4,273,input_peripheral,perangkat input komputer,function,1.8232167959213257,1.1724803447723389,0.6507364511489868
classic::ward_fused::k20,5,131,display,televisi dan monitor,function,2.5835349559783936,0.6127211451530457,1.9708137512207031
classic::ward_fused::k20,6,88,battery,baterai dan aki,function,3.7843008041381836,0.8046364188194275,2.9796643257141113
classic::ward_fused::k20,7,116,battery,baterai dan aki,function,3.1099741458892822,1.0759962797164917,2.03397798538208
classic::ward_fused::k20,8,231,cooking_appliance,peralatan memasak listrik,function,2.9628729820251465,0.6262613534927368,2.336611747741699
classic::ward_fused::k20,9,127,audio,perangkat audio,function,2.898021936416626,0.8095529675483704,2.0884690284729004
classic::ward_fused::k20,10,244,electronic_component,komponen elektronik,function,2.601522922515869,0.3288023769855499,2.2727205753326416
classic::ward_fused::k20,11,293,input_peripheral,perangkat input komputer,function,2.122650384902954,0.71100252866745,1.4116477966308594
classic::ward_fused::k20,12,119,desktop,komputer desktop,function,2.431831121444702,1.6201692819595337,0.8116618394851685
classic::ward_fused::k20,13,183,washing_machine,mesin cuci,function,3.0620064735412598,0.9673604369163513,2.0946459770202637
classic::ward_fused::k20,14,142,display,televisi dan monitor,function,2.3387739658355713,0.6712077856063843,1.667566180229187
classic::ward_fused::k20,15,106,audio,perangkat audio,function,3.3344626426696777,0.5552988052368164,2.7791638374328613
classic::ward_fused::k20,16,254,printer,printer dan mesin fotokopi,function,3.0848777294158936,0.6421652436256409,2.4427125453948975
classic::ward_fused::k20,17,82,electronic_component,komponen elektronik,function,2.0007166862487793,0.3589337468147278,1.6417829990386963
classic::ward_fused::k20,18,76,washing_machine,mesin cuci,function,2.9480109214782715,0.9577783346176147,1.9902325868606567
classic::ward_fused::k20,19,71,battery,baterai dan aki,function,0.906374990940094,0.3754395842552185,0.5309354066848755
classic::ward_fused::k18,0,259,washing_machine,mesin cuci,function,3.0285558700561523,0.9645489454269409,2.064006805419922
classic::ward_fused::k18,1,272,desktop,komputer desktop,function,0.6791377067565918,0.6428999900817871,0.03623771667480469
classic::ward_fused::k18,2,184,camera,kamera,function,0.9117806553840637,0.5717928409576416,0.3399878144264221
classic::ward_fused::k18,3,200,laptop,laptop,function,2.842226028442383,0.689444899559021,2.1527810096740723
classic::ward_fused::k18,4,273,input_peripheral,perangkat input komputer,function,1.8232167959213257,1.1724803447723389,0.6507364511489868
classic::ward_fused::k18,5,131,display,televisi dan monitor,function,2.5835349559783936,0.6127211451530457,1.9708137512207031
classic::ward_fused::k18,6,458,phone_tablet,ponsel dan tablet,function,2.2536256313323975,0.5925084352493286,1.6611171960830688
classic::ward_fused::k18,7,116,battery,baterai dan aki,function,3.1099741458892822,1.0759962797164917,2.03397798538208
classic::ward_fused::k18,8,231,cooking_appliance,peralatan memasak listrik,function,2.9628729820251465,0.6262613534927368,2.336611747741699
classic::ward_fused::k18,9,127,audio,perangkat audio,function,2.898021936416626,0.8095529675483704,2.0884690284729004
classic::ward_fused::k18,10,244,electronic_component,komponen elektronik,function,2.601522922515869,0.3288023769855499,2.2727205753326416
classic::ward_fused::k18,11,293,input_peripheral,perangkat input komputer,function,2.122650384902954,0.71100252866745,1.4116477966308594
classic::ward_fused::k18,12,119,desktop,komputer desktop,function,2.431831121444702,1.6201692819595337,0.8116618394851685
classic::ward_fused::k18,13,88,battery,baterai dan aki,function,3.7843008041381836,0.8046364188194275,2.9796643257141113
classic::ward_fused::k18,14,142,display,televisi dan monitor,function,2.3387739658355713,0.6712077856063843,1.667566180229187
classic::ward_fused::k18,15,106,audio,perangkat audio,function,3.3344626426696777,0.5552988052368164,2.7791638374328613
classic::ward_fused::k18,16,254,printer,printer dan mesin fotokopi,function,3.0848777294158936,0.6421652436256409,2.4427125453948975
classic::ward_fused::k18,17,82,electronic_component,komponen elektronik,function,2.0007166862487793,0.3589337468147278,1.6417829990386963
classic::ward_fused::k16,0,204,battery,baterai dan aki,function,3.40086030960083,0.9589393734931946,2.4419209957122803
classic::ward_fused::k16,1,259,washing_machine,mesin cuci,function,3.0285558700561523,0.9645489454269409,2.064006805419922
classic::ward_fused::k16,2,326,electronic_component,komponen elektronik,function,2.450399160385132,0.2327774316072464,2.2176218032836914
classic::ward_fused::k16,3,200,laptop,laptop,function,2.842226028442383,0.689444899559021,2.1527810096740723
classic::ward_fused::k16,4,272,desktop,komputer desktop,function,0.6791377067565918,0.6428999900817871,0.03623771667480469
classic::ward_fused::k16,5,131,display,televisi dan monitor,function,2.5835349559783936,0.6127211451530457,1.9708137512207031
classic::ward_fused::k16,6,184,camera,kamera,function,0.9117806553840637,0.5717928409576416,0.3399878144264221
classic::ward_fused::k16,7,254,printer,printer dan mesin fotokopi,function,3.0848777294158936,0.6421652436256409,2.4427125453948975
classic::ward_fused::k16,8,231,cooking_appliance,peralatan memasak listrik,function,2.9628729820251465,0.6262613534927368,2.336611747741699
classic::ward_fused::k16,9,127,audio,perangkat audio,function,2.898021936416626,0.8095529675483704,2.0884690284729004
classic::ward_fused::k16,10,273,input_peripheral,perangkat input komputer,function,1.8232167959213257,1.1724803447723389,0.6507364511489868
classic::ward_fused::k16,11,293,input_peripheral,perangkat input komputer,function,2.122650384902954,0.71100252866745,1.4116477966308594
classic::ward_fused::k16,12,119,desktop,komputer desktop,function,2.431831121444702,1.6201692819595337,0.8116618394851685
classic::ward_fused::k16,13,458,phone_tablet,ponsel dan tablet,function,2.2536256313323975,0.5925084352493286,1.6611171960830688
classic::ward_fused::k16,14,142,display,televisi dan monitor,function,2.3387739658355713,0.6712077856063843,1.667566180229187
classic::ward_fused::k16,15,106,audio,perangkat audio,function,3.3344626426696777,0.5552988052368164,2.7791638374328613
classic::ward_fused::k14,0,273,display,televisi dan monitor,function,2.456223964691162,0.416013240814209,2.040210723876953
classic::ward_fused::k14,1,204,battery,baterai dan aki,function,3.40086030960083,0.9589393734931946,2.4419209957122803
classic::ward_fused::k14,2,233,audio,perangkat audio,function,3.0965731143951416,0.578955352306366,2.517617702484131
classic::ward_fused::k14,3,200,laptop,laptop,function,2.842226028442383,0.689444899559021,2.1527810096740723
classic::ward_fused::k14,4,259,washing_machine,mesin cuci,function,3.0285558700561523,0.9645489454269409,2.064006805419922
classic::ward_fused::k14,5,326,electronic_component,komponen elektronik,function,2.450399160385132,0.2327774316072464,2.2176218032836914
classic::ward_fused::k14,6,184,camera,kamera,function,0.9117806553840637,0.5717928409576416,0.3399878144264221
classic::ward_fused::k14,7,254,printer,printer dan mesin fotokopi,function,3.0848777294158936,0.6421652436256409,2.4427125453948975
classic::ward_fused::k14,8,231,cooking_appliance,peralatan memasak listrik,function,2.9628729820251465,0.6262613534927368,2.336611747741699
classic::ward_fused::k14,9,272,desktop,komputer desktop,function,0.6791377067565918,0.6428999900817871,0.03623771667480469
classic::ward_fused::k14,10,273,input_peripheral,perangkat input komputer,function,1.8232167959213257,1.1724803447723389,0.6507364511489868
classic::ward_fused::k14,11,293,input_peripheral,perangkat input komputer,function,2.122650384902954,0.71100252866745,1.4116477966308594
classic::ward_fused::k14,12,119,desktop,komputer desktop,function,2.431831121444702,1.6201692819595337,0.8116618394851685
classic::ward_fused::k14,13,458,phone_tablet,ponsel dan tablet,function,2.2536256313323975,0.5925084352493286,1.6611171960830688
classic::ward_fused::k13,0,388,battery,baterai dan aki,function,2.05924129486084,0.6240471601486206,1.4351941347122192
classic::ward_fused::k13,1,273,display,televisi dan monitor,function,2.456223964691162,0.416013240814209,2.040210723876953
classic::ward_fused::k13,2,233,audio,perangkat audio,function,3.0965731143951416,0.578955352306366,2.517617702484131
classic::ward_fused::k13,3,200,laptop,laptop,function,2.842226028442383,0.689444899559021,2.1527810096740723
classic::ward_fused::k13,4,259,washing_machine,mesin cuci,function,3.0285558700561523,0.9645489454269409,2.064006805419922
classic::ward_fused::k13,5,326,electronic_component,komponen elektronik,function,2.450399160385132,0.2327774316072464,2.2176218032836914
classic::ward_fused::k13,6,458,phone_tablet,ponsel dan tablet,function,2.2536256313323975,0.5925084352493286,1.6611171960830688
classic::ward_fused::k13,7,254,printer,printer dan mesin fotokopi,function,3.0848777294158936,0.6421652436256409,2.4427125453948975
classic::ward_fused::k13,8,231,cooking_appliance,peralatan memasak listrik,function,2.9628729820251465,0.6262613534927368,2.336611747741699
classic::ward_fused::k13,9,272,desktop,komputer desktop,function,0.6791377067565918,0.6428999900817871,0.03623771667480469
classic::ward_fused::k13,10,273,input_peripheral,perangkat input komputer,function,1.8232167959213257,1.1724803447723389,0.6507364511489868
classic::ward_fused::k13,11,293,input_peripheral,perangkat input komputer,function,2.122650384902954,0.71100252866745,1.4116477966308594
classic::ward_fused::k13,12,119,desktop,komputer desktop,function,2.431831121444702,1.6201692819595337,0.8116618394851685
classic::ward_fused::k12,0,319,laptop,laptop,function,1.887536883354187,1.339426040649414,0.548110842704773
classic::ward_fused::k12,1,388,battery,baterai dan aki,function,2.05924129486084,0.6240471601486206,1.4351941347122192
classic::ward_fused::k12,2,233,audio,perangkat audio,function,3.0965731143951416,0.578955352306366,2.517617702484131
classic::ward_fused::k12,3,273,display,televisi dan monitor,function,2.456223964691162,0.416013240814209,2.040210723876953
classic::ward_fused::k12,4,259,washing_machine,mesin cuci,function,3.0285558700561523,0.9645489454269409,2.064006805419922
classic::ward_fused::k12,5,326,electronic_component,komponen elektronik,function,2.450399160385132,0.2327774316072464,2.2176218032836914
classic::ward_fused::k12,6,458,phone_tablet,ponsel dan tablet,function,2.2536256313323975,0.5925084352493286,1.6611171960830688
classic::ward_fused::k12,7,254,printer,printer dan mesin fotokopi,function,3.0848777294158936,0.6421652436256409,2.4427125453948975
classic::ward_fused::k12,8,231,cooking_appliance,peralatan memasak listrik,function,2.9628729820251465,0.6262613534927368,2.336611747741699
classic::ward_fused::k12,9,272,desktop,komputer desktop,function,0.6791377067565918,0.6428999900817871,0.03623771667480469
classic::ward_fused::k12,10,273,input_peripheral,perangkat input komputer,function,1.8232167959213257,1.1724803447723389,0.6507364511489868
classic::ward_fused::k12,11,293,input_peripheral,perangkat input komputer,function,2.122650384902954,0.71100252866745,1.4116477966308594
classic::ward_fused::k11,0,621,audio,perangkat audio,function,1.2121893167495728,1.2035634517669678,0.00862586498260498
classic::ward_fused::k11,1,319,laptop,laptop,function,1.887536883354187,1.339426040649414,0.548110842704773
classic::ward_fused::k11,2,326,electronic_component,komponen elektronik,function,2.450399160385132,0.2327774316072464,2.2176218032836914
classic::ward_fused::k11,3,273,display,televisi dan monitor,function,2.456223964691162,0.416013240814209,2.040210723876953
classic::ward_fused::k11,4,259,washing_machine,mesin cuci,function,3.0285558700561523,0.9645489454269409,2.064006805419922
classic::ward_fused::k11,5,293,input_peripheral,perangkat input komputer,function,2.122650384902954,0.71100252866745,1.4116477966308594
classic::ward_fused::k11,6,458,phone_tablet,ponsel dan tablet,function,2.2536256313323975,0.5925084352493286,1.6611171960830688
classic::ward_fused::k11,7,254,printer,printer dan mesin fotokopi,function,3.0848777294158936,0.6421652436256409,2.4427125453948975
classic::ward_fused::k11,8,231,cooking_appliance,peralatan memasak listrik,function,2.9628729820251465,0.6262613534927368,2.336611747741699
classic::ward_fused::k11,9,272,desktop,komputer desktop,function,0.6791377067565918,0.6428999900817871,0.03623771667480469
classic::ward_fused::k11,10,273,input_peripheral,perangkat input komputer,function,1.8232167959213257,1.1724803447723389,0.6507364511489868
classic::ward_fused::k10,0,592,laptop,laptop,function,1.3924933671951294,1.2624388933181763,0.13005447387695312
classic::ward_fused::k10,1,621,audio,perangkat audio,function,1.2121893167495728,1.2035634517669678,0.00862586498260498
classic::ward_fused::k10,2,326,electronic_component,komponen elektronik,function,2.450399160385132,0.2327774316072464,2.2176218032836914
classic::ward_fused::k10,3,273,display,televisi dan monitor,function,2.456223964691162,0.416013240814209,2.040210723876953
classic::ward_fused::k10,4,259,washing_machine,mesin cuci,function,3.0285558700561523,0.9645489454269409,2.064006805419922
classic::ward_fused::k10,5,293,input_peripheral,perangkat input komputer,function,2.122650384902954,0.71100252866745,1.4116477966308594
classic::ward_fused::k10,6,458,phone_tablet,ponsel dan tablet,function,2.2536256313323975,0.5925084352493286,1.6611171960830688
classic::ward_fused::k10,7,254,printer,printer dan mesin fotokopi,function,3.0848777294158936,0.6421652436256409,2.4427125453948975
classic::ward_fused::k10,8,231,cooking_appliance,peralatan memasak listrik,function,2.9628729820251465,0.6262613534927368,2.336611747741699
classic::ward_fused::k10,9,272,desktop,komputer desktop,function,0.6791377067565918,0.6428999900817871,0.03623771667480469
classic::ward_fused::k8,0,490,cooking_appliance,peralatan memasak listrik,function,1.9066160917282104,1.8960460424423218,0.010570049285888672
classic::ward_fused::k8,1,545,display,televisi dan monitor,function,1.5512267351150513,0.5473341345787048,1.0038926601409912
classic::ward_fused::k8,2,326,electronic_component,komponen elektronik,function,2.450399160385132,0.2327774316072464,2.2176218032836914
classic::ward_fused::k8,3,621,audio,perangkat audio,function,1.2121893167495728,1.2035634517669678,0.00862586498260498
classic::ward_fused::k8,4,592,laptop,laptop,function,1.3924933671951294,1.2624388933181763,0.13005447387695312
classic::ward_fused::k8,5,293,input_peripheral,perangkat input komputer,function,2.122650384902954,0.71100252866745,1.4116477966308594
classic::ward_fused::k8,6,458,phone_tablet,ponsel dan tablet,function,2.2536256313323975,0.5925084352493286,1.6611171960830688
classic::ward_fused::k8,7,254,printer,printer dan mesin fotokopi,function,3.0848777294158936,0.6421652436256409,2.4427125453948975
classic::ward_fused::k6,0,871,display,televisi dan monitor,function,0.9147503972053528,0.6701129078865051,0.24463748931884766
classic::ward_fused::k6,1,875,printer,printer dan mesin fotokopi,function,0.8034883737564087,0.710295557975769,0.09319281578063965
classic::ward_fused::k6,2,458,phone_tablet,ponsel dan tablet,function,2.2536256313323975,0.5925084352493286,1.6611171960830688
classic::ward_fused::k6,3,490,cooking_appliance,peralatan memasak listrik,function,1.9066160917282104,1.8960460424423218,0.010570049285888672
classic::ward_fused::k6,4,592,laptop,laptop,function,1.3924933671951294,1.2624388933181763,0.13005447387695312
classic::ward_fused::k6,5,293,input_peripheral,perangkat input komputer,function,2.122650384902954,0.71100252866745,1.4116477966308594
classic::ward_fused::k4,0,1746,electronic_component,komponen elektronik,function,0.3441137671470642,0.29534366726875305,0.04877009987831116
classic::ward_fused::k4,1,885,input_peripheral,perangkat input komputer,function,1.3622442483901978,1.079872727394104,0.28237152099609375
classic::ward_fused::k4,2,458,phone_tablet,ponsel dan tablet,function,2.2536256313323975,0.5925084352493286,1.6611171960830688
classic::ward_fused::k4,3,490,cooking_appliance,peralatan memasak listrik,function,1.9066160917282104,1.8960460424423218,0.010570049285888672
classic::kmedoids_pam_fused::k24,0,231,phone_tablet,ponsel dan tablet,function,2.2266483306884766,0.6629892587661743,1.5636590719223022
classic::kmedoids_pam_fused::k24,1,124,audio,perangkat audio,function,3.1653025150299072,0.542089581489563,2.6232128143310547
classic::kmedoids_pam_fused::k24,2,130,display,televisi dan monitor,function,2.5703837871551514,0.6189160346984863,1.951467752456665
classic::kmedoids_pam_fused::k24,3,150,printer,printer dan mesin fotokopi,function,3.125056743621826,0.3187274932861328,2.8063292503356934
classic::kmedoids_pam_fused::k24,4,135,battery,baterai dan aki,function,2.8272879123687744,0.9270191788673401,1.900268793106079
classic::kmedoids_pam_fused::k24,5,238,phone_tablet,ponsel dan tablet,function,2.2340967655181885,0.5401978492736816,1.6938989162445068
classic::kmedoids_pam_fused::k24,6,204,laptop,laptop,function,2.868703842163086,0.6914703249931335,2.1772334575653076
classic::kmedoids_pam_fused::k24,7,149,display,televisi dan monitor,function,2.302385091781616,0.6586271524429321,1.643757939338684
classic::kmedoids_pam_fused::k24,8,117,audio,perangkat audio,function,2.8890273571014404,0.9672361016273499,1.9217913150787354
classic::kmedoids_pam_fused::k24,9,166,input_peripheral,perangkat input komputer,function,2.1962218284606934,0.5528375506401062,1.6433842182159424
classic::kmedoids_pam_fused::k24,10,184,washing_machine,mesin cuci,function,3.0391879081726074,0.9759864211082458,2.063201427459717
classic::kmedoids_pam_fused::k24,11,62,battery,baterai dan aki,function,3.194384813308716,1.6477710008621216,1.5466138124465942
classic::kmedoids_pam_fused::k24,12,108,printer,printer dan mesin fotokopi,function,2.9744882583618164,1.187817096710205,1.7866711616516113
classic::kmedoids_pam_fused::k24,13,48,battery,baterai dan aki,function,3.8367998600006104,0.7176283001899719,3.119171619415283
classic::kmedoids_pam_fused::k24,14,100,washing_machine,mesin cuci,function,2.669797420501709,0.9936245083808899,1.6761729717254639
classic::kmedoids_pam_fused::k24,15,251,display,televisi dan monitor,function,0.5883557200431824,0.4911872148513794,0.09716850519180298
classic::kmedoids_pam_fused::k24,16,234,cooking_appliance,peralatan memasak listrik,function,2.9400041103363037,0.6141419410705566,2.325862169265747
classic::kmedoids_pam_fused::k24,17,158,input_peripheral,perangkat input komputer,function,1.8758701086044312,0.9074479341506958,0.9684221744537354
classic::kmedoids_pam_fused::k24,18,148,electronic_component,komponen elektronik,function,1.6915258169174194,0.5696536302566528,1.1218721866607666
classic::kmedoids_pam_fused::k24,19,125,desktop,komputer desktop,function,2.379945993423462,1.7713927030563354,0.6085532903671265
classic::kmedoids_pam_fused::k24,20,130,input_peripheral,perangkat input komputer,function,1.9974757432937622,0.9035942554473877,1.0938814878463745
classic::kmedoids_pam_fused::k24,21,45,camera,kamera,function,0.8039604425430298,0.5668209791183472,0.23713946342468262
classic::kmedoids_pam_fused::k24,22,222,electronic_component,komponen elektronik,function,2.623262882232666,0.38394033908843994,2.2393226623535156
classic::kmedoids_pam_fused::k24,23,120,input_peripheral,perangkat input komputer,function,1.7447669506072998,1.680981159210205,0.06378579139709473
classic::kmedoids_pam_fused::k22,0,232,phone_tablet,ponsel dan tablet,function,2.2170586585998535,0.6984565854072571,1.5186021327972412
classic::kmedoids_pam_fused::k22,1,117,battery,baterai dan aki,function,3.2949702739715576,1.2344754934310913,2.060494899749756
classic::kmedoids_pam_fused::k22,2,120,audio,perangkat audio,function,2.8331305980682373,1.075709581375122,1.7574210166931152
classic::kmedoids_pam_fused::k22,3,51,battery,baterai dan aki,function,3.803804636001587,0.7082669734954834,3.0955376625061035
classic::kmedoids_pam_fused::k22,4,234,cooking_appliance,peralatan memasak listrik,function,2.9400041103363037,0.6141419410705566,2.325862169265747
classic::kmedoids_pam_fused::k22,5,238,phone_tablet,ponsel dan tablet,function,2.2340967655181885,0.5401978492736816,1.6938989162445068
classic::kmedoids_pam_fused::k22,6,184,washing_machine,mesin cuci,function,3.0391879081726074,0.9759864211082458,2.063201427459717
classic::kmedoids_pam_fused::k22,7,120,input_peripheral,perangkat input komputer,function,1.7447669506072998,1.680981159210205,0.06378579139709473
classic::kmedoids_pam_fused::k22,8,125,desktop,komputer desktop,function,2.379945993423462,1.7713927030563354,0.6085532903671265
classic::kmedoids_pam_fused::k22,9,294,input_peripheral,perangkat input komputer,function,2.119858503341675,0.7073773741722107,1.4124810695648193
classic::kmedoids_pam_fused::k22,10,149,display,televisi dan monitor,function,2.302385091781616,0.6586271524429321,1.643757939338684
classic::kmedoids_pam_fused::k22,11,49,camera,kamera,function,1.08011794090271,0.5487633347511292,0.5313546061515808
classic::kmedoids_pam_fused::k22,12,224,electronic_component,komponen elektronik,function,2.6160504817962646,0.39620277285575867,2.2198476791381836
classic::kmedoids_pam_fused::k22,13,102,washing_machine,mesin cuci,function,2.6367976665496826,0.9880542159080505,1.6487433910369873
classic::kmedoids_pam_fused::k22,14,158,input_peripheral,perangkat input komputer,function,1.8758701086044312,0.9074479341506958,0.9684221744537354
classic::kmedoids_pam_fused::k22,15,125,audio,perangkat audio,function,3.1507668495178223,0.5423933863639832,2.6083734035491943
classic::kmedoids_pam_fused::k22,16,148,electronic_component,komponen elektronik,function,1.6915258169174194,0.5696536302566528,1.1218721866607666
classic::kmedoids_pam_fused::k22,17,204,laptop,laptop,function,2.868703842163086,0.6914703249931335,2.1772334575653076
classic::kmedoids_pam_fused::k22,18,130,display,televisi dan monitor,function,2.5703837871551514,0.6189160346984863,1.951467752456665
classic::kmedoids_pam_fused::k22,19,69,battery,baterai dan aki,function,2.5846354961395264,1.5896161794662476,0.9950193166732788
classic::kmedoids_pam_fused::k22,20,255,printer,printer dan mesin fotokopi,function,3.0783581733703613,0.6418668031692505,2.4364914894104004
classic::kmedoids_pam_fused::k22,21,251,display,televisi dan monitor,function,0.5883557200431824,0.4911872148513794,0.09716850519180298
classic::kmedoids_pam_fused::k20,0,126,desktop,komputer desktop,function,2.359388589859009,1.7553012371063232,0.6040873527526855
classic::kmedoids_pam_fused::k20,1,170,battery,baterai dan aki,function,3.054882526397705,0.9504808187484741,2.1044015884399414
classic::kmedoids_pam_fused::k20,2,103,washing_machine,mesin cuci,function,2.623854875564575,0.98955899477005,1.63429594039917
classic::kmedoids_pam_fused::k20,3,232,phone_tablet,ponsel dan tablet,function,2.2170586585998535,0.6984565854072571,1.5186021327972412
classic::kmedoids_pam_fused::k20,4,128,audio,perangkat audio,function,3.104478120803833,0.5289539098739624,2.57552433013916
classic::kmedoids_pam_fused::k20,5,240,phone_tablet,ponsel dan tablet,function,2.2142140865325928,0.542913019657135,1.6713011264801025
classic::kmedoids_pam_fused::k20,6,252,display,televisi dan monitor,function,0.5819517970085144,0.48427775502204895,0.09767404198646545
classic::kmedoids_pam_fused::k20,7,154,display,televisi dan monitor,function,2.2256476879119873,0.6491358280181885,1.5765118598937988
classic::kmedoids_pam_fused::k20,8,204,laptop,laptop,function,2.868703842163086,0.6914703249931335,2.1772334575653076
classic::kmedoids_pam_fused::k20,9,300,input_peripheral,perangkat input komputer,function,2.0741803646087646,0.6759049296379089,1.398275375366211
classic::kmedoids_pam_fused::k20,10,236,cooking_appliance,peralatan memasak listrik,function,2.9359993934631348,0.6155598759651184,2.320439577102661
classic::kmedoids_pam_fused::k20,11,131,display,televisi dan monitor,function,2.5512490272521973,0.611451268196106,1.9397977590560913
classic::kmedoids_pam_fused::k20,12,245,electronic_component,komponen elektronik,function,2.4589879512786865,0.4121789038181305,2.046808958053589
classic::kmedoids_pam_fused::k20,13,158,input_peripheral,perangkat input komputer,function,1.8758701086044312,0.9074479341506958,0.9684221744537354
classic::kmedoids_pam_fused::k20,14,65,battery,baterai dan aki,function,3.670214891433716,0.7414055466651917,2.928809404373169
classic::kmedoids_pam_fused::k20,15,122,input_peripheral,perangkat input komputer,function,1.7590079307556152,1.6792290210723877,0.07977890968322754
classic::kmedoids_pam_fused::k20,16,258,printer,printer dan mesin fotokopi,function,3.045363664627075,0.6397655010223389,2.4055981636047363
classic::kmedoids_pam_fused::k20,17,187,washing_machine,mesin cuci,function,2.998830795288086,0.9683927893638611,2.03043794631958
classic::kmedoids_pam_fused::k20,18,120,audio,perangkat audio,function,2.8331305980682373,1.075709581375122,1.7574210166931152
classic::kmedoids_pam_fused::k20,19,148,electronic_component,komponen elektronik,function,1.6915258169174194,0.5696536302566528,1.1218721866607666
classic::kmedoids_pam_fused::k18,0,212,laptop,laptop,function,2.828073501586914,0.681086540222168,2.146986961364746
classic::kmedoids_pam_fused::k18,1,291,display,televisi dan monitor,function,0.5037183165550232,0.48064151406288147,0.023076802492141724
classic::kmedoids_pam_fused::k18,2,339,electronic_component,komponen elektronik,function,2.3792130947113037,0.2666960060596466,2.1125171184539795
classic::kmedoids_pam_fused::k18,3,467,phone_tablet,ponsel dan tablet,function,2.2236948013305664,0.6048476099967957,1.618847131729126
classic::kmedoids_pam_fused::k18,4,258,printer,printer dan mesin fotokopi,function,3.045363664627075,0.6397655010223389,2.4055981636047363
classic::kmedoids_pam_fused::k18,5,131,display,televisi dan monitor,function,2.5512490272521973,0.611451268196106,1.9397977590560913
classic::kmedoids_pam_fused::k18,6,128,audio,perangkat audio,function,3.1021087169647217,0.5151417851448059,2.5869669914245605
classic::kmedoids_pam_fused::k18,7,121,input_peripheral,perangkat input komputer,function,1.758122444152832,1.680613398551941,0.07750904560089111
classic::kmedoids_pam_fused::k18,8,236,cooking_appliance,peralatan memasak listrik,function,2.9359993934631348,0.6155598759651184,2.320439577102661
classic::kmedoids_pam_fused::k18,9,120,audio,perangkat audio,function,2.8331305980682373,1.075709581375122,1.7574210166931152
classic::kmedoids_pam_fused::k18,10,187,washing_machine,mesin cuci,function,2.998830795288086,0.9683927893638611,2.03043794631958
classic::kmedoids_pam_fused::k18,11,157,display,televisi dan monitor,function,2.1964664459228516,0.6386831402778625,1.5577833652496338
classic::kmedoids_pam_fused::k18,12,172,battery,baterai dan aki,function,3.0232770442962646,0.9454424381256104,2.0778346061706543
classic::kmedoids_pam_fused::k18,13,65,battery,baterai dan aki,function,3.670214891433716,0.7414055466651917,2.928809404373169
classic::kmedoids_pam_fused::k18,14,108,washing_machine,mesin cuci,function,2.526247262954712,0.9723623991012573,1.5538848638534546
classic::kmedoids_pam_fused::k18,15,303,input_peripheral,perangkat input komputer,function,2.0551202297210693,0.6615152359008789,1.3936049938201904
classic::kmedoids_pam_fused::k18,16,159,input_peripheral,perangkat input komputer,function,1.869078278541565,0.9024403691291809,0.966637909412384
classic::kmedoids_pam_fused::k18,17,125,desktop,komputer desktop,function,2.379945993423462,1.7713927030563354,0.6085532903671265
classic::kmedoids_pam_fused::k16,0,292,display,televisi dan monitor,function,0.5026986598968506,0.49008041620254517,0.01261824369430542
classic::kmedoids_pam_fused::k16,1,466,phone_tablet,ponsel dan tablet,function,2.2326860427856445,0.6014440059661865,1.631242036819458
classic::kmedoids_pam_fused::k16,2,339,electronic_component,komponen elektronik,function,2.3817062377929688,0.27073976397514343,2.110966444015503
classic::kmedoids_pam_fused::k16,3,214,laptop,laptop,function,2.816288709640503,0.6827828288078308,2.1335058212280273
classic::kmedoids_pam_fused::k16,4,259,printer,printer dan mesin fotokopi,function,3.0419883728027344,0.6478515863418579,2.394136905670166
classic::kmedoids_pam_fused::k16,5,108,washing_machine,mesin cuci,function,2.526247262954712,0.9723623991012573,1.5538848638534546
classic::kmedoids_pam_fused::k16,6,245,battery,baterai dan aki,function,3.1093575954437256,0.8778924942016602,2.2314651012420654
classic::kmedoids_pam_fused::k16,7,187,washing_machine,mesin cuci,function,2.998830795288086,0.9683927893638611,2.03043794631958
classic::kmedoids_pam_fused::k16,8,236,cooking_appliance,peralatan memasak listrik,function,2.9359993934631348,0.6155598759651184,2.320439577102661
classic::kmedoids_pam_fused::k16,9,137,desktop,komputer desktop,function,2.365389108657837,1.6707379817962646,0.6946511268615723
classic::kmedoids_pam_fused::k16,10,297,input_peripheral,perangkat input komputer,function,2.101048469543457,0.6938474774360657,1.4072010517120361
classic::kmedoids_pam_fused::k16,11,131,display,televisi dan monitor,function,2.5512490272521973,0.611451268196106,1.9397977590560913
classic::kmedoids_pam_fused::k16,12,157,display,televisi dan monitor,function,2.196432590484619,0.6400043964385986,1.5564281940460205
classic::kmedoids_pam_fused::k16,13,127,audio,perangkat audio,function,3.116321325302124,0.5243350863456726,2.5919861793518066
classic::kmedoids_pam_fused::k16,14,121,audio,perangkat audio,function,2.8301947116851807,1.0708085298538208,1.7593861818313599
classic::kmedoids_pam_fused::k16,15,263,input_peripheral,perangkat input komputer,function,1.8569979667663574,1.1880688667297363,0.6689291000366211
classic::kmedoids_pam_fused::k15,0,242,cooking_appliance,peralatan memasak listrik,function,2.9001452922821045,0.6202632784843445,2.2798819541931152
classic::kmedoids_pam_fused::k15,1,466,phone_tablet,ponsel dan tablet,function,2.2326860427856445,0.6014440059661865,1.631242036819458
classic::kmedoids_pam_fused::k15,2,131,display,televisi dan monitor,function,2.5512490272521973,0.611451268196106,1.9397977590560913
classic::kmedoids_pam_fused::k15,3,214,laptop,laptop,function,2.816288709640503,0.6827828288078308,2.1335058212280273
classic::kmedoids_pam_fused::k15,4,245,battery,baterai dan aki,function,3.1093575954437256,0.8778924942016602,2.2314651012420654
classic::kmedoids_pam_fused::k15,5,122,audio,perangkat audio,function,2.8079514503479004,1.0671167373657227,1.7408347129821777
classic::kmedoids_pam_fused::k15,6,159,display,televisi dan monitor,function,2.165231704711914,0.6394186615943909,1.525813102722168
classic::kmedoids_pam_fused::k15,7,132,audio,perangkat audio,function,2.9956281185150146,0.5270431637763977,2.4685850143432617
classic::kmedoids_pam_fused::k15,8,272,washing_machine,mesin cuci,function,2.990055799484253,0.9658398628234863,2.0242159366607666
classic::kmedoids_pam_fused::k15,9,292,display,televisi dan monitor,function,0.5026986598968506,0.49008041620254517,0.01261824369430542
classic::kmedoids_pam_fused::k15,10,298,input_peripheral,perangkat input komputer,function,2.0930211544036865,0.6877697110176086,1.4052515029907227
classic::kmedoids_pam_fused::k15,11,264,printer,printer dan mesin fotokopi,function,2.9979727268218994,0.6767941117286682,2.321178674697876
classic::kmedoids_pam_fused::k15,12,342,electronic_component,komponen elektronik,function,2.363203287124634,0.2741350531578064,2.0890681743621826
classic::kmedoids_pam_fused::k15,13,137,desktop,komputer desktop,function,2.365389108657837,1.6707379817962646,0.6946511268615723
classic::kmedoids_pam_fused::k15,14,263,input_peripheral,perangkat input komputer,function,1.8569979667663574,1.1880688667297363,0.6689291000366211
classic::kmedoids_pam_fused::k14,0,244,cooking_appliance,peralatan memasak listrik,function,2.8933708667755127,0.62261563539505,2.2707552909851074
classic::kmedoids_pam_fused::k14,1,159,display,televisi dan monitor,function,2.165231704711914,0.6394186615943909,1.525813102722168
classic::kmedoids_pam_fused::k14,2,131,display,televisi dan monitor,function,2.5512490272521973,0.611451268196106,1.9397977590560913
classic::kmedoids_pam_fused::k14,3,214,laptop,laptop,function,2.816288709640503,0.6827828288078308,2.1335058212280273
classic::kmedoids_pam_fused::k14,4,466,phone_tablet,ponsel dan tablet,function,2.2326860427856445,0.6014440059661865,1.631242036819458
classic::kmedoids_pam_fused::k14,5,137,desktop,komputer desktop,function,2.365389108657837,1.6707379817962646,0.6946511268615723
classic::kmedoids_pam_fused::k14,6,266,printer,printer dan mesin fotokopi,function,2.9851906299591064,0.7059499621391296,2.279240608215332
classic::kmedoids_pam_fused::k14,7,247,audio,perangkat audio,function,2.996992588043213,0.5670444369316101,2.429948091506958
classic::kmedoids_pam_fused::k14,8,272,washing_machine,mesin cuci,function,2.990055799484253,0.9658398628234863,2.0242159366607666
classic::kmedoids_pam_fused::k14,9,248,battery,baterai dan aki,function,3.0853707790374756,0.8638461828231812,2.221524715423584
classic::kmedoids_pam_fused::k14,10,299,input_peripheral,perangkat input komputer,function,2.0861270427703857,0.6885166168212891,1.3976104259490967
classic::kmedoids_pam_fused::k14,11,263,input_peripheral,perangkat input komputer,function,1.8569979667663574,1.1880688667297363,0.6689291000366211
classic::kmedoids_pam_fused::k14,12,292,display,televisi dan monitor,function,0.4986332356929779,0.4868835508823395,0.011749684810638428
classic::kmedoids_pam_fused::k14,13,341,electronic_component,komponen elektronik,function,2.364788293838501,0.2708616852760315,2.0939266681671143
classic::kmedoids_pam_fused::k13,0,247,cooking_appliance,peralatan memasak listrik,function,2.8679583072662354,0.613883912563324,2.2540743350982666
classic::kmedoids_pam_fused::k13,1,266,printer,printer dan mesin fotokopi,function,2.9851906299591064,0.7059499621391296,2.279240608215332
classic::kmedoids_pam_fused::k13,2,176,desktop,komputer desktop,function,2.008772373199463,1.8942054510116577,0.11456692218780518
classic::kmedoids_pam_fused::k13,3,341,electronic_component,komponen elektronik,function,2.364788293838501,0.2708616852760315,2.0939266681671143
classic::kmedoids_pam_fused::k13,4,248,audio,perangkat audio,function,2.989433765411377,0.5644302368164062,2.4250035285949707
classic::kmedoids_pam_fused::k13,5,466,phone_tablet,ponsel dan tablet,function,2.2326860427856445,0.6014440059661865,1.631242036819458
classic::kmedoids_pam_fused::k13,6,250,battery,baterai dan aki,function,3.0620951652526855,0.855557382106781,2.2065377235412598
classic::kmedoids_pam_fused::k13,7,293,display,televisi dan monitor,function,0.5024053454399109,0.4861655831336975,0.01623976230621338
classic::kmedoids_pam_fused::k13,8,263,input_peripheral,perangkat input komputer,function,1.8569979667663574,1.1880688667297363,0.6689291000366211
classic::kmedoids_pam_fused::k13,9,244,display,televisi dan monitor,function,2.3263137340545654,0.41115063428878784,1.9151630401611328
classic::kmedoids_pam_fused::k13,10,299,input_peripheral,perangkat input komputer,function,2.0861270427703857,0.6885166168212891,1.3976104259490967
classic::kmedoids_pam_fused::k13,11,272,washing_machine,mesin cuci,function,2.985605239868164,0.9638943672180176,2.0217108726501465
classic::kmedoids_pam_fused::k13,12,214,laptop,laptop,function,2.816288709640503,0.6827828288078308,2.1335058212280273
classic::kmedoids_pam_fused::k12,0,247,cooking_appliance,peralatan memasak listrik,function,2.872229814529419,0.6152049899101257,2.2570247650146484
classic::kmedoids_pam_fused::k12,1,267,printer,printer dan mesin fotokopi,function,2.9754862785339355,0.7366069555282593,2.2388792037963867
classic::kmedoids_pam_fused::k12,2,341,electronic_component,komponen elektronik,function,2.364788293838501,0.2708616852760315,2.0939266681671143
classic::kmedoids_pam_fused::k12,3,309,display,televisi dan monitor,function,0.5552421808242798,0.5404312610626221,0.014810919761657715
classic::kmedoids_pam_fused::k12,4,247,audio,perangkat audio,function,2.996992588043213,0.5670444369316101,2.429948091506958
classic::kmedoids_pam_fused::k12,5,468,phone_tablet,ponsel dan tablet,function,2.224203586578369,0.5974496006965637,1.6267540454864502
classic::kmedoids_pam_fused::k12,6,252,battery,baterai dan aki,function,3.0516293048858643,0.8525382280349731,2.1990909576416016
classic::kmedoids_pam_fused::k12,7,305,laptop,laptop,function,2.015029191970825,1.2479225397109985,0.7671066522598267
classic::kmedoids_pam_fused::k12,8,283,input_peripheral,perangkat input komputer,function,1.8015977144241333,1.2807174921035767,0.5208802223205566
classic::kmedoids_pam_fused::k12,9,285,display,televisi dan monitor,function,2.413132667541504,0.419117271900177,1.9940154552459717
classic::kmedoids_pam_fused::k12,10,301,input_peripheral,perangkat input komputer,function,2.0797007083892822,0.6996774673461914,1.3800232410430908
classic::kmedoids_pam_fused::k12,11,274,washing_machine,mesin cuci,function,2.9717798233032227,0.9648595452308655,2.006920337677002
classic::kmedoids_pam_fused::k10,0,513,phone_tablet,ponsel dan tablet,function,2.0720837116241455,0.5299847722053528,1.5420989990234375
classic::kmedoids_pam_fused::k10,1,246,cooking_appliance,peralatan memasak listrik,function,2.874068260192871,0.6150264739990234,2.2590417861938477
classic::kmedoids_pam_fused::k10,2,525,desktop,komputer desktop,function,1.3865017890930176,1.1789627075195312,0.20753908157348633
classic::kmedoids_pam_fused::k10,3,280,printer,printer dan mesin fotokopi,function,2.847569465637207,0.6885144710540771,2.15905499458313
classic::kmedoids_pam_fused::k10,4,253,battery,baterai dan aki,function,3.030838966369629,0.8482908010482788,2.1825480461120605
classic::kmedoids_pam_fused::k10,5,299,input_peripheral,perangkat input komputer,function,2.0879321098327637,0.6880387663841248,1.3998932838439941
classic::kmedoids_pam_fused::k10,6,589,electronic_component,komponen elektronik,function,1.420188069343567,0.14497080445289612,1.2752172946929932
classic::kmedoids_pam_fused::k10,7,251,audio,perangkat audio,function,2.95827579498291,0.5586045980453491,2.3996710777282715
classic::kmedoids_pam_fused::k10,8,350,display,televisi dan monitor,function,2.2585487365722656,0.5563812851905823,1.7021675109863281
classic::kmedoids_pam_fused::k10,9,273,washing_machine,mesin cuci,function,2.980607032775879,0.9649073481559753,2.015699625015259
classic::kmedoids_pam_fused::k8,0,528,desktop,komputer desktop,function,1.3842579126358032,1.17185640335083,0.21240150928497314
classic::kmedoids_pam_fused::k8,1,250,cooking_appliance,peralatan memasak listrik,function,2.8322668075561523,0.6027144193649292,2.2295522689819336
classic::kmedoids_pam_fused::k8,2,313,washing_machine,mesin cuci,function,2.6201233863830566,0.8633140325546265,1.7568093538284302
classic::kmedoids_pam_fused::k8,3,551,printer,printer dan mesin fotokopi,function,1.4612805843353271,0.8212581276893616,0.6400224566459656
classic::kmedoids_pam_fused::k8,4,571,phone_tablet,ponsel dan tablet,function,1.9558488130569458,0.5400441884994507,1.4158046245574951
classic::kmedoids_pam_fused::k8,5,310,input_peripheral,perangkat input komputer,function,2.0054354667663574,0.6312285661697388,1.3742069005966187
classic::kmedoids_pam_fused::k8,6,679,electronic_component,komponen elektronik,function,1.3586597442626953,0.543123185634613,0.8155365586280823
classic::kmedoids_pam_fused::k8,7,377,display,televisi dan monitor,function,2.082064390182495,0.47625213861465454,1.6058123111724854
classic::kmedoids_pam_fused::k6,0,324,washing_machine,mesin cuci,function,2.52941632270813,0.8417618274688721,1.6876544952392578
classic::kmedoids_pam_fused::k6,1,479,cooking_appliance,peralatan memasak listrik,function,1.6229743957519531,1.3631370067596436,0.25983738899230957
classic::kmedoids_pam_fused::k6,2,765,electronic_component,komponen elektronik,function,1.0726896524429321,0.27840977907180786,0.7942798733711243
classic::kmedoids_pam_fused::k6,3,581,printer,printer dan mesin fotokopi,function,1.3784815073013306,0.8080433011054993,0.5704382061958313
classic::kmedoids_pam_fused::k6,4,648,phone_tablet,ponsel dan tablet,function,1.7555203437805176,0.4934954345226288,1.2620248794555664
classic::kmedoids_pam_fused::k6,5,782,input_peripheral,perangkat input komputer,function,1.537590742111206,1.1437689065933228,0.3938218355178833
classic::kmedoids_pam_fused::k4,0,671,phone_tablet,ponsel dan tablet,function,1.6913076639175415,0.5046514272689819,1.1866562366485596
classic::kmedoids_pam_fused::k4,1,825,electronic_component,komponen elektronik,function,1.0489459037780762,0.43057188391685486,0.6183739900588989
classic::kmedoids_pam_fused::k4,2,814,input_peripheral,perangkat input komputer,function,1.4759910106658936,1.1101553440093994,0.36583566665649414
classic::kmedoids_pam_fused::k4,3,1269,cooking_appliance,peralatan memasak listrik,function,0.9079734086990356,0.7190632820129395,0.1889101266860962
classic::kmeans_siglip2::k24,0,87,cooking_appliance,peralatan memasak listrik,function,2.859373092651367,0.7043061256408691,2.155066967010498
classic::kmeans_siglip2::k24,1,197,phone_tablet,ponsel dan tablet,function,2.2554588317871094,0.6599063277244568,1.5955524444580078
classic::kmeans_siglip2::k24,2,143,display,televisi dan monitor,function,1.1378185749053955,0.9067322015762329,0.2310863733291626
classic::kmeans_siglip2::k24,3,126,audio,perangkat audio,function,0.3035789430141449,0.24237367510795593,0.061205267906188965
classic::kmeans_siglip2::k24,4,245,electronic_component,komponen elektronik,function,2.6114447116851807,0.35208845138549805,2.2593562602996826
classic::kmeans_siglip2::k24,5,184,desktop,komputer desktop,function,2.2238376140594482,1.1165707111358643,1.107266902923584
classic::kmeans_siglip2::k24,6,67,battery,baterai dan aki,function,2.616105318069458,1.8320777416229248,0.7840275764465332
classic::kmeans_siglip2::k24,7,136,display,televisi dan monitor,function,2.315829277038574,0.6879887580871582,1.627840518951416
classic::kmeans_siglip2::k24,8,78,washing_machine,mesin cuci,function,2.8253395557403564,0.9932639002799988,1.832075595855713
classic::kmeans_siglip2::k24,9,178,input_peripheral,perangkat input komputer,function,1.9127098321914673,0.9838325381278992,0.9288772940635681
classic::kmeans_siglip2::k24,10,144,cooking_appliance,peralatan memasak listrik,function,3.05412220954895,0.586569607257843,2.467552661895752
classic::kmeans_siglip2::k24,11,189,washing_machine,mesin cuci,function,3.0818560123443604,0.9619026184082031,2.1199533939361572
classic::kmeans_siglip2::k24,12,247,electronic_component,komponen elektronik,function,0.698630154132843,0.29070863127708435,0.40792152285575867
classic::kmeans_siglip2::k24,13,49,camera,kamera,function,0.6745948195457458,0.6140444278717041,0.06055039167404175
classic::kmeans_siglip2::k24,14,251,printer,printer dan mesin fotokopi,function,3.0574145317077637,0.6919451355934143,2.365469455718994
classic::kmeans_siglip2::k24,15,111,input_peripheral,perangkat input komputer,function,2.030986785888672,0.9731191396713257,1.0578676462173462
classic::kmeans_siglip2::k24,16,217,phone_tablet,ponsel dan tablet,function,2.3085832595825195,0.5397391319274902,1.7688441276550293
classic::kmeans_siglip2::k24,17,95,display,televisi dan monitor,function,2.7255802154541016,0.6789809465408325,2.0465993881225586
classic::kmeans_siglip2::k24,18,119,laptop,laptop,function,1.4301238059997559,0.4657157361507416,0.9644080400466919
classic::kmeans_siglip2::k24,19,163,battery,baterai dan aki,function,3.480456829071045,0.9491124749183655,2.531344413757324
classic::kmeans_siglip2::k24,20,179,input_peripheral,perangkat input komputer,function,2.235302209854126,0.6123678088188171,1.622934341430664
classic::kmeans_siglip2::k24,21,103,audio,perangkat audio,function,3.3282010555267334,0.5656720995903015,2.762528896331787
classic::kmeans_siglip2::k24,22,136,laptop,laptop,function,2.940229654312134,0.740851640701294,2.19937801361084
classic::kmeans_siglip2::k24,23,135,audio,perangkat audio,function,2.818669080734253,0.8652509450912476,1.9534181356430054
classic::kmeans_siglip2::k22,0,135,battery,baterai dan aki,function,3.00876784324646,1.017020344734192,1.991747498512268
classic::kmeans_siglip2::k22,1,81,cooking_appliance,peralatan memasak listrik,function,2.8088107109069824,0.7171779870986938,2.091632843017578
classic::kmeans_siglip2::k22,2,353,desktop,komputer desktop,function,0.511193037033081,0.46346959471702576,0.0477234423160553
classic::kmeans_siglip2::k22,3,216,phone_tablet,ponsel dan tablet,function,2.299616575241089,0.5399219393730164,1.7596945762634277
classic::kmeans_siglip2::k22,4,170,washing_machine,mesin cuci,function,3.0922467708587646,0.9671804308891296,2.1250662803649902
classic::kmeans_siglip2::k22,5,247,electronic_component,komponen elektronik,function,2.6239559650421143,0.3413621783256531,2.2825937271118164
classic::kmeans_siglip2::k22,6,159,input_peripheral,perangkat input komputer,function,1.9749044179916382,1.2120171785354614,0.7628872394561768
classic::kmeans_siglip2::k22,7,258,printer,printer dan mesin fotokopi,function,3.0167555809020996,0.6827577352523804,2.3339977264404297
classic::kmeans_siglip2::k22,8,134,audio,perangkat audio,function,0.38825705647468567,0.2344011664390564,0.15385589003562927
classic::kmeans_siglip2::k22,9,136,desktop,komputer desktop,function,2.389338731765747,1.6126108169555664,0.7767279148101807
classic::kmeans_siglip2::k22,10,99,display,televisi dan monitor,function,2.698077917098999,0.6542126536369324,2.043865203857422
classic::kmeans_siglip2::k22,11,237,audio,perangkat audio,function,3.011467695236206,0.5761082768440247,2.435359477996826
classic::kmeans_siglip2::k22,12,141,laptop,laptop,function,2.9583981037139893,0.7490075826644897,2.209390640258789
classic::kmeans_siglip2::k22,13,149,cooking_appliance,peralatan memasak listrik,function,3.057098865509033,0.5841002464294434,2.47299861907959
classic::kmeans_siglip2::k22,14,139,laptop,laptop,function,1.137134313583374,0.5736979842185974,0.5634363293647766
classic::kmeans_siglip2::k22,15,182,input_peripheral,perangkat input komputer,function,2.2415599822998047,0.6204226016998291,1.6211373805999756
classic::kmeans_siglip2::k22,16,196,phone_tablet,ponsel dan tablet,function,2.260219097137451,0.6557892560958862,1.604429841041565
classic::kmeans_siglip2::k22,17,185,input_peripheral,perangkat input komputer,function,1.8949335813522339,0.9744980931282043,0.9204354882240295
classic::kmeans_siglip2::k22,18,92,battery,baterai dan aki,function,3.706740617752075,0.8090755343437195,2.897665023803711
classic::kmeans_siglip2::k22,19,143,display,televisi dan monitor,function,2.287151575088501,0.7008374929428101,1.586314082145691
classic::kmeans_siglip2::k22,20,37,camera,kamera,function,0.7426047921180725,0.645178496837616,0.09742629528045654
classic::kmeans_siglip2::k22,21,90,washing_machine,mesin cuci,function,2.9126203060150146,0.9783462285995483,1.9342740774154663
classic::kmeans_siglip2::k20,0,134,desktop,komputer desktop,function,2.3785157203674316,1.604425311088562,0.7740904092788696
classic::kmeans_siglip2::k20,1,257,printer,printer dan mesin fotokopi,function,3.0143778324127197,0.6753666996955872,2.3390111923217773
classic::kmeans_siglip2::k20,2,404,phone_tablet,ponsel dan tablet,function,2.2859411239624023,0.593227207660675,1.692713975906372
classic::kmeans_siglip2::k20,3,184,input_peripheral,perangkat input komputer,function,1.8948447704315186,0.9716957807540894,0.9231489896774292
classic::kmeans_siglip2::k20,4,111,laptop,laptop,function,1.3223637342453003,0.48437777161598206,0.8379859924316406
classic::kmeans_siglip2::k20,5,258,washing_machine,mesin cuci,function,3.0438804626464844,0.9729664325714111,2.0709140300750732
classic::kmeans_siglip2::k20,6,143,phone_tablet,ponsel dan tablet,function,0.30108192563056946,0.2912397086620331,0.009842216968536377
classic::kmeans_siglip2::k20,7,139,display,televisi dan monitor,function,1.135995626449585,0.8335720896720886,0.30242353677749634
classic::kmeans_siglip2::k20,8,143,display,televisi dan monitor,function,2.265170097351074,0.6628642678260803,1.6023058891296387
classic::kmeans_siglip2::k20,9,191,input_peripheral,perangkat input komputer,function,1.6200631856918335,0.8737916946411133,0.7462714910507202
classic::kmeans_siglip2::k20,10,136,battery,baterai dan aki,function,2.9999380111694336,1.0126538276672363,1.9872841835021973
classic::kmeans_siglip2::k20,11,222,cooking_appliance,peralatan memasak listrik,function,3.0013298988342285,0.6399744153022766,2.3613555431365967
classic::kmeans_siglip2::k20,12,185,input_peripheral,perangkat input komputer,function,2.242464542388916,0.62119460105896,1.621269941329956
classic::kmeans_siglip2::k20,13,257,electronic_component,komponen elektronik,function,0.6511405110359192,0.3117035925388336,0.33943691849708557
classic::kmeans_siglip2::k20,14,103,audio,perangkat audio,function,3.326789379119873,0.5547395348548889,2.772049903869629
classic::kmeans_siglip2::k20,15,247,electronic_component,komponen elektronik,function,2.592186450958252,0.344194233417511,2.2479922771453857
classic::kmeans_siglip2::k20,16,139,audio,perangkat audio,function,2.7568957805633545,0.8743171095848083,1.8825786113739014
classic::kmeans_siglip2::k20,17,92,display,televisi dan monitor,function,2.735405921936035,0.6719925999641418,2.063413381576538
classic::kmeans_siglip2::k20,18,140,laptop,laptop,function,2.937865734100342,0.7385987043380737,2.1992669105529785
classic::kmeans_siglip2::k20,19,94,battery,baterai dan aki,function,3.677903175354004,0.8094232678413391,2.8684799671173096
classic::kmeans_siglip2::k18,0,140,audio,perangkat audio,function,0.3652045726776123,0.2955792546272278,0.06962531805038452
classic::kmeans_siglip2::k18,1,159,laptop,laptop,function,1.0221335887908936,0.4593241512775421,0.5628094673156738
classic::kmeans_siglip2::k18,2,91,washing_machine,mesin cuci,function,2.894939661026001,0.9801561832427979,1.9147834777832031
classic::kmeans_siglip2::k18,3,360,desktop,komputer desktop,function,0.4991714358329773,0.45943087339401245,0.039740562438964844
classic::kmeans_siglip2::k18,4,137,laptop,laptop,function,2.9647912979125977,0.7490307688713074,2.2157604694366455
classic::kmeans_siglip2::k18,5,104,audio,perangkat audio,function,3.2975707054138184,0.5614479780197144,2.7361226081848145
classic::kmeans_siglip2::k18,6,255,printer,printer dan mesin fotokopi,function,3.0357463359832764,0.683344304561615,2.3524019718170166
classic::kmeans_siglip2::k18,7,194,input_peripheral,perangkat input komputer,function,1.5834932327270508,0.9205620884895325,0.6629311442375183
classic::kmeans_siglip2::k18,8,253,electronic_component,komponen elektronik,function,2.5808603763580322,0.35653698444366455,2.224323272705078
classic::kmeans_siglip2::k18,9,404,phone_tablet,ponsel dan tablet,function,2.2859721183776855,0.5871296525001526,1.6988425254821777
classic::kmeans_siglip2::k18,10,125,desktop,komputer desktop,function,2.4482738971710205,1.6942476034164429,0.7540262937545776
classic::kmeans_siglip2::k18,11,227,cooking_appliance,peralatan memasak listrik,function,2.9930710792541504,0.6347692608833313,2.358301877975464
classic::kmeans_siglip2::k18,12,188,input_peripheral,perangkat input komputer,function,2.2346386909484863,0.6230509877204895,1.6115877628326416
classic::kmeans_siglip2::k18,13,182,input_peripheral,perangkat input komputer,function,1.9128772020339966,0.9831531047821045,0.9297240972518921
classic::kmeans_siglip2::k18,14,134,audio,perangkat audio,function,2.838639497756958,0.8548309803009033,1.9838085174560547
classic::kmeans_siglip2::k18,15,229,display,televisi dan monitor,function,2.495664119720459,0.41807907819747925,2.077584981918335
classic::kmeans_siglip2::k18,16,224,battery,baterai dan aki,function,3.2847042083740234,0.9406619071960449,2.3440423011779785
classic::kmeans_siglip2::k18,17,173,washing_machine,mesin cuci,function,3.0846970081329346,0.9632242918014526,2.1214728355407715
classic::kmeans_siglip2::k16,0,358,desktop,komputer desktop,function,0.49307823181152344,0.4513317048549652,0.04174652695655823
classic::kmeans_siglip2::k16,1,247,input_peripheral,perangkat input komputer,function,2.2083401679992676,0.6559301018714905,1.5524101257324219
classic::kmeans_siglip2::k16,2,221,cooking_appliance,peralatan memasak listrik,function,3.0024466514587402,0.6406668424606323,2.3617796897888184
classic::kmeans_siglip2::k16,3,171,audio,perangkat audio,function,0.34852391481399536,0.2679728865623474,0.08055102825164795
classic::kmeans_siglip2::k16,4,404,phone_tablet,ponsel dan tablet,function,2.288759708404541,0.5891703367233276,1.6995893716812134
classic::kmeans_siglip2::k16,5,256,printer,printer dan mesin fotokopi,function,3.033080577850342,0.6823657751083374,2.350714683532715
classic::kmeans_siglip2::k16,6,258,washing_machine,mesin cuci,function,3.0424814224243164,0.9711218476295471,2.071359634399414
classic::kmeans_siglip2::k16,7,184,input_peripheral,perangkat input komputer,function,1.9045804738998413,0.9785889387130737,0.9259915351867676
classic::kmeans_siglip2::k16,8,252,electronic_component,komponen elektronik,function,2.5800535678863525,0.3556036651134491,2.224449872970581
classic::kmeans_siglip2::k16,9,146,display,televisi dan monitor,function,2.29314923286438,0.6732180118560791,1.6199312210083008
classic::kmeans_siglip2::k16,10,139,laptop,laptop,function,2.9303770065307617,0.7336242198944092,2.1967527866363525
classic::kmeans_siglip2::k16,11,144,laptop,laptop,function,1.0069513320922852,0.5827710032463074,0.4241803288459778
classic::kmeans_siglip2::k16,12,225,battery,baterai dan aki,function,3.2822651863098145,0.9401201605796814,2.3421449661254883
classic::kmeans_siglip2::k16,13,232,audio,perangkat audio,function,3.0436503887176514,0.6021857857704163,2.44146466255188
classic::kmeans_siglip2::k16,14,238,desktop,komputer desktop,function,1.8700770139694214,0.8867915272712708,0.9832854866981506
classic::kmeans_siglip2::k16,15,104,display,televisi dan monitor,function,2.652846097946167,0.6803567409515381,1.972489356994629
classic::kmeans_siglip2::k14,0,406,phone_tablet,ponsel dan tablet,function,2.2830827236175537,0.5834604501724243,1.6996222734451294
classic::kmeans_siglip2::k14,1,233,cooking_appliance,peralatan memasak listrik,function,2.9709997177124023,0.6317405700683594,2.339259147644043
classic::kmeans_siglip2::k14,2,263,laptop,laptop,function,0.48364290595054626,0.4369365870952606,0.046706318855285645
classic::kmeans_siglip2::k14,3,224,battery,baterai dan aki,function,3.2793240547180176,0.940001904964447,2.339322090148926
classic::kmeans_siglip2::k14,4,204,input_peripheral,perangkat input komputer,function,1.8118929862976074,0.9151018261909485,0.8967911601066589
classic::kmeans_siglip2::k14,5,250,electronic_component,komponen elektronik,function,2.6041836738586426,0.3414952754974365,2.262688398361206
classic::kmeans_siglip2::k14,6,236,audio,perangkat audio,function,3.0179197788238525,0.5969218015670776,2.4209980964660645
classic::kmeans_siglip2::k14,7,246,desktop,komputer desktop,function,1.8400968313217163,0.8800278902053833,0.960068941116333
classic::kmeans_siglip2::k14,8,263,washing_machine,mesin cuci,function,3.0324947834014893,0.9685054421424866,2.0639894008636475
classic::kmeans_siglip2::k14,9,371,desktop,komputer desktop,function,0.4996536076068878,0.48785409331321716,0.011799514293670654
classic::kmeans_siglip2::k14,10,256,printer,printer dan mesin fotokopi,function,3.0381715297698975,0.6827772259712219,2.3553943634033203
classic::kmeans_siglip2::k14,11,140,laptop,laptop,function,2.929014205932617,0.7304978966712952,2.198516368865967
classic::kmeans_siglip2::k14,12,248,input_peripheral,perangkat input komputer,function,2.202557325363159,0.6470211744308472,1.555536150932312
classic::kmeans_siglip2::k14,13,239,display,televisi dan monitor,function,2.493523597717285,0.41862523555755615,2.0748982429504395
classic::kmeans_siglip2::k12,0,426,desktop,komputer desktop,function,1.3211058378219604,1.23314368724823,0.08796215057373047
classic::kmeans_siglip2::k12,1,306,display,televisi dan monitor,function,2.1278767585754395,0.3787822127342224,1.7490944862365723
classic::kmeans_siglip2::k12,2,225,battery,baterai dan aki,function,3.271742105484009,0.9363780617713928,2.3353641033172607
classic::kmeans_siglip2::k12,3,229,cooking_appliance,peralatan memasak listrik,function,2.9750380516052246,0.6385272741317749,2.33651065826416
classic::kmeans_siglip2::k12,4,272,electronic_component,komponen elektronik,function,2.4958877563476562,0.35473161935806274,2.1411561965942383
classic::kmeans_siglip2::k12,5,436,phone_tablet,ponsel dan tablet,function,2.2650790214538574,0.5942692160606384,1.6708097457885742
classic::kmeans_siglip2::k12,6,257,input_peripheral,perangkat input komputer,function,2.1836400032043457,0.6446312665939331,1.5390087366104126
classic::kmeans_siglip2::k12,7,258,printer,printer dan mesin fotokopi,function,3.021977663040161,0.6787214875221252,2.3432562351226807
classic::kmeans_siglip2::k12,8,455,display,televisi dan monitor,function,0.4282006323337555,0.42498868703842163,0.0032119452953338623
classic::kmeans_siglip2::k12,9,214,input_peripheral,perangkat input komputer,function,1.7763359546661377,0.8982788324356079,0.8780571222305298
classic::kmeans_siglip2::k12,10,238,audio,perangkat audio,function,3.0218875408172607,0.5941481590270996,2.427739381790161
classic::kmeans_siglip2::k12,11,263,washing_machine,mesin cuci,function,3.032460927963257,0.968085765838623,2.064375162124634
classic::kmeans_siglip2::k10,0,227,battery,baterai dan aki,function,3.2637686729431152,0.9354748129844666,2.328293800354004
classic::kmeans_siglip2::k10,1,435,phone_tablet,ponsel dan tablet,function,2.2646484375,0.5934857130050659,1.671162724494934
classic::kmeans_siglip2::k10,2,375,display,televisi dan monitor,function,1.7377439737319946,0.5277436971664429,1.2100002765655518
classic::kmeans_siglip2::k10,3,261,washing_machine,mesin cuci,function,3.0441055297851562,0.9652748703956604,2.0788307189941406
classic::kmeans_siglip2::k10,4,254,printer,printer dan mesin fotokopi,function,3.043876886367798,0.6536467671394348,2.390230178833008
classic::kmeans_siglip2::k10,5,275,electronic_component,komponen elektronik,function,2.498948574066162,0.3385123312473297,2.1604361534118652
classic::kmeans_siglip2::k10,6,453,display,televisi dan monitor,function,0.4300558269023895,0.4184216856956482,0.011634141206741333
classic::kmeans_siglip2::k10,7,466,desktop,komputer desktop,function,1.2699003219604492,1.14229416847229,0.12760615348815918
classic::kmeans_siglip2::k10,8,432,cooking_appliance,peralatan memasak listrik,function,1.6689417362213135,1.4366449117660522,0.23229682445526123
classic::kmeans_siglip2::k10,9,401,input_peripheral,perangkat input komputer,function,2.019838809967041,0.7965117692947388,1.2233270406723022
classic::kmeans_siglip2::k8,0,470,desktop,komputer desktop,function,1.2608935832977295,1.1330193281173706,0.1278742551803589
classic::kmeans_siglip2::k8,1,231,battery,baterai dan aki,function,3.199636220932007,0.9582681655883789,2.241368055343628
classic::kmeans_siglip2::k8,2,505,printer,printer dan mesin fotokopi,function,1.6762043237686157,1.1266118288040161,0.5495924949645996
classic::kmeans_siglip2::k8,3,484,washing_machine,mesin cuci,function,1.9392935037612915,1.8973546028137207,0.0419389009475708
classic::kmeans_siglip2::k8,4,720,electronic_component,komponen elektronik,function,1.0361099243164062,0.17337873578071594,0.8627312183380127
classic::kmeans_siglip2::k8,5,412,input_peripheral,perangkat input komputer,function,1.9811351299285889,0.7690548300743103,1.2120802402496338
classic::kmeans_siglip2::k8,6,437,phone_tablet,ponsel dan tablet,function,2.2642760276794434,0.5949565172195435,1.6693195104599
classic::kmeans_siglip2::k8,7,320,display,televisi dan monitor,function,2.0806941986083984,0.39925554394721985,1.681438684463501
classic::kmeans_siglip2::k6,0,729,electronic_component,komponen elektronik,function,0.955754280090332,0.22940132021903992,0.7263529300689697
classic::kmeans_siglip2::k6,1,489,washing_machine,mesin cuci,function,1.9228941202163696,1.8916574716567993,0.031236648559570312
classic::kmeans_siglip2::k6,2,429,phone_tablet,ponsel dan tablet,function,2.2702434062957764,0.5943824648857117,1.67586088180542
classic::kmeans_siglip2::k6,3,810,printer,printer dan mesin fotokopi,function,0.6880120635032654,0.6649817824363708,0.02303028106689453
classic::kmeans_siglip2::k6,4,629,input_peripheral,perangkat input komputer,function,0.658524751663208,0.6142313480377197,0.04429340362548828
classic::kmeans_siglip2::k6,5,493,desktop,komputer desktop,function,1.2484058141708374,1.0786527395248413,0.1697530746459961
classic::kmeans_siglip2::k4,0,764,electronic_component,komponen elektronik,function,0.9445017576217651,0.2400975525379181,0.7044042348861694
classic::kmeans_siglip2::k4,1,1178,input_peripheral,perangkat input komputer,function,0.48036739230155945,0.46528318524360657,0.01508420705795288
classic::kmeans_siglip2::k4,2,904,phone_tablet,ponsel dan tablet,function,0.9754387736320496,0.5273558497428894,0.44808292388916016
classic::kmeans_siglip2::k4,3,733,cooking_appliance,peralatan memasak listrik,function,1.3976678848266602,1.2424869537353516,0.1551809310913086
classic::kmeans_siglip::k24,0,127,battery,baterai dan aki,function,3.064769983291626,1.046478509902954,2.018291473388672
classic::kmeans_siglip::k24,1,140,audio,perangkat audio,function,0.3429364860057831,0.2637350559234619,0.07920143008232117
classic::kmeans_siglip::k24,2,329,desktop,komputer desktop,function,0.5100849866867065,0.46654850244522095,0.043536484241485596
classic::kmeans_siglip::k24,3,105,input_peripheral,perangkat input komputer,function,1.8081204891204834,1.7796827554702759,0.02843773365020752
classic::kmeans_siglip::k24,4,110,audio,perangkat audio,function,3.190183401107788,0.5081083178520203,2.682075023651123
classic::kmeans_siglip::k24,5,217,cooking_appliance,peralatan memasak listrik,function,3.0105209350585938,0.6286313533782959,2.381889581680298
classic::kmeans_siglip::k24,6,70,washing_machine,mesin cuci,function,2.9485058784484863,0.9669297337532043,1.9815762042999268
classic::kmeans_siglip::k24,7,151,electronic_component,komponen elektronik,function,2.6488728523254395,0.47598645091056824,2.172886371612549
classic::kmeans_siglip::k24,8,407,phone_tablet,ponsel dan tablet,function,2.2833809852600098,0.6026017665863037,1.680779218673706
classic::kmeans_siglip::k24,9,90,printer,printer dan mesin fotokopi,function,1.454836368560791,0.4766775667667389,0.9781588315963745
classic::kmeans_siglip::k24,10,211,printer,printer dan mesin fotokopi,function,3.1857964992523193,0.8393989205360413,2.346397638320923
classic::kmeans_siglip::k24,11,174,input_peripheral,perangkat input komputer,function,2.2478318214416504,0.6061992049217224,1.6416325569152832
classic::kmeans_siglip::k24,12,153,laptop,laptop,function,2.8276970386505127,0.7284662127494812,2.0992307662963867
classic::kmeans_siglip::k24,13,137,display,televisi dan monitor,function,2.336634397506714,0.6563113331794739,1.6803231239318848
classic::kmeans_siglip::k24,14,116,display,televisi dan monitor,function,2.6273863315582275,0.6289343237876892,1.9984519481658936
classic::kmeans_siglip::k24,15,113,desktop,komputer desktop,function,2.4444403648376465,1.8185372352600098,0.6259031295776367
classic::kmeans_siglip::k24,16,159,input_peripheral,perangkat input komputer,function,1.9231623411178589,0.9520962238311768,0.9710661172866821
classic::kmeans_siglip::k24,17,186,washing_machine,mesin cuci,function,3.0833985805511475,0.971844494342804,2.1115541458129883
classic::kmeans_siglip::k24,18,43,washing_machine,mesin cuci,function,0.7023693919181824,0.6708388924598694,0.03153049945831299
classic::kmeans_siglip::k24,19,109,audio,perangkat audio,function,3.02638840675354,0.8158636093139648,2.210524797439575
classic::kmeans_siglip::k24,20,110,input_peripheral,perangkat input komputer,function,1.9990568161010742,0.9263768196105957,1.0726799964904785
classic::kmeans_siglip::k24,21,99,laptop,laptop,function,1.223799467086792,0.6798135638237,0.543985903263092
classic::kmeans_siglip::k24,22,127,electronic_component,komponen elektronik,function,2.346174478530884,0.2605498731136322,2.0856246948242188
classic::kmeans_siglip::k24,23,96,battery,baterai dan aki,function,3.698064088821411,0.8124796748161316,2.8855843544006348
classic::kmeans_siglip::k22,0,222,cooking_appliance,peralatan memasak listrik,function,3.0043184757232666,0.6322146654129028,2.372103691101074
classic::kmeans_siglip::k22,1,283,input_peripheral,perangkat input komputer,function,2.1473500728607178,0.7282785773277283,1.4190714359283447
classic::kmeans_siglip::k22,2,213,phone_tablet,ponsel dan tablet,function,2.2724032402038574,0.6364498734474182,1.635953426361084
classic::kmeans_siglip::k22,3,126,electronic_component,komponen elektronik,function,2.358959436416626,0.24826547503471375,2.11069393157959
classic::kmeans_siglip::k22,4,251,printer,printer dan mesin fotokopi,function,3.065640687942505,0.7207910418510437,2.3448495864868164
classic::kmeans_siglip::k22,5,164,washing_machine,mesin cuci,function,3.0881810188293457,0.9676054120063782,2.1205756664276123
classic::kmeans_siglip::k22,6,136,display,televisi dan monitor,function,2.3391590118408203,0.6556521654129028,1.6835068464279175
classic::kmeans_siglip::k22,7,105,laptop,laptop,function,1.3165079355239868,0.633979082107544,0.6825288534164429
classic::kmeans_siglip::k22,8,334,desktop,komputer desktop,function,0.5077918767929077,0.4635351002216339,0.044256776571273804
classic::kmeans_siglip::k22,9,261,input_peripheral,perangkat input komputer,function,1.8836400508880615,1.2563344240188599,0.6273056268692017
classic::kmeans_siglip::k22,10,155,electronic_component,komponen elektronik,function,2.5963613986968994,0.47805333137512207,2.1183080673217773
classic::kmeans_siglip::k22,11,127,battery,baterai dan aki,function,3.064769983291626,1.046478509902954,2.018291473388672
classic::kmeans_siglip::k22,12,149,laptop,laptop,function,2.828744888305664,0.7413718700408936,2.0873730182647705
classic::kmeans_siglip::k22,13,142,audio,perangkat audio,function,0.3928012549877167,0.13899070024490356,0.2538105547428131
classic::kmeans_siglip::k22,14,117,display,televisi dan monitor,function,2.6209568977355957,0.6281107068061829,1.9928462505340576
classic::kmeans_siglip::k22,15,109,audio,perangkat audio,function,3.2183821201324463,0.5159934163093567,2.7023887634277344
classic::kmeans_siglip::k22,16,117,desktop,komputer desktop,function,2.473191261291504,1.7640215158462524,0.7091697454452515
classic::kmeans_siglip::k22,17,204,phone_tablet,ponsel dan tablet,function,2.2673499584198,0.5316833853721619,1.7356665134429932
classic::kmeans_siglip::k22,18,106,battery,baterai dan aki,function,3.376955509185791,0.7296596765518188,2.6472959518432617
classic::kmeans_siglip::k22,19,124,audio,perangkat audio,function,2.909724712371826,0.7994958758354187,2.1102287769317627
classic::kmeans_siglip::k22,20,92,washing_machine,mesin cuci,function,2.9740869998931885,0.978166401386261,1.9959206581115723
classic::kmeans_siglip::k22,21,42,camera,kamera,function,0.6339794993400574,0.6327860355377197,0.0011934638023376465
classic::kmeans_siglip::k20,0,118,desktop,komputer desktop,function,2.4713900089263916,1.7547060251235962,0.7166839838027954
classic::kmeans_siglip::k20,1,127,audio,perangkat audio,function,0.38347458839416504,0.2061721533536911,0.17730243504047394
classic::kmeans_siglip::k20,2,289,input_peripheral,perangkat input komputer,function,2.134347915649414,0.7210450768470764,1.4133028984069824
classic::kmeans_siglip::k20,3,241,electronic_component,komponen elektronik,function,2.6162045001983643,0.31190255284309387,2.3043019771575928
classic::kmeans_siglip::k20,4,103,laptop,laptop,function,1.6078962087631226,0.5396286845207214,1.068267583847046
classic::kmeans_siglip::k20,5,70,washing_machine,mesin cuci,function,2.9484658241271973,0.9683260321617126,1.9801397323608398
classic::kmeans_siglip::k20,6,127,battery,baterai dan aki,function,3.064769983291626,1.046478509902954,2.018291473388672
classic::kmeans_siglip::k20,7,92,washing_machine,mesin cuci,function,0.9095344543457031,0.7638492584228516,0.14568519592285156
classic::kmeans_siglip::k20,8,138,display,televisi dan monitor,function,2.3396146297454834,0.6580196022987366,1.6815950870513916
classic::kmeans_siglip::k20,9,126,audio,perangkat audio,function,2.923104763031006,0.801816999912262,2.1212878227233887
classic::kmeans_siglip::k20,10,150,laptop,laptop,function,2.8304550647735596,0.7429285645484924,2.087526559829712
classic::kmeans_siglip::k20,11,417,phone_tablet,ponsel dan tablet,function,2.2800564765930176,0.5966312289237976,1.6834251880645752
classic::kmeans_siglip::k20,12,260,input_peripheral,perangkat input komputer,function,1.8859128952026367,1.2607157230377197,0.625197172164917
classic::kmeans_siglip::k20,13,219,cooking_appliance,peralatan memasak listrik,function,3.0161080360412598,0.6286090612411499,2.3874988555908203
classic::kmeans_siglip::k20,14,346,desktop,komputer desktop,function,0.5214287042617798,0.4596765637397766,0.061752140522003174
classic::kmeans_siglip::k20,15,104,audio,perangkat audio,function,3.301691770553589,0.5414297580718994,2.7602620124816895
classic::kmeans_siglip::k20,16,249,printer,printer dan mesin fotokopi,function,3.078108310699463,0.7177345752716064,2.3603737354278564
classic::kmeans_siglip::k20,17,183,washing_machine,mesin cuci,function,3.084571123123169,0.9640068411827087,2.1205642223358154
classic::kmeans_siglip::k20,18,125,display,televisi dan monitor,function,2.611135959625244,0.5886908173561096,2.0224452018737793
classic::kmeans_siglip::k20,19,95,battery,baterai dan aki,function,3.719000816345215,0.8220119476318359,2.896988868713379
classic::kmeans_siglip::k18,0,283,input_peripheral,perangkat input komputer,function,2.153918504714966,0.7274291515350342,1.4264893531799316
classic::kmeans_siglip::k18,1,187,audio,perangkat audio,function,0.3855454623699188,0.2714720070362091,0.11407345533370972
classic::kmeans_siglip::k18,2,351,desktop,komputer desktop,function,0.5002537965774536,0.44398945569992065,0.05626434087753296
classic::kmeans_siglip::k18,3,151,laptop,laptop,function,2.8065524101257324,0.7376829981803894,2.0688693523406982
classic::kmeans_siglip::k18,4,221,cooking_appliance,peralatan memasak listrik,function,3.008220911026001,0.6350469589233398,2.373173952102661
classic::kmeans_siglip::k18,5,136,display,televisi dan monitor,function,2.3562207221984863,0.6604358553886414,1.6957848072052002
classic::kmeans_siglip::k18,6,247,printer,printer dan mesin fotokopi,function,3.099322557449341,0.6956022381782532,2.4037203788757324
classic::kmeans_siglip::k18,7,232,audio,perangkat audio,function,3.0557193756103516,0.5889931321144104,2.466726303100586
classic::kmeans_siglip::k18,8,108,laptop,laptop,function,1.5305304527282715,0.5614838600158691,0.9690465927124023
classic::kmeans_siglip::k18,9,119,desktop,komputer desktop,function,2.4662349224090576,1.7504324913024902,0.7158024311065674
classic::kmeans_siglip::k18,10,214,phone_tablet,ponsel dan tablet,function,2.2781643867492676,0.6291488409042358,1.6490155458450317
classic::kmeans_siglip::k18,11,112,battery,baterai dan aki,function,3.2252297401428223,0.6915401816368103,2.533689498901367
classic::kmeans_siglip::k18,12,127,battery,baterai dan aki,function,3.064769983291626,1.046478509902954,2.018291473388672
classic::kmeans_siglip::k18,13,247,electronic_component,komponen elektronik,function,2.593701124191284,0.3291758596897125,2.2645251750946045
classic::kmeans_siglip::k18,14,261,input_peripheral,perangkat input komputer,function,1.8864972591400146,1.259946584701538,0.6265506744384766
classic::kmeans_siglip::k18,15,255,washing_machine,mesin cuci,function,3.0478060245513916,0.97174072265625,2.0760653018951416
classic::kmeans_siglip::k18,16,206,phone_tablet,ponsel dan tablet,function,2.2553884983062744,0.5312902331352234,1.7240982055664062
classic::kmeans_siglip::k18,17,122,display,televisi dan monitor,function,2.6366469860076904,0.5942049622535706,2.0424420833587646
classic::kmeans_siglip::k16,0,353,desktop,komputer desktop,function,0.49263373017311096,0.4368724822998047,0.055761247873306274
classic::kmeans_siglip::k16,1,416,phone_tablet,ponsel dan tablet,function,2.2798638343811035,0.5953190326690674,1.6845448017120361
classic::kmeans_siglip::k16,2,252,printer,printer dan mesin fotokopi,function,3.0662102699279785,0.7319296002388,2.3342807292938232
classic::kmeans_siglip::k16,3,255,washing_machine,mesin cuci,function,3.0478060245513916,0.97174072265625,2.0760653018951416
classic::kmeans_siglip::k16,4,118,desktop,komputer desktop,function,2.4713900089263916,1.7547060251235962,0.7166839838027954
classic::kmeans_siglip::k16,5,218,battery,baterai dan aki,function,3.3420512676239014,0.9475945234298706,2.3944568634033203
classic::kmeans_siglip::k16,6,233,audio,perangkat audio,function,3.043489933013916,0.5998042225837708,2.44368577003479
classic::kmeans_siglip::k16,7,283,input_peripheral,perangkat input komputer,function,2.153918504714966,0.7274291515350342,1.4264893531799316
classic::kmeans_siglip::k16,8,105,laptop,laptop,function,1.5825475454330444,0.513946533203125,1.0686010122299194
classic::kmeans_siglip::k16,9,136,display,televisi dan monitor,function,2.3562207221984863,0.6604358553886414,1.6957848072052002
classic::kmeans_siglip::k16,10,221,cooking_appliance,peralatan memasak listrik,function,3.008220911026001,0.6350469589233398,2.373173952102661
classic::kmeans_siglip::k16,11,152,laptop,laptop,function,2.8082504272460938,0.7328201532363892,2.075430393218994
classic::kmeans_siglip::k16,12,261,input_peripheral,perangkat input komputer,function,1.8864972591400146,1.259946584701538,0.6265506744384766
classic::kmeans_siglip::k16,13,201,audio,perangkat audio,function,0.3481786549091339,0.2652423083782196,0.0829363465309143
classic::kmeans_siglip::k16,14,125,display,televisi dan monitor,function,2.6156866550445557,0.5886183977127075,2.0270681381225586
classic::kmeans_siglip::k16,15,250,electronic_component,komponen elektronik,function,2.5719778537750244,0.3442307412624359,2.2277472019195557
classic::kmeans_siglip::k14,0,406,desktop,komputer desktop,function,0.4794098436832428,0.4202195107936859,0.059190332889556885
classic::kmeans_siglip::k14,1,176,laptop,laptop,function,2.803365707397461,0.6908740401268005,2.1124916076660156
classic::kmeans_siglip::k14,2,217,battery,baterai dan aki,function,3.3421578407287598,0.9499359130859375,2.3922219276428223
classic::kmeans_siglip::k14,3,250,printer,printer dan mesin fotokopi,function,3.08957576751709,0.7449358105659485,2.344640016555786
classic::kmeans_siglip::k14,4,264,input_peripheral,perangkat input komputer,function,1.876380205154419,1.2526577711105347,0.6237224340438843
classic::kmeans_siglip::k14,5,255,washing_machine,mesin cuci,function,3.0478060245513916,0.97174072265625,2.0760653018951416
classic::kmeans_siglip::k14,6,209,audio,perangkat audio,function,0.321872353553772,0.28634363412857056,0.035528719425201416
classic::kmeans_siglip::k14,7,253,display,televisi dan monitor,function,2.482964277267456,0.39295291900634766,2.0900113582611084
classic::kmeans_siglip::k14,8,284,input_peripheral,perangkat input komputer,function,2.1500983238220215,0.7247759103775024,1.425322413444519
classic::kmeans_siglip::k14,9,223,cooking_appliance,peralatan memasak listrik,function,3.0031051635742188,0.6318960189819336,2.371209144592285
classic::kmeans_siglip::k14,10,260,electronic_component,komponen elektronik,function,2.519534111022949,0.32751744985580444,2.1920166015625
classic::kmeans_siglip::k14,11,427,phone_tablet,ponsel dan tablet,function,2.2878036499023438,0.6046739816665649,1.6831296682357788
classic::kmeans_siglip::k14,12,235,audio,perangkat audio,function,3.021540641784668,0.5945393443107605,2.4270012378692627
classic::kmeans_siglip::k14,13,120,desktop,komputer desktop,function,2.4598548412323,1.7548495531082153,0.7050052881240845
classic::kmeans_siglip::k13,0,224,cooking_appliance,peralatan memasak listrik,function,2.9985108375549316,0.6376948952674866,2.36081600189209
classic::kmeans_siglip::k13,1,258,electronic_component,komponen elektronik,function,2.5199358463287354,0.34588828682899475,2.1740474700927734
classic::kmeans_siglip::k13,2,272,input_peripheral,perangkat input komputer,function,1.8479924201965332,1.2533389329910278,0.5946534872055054
classic::kmeans_siglip::k13,3,205,audio,perangkat audio,function,0.33228829503059387,0.2803395390510559,0.051948755979537964
classic::kmeans_siglip::k13,4,411,desktop,komputer desktop,function,0.4831385910511017,0.4133765995502472,0.06976199150085449
classic::kmeans_siglip::k13,5,428,phone_tablet,ponsel dan tablet,function,2.2831597328186035,0.6013842225074768,1.6817755699157715
classic::kmeans_siglip::k13,6,254,printer,printer dan mesin fotokopi,function,3.061025857925415,0.7207585573196411,2.3402671813964844
classic::kmeans_siglip::k13,7,255,washing_machine,mesin cuci,function,3.0478060245513916,0.97174072265625,2.0760653018951416
classic::kmeans_siglip::k13,8,283,input_peripheral,perangkat input komputer,function,2.153918504714966,0.7274291515350342,1.4264893531799316
classic::kmeans_siglip::k13,9,235,audio,perangkat audio,function,3.021540641784668,0.5945393443107605,2.4270012378692627
classic::kmeans_siglip::k13,10,274,laptop,laptop,function,1.808906078338623,1.4022977352142334,0.40660834312438965
classic::kmeans_siglip::k13,11,262,display,televisi dan monitor,function,2.4699604511260986,0.4438817501068115,2.026078701019287
classic::kmeans_siglip::k13,12,218,battery,baterai dan aki,function,3.3420512676239014,0.9475945234298706,2.3944568634033203
classic::kmeans_siglip::k12,0,293,input_peripheral,perangkat input komputer,function,2.1245555877685547,0.7122918367385864,1.4122637510299683
classic::kmeans_siglip::k12,1,454,phone_tablet,ponsel dan tablet,function,2.240528106689453,0.5876069664955139,1.652921199798584
classic::kmeans_siglip::k12,2,257,printer,printer dan mesin fotokopi,function,3.0430591106414795,0.7129879593849182,2.330071210861206
classic::kmeans_siglip::k12,3,410,desktop,komputer desktop,function,0.4810161590576172,0.4163114130496979,0.06470474600791931
classic::kmeans_siglip::k12,4,236,cooking_appliance,peralatan memasak listrik,function,2.92777419090271,0.6414764523506165,2.2862977981567383
classic::kmeans_siglip::k12,5,265,washing_machine,mesin cuci,function,3.014747381210327,0.9655160903930664,2.0492312908172607
classic::kmeans_siglip::k12,6,288,input_peripheral,perangkat input komputer,function,1.7979791164398193,1.190761685371399,0.6072174310684204
classic::kmeans_siglip::k12,7,288,display,televisi dan monitor,function,2.379026412963867,0.42854154109954834,1.9504848718643188
classic::kmeans_siglip::k12,8,342,electronic_component,komponen elektronik,function,1.985242486000061,0.3603198528289795,1.6249226331710815
classic::kmeans_siglip::k12,9,275,laptop,laptop,function,1.810770869255066,1.3990947008132935,0.41167616844177246
classic::kmeans_siglip::k12,10,228,battery,baterai dan aki,function,3.250967264175415,0.9018562436103821,2.3491110801696777
classic::kmeans_siglip::k12,11,243,audio,perangkat audio,function,2.9944424629211426,0.5861313343048096,2.408311128616333
classic::kmeans_siglip::k11,0,458,phone_tablet,ponsel dan tablet,function,2.235469341278076,0.592250645160675,1.643218755722046
classic::kmeans_siglip::k11,1,266,washing_machine,mesin cuci,function,3.0121452808380127,0.9639267325401306,2.0482184886932373
classic::kmeans_siglip::k11,2,295,input_peripheral,perangkat input komputer,function,2.12498140335083,0.7125709652900696,1.4124104976654053
classic::kmeans_siglip::k11,3,315,electronic_component,komponen elektronik,function,2.174226760864258,0.36956191062927246,1.8046648502349854
classic::kmeans_siglip::k11,4,255,printer,printer dan mesin fotokopi,function,3.0608413219451904,0.7342004776000977,2.3266408443450928
classic::kmeans_siglip::k11,5,420,desktop,komputer desktop,function,0.4716254472732544,0.40575459599494934,0.06587085127830505
classic::kmeans_siglip::k11,6,558,desktop,komputer desktop,function,1.2890088558197021,1.2441588640213013,0.04484999179840088
classic::kmeans_siglip::k11,7,244,audio,perangkat audio,function,2.9876961708068848,0.5848461389541626,2.4028501510620117
classic::kmeans_siglip::k11,8,232,battery,baterai dan aki,function,3.211246967315674,0.8851666450500488,2.326080322265625
classic::kmeans_siglip::k11,9,238,cooking_appliance,peralatan memasak listrik,function,2.9196555614471436,0.6426615118980408,2.276993989944458
classic::kmeans_siglip::k11,10,298,display,televisi dan monitor,function,2.3530125617980957,0.42385172843933105,1.9291608333587646
classic::kmeans_siglip::k10,0,335,electronic_component,komponen elektronik,function,2.0443055629730225,0.3684096932411194,1.6758959293365479
classic::kmeans_siglip::k10,1,244,audio,perangkat audio,function,2.9878509044647217,0.5765273571014404,2.4113235473632812
classic::kmeans_siglip::k10,2,457,phone_tablet,ponsel dan tablet,function,2.232348918914795,0.5864197611808777,1.6459290981292725
classic::kmeans_siglip::k10,3,504,washing_machine,mesin cuci,function,1.8931076526641846,1.8786534070968628,0.014454245567321777
classic::kmeans_siglip::k10,4,567,input_peripheral,perangkat input komputer,function,1.9820177555084229,0.9616991877555847,1.0203185081481934
classic::kmeans_siglip::k10,5,408,desktop,komputer desktop,function,0.4698032736778259,0.41513368487358093,0.054669588804244995
classic::kmeans_siglip::k10,6,231,battery,baterai dan aki,function,3.225820302963257,0.8904852867126465,2.3353350162506104
classic::kmeans_siglip::k10,7,257,printer,printer dan mesin fotokopi,function,3.0427396297454834,0.709938645362854,2.33280086517334
classic::kmeans_siglip::k10,8,289,laptop,laptop,function,1.7917242050170898,1.401991367340088,0.38973283767700195
classic::kmeans_siglip::k10,9,287,display,televisi dan monitor,function,2.3935906887054443,0.420486181974411,1.973104476928711
classic::kmeans_siglip::k8,0,498,printer,printer dan mesin fotokopi,function,1.7125403881072998,1.1760495901107788,0.536490797996521
classic::kmeans_siglip::k8,1,294,display,televisi dan monitor,function,2.3955447673797607,0.4355544149875641,1.959990382194519
classic::kmeans_siglip::k8,2,565,battery,baterai dan aki,function,1.5503809452056885,1.5255062580108643,0.02487468719482422
classic::kmeans_siglip::k8,3,431,desktop,komputer desktop,function,0.4831525981426239,0.3999771773815155,0.0831754207611084
classic::kmeans_siglip::k8,4,294,input_peripheral,perangkat input komputer,function,2.132927179336548,0.7182625532150269,1.414664626121521
classic::kmeans_siglip::k8,5,501,washing_machine,mesin cuci,function,1.8991429805755615,1.8775774240493774,0.021565556526184082
classic::kmeans_siglip::k8,6,545,desktop,komputer desktop,function,1.3190803527832031,1.2835018634796143,0.03557848930358887
classic::kmeans_siglip::k8,7,451,phone_tablet,ponsel dan tablet,function,2.251508951187134,0.5936284065246582,1.6578805446624756
classic::kmeans_siglip::k6,0,571,battery,baterai dan aki,function,1.5353727340698242,1.5107982158660889,0.02457451820373535
classic::kmeans_siglip::k6,1,460,display,televisi dan monitor,function,0.4752722680568695,0.46859413385391235,0.006678134202957153
classic::kmeans_siglip::k6,2,829,input_peripheral,perangkat input komputer,function,1.426853060722351,1.1459248065948486,0.28092825412750244
classic::kmeans_siglip::k6,3,500,printer,printer dan mesin fotokopi,function,1.697487235069275,1.1721440553665161,0.5253431797027588
classic::kmeans_siglip::k6,4,756,cooking_appliance,peralatan memasak listrik,function,1.3622244596481323,1.1968904733657837,0.16533398628234863
classic::kmeans_siglip::k6,5,463,phone_tablet,ponsel dan tablet,function,2.219540596008301,0.5851624608039856,1.63437819480896
classic::kmeans_siglip::k4,0,1431,cooking_appliance,peralatan memasak listrik,function,0.7756360173225403,0.6128476858139038,0.16278833150863647
classic::kmeans_siglip::k4,1,491,phone_tablet,ponsel dan tablet,function,2.1690168380737305,0.5759092569351196,1.5931075811386108
classic::kmeans_siglip::k4,2,925,input_peripheral,perangkat input komputer,function,1.303321123123169,0.9920642971992493,0.3112568259239197
classic::kmeans_siglip::k4,3,732,electronic_component,komponen elektronik,function,0.9954593777656555,0.2341551035642624,0.7613042593002319
classic::kmeans_radio::k24,0,63,phone_tablet,ponsel dan tablet,function,2.1917433738708496,1.0606143474578857,1.1311290264129639
classic::kmeans_radio::k24,1,222,cooking_appliance,peralatan memasak listrik,function,2.9878687858581543,0.6182976961135864,2.3695712089538574
classic::kmeans_radio::k24,2,243,input_peripheral,perangkat input komputer,function,1.9292587041854858,1.2061543464660645,0.7231043577194214
classic::kmeans_radio::k24,3,198,electronic_component,komponen elektronik,function,2.6621851921081543,0.3879169225692749,2.27426815032959
classic::kmeans_radio::k24,4,121,desktop,komputer desktop,function,1.2353816032409668,1.0447710752487183,0.19061052799224854
classic::kmeans_radio::k24,5,56,camera,kamera,function,2.023815631866455,0.49341514706611633,1.5304005146026611
classic::kmeans_radio::k24,6,213,printer,printer dan mesin fotokopi,function,3.2018203735351562,0.7435382008552551,2.458282232284546
classic::kmeans_radio::k24,7,136,display,televisi dan monitor,function,2.544724941253662,0.6479907035827637,1.8967342376708984
classic::kmeans_radio::k24,8,169,washing_machine,mesin cuci,function,3.0549027919769287,0.9607980847358704,2.094104766845703
classic::kmeans_radio::k24,9,84,laptop,laptop,function,2.5105297565460205,0.6044252514839172,1.906104564666748
classic::kmeans_radio::k24,10,134,audio,perangkat audio,function,2.870976448059082,0.7931072115898132,2.077869176864624
classic::kmeans_radio::k24,11,386,phone_tablet,ponsel dan tablet,function,2.2850282192230225,0.5370039343833923,1.7480242252349854
classic::kmeans_radio::k24,12,89,battery,baterai dan aki,function,3.8160018920898438,0.8487874865531921,2.967214345932007
classic::kmeans_radio::k24,13,121,electronic_component,komponen elektronik,function,2.2310101985931396,0.45545873045921326,1.775551438331604
classic::kmeans_radio::k24,14,130,desktop,komputer desktop,function,2.454043388366699,1.6437175273895264,0.8103258609771729
classic::kmeans_radio::k24,15,90,washing_machine,mesin cuci,function,2.96686053276062,0.9752281904220581,1.991632342338562
classic::kmeans_radio::k24,16,136,display,televisi dan monitor,function,2.3684375286102295,0.6768227815628052,1.6916147470474243
classic::kmeans_radio::k24,17,77,printer,printer dan mesin fotokopi,function,1.5337259769439697,0.7315247654914856,0.8022012114524841
classic::kmeans_radio::k24,18,152,camera,kamera,function,0.5060585737228394,0.26338469982147217,0.2426738739013672
classic::kmeans_radio::k24,19,97,battery,baterai dan aki,function,0.5495375990867615,0.28740227222442627,0.2621353268623352
classic::kmeans_radio::k24,20,150,laptop,laptop,function,2.915809154510498,0.7255511283874512,2.190258026123047
classic::kmeans_radio::k24,21,106,audio,perangkat audio,function,3.27401065826416,0.5827409029006958,2.691269874572754
classic::kmeans_radio::k24,22,117,battery,baterai dan aki,function,3.0823888778686523,1.0561918020248413,2.0261969566345215
classic::kmeans_radio::k24,23,289,input_peripheral,perangkat input komputer,function,2.1374564170837402,0.7230305671691895,1.4144258499145508
classic::kmeans_radio::k22,0,289,input_peripheral,perangkat input komputer,function,2.135556221008301,0.7261186242103577,1.409437656402588
classic::kmeans_radio::k22,1,368,phone_tablet,ponsel dan tablet,function,2.3078582286834717,0.5202024579048157,1.7876558303833008
classic::kmeans_radio::k22,2,129,printer,printer dan mesin fotokopi,function,3.0699691772460938,0.3013216257095337,2.7686476707458496
classic::kmeans_radio::k22,3,220,electronic_component,komponen elektronik,function,2.6522469520568848,0.4038425385951996,2.2484045028686523
classic::kmeans_radio::k22,4,140,display,televisi dan monitor,function,2.355649709701538,0.6379784345626831,1.717671275138855
classic::kmeans_radio::k22,5,225,cooking_appliance,peralatan memasak listrik,function,2.9839508533477783,0.6247502565383911,2.3592004776000977
classic::kmeans_radio::k22,6,120,battery,baterai dan aki,function,3.0777359008789062,1.0522946119308472,2.0254411697387695
classic::kmeans_radio::k22,7,134,display,televisi dan monitor,function,2.56109356880188,0.6584357023239136,1.9026578664779663
classic::kmeans_radio::k22,8,84,laptop,laptop,function,2.5105297565460205,0.6044252514839172,1.906104564666748
classic::kmeans_radio::k22,9,127,audio,perangkat audio,function,3.1146907806396484,0.5385348200798035,2.5761559009552
classic::kmeans_radio::k22,10,92,washing_machine,mesin cuci,function,2.945589065551758,0.9915313720703125,1.9540576934814453
classic::kmeans_radio::k22,11,249,input_peripheral,perangkat input komputer,function,1.9104235172271729,1.1933722496032715,0.7170512676239014
classic::kmeans_radio::k22,12,169,washing_machine,mesin cuci,function,3.058983325958252,0.9629217982292175,2.0960614681243896
classic::kmeans_radio::k22,13,244,display,televisi dan monitor,function,0.5673143267631531,0.4917677342891693,0.07554659247398376
classic::kmeans_radio::k22,14,120,electronic_component,komponen elektronik,function,1.9288265705108643,0.6063752770423889,1.3224513530731201
classic::kmeans_radio::k22,15,183,camera,kamera,function,0.842108964920044,0.4701312184333801,0.3719777464866638
classic::kmeans_radio::k22,16,86,battery,baterai dan aki,function,3.8312828540802,0.843531608581543,2.9877512454986572
classic::kmeans_radio::k22,17,133,desktop,komputer desktop,function,2.453956127166748,1.638136863708496,0.815819263458252
classic::kmeans_radio::k22,18,84,phone_tablet,ponsel dan tablet,function,2.1029977798461914,0.996918261051178,1.1060795783996582
classic::kmeans_radio::k22,19,151,laptop,laptop,function,2.9079368114471436,0.7212056517601013,2.1867311000823975
classic::kmeans_radio::k22,20,121,printer,printer dan mesin fotokopi,function,3.0986080169677734,1.2742249965667725,1.824383020401001
classic::kmeans_radio::k22,21,111,audio,perangkat audio,function,2.994605541229248,0.8781740069389343,2.116431474685669
classic::kmeans_radio::k20,0,185,camera,kamera,function,0.8416245579719543,0.49214428663253784,0.3494802713394165
classic::kmeans_radio::k20,1,121,phone_tablet,ponsel dan tablet,function,2.1988277435302734,0.5228083729743958,1.6760194301605225
classic::kmeans_radio::k20,2,133,display,televisi dan monitor,function,2.560482978820801,0.6599614024162292,1.9005215167999268
classic::kmeans_radio::k20,3,130,electronic_component,komponen elektronik,function,1.8852425813674927,0.5978543758392334,1.2873882055282593
classic::kmeans_radio::k20,4,250,input_peripheral,perangkat input komputer,function,1.9080091714859009,1.193253755569458,0.7147554159164429
classic::kmeans_radio::k20,5,119,printer,printer dan mesin fotokopi,function,3.106140613555908,1.2851710319519043,1.820969581604004
classic::kmeans_radio::k20,6,225,cooking_appliance,peralatan memasak listrik,function,2.9839508533477783,0.6247502565383911,2.3592004776000977
classic::kmeans_radio::k20,7,119,battery,baterai dan aki,function,3.0745489597320557,1.050944209098816,2.0236048698425293
classic::kmeans_radio::k20,8,289,input_peripheral,perangkat input komputer,function,2.135556221008301,0.7261186242103577,1.409437656402588
classic::kmeans_radio::k20,9,335,phone_tablet,ponsel dan tablet,function,2.2630317211151123,0.6190741062164307,1.6439576148986816
classic::kmeans_radio::k20,10,169,washing_machine,mesin cuci,function,3.058983325958252,0.9629217982292175,2.0960614681243896
classic::kmeans_radio::k20,11,240,audio,perangkat audio,function,3.0467612743377686,0.5641118288040161,2.482649326324463
classic::kmeans_radio::k20,12,140,display,televisi dan monitor,function,2.355649709701538,0.6379784345626831,1.717671275138855
classic::kmeans_radio::k20,13,130,printer,printer dan mesin fotokopi,function,3.081239938735962,0.3045943081378937,2.7766456604003906
classic::kmeans_radio::k20,14,219,electronic_component,komponen elektronik,function,2.6464507579803467,0.40438196063041687,2.2420687675476074
classic::kmeans_radio::k20,15,133,desktop,komputer desktop,function,2.453956127166748,1.638136863708496,0.815819263458252
classic::kmeans_radio::k20,16,207,laptop,laptop,function,2.838604688644409,0.6771430373191833,2.161461591720581
classic::kmeans_radio::k20,17,257,display,televisi dan monitor,function,0.5427876114845276,0.5050177574157715,0.037769854068756104
classic::kmeans_radio::k20,18,87,battery,baterai dan aki,function,3.8269801139831543,0.8477781414985657,2.9792020320892334
classic::kmeans_radio::k20,19,91,washing_machine,mesin cuci,function,2.969721794128418,0.9745553135871887,1.995166540145874
classic::kmeans_radio::k18,0,242,printer,printer dan mesin fotokopi,function,3.1324715614318848,0.6626933813095093,2.469778060913086
classic::kmeans_radio::k18,1,449,phone_tablet,ponsel dan tablet,function,2.2745935916900635,0.6101977229118347,1.664395809173584
classic::kmeans_radio::k18,2,249,input_peripheral,perangkat input komputer,function,1.9104235172271729,1.1933722496032715,0.7170512676239014
classic::kmeans_radio::k18,3,292,desktop,komputer desktop,function,0.5023720264434814,0.4824571907520294,0.019914835691452026
classic::kmeans_radio::k18,4,224,cooking_appliance,peralatan memasak listrik,function,2.9849750995635986,0.6253653764724731,2.359609603881836
classic::kmeans_radio::k18,5,257,washing_machine,mesin cuci,function,3.0332014560699463,0.9652578234672546,2.067943572998047
classic::kmeans_radio::k18,6,141,display,televisi dan monitor,function,2.3553411960601807,0.6328706741333008,1.7224705219268799
classic::kmeans_radio::k18,7,120,battery,baterai dan aki,function,3.0741374492645264,1.0482816696166992,2.025855779647827
classic::kmeans_radio::k18,8,196,camera,kamera,function,0.8200802803039551,0.4243290424346924,0.3957512378692627
classic::kmeans_radio::k18,9,134,display,televisi dan monitor,function,2.56109356880188,0.6584357023239136,1.9026578664779663
classic::kmeans_radio::k18,10,289,input_peripheral,perangkat input komputer,function,2.135556221008301,0.7261186242103577,1.409437656402588
classic::kmeans_radio::k18,11,95,laptop,laptop,function,2.535750150680542,0.5947718024253845,1.9409782886505127
classic::kmeans_radio::k18,12,133,desktop,komputer desktop,function,2.448225259780884,1.6451988220214844,0.8030264377593994
classic::kmeans_radio::k18,13,296,electronic_component,komponen elektronik,function,2.5413894653320312,0.26979273557662964,2.271596670150757
classic::kmeans_radio::k18,14,87,battery,baterai dan aki,function,3.8269801139831543,0.8477781414985657,2.9792020320892334
classic::kmeans_radio::k18,15,138,laptop,laptop,function,2.9239659309387207,0.7521808743476868,2.1717851161956787
classic::kmeans_radio::k18,16,128,audio,perangkat audio,function,3.1061577796936035,0.5383002758026123,2.567857503890991
classic::kmeans_radio::k18,17,109,audio,perangkat audio,function,3.020700216293335,0.8830990791320801,2.137601137161255
classic::kmeans_radio::k16,0,257,washing_machine,mesin cuci,function,3.0332014560699463,0.9652578234672546,2.067943572998047
classic::kmeans_radio::k16,1,301,desktop,komputer desktop,function,0.5076911449432373,0.47222742438316345,0.03546372056007385
classic::kmeans_radio::k16,2,241,audio,perangkat audio,function,3.0431606769561768,0.5627148151397705,2.4804458618164062
classic::kmeans_radio::k16,3,448,phone_tablet,ponsel dan tablet,function,2.275113105773926,0.6114462018013,1.6636669635772705
classic::kmeans_radio::k16,4,289,input_peripheral,perangkat input komputer,function,2.135556221008301,0.7261186242103577,1.409437656402588
classic::kmeans_radio::k16,5,250,input_peripheral,perangkat input komputer,function,1.9080091714859009,1.193253755569458,0.7147554159164429
classic::kmeans_radio::k16,6,192,camera,kamera,function,0.8109162449836731,0.44139623641967773,0.36952000856399536
classic::kmeans_radio::k16,7,133,desktop,komputer desktop,function,2.448225259780884,1.6451988220214844,0.8030264377593994
classic::kmeans_radio::k16,8,135,display,televisi dan monitor,function,2.5564422607421875,0.6534349322319031,1.9030072689056396
classic::kmeans_radio::k16,9,221,laptop,laptop,function,2.81144118309021,0.6742010116577148,2.137240171432495
classic::kmeans_radio::k16,10,120,battery,baterai dan aki,function,3.0741374492645264,1.0482816696166992,2.025855779647827
classic::kmeans_radio::k16,11,224,cooking_appliance,peralatan memasak listrik,function,2.9849750995635986,0.6253653764724731,2.359609603881836
classic::kmeans_radio::k16,12,242,printer,printer dan mesin fotokopi,function,3.1324715614318848,0.6626933813095093,2.469778060913086
classic::kmeans_radio::k16,13,141,display,televisi dan monitor,function,2.3553411960601807,0.6328706741333008,1.7224705219268799
classic::kmeans_radio::k16,14,87,battery,baterai dan aki,function,3.8269801139831543,0.8477781414985657,2.9792020320892334
classic::kmeans_radio::k16,15,298,electronic_component,komponen elektronik,function,2.5323688983917236,0.26667746901512146,2.2656915187835693
classic::kmeans_radio::k14,0,301,desktop,komputer desktop,function,0.5084535479545593,0.46662700176239014,0.04182654619216919
classic::kmeans_radio::k14,1,222,laptop,laptop,function,2.7992069721221924,0.6774556040763855,2.121751308441162
classic::kmeans_radio::k14,2,265,input_peripheral,perangkat input komputer,function,1.8685967922210693,1.265786051750183,0.6028107404708862
classic::kmeans_radio::k14,3,257,washing_machine,mesin cuci,function,3.0332014560699463,0.9652578234672546,2.067943572998047
classic::kmeans_radio::k14,4,225,cooking_appliance,peralatan memasak listrik,function,2.9839508533477783,0.6247502565383911,2.3592004776000977
classic::kmeans_radio::k14,5,208,battery,baterai dan aki,function,3.3856184482574463,0.9536058902740479,2.4320125579833984
classic::kmeans_radio::k14,6,298,electronic_component,komponen elektronik,function,2.5323688983917236,0.26667746901512146,2.2656915187835693
classic::kmeans_radio::k14,7,244,display,televisi dan monitor,function,2.213956832885742,1.5074574947357178,0.7064993381500244
classic::kmeans_radio::k14,8,240,audio,perangkat audio,function,3.0467612743377686,0.5641118288040161,2.482649326324463
classic::kmeans_radio::k14,9,193,camera,kamera,function,0.7906309962272644,0.41507259011268616,0.37555840611457825
classic::kmeans_radio::k14,10,146,display,televisi dan monitor,function,2.3372106552124023,0.6073600649833679,1.7298505306243896
classic::kmeans_radio::k14,11,243,printer,printer dan mesin fotokopi,function,3.1245369911193848,0.6581660509109497,2.4663710594177246
classic::kmeans_radio::k14,12,448,phone_tablet,ponsel dan tablet,function,2.275113105773926,0.6114462018013,1.6636669635772705
classic::kmeans_radio::k14,13,289,input_peripheral,perangkat input komputer,function,2.135556221008301,0.7261186242103577,1.409437656402588
classic::kmeans_radio::k13,0,226,battery,baterai dan aki,function,3.2980687618255615,0.9155361652374268,2.3825325965881348
classic::kmeans_radio::k13,1,229,cooking_appliance,peralatan memasak listrik,function,2.9627280235290527,0.6237658262252808,2.3389620780944824
classic::kmeans_radio::k13,2,458,phone_tablet,ponsel dan tablet,function,2.2495925426483154,0.6088680028915405,1.640724539756775
classic::kmeans_radio::k13,3,291,input_peripheral,perangkat input komputer,function,2.1292715072631836,0.7172582745552063,1.412013292312622
classic::kmeans_radio::k13,4,303,electronic_component,komponen elektronik,function,2.5116233825683594,0.281000018119812,2.230623245239258
classic::kmeans_radio::k13,5,309,desktop,komputer desktop,function,0.486264705657959,0.4494471848011017,0.0368175208568573
classic::kmeans_radio::k13,6,260,washing_machine,mesin cuci,function,3.023801565170288,0.9631712436676025,2.0606303215026855
classic::kmeans_radio::k13,7,268,input_peripheral,perangkat input komputer,function,1.8591657876968384,1.2493804693222046,0.6097853183746338
classic::kmeans_radio::k13,8,247,printer,printer dan mesin fotokopi,function,3.110858917236328,0.6465502381324768,2.464308738708496
classic::kmeans_radio::k13,9,150,display,televisi dan monitor,function,2.315349817276001,0.6003435850143433,1.7150062322616577
classic::kmeans_radio::k13,10,226,laptop,laptop,function,2.7843661308288574,0.6775720119476318,2.1067941188812256
classic::kmeans_radio::k13,11,250,display,televisi dan monitor,function,2.1978719234466553,1.4781718254089355,0.7197000980377197
classic::kmeans_radio::k13,12,362,audio,perangkat audio,function,2.117457628250122,0.6422426104545593,1.475214958190918
classic::kmeans_radio::k12,0,228,laptop,laptop,function,2.7677805423736572,0.6985534429550171,2.0692272186279297
classic::kmeans_radio::k12,1,310,electronic_component,komponen elektronik,function,2.4833455085754395,0.2768089175224304,2.2065365314483643
classic::kmeans_radio::k12,2,293,input_peripheral,perangkat input komputer,function,2.1257166862487793,0.7143540382385254,1.411362648010254
classic::kmeans_radio::k12,3,234,cooking_appliance,peralatan memasak listrik,function,2.9491140842437744,0.6270455718040466,2.322068452835083
classic::kmeans_radio::k12,4,318,battery,baterai dan aki,function,2.477907419204712,0.6758579015731812,1.8020495176315308
classic::kmeans_radio::k12,5,276,input_peripheral,perangkat input komputer,function,1.827963948249817,1.3165702819824219,0.511393666267395
classic::kmeans_radio::k12,6,248,audio,perangkat audio,function,2.992297887802124,0.5618363618850708,2.4304614067077637
classic::kmeans_radio::k12,7,252,printer,printer dan mesin fotokopi,function,3.087960958480835,0.6441919207572937,2.4437689781188965
classic::kmeans_radio::k12,8,311,desktop,komputer desktop,function,0.5074909329414368,0.5065418481826782,0.0009490847587585449
classic::kmeans_radio::k12,9,457,phone_tablet,ponsel dan tablet,function,2.2577121257781982,0.6055523157119751,1.6521598100662231
classic::kmeans_radio::k12,10,389,display,televisi dan monitor,function,2.2571980953216553,0.9431452751159668,1.3140528202056885
classic::kmeans_radio::k12,11,263,washing_machine,mesin cuci,function,3.0236122608184814,0.9637454748153687,2.0598669052124023
classic::kmeans_radio::k11,0,249,printer,printer dan mesin fotokopi,function,3.099334955215454,0.6402512788772583,2.4590835571289062
classic::kmeans_radio::k11,1,291,input_peripheral,perangkat input komputer,function,2.1317601203918457,0.7217071056365967,1.410053014755249
classic::kmeans_radio::k11,2,229,cooking_appliance,peralatan memasak listrik,function,2.974414825439453,0.6279371976852417,2.346477508544922
classic::kmeans_radio::k11,3,455,phone_tablet,ponsel dan tablet,function,2.263883352279663,0.6042117476463318,1.6596715450286865
classic::kmeans_radio::k11,4,302,electronic_component,komponen elektronik,function,2.521487236022949,0.2686254382133484,2.252861738204956
classic::kmeans_radio::k11,5,386,display,televisi dan monitor,function,2.2697079181671143,0.970441997051239,1.2992658615112305
classic::kmeans_radio::k11,6,591,audio,perangkat audio,function,1.2751027345657349,1.2431590557098389,0.031943678855895996
classic::kmeans_radio::k11,7,261,washing_machine,mesin cuci,function,3.0224034786224365,0.9634453654289246,2.058958053588867
classic::kmeans_radio::k11,8,228,laptop,laptop,function,2.7681944370269775,0.6988133192062378,2.0693812370300293
classic::kmeans_radio::k11,9,313,desktop,komputer desktop,function,0.507958710193634,0.5047664642333984,0.0031922459602355957
classic::kmeans_radio::k11,10,274,input_peripheral,perangkat input komputer,function,1.8358365297317505,1.3045328855514526,0.5313036441802979
classic::kmeans_radio::k10,0,581,laptop,laptop,function,1.325010061264038,1.2919726371765137,0.033037424087524414
classic::kmeans_radio::k10,1,634,audio,perangkat audio,function,1.3385432958602905,0.7385391592979431,0.6000041365623474
classic::kmeans_radio::k10,2,328,desktop,komputer desktop,function,0.5196669697761536,0.501297116279602,0.018369853496551514
classic::kmeans_radio::k10,3,456,phone_tablet,ponsel dan tablet,function,2.2528951168060303,0.6053264141082764,1.647568702697754
classic::kmeans_radio::k10,4,323,electronic_component,komponen elektronik,function,2.452165365219116,0.271620512008667,2.180544853210449
classic::kmeans_radio::k10,5,261,washing_machine,mesin cuci,function,3.0242295265197754,0.9636642336845398,2.060565233230591
classic::kmeans_radio::k10,6,227,battery,baterai dan aki,function,3.29443621635437,0.9179338812828064,2.376502275466919
classic::kmeans_radio::k10,7,291,input_peripheral,perangkat input komputer,function,2.1292715072631836,0.7172582745552063,1.412013292312622
classic::kmeans_radio::k10,8,251,printer,printer dan mesin fotokopi,function,3.091625690460205,0.643047571182251,2.448578119277954
classic::kmeans_radio::k10,9,227,cooking_appliance,peralatan memasak listrik,function,2.9694032669067383,0.6229349374771118,2.346468448638916
classic::kmeans_radio::k8,0,495,washing_machine,mesin cuci,function,1.9013296365737915,1.8983209133148193,0.003008723258972168
classic::kmeans_radio::k8,1,460,phone_tablet,ponsel dan tablet,function,2.2510383129119873,0.5993086695671082,1.6517295837402344
classic::kmeans_radio::k8,2,624,electronic_component,komponen elektronik,function,1.2928335666656494,0.15872372686862946,1.1341098546981812
classic::kmeans_radio::k8,3,291,input_peripheral,perangkat input komputer,function,2.1317601203918457,0.7217071056365967,1.410053014755249
classic::kmeans_radio::k8,4,554,laptop,laptop,function,1.4181017875671387,1.2554168701171875,0.16268491744995117
classic::kmeans_radio::k8,5,249,printer,printer dan mesin fotokopi,function,3.099334955215454,0.6402512788772583,2.4590835571289062
classic::kmeans_radio::k8,6,584,audio,perangkat audio,function,1.2891284227371216,1.2541160583496094,0.03501236438751221
classic::kmeans_radio::k8,7,322,display,televisi dan monitor,function,2.4093050956726074,0.5999284982681274,1.80937659740448
classic::kmeans_radio::k6,0,901,electronic_component,komponen elektronik,function,1.1444309949874878,0.9004751443862915,0.2439558506011963
classic::kmeans_radio::k6,1,503,cooking_appliance,peralatan memasak listrik,function,1.892519235610962,1.8864867687225342,0.006032466888427734
classic::kmeans_radio::k6,2,623,display,televisi dan monitor,function,1.4485225677490234,0.8999875783920288,0.5485349893569946
classic::kmeans_radio::k6,3,457,phone_tablet,ponsel dan tablet,function,2.2581839561462402,0.5972587466239929,1.6609251499176025
classic::kmeans_radio::k6,4,561,input_peripheral,perangkat input komputer,function,1.9988948106765747,0.9644297957420349,1.0344650745391846
classic::kmeans_radio::k6,5,534,printer,printer dan mesin fotokopi,function,1.621293067932129,1.129109501838684,0.4921835660934448
classic::kmeans_radio::k4,0,1337,cooking_appliance,peralatan memasak listrik,function,0.8848100900650024,0.7029824256896973,0.18182766437530518
classic::kmeans_radio::k4,1,856,input_peripheral,perangkat input komputer,function,1.4113645553588867,1.1157993078231812,0.29556524753570557
classic::kmeans_radio::k4,2,461,phone_tablet,ponsel dan tablet,function,2.245292901992798,0.5928212404251099,1.652471661567688
classic::kmeans_radio::k4,3,925,electronic_component,komponen elektronik,function,1.0736353397369385,0.8302783966064453,0.24335694313049316
classic::kmeans_fused::k24,0,253,printer,printer dan mesin fotokopi,function,3.0913240909576416,0.6430760622024536,2.4482479095458984
classic::kmeans_fused::k24,1,277,phone_tablet,ponsel dan tablet,function,2.2887375354766846,0.5895103812217712,1.6992270946502686
classic::kmeans_fused::k24,2,111,electronic_component,komponen elektronik,function,2.6520516872406006,0.3728782832622528,2.2791733741760254
classic::kmeans_fused::k24,3,83,washing_machine,mesin cuci,function,2.9567627906799316,0.9613136649131775,1.9954490661621094
classic::kmeans_fused::k24,4,154,laptop,laptop,function,2.8551511764526367,0.7168697714805603,2.1382813453674316
classic::kmeans_fused::k24,5,130,camera,kamera,function,1.0021134614944458,0.37848880887031555,0.6236246824264526
classic::kmeans_fused::k24,6,291,input_peripheral,perangkat input komputer,function,2.121690511703491,0.7163912653923035,1.405299186706543
classic::kmeans_fused::k24,7,231,cooking_appliance,peralatan memasak listrik,function,2.9662368297576904,0.6213775873184204,2.3448591232299805
classic::kmeans_fused::k24,8,256,input_peripheral,perangkat input komputer,function,1.8925704956054688,1.1933013200759888,0.69926917552948
classic::kmeans_fused::k24,9,137,display,televisi dan monitor,function,2.5477664470672607,0.635155975818634,1.9126105308532715
classic::kmeans_fused::k24,10,99,desktop,komputer desktop,function,1.430349588394165,1.3129249811172485,0.1174246072769165
classic::kmeans_fused::k24,11,46,battery,baterai dan aki,function,3.70149302482605,1.2685444355010986,2.432948589324951
classic::kmeans_fused::k24,12,142,display,televisi dan monitor,function,2.3453993797302246,0.6711445450782776,1.6742548942565918
classic::kmeans_fused::k24,13,173,camera,kamera,function,0.4694015383720398,0.2546185553073883,0.2147829830646515
classic::kmeans_fused::k24,14,179,phone_tablet,ponsel dan tablet,function,2.218139171600342,0.6213498711585999,1.5967893600463867
classic::kmeans_fused::k24,15,106,audio,perangkat audio,function,3.320847749710083,0.5575947165489197,2.7632529735565186
classic::kmeans_fused::k24,16,130,battery,baterai dan aki,function,2.995717763900757,0.980221152305603,2.0154967308044434
classic::kmeans_fused::k24,17,115,electronic_component,komponen elektronik,function,2.6610124111175537,0.39093852043151855,2.270073890686035
classic::kmeans_fused::k24,18,129,audio,perangkat audio,function,2.881591558456421,0.8045604228973389,2.077031135559082
classic::kmeans_fused::k24,19,121,desktop,komputer desktop,function,2.4901506900787354,1.6260918378829956,0.8640588521957397
classic::kmeans_fused::k24,20,59,laptop,laptop,function,2.7510769367218018,0.6031239032745361,2.1479530334472656
classic::kmeans_fused::k24,21,47,battery,baterai dan aki,function,3.882070779800415,0.7348774671554565,3.147193431854248
classic::kmeans_fused::k24,22,128,electronic_component,komponen elektronik,function,1.7570016384124756,0.5721753835678101,1.1848262548446655
classic::kmeans_fused::k24,23,182,washing_machine,mesin cuci,function,3.0528929233551025,0.9728527069091797,2.080040216445923
classic::kmeans_fused::k22,0,211,phone_tablet,ponsel dan tablet,function,2.2468481063842773,0.6094214916229248,1.6374266147613525
classic::kmeans_fused::k22,1,135,camera,kamera,function,0.9994485378265381,0.41117557883262634,0.5882729291915894
classic::kmeans_fused::k22,2,114,input_peripheral,perangkat input komputer,function,1.7906537055969238,1.668048620223999,0.1226050853729248
classic::kmeans_fused::k22,3,83,washing_machine,mesin cuci,function,2.9567627906799316,0.9613136649131775,1.9954490661621094
classic::kmeans_fused::k22,4,165,camera,kamera,function,0.40485164523124695,0.22744591534137726,0.1774057298898697
classic::kmeans_fused::k22,5,293,input_peripheral,perangkat input komputer,function,2.122650384902954,0.71100252866745,1.4116477966308594
classic::kmeans_fused::k22,6,252,printer,printer dan mesin fotokopi,function,3.094987630844116,0.6419318318367004,2.4530558586120605
classic::kmeans_fused::k22,7,124,electronic_component,komponen elektronik,function,1.8064360618591309,0.5869965553283691,1.2194395065307617
classic::kmeans_fused::k22,8,205,laptop,laptop,function,2.8639822006225586,0.6966097354888916,2.167372465133667
classic::kmeans_fused::k22,9,230,cooking_appliance,peralatan memasak listrik,function,2.970912456512451,0.6194656491279602,2.3514468669891357
classic::kmeans_fused::k22,10,225,electronic_component,komponen elektronik,function,2.6569435596466064,0.3852325677871704,2.2717108726501465
classic::kmeans_fused::k22,11,114,desktop,komputer desktop,function,2.4913227558135986,1.7614058256149292,0.7299169301986694
classic::kmeans_fused::k22,12,175,battery,baterai dan aki,function,3.1680991649627686,0.9829675555229187,2.185131549835205
classic::kmeans_fused::k22,13,46,battery,baterai dan aki,function,3.9126908779144287,0.7191183567047119,3.193572521209717
classic::kmeans_fused::k22,14,136,display,televisi dan monitor,function,2.552614450454712,0.6246552467346191,1.9279592037200928
classic::kmeans_fused::k22,15,182,washing_machine,mesin cuci,function,3.0528929233551025,0.9728527069091797,2.080040216445923
classic::kmeans_fused::k22,16,245,phone_tablet,ponsel dan tablet,function,2.2749032974243164,0.5985986590385437,1.676304578781128
classic::kmeans_fused::k22,17,141,display,televisi dan monitor,function,2.357311725616455,0.6737151145935059,1.6835966110229492
classic::kmeans_fused::k22,18,157,input_peripheral,perangkat input komputer,function,1.893237829208374,0.9144514799118042,0.9787863492965698
classic::kmeans_fused::k22,19,107,audio,perangkat audio,function,3.3226611614227295,0.551119863986969,2.7715413570404053
classic::kmeans_fused::k22,20,128,audio,perangkat audio,function,2.8766441345214844,0.8105005025863647,2.06614351272583
classic::kmeans_fused::k22,21,111,desktop,komputer desktop,function,1.283111333847046,1.2072092294692993,0.07590210437774658
classic::kmeans_fused::k20,0,129,battery,baterai dan aki,function,2.9944097995758057,0.9812441468238831,2.0131657123565674
classic::kmeans_fused::k20,1,144,display,televisi dan monitor,function,2.351813793182373,0.6539772152900696,1.6978366374969482
classic::kmeans_fused::k20,2,252,printer,printer dan mesin fotokopi,function,3.094987630844116,0.6419318318367004,2.4530558586120605
classic::kmeans_fused::k20,3,140,camera,kamera,function,0.9705260396003723,0.37534502148628235,0.5951809883117676
classic::kmeans_fused::k20,4,453,phone_tablet,ponsel dan tablet,function,2.269232988357544,0.6076040267944336,1.6616289615631104
classic::kmeans_fused::k20,5,133,electronic_component,komponen elektronik,function,1.6916404962539673,0.6000993251800537,1.0915411710739136
classic::kmeans_fused::k20,6,231,cooking_appliance,peralatan memasak listrik,function,2.9662368297576904,0.6213775873184204,2.3448591232299805
classic::kmeans_fused::k20,7,258,input_peripheral,perangkat input komputer,function,1.8818957805633545,1.2033555507659912,0.6785402297973633
classic::kmeans_fused::k20,8,249,display,televisi dan monitor,function,0.5630947947502136,0.49154603481292725,0.07154875993728638
classic::kmeans_fused::k20,9,154,laptop,laptop,function,2.8551511764526367,0.7168697714805603,2.1382813453674316
classic::kmeans_fused::k20,10,225,electronic_component,komponen elektronik,function,2.665525197982788,0.38173484802246094,2.283790349960327
classic::kmeans_fused::k20,11,182,washing_machine,mesin cuci,function,3.0528929233551025,0.9728527069091797,2.080040216445923
classic::kmeans_fused::k20,12,137,display,televisi dan monitor,function,2.5477664470672607,0.635155975818634,1.9126105308532715
classic::kmeans_fused::k20,13,129,audio,perangkat audio,function,2.860135078430176,0.8068486452102661,2.053286552429199
classic::kmeans_fused::k20,14,107,audio,perangkat audio,function,3.3226611614227295,0.551119863986969,2.7715413570404053
classic::kmeans_fused::k20,15,290,input_peripheral,perangkat input komputer,function,2.1248490810394287,0.719740629196167,1.4051084518432617
classic::kmeans_fused::k20,16,130,desktop,komputer desktop,function,2.453885793685913,1.6450812816619873,0.8088045120239258
classic::kmeans_fused::k20,17,94,battery,baterai dan aki,function,3.786067008972168,0.8536109328269958,2.9324560165405273
classic::kmeans_fused::k20,18,59,laptop,laptop,function,2.7510769367218018,0.6031239032745361,2.1479530334472656
classic::kmeans_fused::k20,19,83,washing_machine,mesin cuci,function,2.9567627906799316,0.9613136649131775,1.9954490661621094
classic::kmeans_fused::k18,0,295,electronic_component,komponen elektronik,function,2.5370192527770996,0.2746199667453766,2.262399196624756
classic::kmeans_fused::k18,1,264,washing_machine,mesin cuci,function,3.022357702255249,0.9687744975090027,2.0535831451416016
classic::kmeans_fused::k18,2,290,input_peripheral,perangkat input komputer,function,2.1248490810394287,0.719740629196167,1.4051084518432617
classic::kmeans_fused::k18,3,454,phone_tablet,ponsel dan tablet,function,2.2673041820526123,0.6022362112998962,1.6650679111480713
classic::kmeans_fused::k18,4,138,camera,kamera,function,0.99788498878479,0.3666578233242035,0.6312271356582642
classic::kmeans_fused::k18,5,107,audio,perangkat audio,function,3.3226611614227295,0.551119863986969,2.7715413570404053
classic::kmeans_fused::k18,6,261,input_peripheral,perangkat input komputer,function,1.8816827535629272,1.1916836500167847,0.6899991035461426
classic::kmeans_fused::k18,7,200,electronic_component,komponen elektronik,function,0.46934813261032104,0.35996952652931213,0.10937860608100891
classic::kmeans_fused::k18,8,131,battery,baterai dan aki,function,3.0008163452148438,0.980898916721344,2.0199174880981445
classic::kmeans_fused::k18,9,231,cooking_appliance,peralatan memasak listrik,function,2.9662368297576904,0.6213775873184204,2.3448591232299805
classic::kmeans_fused::k18,10,209,laptop,laptop,function,2.856265068054199,0.6905933022499084,2.1656718254089355
classic::kmeans_fused::k18,11,137,display,televisi dan monitor,function,2.5477664470672607,0.635155975818634,1.9126105308532715
classic::kmeans_fused::k18,12,252,printer,printer dan mesin fotokopi,function,3.094987630844116,0.6419318318367004,2.4530558586120605
classic::kmeans_fused::k18,13,125,desktop,komputer desktop,function,1.1701709032058716,1.1067285537719727,0.06344234943389893
classic::kmeans_fused::k18,14,141,display,televisi dan monitor,function,2.357311725616455,0.6737151145935059,1.6835966110229492
classic::kmeans_fused::k18,15,124,desktop,komputer desktop,function,2.468414068222046,1.6635582447052002,0.8048558235168457
classic::kmeans_fused::k18,16,92,battery,baterai dan aki,function,3.7941548824310303,0.8513280749320984,2.942826747894287
classic::kmeans_fused::k18,17,128,audio,perangkat audio,function,2.8766441345214844,0.8105005025863647,2.06614351272583
classic::kmeans_fused::k16,0,312,electronic_component,komponen elektronik,function,2.5018413066864014,0.24896548688411713,2.252875804901123
classic::kmeans_fused::k16,1,260,input_peripheral,perangkat input komputer,function,1.885009527206421,1.184214472770691,0.70079505443573
classic::kmeans_fused::k16,2,142,camera,kamera,function,1.0181993246078491,0.4641735851764679,0.5540257692337036
classic::kmeans_fused::k16,3,264,washing_machine,mesin cuci,function,3.022357702255249,0.9687744975090027,2.0535831451416016
classic::kmeans_fused::k16,4,455,phone_tablet,ponsel dan tablet,function,2.2657833099365234,0.6035236120223999,1.6622596979141235
classic::kmeans_fused::k16,5,252,printer,printer dan mesin fotokopi,function,3.094987630844116,0.6419318318367004,2.4530558586120605
classic::kmeans_fused::k16,6,107,audio,perangkat audio,function,3.3226611614227295,0.551119863986969,2.7715413570404053
classic::kmeans_fused::k16,7,232,cooking_appliance,peralatan memasak listrik,function,2.9605865478515625,0.6208118796348572,2.3397746086120605
classic::kmeans_fused::k16,8,214,laptop,laptop,function,2.842723846435547,0.6844090819358826,2.1583147048950195
classic::kmeans_fused::k16,9,290,input_peripheral,perangkat input komputer,function,2.1248490810394287,0.719740629196167,1.4051084518432617
classic::kmeans_fused::k16,10,145,display,televisi dan monitor,function,2.3465075492858887,0.6463454365730286,1.7001621723175049
classic::kmeans_fused::k16,11,291,desktop,komputer desktop,function,0.5126174092292786,0.4991903007030487,0.013427108526229858
classic::kmeans_fused::k16,12,219,battery,baterai dan aki,function,3.330991744995117,0.930374026298523,2.4006175994873047
classic::kmeans_fused::k16,13,130,desktop,komputer desktop,function,2.4770405292510986,1.6330803632736206,0.843960165977478
classic::kmeans_fused::k16,14,137,display,televisi dan monitor,function,2.5477664470672607,0.635155975818634,1.9126105308532715
classic::kmeans_fused::k16,15,129,audio,perangkat audio,function,2.867385149002075,0.8041671514511108,2.063218116760254
classic::kmeans_fused::k15,0,255,printer,printer dan mesin fotokopi,function,3.0815765857696533,0.6433886885643005,2.438187837600708
classic::kmeans_fused::k15,1,461,phone_tablet,ponsel dan tablet,function,2.2515676021575928,0.5985617637634277,1.653005838394165
classic::kmeans_fused::k15,2,316,electronic_component,komponen elektronik,function,2.4799282550811768,0.24998781085014343,2.229940414428711
classic::kmeans_fused::k15,3,266,washing_machine,mesin cuci,function,3.01751446723938,0.9702582359313965,2.0472562313079834
classic::kmeans_fused::k15,4,293,input_peripheral,perangkat input komputer,function,2.122650384902954,0.71100252866745,1.4116477966308594
classic::kmeans_fused::k15,5,130,desktop,komputer desktop,function,2.4770405292510986,1.6330803632736206,0.843960165977478
classic::kmeans_fused::k15,6,263,input_peripheral,perangkat input komputer,function,1.8727236986160278,1.1732333898544312,0.6994903087615967
classic::kmeans_fused::k15,7,150,display,televisi dan monitor,function,2.305117130279541,0.6307763457298279,1.6743407249450684
classic::kmeans_fused::k15,8,212,laptop,laptop,function,2.8287906646728516,0.6806962490081787,2.148094415664673
classic::kmeans_fused::k15,9,300,desktop,komputer desktop,function,0.49131524562835693,0.47588109970092773,0.0154341459274292
classic::kmeans_fused::k15,10,318,battery,baterai dan aki,function,2.4859695434570312,0.6863793134689331,1.7995902299880981
classic::kmeans_fused::k15,11,139,display,televisi dan monitor,function,2.530115842819214,0.6239413619041443,1.9061744213104248
classic::kmeans_fused::k15,12,238,cooking_appliance,peralatan memasak listrik,function,2.926576852798462,0.6205592155456543,2.3060176372528076
classic::kmeans_fused::k15,13,107,audio,perangkat audio,function,3.3226611614227295,0.551119863986969,2.7715413570404053
classic::kmeans_fused::k15,14,131,audio,perangkat audio,function,2.8465206623077393,0.8184699416160583,2.028050661087036
classic::kmeans_fused::k14,0,316,battery,baterai dan aki,function,2.5045154094696045,0.6953657865524292,1.8091496229171753
classic::kmeans_fused::k14,1,297,desktop,komputer desktop,function,0.49265143275260925,0.4779372215270996,0.014714211225509644
classic::kmeans_fused::k14,2,266,washing_machine,mesin cuci,function,3.01751446723938,0.9702582359313965,2.0472562313079834
classic::kmeans_fused::k14,3,130,desktop,komputer desktop,function,2.4770405292510986,1.6330803632736206,0.843960165977478
classic::kmeans_fused::k14,4,240,audio,perangkat audio,function,3.0459961891174316,0.5745164752006531,2.471479654312134
classic::kmeans_fused::k14,5,461,phone_tablet,ponsel dan tablet,function,2.2515676021575928,0.5985617637634277,1.653005838394165
classic::kmeans_fused::k14,6,293,input_peripheral,perangkat input komputer,function,2.122650384902954,0.71100252866745,1.4116477966308594
classic::kmeans_fused::k14,7,238,cooking_appliance,peralatan memasak listrik,function,2.926576852798462,0.6205592155456543,2.3060176372528076
classic::kmeans_fused::k14,8,255,printer,printer dan mesin fotokopi,function,3.0815765857696533,0.6433886885643005,2.438187837600708
classic::kmeans_fused::k14,9,263,input_peripheral,perangkat input komputer,function,1.8727236986160278,1.1732333898544312,0.6994903087615967
classic::kmeans_fused::k14,10,151,display,televisi dan monitor,function,2.304997205734253,0.6270023584365845,1.6779948472976685
classic::kmeans_fused::k14,11,215,laptop,laptop,function,2.822009325027466,0.6762079000473022,2.145801544189453
classic::kmeans_fused::k14,12,316,electronic_component,komponen elektronik,function,2.4799282550811768,0.24998781085014343,2.229940414428711
classic::kmeans_fused::k14,13,138,display,televisi dan monitor,function,2.5318779945373535,0.6224284768104553,1.909449577331543
classic::kmeans_fused::k13,0,238,cooking_appliance,peralatan memasak listrik,function,2.926576852798462,0.6205592155456543,2.3060176372528076
classic::kmeans_fused::k13,1,318,electronic_component,komponen elektronik,function,2.472989559173584,0.250663697719574,2.2223258018493652
classic::kmeans_fused::k13,2,461,phone_tablet,ponsel dan tablet,function,2.2515676021575928,0.5985617637634277,1.653005838394165
classic::kmeans_fused::k13,3,266,input_peripheral,perangkat input komputer,function,1.858471155166626,1.1791439056396484,0.6793272495269775
classic::kmeans_fused::k13,4,303,display,televisi dan monitor,function,0.4960913360118866,0.49180611968040466,0.004285216331481934
classic::kmeans_fused::k13,5,135,desktop,komputer desktop,function,2.436678171157837,1.6883137226104736,0.7483644485473633
classic::kmeans_fused::k13,6,255,printer,printer dan mesin fotokopi,function,3.0815765857696533,0.6433886885643005,2.438187837600708
classic::kmeans_fused::k13,7,266,washing_machine,mesin cuci,function,3.01751446723938,0.9702582359313965,2.0472562313079834
classic::kmeans_fused::k13,8,247,audio,perangkat audio,function,2.982581615447998,0.5776174068450928,2.4049642086029053
classic::kmeans_fused::k13,9,293,input_peripheral,perangkat input komputer,function,2.122650384902954,0.71100252866745,1.4116477966308594
classic::kmeans_fused::k13,10,277,display,televisi dan monitor,function,2.4170284271240234,0.3821568489074707,2.0348715782165527
classic::kmeans_fused::k13,11,213,laptop,laptop,function,2.8153624534606934,0.6793776750564575,2.1359848976135254
classic::kmeans_fused::k13,12,307,battery,baterai dan aki,function,2.5699174404144287,0.7257271409034729,1.8441903591156006
classic::kmeans_fused::k12,0,307,battery,baterai dan aki,function,2.5699174404144287,0.7257271409034729,1.8441903591156006
classic::kmeans_fused::k12,1,293,input_peripheral,perangkat input komputer,function,2.122650384902954,0.71100252866745,1.4116477966308594
classic::kmeans_fused::k12,2,238,cooking_appliance,peralatan memasak listrik,function,2.926576852798462,0.6205592155456543,2.3060176372528076
classic::kmeans_fused::k12,3,266,washing_machine,mesin cuci,function,3.01751446723938,0.9702582359313965,2.0472562313079834
classic::kmeans_fused::k12,4,309,desktop,komputer desktop,function,0.5053499937057495,0.5026081800460815,0.0027418136596679688
classic::kmeans_fused::k12,5,255,printer,printer dan mesin fotokopi,function,3.0815765857696533,0.6433886885643005,2.438187837600708
classic::kmeans_fused::k12,6,320,electronic_component,komponen elektronik,function,2.4615752696990967,0.2528397738933563,2.208735466003418
classic::kmeans_fused::k12,7,461,phone_tablet,ponsel dan tablet,function,2.2515676021575928,0.5985617637634277,1.653005838394165
classic::kmeans_fused::k12,8,274,input_peripheral,perangkat input komputer,function,1.83829665184021,1.2119842767715454,0.6263123750686646
classic::kmeans_fused::k12,9,285,display,televisi dan monitor,function,2.4162497520446777,0.4194076657295227,1.9968421459197998
classic::kmeans_fused::k12,10,324,laptop,laptop,function,1.897576928138733,1.3375163078308105,0.5600606203079224
classic::kmeans_fused::k12,11,247,audio,perangkat audio,function,2.982581615447998,0.5776174068450928,2.4049642086029053
classic::kmeans_fused::k10,0,264,washing_machine,mesin cuci,function,3.022357702255249,0.9687744975090027,2.0535831451416016
classic::kmeans_fused::k10,1,322,electronic_component,komponen elektronik,function,2.452655792236328,0.2609955668449402,2.191660165786743
classic::kmeans_fused::k10,2,293,input_peripheral,perangkat input komputer,function,2.122650384902954,0.71100252866745,1.4116477966308594
classic::kmeans_fused::k10,3,504,laptop,laptop,function,1.5288515090942383,1.1675024032592773,0.36134910583496094
classic::kmeans_fused::k10,4,469,phone_tablet,ponsel dan tablet,function,2.2338223457336426,0.6005980968475342,1.6332242488861084
classic::kmeans_fused::k10,5,365,display,televisi dan monitor,function,2.35429310798645,0.8317278027534485,1.5225653648376465
classic::kmeans_fused::k10,6,254,printer,printer dan mesin fotokopi,function,3.088418483734131,0.6422483921051025,2.4461700916290283
classic::kmeans_fused::k10,7,562,audio,perangkat audio,function,1.319282054901123,1.3047064542770386,0.014575600624084473
classic::kmeans_fused::k10,8,237,cooking_appliance,peralatan memasak listrik,function,2.9351491928100586,0.6152265667915344,2.319922685623169
classic::kmeans_fused::k10,9,309,desktop,komputer desktop,function,0.5011484026908875,0.4948057532310486,0.006342649459838867
classic::kmeans_fused::k8,0,237,cooking_appliance,peralatan memasak listrik,function,2.9351491928100586,0.6152265667915344,2.319922685623169
classic::kmeans_fused::k8,1,639,electronic_component,komponen elektronik,function,1.66709303855896,1.3609689474105835,0.30612409114837646
classic::kmeans_fused::k8,2,533,printer,printer dan mesin fotokopi,function,1.6261307001113892,1.1331008672714233,0.4930298328399658
classic::kmeans_fused::k8,3,472,phone_tablet,ponsel dan tablet,function,2.2300751209259033,0.5971161127090454,1.632959008216858
classic::kmeans_fused::k8,4,268,washing_machine,mesin cuci,function,3.0024659633636475,0.9658361673355103,2.0366296768188477
classic::kmeans_fused::k8,5,295,input_peripheral,perangkat input komputer,function,2.1139774322509766,0.7041954398155212,1.4097819328308105
classic::kmeans_fused::k8,6,582,laptop,laptop,function,1.3467366695404053,1.2914927005767822,0.05524396896362305
classic::kmeans_fused::k8,7,553,display,televisi dan monitor,function,1.5521873235702515,0.4942065179347992,1.0579807758331299
classic::kmeans_fused::k6,0,293,input_peripheral,perangkat input komputer,function,2.122650384902954,0.71100252866745,1.4116477966308594
classic::kmeans_fused::k6,1,469,phone_tablet,ponsel dan tablet,function,2.2334327697753906,0.5948907732963562,1.6385419368743896
classic::kmeans_fused::k6,2,860,electronic_component,komponen elektronik,function,1.1957283020019531,0.936150074005127,0.25957822799682617
classic::kmeans_fused::k6,3,855,printer,printer dan mesin fotokopi,function,0.8302670121192932,0.8159812688827515,0.014285743236541748
classic::kmeans_fused::k6,4,507,cooking_appliance,peralatan memasak listrik,function,1.8939749002456665,1.8767638206481934,0.017211079597473145
classic::kmeans_fused::k6,5,595,desktop,komputer desktop,function,1.3071364164352417,1.3014841079711914,0.005652308464050293
classic::kmeans_fused::k4,0,1341,cooking_appliance,peralatan memasak listrik,function,0.8930719494819641,0.7060778737068176,0.18699407577514648
classic::kmeans_fused::k4,1,872,input_peripheral,perangkat input komputer,function,1.39906644821167,1.1055907011032104,0.2934757471084595
classic::kmeans_fused::k4,2,475,phone_tablet,ponsel dan tablet,function,2.2122275829315186,0.5955532789230347,1.6166743040084839
classic::kmeans_fused::k4,3,891,electronic_component,komponen elektronik,function,1.1416345834732056,0.8944200873374939,0.24721449613571167
classic::kmeans_eva02::k24,0,165,phone_tablet,ponsel dan tablet,function,2.2039477825164795,0.710182785987854,1.4937649965286255
classic::kmeans_eva02::k24,1,110,audio,perangkat audio,function,3.247258424758911,0.5190553665161133,2.728203058242798
classic::kmeans_eva02::k24,2,129,desktop,komputer desktop,function,1.9812800884246826,1.549317717552185,0.43196237087249756
classic::kmeans_eva02::k24,3,233,cooking_appliance,peralatan memasak listrik,function,2.937575101852417,0.6085237860679626,2.3290512561798096
classic::kmeans_eva02::k24,4,289,input_peripheral,perangkat input komputer,function,2.1252450942993164,0.7204259634017944,1.404819130897522
classic::kmeans_eva02::k24,5,254,printer,printer dan mesin fotokopi,function,3.07877516746521,0.6353878974914551,2.443387269973755
classic::kmeans_eva02::k24,6,257,washing_machine,mesin cuci,function,3.033390760421753,0.9749056696891785,2.0584850311279297
classic::kmeans_eva02::k24,7,214,electronic_component,komponen elektronik,function,2.6315016746520996,0.40369802713394165,2.2278037071228027
classic::kmeans_eva02::k24,8,136,display,televisi dan monitor,function,2.528977394104004,0.6241364479064941,1.9048409461975098
classic::kmeans_eva02::k24,9,116,electronic_component,komponen elektronik,function,1.8770426511764526,0.5830509662628174,1.2939916849136353
classic::kmeans_eva02::k24,10,96,battery,baterai dan aki,function,3.7896692752838135,0.8697851300239563,2.919884204864502
classic::kmeans_eva02::k24,11,88,laptop,laptop,function,2.3978662490844727,0.561450719833374,1.8364155292510986
classic::kmeans_eva02::k24,12,114,battery,baterai dan aki,function,3.0398552417755127,1.0195815563201904,2.0202736854553223
classic::kmeans_eva02::k24,13,146,camera,kamera,function,0.4116678237915039,0.3310411870479584,0.08062663674354553
classic::kmeans_eva02::k24,14,97,desktop,komputer desktop,function,2.222356081008911,1.9809017181396484,0.2414543628692627
classic::kmeans_eva02::k24,15,97,phone_tablet,ponsel dan tablet,function,2.1457011699676514,0.6824411749839783,1.4632599353790283
classic::kmeans_eva02::k24,16,136,display,televisi dan monitor,function,2.3522322177886963,0.6903377771377563,1.66189444065094
classic::kmeans_eva02::k24,17,157,camera,kamera,function,0.9480605125427246,0.4331389367580414,0.5149215459823608
classic::kmeans_eva02::k24,18,139,laptop,laptop,function,2.9470791816711426,0.7235764265060425,2.2235026359558105
classic::kmeans_eva02::k24,19,174,input_peripheral,perangkat input komputer,function,1.8681018352508545,0.9381151795387268,0.9299866557121277
classic::kmeans_eva02::k24,20,126,audio,perangkat audio,function,2.9004344940185547,0.7425861954689026,2.157848358154297
classic::kmeans_eva02::k24,21,128,phone_tablet,ponsel dan tablet,function,2.32236647605896,0.5627667903900146,1.7595996856689453
classic::kmeans_eva02::k24,22,88,display,televisi dan monitor,function,1.3516526222229004,1.225511908531189,0.12614071369171143
classic::kmeans_eva02::k24,23,90,phone_tablet,ponsel dan tablet,function,1.970761775970459,0.47129473090171814,1.4994670152664185
classic::kmeans_eva02::k22,0,174,input_peripheral,perangkat input komputer,function,1.8681018352508545,0.9381151795387268,0.9299866557121277
classic::kmeans_eva02::k22,1,105,phone_tablet,ponsel dan tablet,function,1.7271676063537598,0.6238622069358826,1.1033053398132324
classic::kmeans_eva02::k22,2,137,display,televisi dan monitor,function,2.521697759628296,0.6188797950744629,1.902817964553833
classic::kmeans_eva02::k22,3,288,input_peripheral,perangkat input komputer,function,2.128037691116333,0.7220511436462402,1.4059865474700928
classic::kmeans_eva02::k22,4,234,cooking_appliance,peralatan memasak listrik,function,2.937206268310547,0.6109662652015686,2.326240062713623
classic::kmeans_eva02::k22,5,253,printer,printer dan mesin fotokopi,function,3.08207368850708,0.6398214101791382,2.4422521591186523
classic::kmeans_eva02::k22,6,257,washing_machine,mesin cuci,function,3.033390760421753,0.9749056696891785,2.0584850311279297
classic::kmeans_eva02::k22,7,219,electronic_component,komponen elektronik,function,2.638406753540039,0.3949161469936371,2.243490695953369
classic::kmeans_eva02::k22,8,123,camera,kamera,function,0.40847253799438477,0.37810367345809937,0.0303688645362854
classic::kmeans_eva02::k22,9,112,audio,perangkat audio,function,3.2404518127441406,0.5202311873435974,2.7202205657958984
classic::kmeans_eva02::k22,10,126,electronic_component,komponen elektronik,function,1.5748933553695679,0.6077234148979187,0.9671699404716492
classic::kmeans_eva02::k22,11,201,laptop,laptop,function,2.821030855178833,0.6831287741661072,2.137902021408081
classic::kmeans_eva02::k22,12,95,battery,baterai dan aki,function,3.794623851776123,0.8743142485618591,2.920309543609619
classic::kmeans_eva02::k22,13,97,display,televisi dan monitor,function,1.2205331325531006,1.1602122783660889,0.06032085418701172
classic::kmeans_eva02::k22,14,177,camera,kamera,function,0.846092700958252,0.34344902634620667,0.5026437044143677
classic::kmeans_eva02::k22,15,99,desktop,komputer desktop,function,2.214582920074463,1.992353081703186,0.22222983837127686
classic::kmeans_eva02::k22,16,114,battery,baterai dan aki,function,3.0398552417755127,1.0195815563201904,2.0202736854553223
classic::kmeans_eva02::k22,17,174,phone_tablet,ponsel dan tablet,function,2.2904908657073975,0.5675032138824463,1.7229876518249512
classic::kmeans_eva02::k22,18,204,phone_tablet,ponsel dan tablet,function,2.2331907749176025,0.6835972666740417,1.549593448638916
classic::kmeans_eva02::k22,19,126,audio,perangkat audio,function,2.9004344940185547,0.7425861954689026,2.157848358154297
classic::kmeans_eva02::k22,20,128,desktop,komputer desktop,function,1.9919660091400146,1.5713999271392822,0.4205660820007324
classic::kmeans_eva02::k22,21,136,display,televisi dan monitor,function,2.3522322177886963,0.6903377771377563,1.66189444065094
classic::kmeans_eva02::k20,0,112,audio,perangkat audio,function,3.245398998260498,0.5156539082527161,2.7297451496124268
classic::kmeans_eva02::k20,1,135,display,televisi dan monitor,function,2.5351052284240723,0.633526086807251,1.9015791416168213
classic::kmeans_eva02::k20,2,230,phone_tablet,ponsel dan tablet,function,2.291790246963501,0.5795020461082458,1.7122881412506104
classic::kmeans_eva02::k20,3,287,input_peripheral,perangkat input komputer,function,2.1286098957061768,0.7221540212631226,1.4064558744430542
classic::kmeans_eva02::k20,4,257,washing_machine,mesin cuci,function,3.033390760421753,0.9749056696891785,2.0584850311279297
classic::kmeans_eva02::k20,5,200,electronic_component,komponen elektronik,function,2.451834201812744,0.20387354493141174,2.2479605674743652
classic::kmeans_eva02::k20,6,254,printer,printer dan mesin fotokopi,function,3.07877516746521,0.6353878974914551,2.443387269973755
classic::kmeans_eva02::k20,7,116,battery,baterai dan aki,function,3.0428597927093506,1.0281519889831543,2.0147078037261963
classic::kmeans_eva02::k20,8,226,desktop,komputer desktop,function,0.42242804169654846,0.34830862283706665,0.07411941885948181
classic::kmeans_eva02::k20,9,129,desktop,komputer desktop,function,2.0324745178222656,1.5078648328781128,0.5246096849441528
classic::kmeans_eva02::k20,10,223,laptop,laptop,function,2.7648651599884033,0.6812971234321594,2.0835680961608887
classic::kmeans_eva02::k20,11,126,audio,perangkat audio,function,2.9004344940185547,0.7425861954689026,2.157848358154297
classic::kmeans_eva02::k20,12,128,electronic_component,komponen elektronik,function,2.177553415298462,0.5302197337150574,1.6473336219787598
classic::kmeans_eva02::k20,13,170,camera,kamera,function,0.8439998626708984,0.3279556632041931,0.5160441994667053
classic::kmeans_eva02::k20,14,233,cooking_appliance,peralatan memasak listrik,function,2.938758373260498,0.6109930276870728,2.327765464782715
classic::kmeans_eva02::k20,15,96,battery,baterai dan aki,function,3.7728993892669678,0.8642371296882629,2.9086623191833496
classic::kmeans_eva02::k20,16,133,desktop,komputer desktop,function,1.981086254119873,1.9341760873794556,0.04691016674041748
classic::kmeans_eva02::k20,17,179,input_peripheral,perangkat input komputer,function,1.8736608028411865,0.9524477124214172,0.9212130904197693
classic::kmeans_eva02::k20,18,203,phone_tablet,ponsel dan tablet,function,2.228954792022705,0.7082890868186951,1.5206656455993652
classic::kmeans_eva02::k20,19,142,display,televisi dan monitor,function,2.3146119117736816,0.6311591267585754,1.683452844619751
classic::kmeans_eva02::k18,0,195,camera,kamera,function,0.8257426023483276,0.42850854992866516,0.3972340524196625
classic::kmeans_eva02::k18,1,237,phone_tablet,ponsel dan tablet,function,2.237217903137207,0.6562636494636536,1.5809543132781982
classic::kmeans_eva02::k18,2,137,display,televisi dan monitor,function,2.522942066192627,0.6331630349159241,1.8897790908813477
classic::kmeans_eva02::k18,3,102,desktop,komputer desktop,function,2.197263717651367,1.2763534784317017,0.9209102392196655
classic::kmeans_eva02::k18,4,289,input_peripheral,perangkat input komputer,function,2.1252450942993164,0.7204259634017944,1.404819130897522
classic::kmeans_eva02::k18,5,234,cooking_appliance,peralatan memasak listrik,function,2.937206268310547,0.6109662652015686,2.326240062713623
classic::kmeans_eva02::k18,6,211,phone_tablet,ponsel dan tablet,function,2.266657590866089,0.6161478757858276,1.6505097150802612
classic::kmeans_eva02::k18,7,236,audio,perangkat audio,function,3.0693445205688477,0.5659306049346924,2.5034139156341553
classic::kmeans_eva02::k18,8,212,input_peripheral,perangkat input komputer,function,1.8932468891143799,1.0356838703155518,0.8575630187988281
classic::kmeans_eva02::k18,9,124,electronic_component,komponen elektronik,function,1.9284471273422241,0.5575193166732788,1.3709278106689453
classic::kmeans_eva02::k18,10,192,display,televisi dan monitor,function,0.4252818822860718,0.4098733961582184,0.015408486127853394
classic::kmeans_eva02::k18,11,257,washing_machine,mesin cuci,function,3.033390760421753,0.9749056696891785,2.0584850311279297
classic::kmeans_eva02::k18,12,123,desktop,komputer desktop,function,2.052246570587158,1.9390348196029663,0.1132117509841919
classic::kmeans_eva02::k18,13,221,laptop,laptop,function,2.767458200454712,0.6668042540550232,2.100653886795044
classic::kmeans_eva02::k18,14,254,printer,printer dan mesin fotokopi,function,3.07877516746521,0.6353878974914551,2.443387269973755
classic::kmeans_eva02::k18,15,205,battery,baterai dan aki,function,3.3854498863220215,0.9604708552360535,2.4249789714813232
classic::kmeans_eva02::k18,16,208,electronic_component,komponen elektronik,function,2.5960733890533447,0.40873458981513977,2.1873388290405273
classic::kmeans_eva02::k18,17,142,display,televisi dan monitor,function,2.3248047828674316,0.6358354687690735,1.688969373703003
classic::kmeans_eva02::k16,0,193,camera,kamera,function,0.8263651132583618,0.41565126180648804,0.4107138514518738
classic::kmeans_eva02::k16,1,257,washing_machine,mesin cuci,function,3.033390760421753,0.9749056696891785,2.0584850311279297
classic::kmeans_eva02::k16,2,135,desktop,komputer desktop,function,1.936452031135559,1.9341790676116943,0.002272963523864746
classic::kmeans_eva02::k16,3,102,desktop,komputer desktop,function,2.2126827239990234,1.2381072044372559,0.9745755195617676
classic::kmeans_eva02::k16,4,238,audio,perangkat audio,function,3.0543203353881836,0.560106635093689,2.494213581085205
classic::kmeans_eva02::k16,5,214,input_peripheral,perangkat input komputer,function,1.8944798707962036,1.0408895015716553,0.8535903692245483
classic::kmeans_eva02::k16,6,237,desktop,komputer desktop,function,0.40684056282043457,0.3857635259628296,0.02107703685760498
classic::kmeans_eva02::k16,7,238,phone_tablet,ponsel dan tablet,function,2.236586570739746,0.6543558835983276,1.5822306871414185
classic::kmeans_eva02::k16,8,282,electronic_component,komponen elektronik,function,2.5193161964416504,0.30431029200553894,2.215005874633789
classic::kmeans_eva02::k16,9,254,printer,printer dan mesin fotokopi,function,3.07877516746521,0.6353878974914551,2.443387269973755
classic::kmeans_eva02::k16,10,234,cooking_appliance,peralatan memasak listrik,function,2.937206268310547,0.6109662652015686,2.326240062713623
classic::kmeans_eva02::k16,11,289,input_peripheral,perangkat input komputer,function,2.1252450942993164,0.7204259634017944,1.404819130897522
classic::kmeans_eva02::k16,12,210,phone_tablet,ponsel dan tablet,function,2.2675132751464844,0.6181190013885498,1.6493942737579346
classic::kmeans_eva02::k16,13,222,laptop,laptop,function,2.779827117919922,0.6716917157173157,2.108135461807251
classic::kmeans_eva02::k16,14,269,display,televisi dan monitor,function,2.439784526824951,0.41862720251083374,2.0211572647094727
classic::kmeans_eva02::k16,15,205,battery,baterai dan aki,function,3.3852312564849854,0.9545456171035767,2.430685520172119
classic::kmeans_eva02::k14,0,228,laptop,laptop,function,2.7218425273895264,0.6762173175811768,2.0456252098083496
classic::kmeans_eva02::k14,1,290,input_peripheral,perangkat input komputer,function,2.125216007232666,0.725698709487915,1.399517297744751
classic::kmeans_eva02::k14,2,232,camera,kamera,function,0.7915121912956238,0.4446999132633209,0.34681227803230286
classic::kmeans_eva02::k14,3,239,desktop,komputer desktop,function,0.41627442836761475,0.3802116811275482,0.03606274724006653
classic::kmeans_eva02::k14,4,258,washing_machine,mesin cuci,function,3.020663022994995,0.9720526933670044,2.048610210418701
classic::kmeans_eva02::k14,5,274,display,televisi dan monitor,function,2.4326343536376953,0.4268191158771515,2.005815267562866
classic::kmeans_eva02::k14,6,178,desktop,komputer desktop,function,2.1569321155548096,1.5963635444641113,0.5605685710906982
classic::kmeans_eva02::k14,7,233,cooking_appliance,peralatan memasak listrik,function,2.9393484592437744,0.6114590167999268,2.3278894424438477
classic::kmeans_eva02::k14,8,239,audio,perangkat audio,function,3.050557851791382,0.5590929388999939,2.491464853286743
classic::kmeans_eva02::k14,9,281,electronic_component,komponen elektronik,function,2.523958683013916,0.30865615606307983,2.2153024673461914
classic::kmeans_eva02::k14,10,262,input_peripheral,perangkat input komputer,function,1.858126163482666,1.1842752695083618,0.6738508939743042
classic::kmeans_eva02::k14,11,254,printer,printer dan mesin fotokopi,function,3.07877516746521,0.6353878974914551,2.443387269973755
classic::kmeans_eva02::k14,12,206,battery,baterai dan aki,function,3.3848836421966553,0.9564438462257385,2.4284398555755615
classic::kmeans_eva02::k14,13,405,phone_tablet,ponsel dan tablet,function,2.2772209644317627,0.6483595967292786,1.628861427307129
classic::kmeans_eva02::k13,0,241,cooking_appliance,peralatan memasak listrik,function,2.894371509552002,0.6106162071228027,2.283755302429199
classic::kmeans_eva02::k13,1,427,electronic_component,komponen elektronik,function,1.690127968788147,0.371845543384552,1.3182823657989502
classic::kmeans_eva02::k13,2,176,desktop,komputer desktop,function,2.1539196968078613,1.619879126548767,0.5340405702590942
classic::kmeans_eva02::k13,3,263,input_peripheral,perangkat input komputer,function,1.8533974885940552,1.1883472204208374,0.6650502681732178
classic::kmeans_eva02::k13,4,451,phone_tablet,ponsel dan tablet,function,2.246058225631714,0.6265332698822021,1.6195249557495117
classic::kmeans_eva02::k13,5,230,laptop,laptop,function,2.7198336124420166,0.686504602432251,2.0333290100097656
classic::kmeans_eva02::k13,6,255,printer,printer dan mesin fotokopi,function,3.07593035697937,0.6345936059951782,2.4413366317749023
classic::kmeans_eva02::k13,7,263,washing_machine,mesin cuci,function,3.009162425994873,0.9709447026252747,2.038217782974243
classic::kmeans_eva02::k13,8,294,input_peripheral,perangkat input komputer,function,2.1226303577423096,0.7162354588508606,1.4063949584960938
classic::kmeans_eva02::k13,9,243,audio,perangkat audio,function,3.0205183029174805,0.5736632347106934,2.446855068206787
classic::kmeans_eva02::k13,10,247,desktop,komputer desktop,function,0.42056041955947876,0.40744397044181824,0.013116449117660522
classic::kmeans_eva02::k13,11,276,display,televisi dan monitor,function,2.4257888793945312,0.4270467460155487,1.9987421035766602
classic::kmeans_eva02::k13,12,213,battery,baterai dan aki,function,3.3721697330474854,0.9512839317321777,2.4208858013153076
classic::kmeans_eva02::k12,0,260,desktop,komputer desktop,function,0.5038937330245972,0.3858761489391327,0.11801758408546448
classic::kmeans_eva02::k12,1,296,input_peripheral,perangkat input komputer,function,2.114011764526367,0.7288123965263367,1.3851993083953857
classic::kmeans_eva02::k12,2,263,washing_machine,mesin cuci,function,3.009162425994873,0.9709447026252747,2.038217782974243
classic::kmeans_eva02::k12,3,255,printer,printer dan mesin fotokopi,function,3.07593035697937,0.6345936059951782,2.4413366317749023
classic::kmeans_eva02::k12,4,242,cooking_appliance,peralatan memasak listrik,function,2.8924858570098877,0.6101433038711548,2.2823424339294434
classic::kmeans_eva02::k12,5,448,phone_tablet,ponsel dan tablet,function,2.2488529682159424,0.6304856538772583,1.618367314338684
classic::kmeans_eva02::k12,6,393,display,televisi dan monitor,function,2.292526960372925,0.8921983242034912,1.4003286361694336
classic::kmeans_eva02::k12,7,234,laptop,laptop,function,2.6866514682769775,0.6963905096054077,1.9902609586715698
classic::kmeans_eva02::k12,8,213,battery,baterai dan aki,function,3.3721697330474854,0.9512839317321777,2.4208858013153076
classic::kmeans_eva02::k12,9,243,audio,perangkat audio,function,3.0205183029174805,0.5736632347106934,2.446855068206787
classic::kmeans_eva02::k12,10,303,input_peripheral,perangkat input komputer,function,1.7279880046844482,1.3848278522491455,0.34316015243530273
classic::kmeans_eva02::k12,11,429,electronic_component,komponen elektronik,function,1.6817173957824707,0.3660401999950409,1.3156771659851074
classic::kmeans_eva02::k11,0,255,printer,printer dan mesin fotokopi,function,3.07593035697937,0.6345936059951782,2.4413366317749023
classic::kmeans_eva02::k11,1,296,input_peripheral,perangkat input komputer,function,2.114011764526367,0.7288123965263367,1.3851993083953857
classic::kmeans_eva02::k11,2,242,cooking_appliance,peralatan memasak listrik,function,2.8924858570098877,0.6101433038711548,2.2823424339294434
classic::kmeans_eva02::k11,3,445,phone_tablet,ponsel dan tablet,function,2.258673906326294,0.6361257433891296,1.6225481033325195
classic::kmeans_eva02::k11,4,395,display,televisi dan monitor,function,2.285871982574463,0.88896644115448,1.396905541419983
classic::kmeans_eva02::k11,5,263,washing_machine,mesin cuci,function,3.009162425994873,0.9709447026252747,2.038217782974243
classic::kmeans_eva02::k11,6,232,laptop,laptop,function,2.7009475231170654,0.7010822296142578,1.9998652935028076
classic::kmeans_eva02::k11,7,627,battery,baterai dan aki,function,1.4066694974899292,1.4051891565322876,0.0014803409576416016
classic::kmeans_eva02::k11,8,242,audio,perangkat audio,function,3.0356321334838867,0.5611509084701538,2.4744811058044434
classic::kmeans_eva02::k11,9,279,desktop,komputer desktop,function,0.5056847929954529,0.47963929176330566,0.026045501232147217
classic::kmeans_eva02::k11,10,303,input_peripheral,perangkat input komputer,function,1.7279880046844482,1.3848278522491455,0.34316015243530273
classic::kmeans_eva02::k10,0,477,display,televisi dan monitor,function,2.062714099884033,0.8970491290092468,1.1656649112701416
classic::kmeans_eva02::k10,1,241,audio,perangkat audio,function,3.0434343814849854,0.5584741830825806,2.4849600791931152
classic::kmeans_eva02::k10,2,295,input_peripheral,perangkat input komputer,function,2.1185526847839355,0.7201545834541321,1.3983981609344482
classic::kmeans_eva02::k10,3,241,cooking_appliance,peralatan memasak listrik,function,2.896296977996826,0.6046631932258606,2.2916338443756104
classic::kmeans_eva02::k10,4,815,electronic_component,komponen elektronik,function,1.2690057754516602,1.0888558626174927,0.18014991283416748
classic::kmeans_eva02::k10,5,262,washing_machine,mesin cuci,function,3.0156195163726807,0.9695312976837158,2.046088218688965
classic::kmeans_eva02::k10,6,258,printer,printer dan mesin fotokopi,function,3.0589640140533447,0.6307525038719177,2.4282114505767822
classic::kmeans_eva02::k10,7,303,input_peripheral,perangkat input komputer,function,1.7283666133880615,1.3853628635406494,0.3430037498474121
classic::kmeans_eva02::k10,8,241,laptop,laptop,function,2.6540677547454834,0.6909939050674438,1.9630738496780396
classic::kmeans_eva02::k10,9,446,phone_tablet,ponsel dan tablet,function,2.2572696208953857,0.637002170085907,1.620267391204834
classic::kmeans_eva02::k8,0,240,cooking_appliance,peralatan memasak listrik,function,2.9060914516448975,0.6082096695899963,2.297881841659546
classic::kmeans_eva02::k8,1,296,input_peripheral,perangkat input komputer,function,2.117220163345337,0.7275387048721313,1.3896814584732056
classic::kmeans_eva02::k8,2,470,phone_tablet,ponsel dan tablet,function,2.222273826599121,0.6279433369636536,1.5943305492401123
classic::kmeans_eva02::k8,3,258,printer,printer dan mesin fotokopi,function,3.0589640140533447,0.6307525038719177,2.4282114505767822
classic::kmeans_eva02::k8,4,478,display,televisi dan monitor,function,2.0373594760894775,0.8562893867492676,1.18107008934021
classic::kmeans_eva02::k8,5,1051,electronic_component,komponen elektronik,function,0.9457995891571045,0.7837494015693665,0.16205018758773804
classic::kmeans_eva02::k8,6,527,laptop,laptop,function,1.518958330154419,1.1385616064071655,0.3803967237472534
classic::kmeans_eva02::k8,7,259,washing_machine,mesin cuci,function,3.0202226638793945,0.9711015820503235,2.049121141433716
classic::kmeans_eva02::k6,0,502,cooking_appliance,peralatan memasak listrik,function,1.8992494344711304,1.86686110496521,0.03238832950592041
classic::kmeans_eva02::k6,1,258,printer,printer dan mesin fotokopi,function,3.0589640140533447,0.6307525038719177,2.4282114505767822
classic::kmeans_eva02::k6,2,1280,electronic_component,komponen elektronik,function,0.6800476908683777,0.5755437612533569,0.10450392961502075
classic::kmeans_eva02::k6,3,490,display,televisi dan monitor,function,2.02959942817688,0.8813287615776062,1.148270606994629
classic::kmeans_eva02::k6,4,597,input_peripheral,perangkat input komputer,function,1.9207912683486938,1.0811610221862793,0.8396302461624146
classic::kmeans_eva02::k6,5,452,phone_tablet,ponsel dan tablet,function,2.248753547668457,0.627612829208374,1.621140718460083
classic::kmeans_eva02::k4,0,1717,battery,baterai dan aki,function,0.509222149848938,0.4731447696685791,0.03607738018035889
classic::kmeans_eva02::k4,1,763,display,televisi dan monitor,function,1.1719697713851929,0.8869370818138123,0.2850326895713806
classic::kmeans_eva02::k4,2,504,cooking_appliance,peralatan memasak listrik,function,1.898220419883728,1.8676700592041016,0.030550360679626465
classic::kmeans_eva02::k4,3,595,input_peripheral,perangkat input komputer,function,1.9203358888626099,1.0788277387619019,0.841508150100708
classic::kmeans_dinov3::k24,0,152,camera,kamera,function,0.9535890817642212,0.23362435400485992,0.7199647426605225
classic::kmeans_dinov3::k24,1,131,audio,perangkat audio,function,0.38091740012168884,0.3707732558250427,0.010144144296646118
classic::kmeans_dinov3::k24,2,66,laptop,laptop,function,2.434088706970215,0.47849103808403015,1.9555976390838623
classic::kmeans_dinov3::k24,3,222,electronic_component,komponen elektronik,function,2.643195390701294,0.39554932713508606,2.2476460933685303
classic::kmeans_dinov3::k24,4,176,input_peripheral,perangkat input komputer,function,1.796458125114441,1.3938968181610107,0.4025613069534302
classic::kmeans_dinov3::k24,5,112,desktop,komputer desktop,function,2.438369035720825,1.745411992073059,0.6929570436477661
classic::kmeans_dinov3::k24,6,222,printer,printer dan mesin fotokopi,function,3.1865928173065186,0.7296945452690125,2.4568982124328613
classic::kmeans_dinov3::k24,7,248,washing_machine,mesin cuci,function,3.036623477935791,0.9742913246154785,2.0623321533203125
classic::kmeans_dinov3::k24,8,262,phone_tablet,ponsel dan tablet,function,2.2827510833740234,0.610418438911438,1.6723326444625854
classic::kmeans_dinov3::k24,9,135,input_peripheral,perangkat input komputer,function,2.196756601333618,0.6074164509773254,1.5893402099609375
classic::kmeans_dinov3::k24,10,155,laptop,laptop,function,2.837519407272339,0.7294095158576965,2.108109951019287
classic::kmeans_dinov3::k24,11,110,audio,perangkat audio,function,3.240732192993164,0.576019823551178,2.664712429046631
classic::kmeans_dinov3::k24,12,46,battery,baterai dan aki,function,3.9126908779144287,0.7191183567047119,3.193572521209717
classic::kmeans_dinov3::k24,13,164,battery,baterai dan aki,function,3.1857869625091553,1.015197515487671,2.1705894470214844
classic::kmeans_dinov3::k24,14,110,display,televisi dan monitor,function,1.865552544593811,1.1192270517349243,0.7463254928588867
classic::kmeans_dinov3::k24,15,100,audio,perangkat audio,function,3.0415892601013184,0.8779793381690979,2.1636099815368652
classic::kmeans_dinov3::k24,16,138,electronic_component,komponen elektronik,function,1.7342878580093384,0.5977871417999268,1.1365007162094116
classic::kmeans_dinov3::k24,17,181,display,televisi dan monitor,function,0.37509143352508545,0.29202741384506226,0.0830640196800232
classic::kmeans_dinov3::k24,18,142,display,televisi dan monitor,function,2.569242000579834,0.63728928565979,1.931952714920044
classic::kmeans_dinov3::k24,19,84,input_peripheral,perangkat input komputer,function,2.012784957885742,1.0920047760009766,0.9207801818847656
classic::kmeans_dinov3::k24,20,83,display,televisi dan monitor,function,2.2917253971099854,0.94954913854599,1.3421761989593506
classic::kmeans_dinov3::k24,21,138,input_peripheral,perangkat input komputer,function,2.059870719909668,0.8898259997367859,1.1700446605682373
classic::kmeans_dinov3::k24,22,176,phone_tablet,ponsel dan tablet,function,2.1876676082611084,0.5998202562332153,1.587847352027893
classic::kmeans_dinov3::k24,23,226,cooking_appliance,peralatan memasak listrik,function,2.9719643592834473,0.6276916861534119,2.3442726135253906
classic::kmeans_dinov3::k22,0,370,phone_tablet,ponsel dan tablet,function,2.253817319869995,0.6123730540275574,1.641444206237793
classic::kmeans_dinov3::k22,1,225,cooking_appliance,peralatan memasak listrik,function,2.9762613773345947,0.6248945593833923,2.3513667583465576
classic::kmeans_dinov3::k22,2,118,desktop,komputer desktop,function,1.2462918758392334,1.1408097743988037,0.10548210144042969
classic::kmeans_dinov3::k22,3,263,input_peripheral,perangkat input komputer,function,2.157163143157959,0.7626946568489075,1.3944685459136963
classic::kmeans_dinov3::k22,4,169,camera,kamera,function,0.8628955483436584,0.1838376820087433,0.6790578365325928
classic::kmeans_dinov3::k22,5,222,printer,printer dan mesin fotokopi,function,3.1748781204223633,0.7273766994476318,2.4475014209747314
classic::kmeans_dinov3::k22,6,254,input_peripheral,perangkat input komputer,function,1.8913154602050781,1.2957978248596191,0.595517635345459
classic::kmeans_dinov3::k22,7,157,battery,baterai dan aki,function,3.2106592655181885,1.0316970348358154,2.178962230682373
classic::kmeans_dinov3::k22,8,251,washing_machine,mesin cuci,function,3.0363881587982178,0.9729527831077576,2.0634353160858154
classic::kmeans_dinov3::k22,9,220,electronic_component,komponen elektronik,function,2.644047498703003,0.39502885937690735,2.249018669128418
classic::kmeans_dinov3::k22,10,81,display,televisi dan monitor,function,2.2751245498657227,0.9562883973121643,1.3188362121582031
classic::kmeans_dinov3::k22,11,136,electronic_component,komponen elektronik,function,1.7864067554473877,0.5698776841163635,1.216529130935669
classic::kmeans_dinov3::k22,12,191,laptop,laptop,function,2.8542580604553223,0.7098195552825928,2.1444385051727295
classic::kmeans_dinov3::k22,13,102,audio,perangkat audio,function,3.0366668701171875,0.858906626701355,2.177760124206543
classic::kmeans_dinov3::k22,14,81,display,televisi dan monitor,function,2.2057948112487793,0.5253276824951172,1.680467128753662
classic::kmeans_dinov3::k22,15,46,battery,baterai dan aki,function,3.9126908779144287,0.7191183567047119,3.193572521209717
classic::kmeans_dinov3::k22,16,110,audio,perangkat audio,function,3.248948812484741,0.5706292986869812,2.6783194541931152
classic::kmeans_dinov3::k22,17,106,display,televisi dan monitor,function,2.7489099502563477,0.6932341456413269,2.055675745010376
classic::kmeans_dinov3::k22,18,112,desktop,komputer desktop,function,2.4546945095062256,1.7464054822921753,0.7082890272140503
classic::kmeans_dinov3::k22,19,136,battery,baterai dan aki,function,0.4304147958755493,0.32339581847190857,0.10701897740364075
classic::kmeans_dinov3::k22,20,145,camera,kamera,function,0.3786694407463074,0.26578307151794434,0.11288636922836304
classic::kmeans_dinov3::k22,21,84,phone_tablet,ponsel dan tablet,function,2.0530076026916504,0.5276524424552917,1.5253551006317139
classic::kmeans_dinov3::k20,0,104,audio,perangkat audio,function,3.0149028301239014,0.8599256277084351,2.154977321624756
classic::kmeans_dinov3::k20,1,147,electronic_component,komponen elektronik,function,1.724051833152771,0.5321338176727295,1.1919180154800415
classic::kmeans_dinov3::k20,2,116,desktop,komputer desktop,function,2.3828701972961426,1.703310251235962,0.6795599460601807
classic::kmeans_dinov3::k20,3,229,cooking_appliance,peralatan memasak listrik,function,2.9593276977539062,0.6217345595359802,2.3375930786132812
classic::kmeans_dinov3::k20,4,120,display,televisi dan monitor,function,1.7952537536621094,1.137908935546875,0.6573448181152344
classic::kmeans_dinov3::k20,5,86,phone_tablet,ponsel dan tablet,function,1.9406465291976929,0.6059011220932007,1.3347454071044922
classic::kmeans_dinov3::k20,6,224,printer,printer dan mesin fotokopi,function,3.1787467002868652,0.7285152673721313,2.4502315521240234
classic::kmeans_dinov3::k20,7,113,audio,perangkat audio,function,3.216897964477539,0.5804771780967712,2.636420726776123
classic::kmeans_dinov3::k20,8,214,camera,kamera,function,0.6942460536956787,0.1935177594423294,0.5007283091545105
classic::kmeans_dinov3::k20,9,173,washing_machine,mesin cuci,function,3.05979323387146,0.9711130857467651,2.0886802673339844
classic::kmeans_dinov3::k20,10,258,input_peripheral,perangkat input komputer,function,1.8749816417694092,1.284888505935669,0.5900931358337402
classic::kmeans_dinov3::k20,11,246,battery,baterai dan aki,function,2.972879409790039,0.8858777284622192,2.0870018005371094
classic::kmeans_dinov3::k20,12,84,display,televisi dan monitor,function,2.2867183685302734,0.9516493678092957,1.335068941116333
classic::kmeans_dinov3::k20,13,219,electronic_component,komponen elektronik,function,2.647883176803589,0.3969787657260895,2.2509043216705322
classic::kmeans_dinov3::k20,14,267,input_peripheral,perangkat input komputer,function,2.1416051387786865,0.7622484564781189,1.3793566226959229
classic::kmeans_dinov3::k20,15,186,laptop,laptop,function,2.857454299926758,0.7023358941078186,2.155118465423584
classic::kmeans_dinov3::k20,16,379,phone_tablet,ponsel dan tablet,function,2.2489383220672607,0.6078029274940491,1.6411354541778564
classic::kmeans_dinov3::k20,17,87,washing_machine,mesin cuci,function,2.957228422164917,0.9765023589134216,1.9807260036468506
classic::kmeans_dinov3::k20,18,183,display,televisi dan monitor,function,0.32140588760375977,0.3179504871368408,0.0034554004669189453
classic::kmeans_dinov3::k20,19,144,display,televisi dan monitor,function,2.5461618900299072,0.6210119128227234,1.925149917602539
classic::kmeans_dinov3::k18,0,256,washing_machine,mesin cuci,function,3.0320065021514893,0.970636248588562,2.061370372772217
classic::kmeans_dinov3::k18,1,339,electronic_component,komponen elektronik,function,2.405099630355835,0.23770159482955933,2.167397975921631
classic::kmeans_dinov3::k18,2,265,input_peripheral,perangkat input komputer,function,2.152355909347534,0.7613433599472046,1.3910125494003296
classic::kmeans_dinov3::k18,3,419,phone_tablet,ponsel dan tablet,function,2.2629075050354004,0.5968814492225647,1.6660261154174805
classic::kmeans_dinov3::k18,4,129,display,televisi dan monitor,function,2.3391611576080322,0.702105700969696,1.6370553970336914
classic::kmeans_dinov3::k18,5,226,cooking_appliance,peralatan memasak listrik,function,2.9687187671661377,0.616557240486145,2.352161407470703
classic::kmeans_dinov3::k18,6,222,printer,printer dan mesin fotokopi,function,3.19637393951416,0.7435735464096069,2.4528002738952637
classic::kmeans_dinov3::k18,7,142,display,televisi dan monitor,function,2.5555691719055176,0.6342647671699524,1.92130446434021
classic::kmeans_dinov3::k18,8,261,input_peripheral,perangkat input komputer,function,1.8666605949401855,1.2974214553833008,0.5692391395568848
classic::kmeans_dinov3::k18,9,89,laptop,laptop,function,1.7699275016784668,0.7802243828773499,0.9897031188011169
classic::kmeans_dinov3::k18,10,202,battery,baterai dan aki,function,2.8040428161621094,0.9328523874282837,1.8711904287338257
classic::kmeans_dinov3::k18,11,111,audio,perangkat audio,function,3.2351701259613037,0.5759007334709167,2.659269332885742
classic::kmeans_dinov3::k18,12,46,battery,baterai dan aki,function,3.9126908779144287,0.7191183567047119,3.193572521209717
classic::kmeans_dinov3::k18,13,110,audio,perangkat audio,function,2.9290506839752197,0.8063461780548096,2.12270450592041
classic::kmeans_dinov3::k18,14,259,display,televisi dan monitor,function,0.5687566995620728,0.5437068343162537,0.025049865245819092
classic::kmeans_dinov3::k18,15,122,desktop,komputer desktop,function,2.368051767349243,1.722318410873413,0.6457333564758301
classic::kmeans_dinov3::k18,16,162,laptop,laptop,function,2.83719539642334,0.7225301265716553,2.1146652698516846
classic::kmeans_dinov3::k18,17,219,camera,kamera,function,0.6912249326705933,0.25803640484809875,0.4331885278224945
classic::kmeans_dinov3::k16,0,268,display,televisi dan monitor,function,0.5474992394447327,0.5253093242645264,0.0221899151802063
classic::kmeans_dinov3::k16,1,114,audio,perangkat audio,function,3.2193443775177,0.5765398144721985,2.6428046226501465
classic::kmeans_dinov3::k16,2,130,desktop,komputer desktop,function,2.325366497039795,1.62747061252594,0.697895884513855
classic::kmeans_dinov3::k16,3,244,battery,baterai dan aki,function,3.0305185317993164,0.8992903828620911,2.13122820854187
classic::kmeans_dinov3::k16,4,442,phone_tablet,ponsel dan tablet,function,2.2635316848754883,0.6113364100456238,1.6521952152252197
classic::kmeans_dinov3::k16,5,267,input_peripheral,perangkat input komputer,function,2.1408464908599854,0.7606081962585449,1.3802382946014404
classic::kmeans_dinov3::k16,6,256,washing_machine,mesin cuci,function,3.0320065021514893,0.970636248588562,2.061370372772217
classic::kmeans_dinov3::k16,7,337,electronic_component,komponen elektronik,function,2.4118916988372803,0.2385726124048233,2.173319101333618
classic::kmeans_dinov3::k16,8,225,camera,kamera,function,0.6832642555236816,0.19526682794094086,0.4879974126815796
classic::kmeans_dinov3::k16,9,223,printer,printer dan mesin fotokopi,function,3.181689500808716,0.734856903553009,2.4468326568603516
classic::kmeans_dinov3::k16,10,229,cooking_appliance,peralatan memasak listrik,function,2.9593276977539062,0.6217345595359802,2.3375930786132812
classic::kmeans_dinov3::k16,11,132,display,televisi dan monitor,function,2.306222677230835,0.7062304019927979,1.599992275238037
classic::kmeans_dinov3::k16,12,211,laptop,laptop,function,2.835761547088623,0.6988142132759094,2.1369473934173584
classic::kmeans_dinov3::k16,13,253,input_peripheral,perangkat input komputer,function,1.889033555984497,1.2885710000991821,0.6004625558853149
classic::kmeans_dinov3::k16,14,143,display,televisi dan monitor,function,2.55118727684021,0.6343016028404236,1.9168856143951416
classic::kmeans_dinov3::k16,15,105,audio,perangkat audio,function,2.9912452697753906,0.8299488425254822,2.1612963676452637
classic::kmeans_dinov3::k14,0,225,printer,printer dan mesin fotokopi,function,3.181049346923828,0.7110774517059326,2.4699718952178955
classic::kmeans_dinov3::k14,1,277,display,televisi dan monitor,function,0.5264424681663513,0.49060773849487305,0.03583472967147827
classic::kmeans_dinov3::k14,2,256,washing_machine,mesin cuci,function,3.0320065021514893,0.970636248588562,2.061370372772217
classic::kmeans_dinov3::k14,3,215,laptop,laptop,function,2.8162741661071777,0.7002761363983154,2.1159980297088623
classic::kmeans_dinov3::k14,4,269,input_peripheral,perangkat input komputer,function,2.131901502609253,0.756165087223053,1.3757364749908447
classic::kmeans_dinov3::k14,5,276,audio,perangkat audio,function,1.3044757843017578,0.834321916103363,0.4701538681983948
classic::kmeans_dinov3::k14,6,143,display,televisi dan monitor,function,2.2846567630767822,0.6652514338493347,1.6194052696228027
classic::kmeans_dinov3::k14,7,340,electronic_component,komponen elektronik,function,2.400050163269043,0.23870375752449036,2.161346435546875
classic::kmeans_dinov3::k14,8,230,cooking_appliance,peralatan memasak listrik,function,2.9559412002563477,0.6237093806266785,2.3322317600250244
classic::kmeans_dinov3::k14,9,469,phone_tablet,ponsel dan tablet,function,2.2221505641937256,0.6119565367698669,1.6101939678192139
classic::kmeans_dinov3::k14,10,248,battery,baterai dan aki,function,3.010699510574341,0.8792855739593506,2.1314139366149902
classic::kmeans_dinov3::k14,11,280,input_peripheral,perangkat input komputer,function,1.7934415340423584,1.3883445262908936,0.40509700775146484
classic::kmeans_dinov3::k14,12,111,audio,perangkat audio,function,3.241431474685669,0.574779212474823,2.666652202606201
classic::kmeans_dinov3::k14,13,240,display,televisi dan monitor,function,2.292534351348877,1.3672794103622437,0.9252549409866333
classic::kmeans_dinov3::k13,0,240,display,televisi dan monitor,function,2.2840142250061035,1.3704092502593994,0.9136049747467041
classic::kmeans_dinov3::k13,1,258,battery,baterai dan aki,function,2.8975918292999268,0.8562875986099243,2.041304111480713
classic::kmeans_dinov3::k13,2,231,cooking_appliance,peralatan memasak listrik,function,2.9544832706451416,0.624596893787384,2.3298864364624023
classic::kmeans_dinov3::k13,3,271,input_peripheral,perangkat input komputer,function,2.126908540725708,0.7544175386428833,1.3724910020828247
classic::kmeans_dinov3::k13,4,469,phone_tablet,ponsel dan tablet,function,2.21862530708313,0.6150648593902588,1.603560447692871
classic::kmeans_dinov3::k13,5,339,electronic_component,komponen elektronik,function,2.403514862060547,0.23915734887123108,2.1643574237823486
classic::kmeans_dinov3::k13,6,216,laptop,laptop,function,2.816601514816284,0.6971002221107483,2.1195013523101807
classic::kmeans_dinov3::k13,7,369,audio,perangkat audio,function,1.9594725370407104,0.6053507328033447,1.3541218042373657
classic::kmeans_dinov3::k13,8,256,washing_machine,mesin cuci,function,3.0320065021514893,0.970636248588562,2.061370372772217
classic::kmeans_dinov3::k13,9,228,printer,printer dan mesin fotokopi,function,3.163024425506592,0.7116153240203857,2.451409101486206
classic::kmeans_dinov3::k13,10,280,display,televisi dan monitor,function,0.5270233750343323,0.48254722356796265,0.04447615146636963
classic::kmeans_dinov3::k13,11,280,input_peripheral,perangkat input komputer,function,1.7942858934402466,1.3864933252334595,0.4077925682067871
classic::kmeans_dinov3::k13,12,142,display,televisi dan monitor,function,2.303213119506836,0.643088698387146,1.66012442111969
classic::kmeans_dinov3::k12,0,290,display,televisi dan monitor,function,2.2888810634613037,1.2346001863479614,1.0542808771133423
classic::kmeans_dinov3::k12,1,231,printer,printer dan mesin fotokopi,function,3.153717517852783,0.7076147198677063,2.4461028575897217
classic::kmeans_dinov3::k12,2,256,washing_machine,mesin cuci,function,3.0320065021514893,0.970636248588562,2.061370372772217
classic::kmeans_dinov3::k12,3,231,cooking_appliance,peralatan memasak listrik,function,2.9544832706451416,0.624596893787384,2.3298864364624023
classic::kmeans_dinov3::k12,4,341,electronic_component,komponen elektronik,function,2.3968119621276855,0.23828798532485962,2.1585240364074707
classic::kmeans_dinov3::k12,5,263,battery,baterai dan aki,function,2.851494789123535,0.8492294549942017,2.002265453338623
classic::kmeans_dinov3::k12,6,440,audio,perangkat audio,function,1.8178743124008179,0.5123996734619141,1.3054746389389038
classic::kmeans_dinov3::k12,7,279,input_peripheral,perangkat input komputer,function,1.7966276407241821,1.3918461799621582,0.4047814607620239
classic::kmeans_dinov3::k12,8,291,display,televisi dan monitor,function,0.6231364607810974,0.4803672432899475,0.1427692174911499
classic::kmeans_dinov3::k12,9,467,phone_tablet,ponsel dan tablet,function,2.22700834274292,0.6175514459609985,1.6094568967819214
classic::kmeans_dinov3::k12,10,274,input_peripheral,perangkat input komputer,function,2.1204400062561035,0.7433273792266846,1.377112627029419
classic::kmeans_dinov3::k12,11,216,laptop,laptop,function,2.816601514816284,0.6971002221107483,2.1195013523101807
classic::kmeans_dinov3::k11,0,294,display,televisi dan monitor,function,0.6260718107223511,0.48641034960746765,0.13966146111488342
classic::kmeans_dinov3::k11,1,263,battery,baterai dan aki,function,2.8563191890716553,0.8561126589775085,2.000206470489502
classic::kmeans_dinov3::k11,2,271,input_peripheral,perangkat input komputer,function,2.1347432136535645,0.746955156326294,1.3877880573272705
classic::kmeans_dinov3::k11,3,257,washing_machine,mesin cuci,function,3.032792568206787,0.9718294143676758,2.0609631538391113
classic::kmeans_dinov3::k11,4,231,printer,printer dan mesin fotokopi,function,3.1560676097869873,0.7099835872650146,2.4460840225219727
classic::kmeans_dinov3::k11,5,436,laptop,laptop,function,1.3944188356399536,1.1369738578796387,0.25744497776031494
classic::kmeans_dinov3::k11,6,229,cooking_appliance,peralatan memasak listrik,function,2.9545953273773193,0.6162096261978149,2.338385581970215
classic::kmeans_dinov3::k11,7,468,phone_tablet,ponsel dan tablet,function,2.224998712539673,0.6174196004867554,1.6075791120529175
classic::kmeans_dinov3::k11,8,506,audio,perangkat audio,function,1.626267671585083,0.5018709897994995,1.1243966817855835
classic::kmeans_dinov3::k11,9,283,input_peripheral,perangkat input komputer,function,1.7940853834152222,1.4117345809936523,0.3823508024215698
classic::kmeans_dinov3::k11,10,341,electronic_component,komponen elektronik,function,2.3968119621276855,0.23828798532485962,2.1585240364074707
classic::kmeans_dinov3::k10,0,605,battery,baterai dan aki,function,1.1858712434768677,1.1666300296783447,0.01924121379852295
classic::kmeans_dinov3::k10,1,257,washing_machine,mesin cuci,function,3.032792568206787,0.9718294143676758,2.0609631538391113
classic::kmeans_dinov3::k10,2,284,input_peripheral,perangkat input komputer,function,1.7853080034255981,1.409359097480774,0.3759489059448242
classic::kmeans_dinov3::k10,3,232,printer,printer dan mesin fotokopi,function,3.150631904602051,0.724603533744812,2.426028251647949
classic::kmeans_dinov3::k10,4,362,electronic_component,komponen elektronik,function,2.3151791095733643,0.263176828622818,2.052002191543579
classic::kmeans_dinov3::k10,5,232,cooking_appliance,peralatan memasak listrik,function,2.941101551055908,0.6180865168571472,2.323014974594116
classic::kmeans_dinov3::k10,6,269,input_peripheral,perangkat input komputer,function,2.133082866668701,0.7596790194511414,1.373403787612915
classic::kmeans_dinov3::k10,7,467,phone_tablet,ponsel dan tablet,function,2.228571891784668,0.6154361963272095,1.6131356954574585
classic::kmeans_dinov3::k10,8,425,display,televisi dan monitor,function,1.122219204902649,0.40047356486320496,0.7217456102371216
classic::kmeans_dinov3::k10,9,446,laptop,laptop,function,1.3355334997177124,1.1636515855789185,0.17188191413879395
classic::kmeans_dinov3::k8,0,628,printer,printer dan mesin fotokopi,function,1.304337501525879,0.9639972448348999,0.340340256690979
classic::kmeans_dinov3::k8,1,587,electronic_component,komponen elektronik,function,1.797347068786621,1.3153762817382812,0.48197078704833984
classic::kmeans_dinov3::k8,2,552,input_peripheral,perangkat input komputer,function,1.9499180316925049,1.1040656566619873,0.8458523750305176
classic::kmeans_dinov3::k8,3,256,washing_machine,mesin cuci,function,3.0320065021514893,0.970636248588562,2.061370372772217
classic::kmeans_dinov3::k8,4,221,laptop,laptop,function,2.805755376815796,0.6923569440841675,2.113398551940918
classic::kmeans_dinov3::k8,5,634,display,televisi dan monitor,function,1.6112055778503418,0.7365379333496094,0.8746676445007324
classic::kmeans_dinov3::k8,6,231,cooking_appliance,peralatan memasak listrik,function,2.9566166400909424,0.6197065711021423,2.3369100093841553
classic::kmeans_dinov3::k8,7,470,phone_tablet,ponsel dan tablet,function,2.226304769515991,0.6145954728126526,1.6117093563079834
classic::kmeans_dinov3::k6,0,587,electronic_component,komponen elektronik,function,1.7981230020523071,1.3150427341461182,0.48308026790618896
classic::kmeans_dinov3::k6,1,490,cooking_appliance,peralatan memasak listrik,function,1.9154233932495117,1.8662192821502686,0.049204111099243164
classic::kmeans_dinov3::k6,2,827,display,televisi dan monitor,function,1.2090585231781006,0.7332820296287537,0.4757764935493469
classic::kmeans_dinov3::k6,3,638,printer,printer dan mesin fotokopi,function,1.2802212238311768,0.9431242942810059,0.3370969295501709
classic::kmeans_dinov3::k6,4,556,input_peripheral,perangkat input komputer,function,1.9497922658920288,1.0954923629760742,0.8542999029159546
classic::kmeans_dinov3::k6,5,481,phone_tablet,ponsel dan tablet,function,2.193067789077759,0.6021116971969604,1.5909560918807983
classic::kmeans_dinov3::k4,0,671,electronic_component,komponen elektronik,function,1.616472601890564,1.238373041152954,0.37809956073760986
classic::kmeans_dinov3::k4,1,1520,cooking_appliance,peralatan memasak listrik,function,0.7740524411201477,0.6582404971122742,0.11581194400787354
classic::kmeans_dinov3::k4,2,595,input_peripheral,perangkat input komputer,function,1.8750077486038208,1.1442748308181763,0.7307329177856445
classic::kmeans_dinov3::k4,3,793,phone_tablet,ponsel dan tablet,function,1.304409146308899,0.7160391807556152,0.5883699655532837
classic::kmeans_dinov2::k24,0,113,battery,baterai dan aki,function,3.02362322807312,1.0246292352676392,1.998993992805481
classic::kmeans_dinov2::k24,1,59,phone_tablet,ponsel dan tablet,function,2.1823065280914307,1.0818744897842407,1.10043203830719
classic::kmeans_dinov2::k24,2,211,display,televisi dan monitor,function,0.6959380507469177,0.67951500415802,0.016423046588897705
classic::kmeans_dinov2::k24,3,234,input_peripheral,perangkat input komputer,function,1.9075936079025269,1.3198939561843872,0.5876996517181396
classic::kmeans_dinov2::k24,4,134,display,televisi dan monitor,function,0.5637158155441284,0.37024807929992676,0.19346773624420166
classic::kmeans_dinov2::k24,5,128,display,televisi dan monitor,function,1.857195496559143,0.40976840257644653,1.4474270343780518
classic::kmeans_dinov2::k24,6,150,display,televisi dan monitor,function,2.304403781890869,0.6216046214103699,1.6827991008758545
classic::kmeans_dinov2::k24,7,78,washing_machine,mesin cuci,function,2.921342611312866,0.969536304473877,1.9518063068389893
classic::kmeans_dinov2::k24,8,125,printer,printer dan mesin fotokopi,function,3.2563939094543457,0.7593837380409241,2.4970102310180664
classic::kmeans_dinov2::k24,9,218,electronic_component,komponen elektronik,function,2.0800790786743164,0.1607843041419983,1.919294834136963
classic::kmeans_dinov2::k24,10,168,laptop,laptop,function,2.6931581497192383,0.75176602602005,1.941392183303833
classic::kmeans_dinov2::k24,11,266,camera,kamera,function,0.7169710993766785,0.5781433582305908,0.13882774114608765
classic::kmeans_dinov2::k24,12,119,desktop,komputer desktop,function,2.2566254138946533,1.8287200927734375,0.4279053211212158
classic::kmeans_dinov2::k24,13,187,cooking_appliance,peralatan memasak listrik,function,3.0305283069610596,0.6099330186843872,2.420595169067383
classic::kmeans_dinov2::k24,14,90,printer,printer dan mesin fotokopi,function,3.0572900772094727,0.7485833168029785,2.308706760406494
classic::kmeans_dinov2::k24,15,135,electronic_component,komponen elektronik,function,2.6710238456726074,0.3354532718658447,2.3355705738067627
classic::kmeans_dinov2::k24,16,183,washing_machine,mesin cuci,function,3.052217960357666,0.9727833867073059,2.079434633255005
classic::kmeans_dinov2::k24,17,107,audio,perangkat audio,function,3.321929931640625,0.5299679636955261,2.791961908340454
classic::kmeans_dinov2::k24,18,61,laptop,laptop,function,2.8092973232269287,0.6546486020088196,2.154648780822754
classic::kmeans_dinov2::k24,19,59,audio,perangkat audio,function,3.2265267372131348,0.9945886135101318,2.231938123703003
classic::kmeans_dinov2::k24,20,386,phone_tablet,ponsel dan tablet,function,2.2765042781829834,0.5332921147346497,1.7432122230529785
classic::kmeans_dinov2::k24,21,271,input_peripheral,perangkat input komputer,function,2.1417157649993896,0.7523556351661682,1.3893601894378662
classic::kmeans_dinov2::k24,22,46,battery,baterai dan aki,function,3.9126908779144287,0.7191183567047119,3.193572521209717
classic::kmeans_dinov2::k24,23,51,battery,baterai dan aki,function,3.631110668182373,1.2561006546020508,2.3750100135803223
classic::kmeans_dinov2::k22,0,190,cooking_appliance,peralatan memasak listrik,function,3.029533863067627,0.6112351417541504,2.4182987213134766
classic::kmeans_dinov2::k22,1,238,input_peripheral,perangkat input komputer,function,1.8979605436325073,1.3159081935882568,0.5820523500442505
classic::kmeans_dinov2::k22,2,275,input_peripheral,perangkat input komputer,function,2.1350181102752686,0.7473496794700623,1.3876683712005615
classic::kmeans_dinov2::k22,3,203,display,televisi dan monitor,function,0.7255324721336365,0.6792290806770325,0.046303391456604004
classic::kmeans_dinov2::k22,4,388,phone_tablet,ponsel dan tablet,function,2.2806758880615234,0.5338664650917053,1.746809482574463
classic::kmeans_dinov2::k22,5,216,electronic_component,komponen elektronik,function,2.094242811203003,0.15492695569992065,1.9393157958984375
classic::kmeans_dinov2::k22,6,78,washing_machine,mesin cuci,function,2.921342611312866,0.969536304473877,1.9518063068389893
classic::kmeans_dinov2::k22,7,150,display,televisi dan monitor,function,2.304403781890869,0.6216046214103699,1.6827991008758545
classic::kmeans_dinov2::k22,8,125,desktop,komputer desktop,function,2.1798834800720215,1.8439308404922485,0.33595263957977295
classic::kmeans_dinov2::k22,9,215,printer,printer dan mesin fotokopi,function,3.1689438819885254,0.7505119442939758,2.4184319972991943
classic::kmeans_dinov2::k22,10,158,battery,baterai dan aki,function,3.204935312271118,1.017320990562439,2.1876144409179688
classic::kmeans_dinov2::k22,11,46,battery,baterai dan aki,function,3.9126908779144287,0.7191183567047119,3.193572521209717
classic::kmeans_dinov2::k22,12,171,audio,perangkat audio,function,0.6572473049163818,0.19945143163204193,0.4577958583831787
classic::kmeans_dinov2::k22,13,106,audio,perangkat audio,function,3.320662260055542,0.5308696627616882,2.789792537689209
classic::kmeans_dinov2::k22,14,86,display,televisi dan monitor,function,2.7426416873931885,0.7322106957435608,2.0104310512542725
classic::kmeans_dinov2::k22,15,87,audio,perangkat audio,function,3.1029610633850098,0.9125692248344421,2.190391778945923
classic::kmeans_dinov2::k22,16,60,laptop,laptop,function,2.805041551589966,0.6655839085578918,2.1394577026367188
classic::kmeans_dinov2::k22,17,61,phone_tablet,ponsel dan tablet,function,2.1409692764282227,1.0174667835235596,1.123502492904663
classic::kmeans_dinov2::k22,18,169,laptop,laptop,function,2.661705493927002,0.75302654504776,1.9086790084838867
classic::kmeans_dinov2::k22,19,183,washing_machine,mesin cuci,function,3.052217960357666,0.9727833867073059,2.079434633255005
classic::kmeans_dinov2::k22,20,238,camera,kamera,function,0.6596776247024536,0.46380454301834106,0.19587308168411255
classic::kmeans_dinov2::k22,21,136,electronic_component,komponen elektronik,function,2.664302349090576,0.3355697989463806,2.328732490539551
classic::kmeans_dinov2::k20,0,92,audio,perangkat audio,function,3.0596532821655273,0.9002446532249451,2.1594085693359375
classic::kmeans_dinov2::k20,1,96,battery,baterai dan aki,function,3.771089792251587,0.8595971465110779,2.9114925861358643
classic::kmeans_dinov2::k20,2,342,camera,kamera,function,0.5412778258323669,0.3577829897403717,0.18349483609199524
classic::kmeans_dinov2::k20,3,343,electronic_component,komponen elektronik,function,2.3588051795959473,0.22272898256778717,2.1360762119293213
classic::kmeans_dinov2::k20,4,107,audio,perangkat audio,function,3.3205437660217285,0.527207612991333,2.7933361530303955
classic::kmeans_dinov2::k20,5,213,display,televisi dan monitor,function,0.6839235424995422,0.6599333882331848,0.023990154266357422
classic::kmeans_dinov2::k20,6,273,input_peripheral,perangkat input komputer,function,2.1369199752807617,0.7500528693199158,1.3868670463562012
classic::kmeans_dinov2::k20,7,240,input_peripheral,perangkat input komputer,function,1.8952714204788208,1.3084872961044312,0.5867841243743896
classic::kmeans_dinov2::k20,8,88,printer,printer dan mesin fotokopi,function,3.1063425540924072,0.24829290807247162,2.8580496311187744
classic::kmeans_dinov2::k20,9,183,washing_machine,mesin cuci,function,3.052217960357666,0.9727833867073059,2.079434633255005
classic::kmeans_dinov2::k20,10,126,desktop,komputer desktop,function,2.1865341663360596,1.8362311124801636,0.350303053855896
classic::kmeans_dinov2::k20,11,155,printer,printer dan mesin fotokopi,function,3.085932731628418,0.8823023438453674,2.2036304473876953
classic::kmeans_dinov2::k20,12,151,display,televisi dan monitor,function,2.2982397079467773,0.6197785139083862,1.6784611940383911
classic::kmeans_dinov2::k20,13,78,washing_machine,mesin cuci,function,2.921342611312866,0.969536304473877,1.9518063068389893
classic::kmeans_dinov2::k20,14,192,cooking_appliance,peralatan memasak listrik,function,3.0290727615356445,0.612099826335907,2.4169728755950928
classic::kmeans_dinov2::k20,15,111,battery,baterai dan aki,function,2.971733808517456,1.0013383626937866,1.9703954458236694
classic::kmeans_dinov2::k20,16,105,display,televisi dan monitor,function,2.567122220993042,0.6442582011222839,1.9228639602661133
classic::kmeans_dinov2::k20,17,175,laptop,laptop,function,2.6756246089935303,0.7476170063018799,1.9280076026916504
classic::kmeans_dinov2::k20,18,113,laptop,laptop,function,1.4717742204666138,1.162550449371338,0.3092237710952759
classic::kmeans_dinov2::k20,19,396,phone_tablet,ponsel dan tablet,function,2.2774243354797363,0.5357398390769958,1.7416844367980957
classic::kmeans_dinov2::k18,0,216,printer,printer dan mesin fotokopi,function,3.171175718307495,0.7424433827400208,2.428732395172119
classic::kmeans_dinov2::k18,1,453,phone_tablet,ponsel dan tablet,function,2.2602298259735107,0.6060844659805298,1.654145359992981
classic::kmeans_dinov2::k18,2,213,display,televisi dan monitor,function,0.690776526927948,0.6893388032913208,0.0014377236366271973
classic::kmeans_dinov2::k18,3,255,washing_machine,mesin cuci,function,3.0318164825439453,0.968019425868988,2.0637969970703125
classic::kmeans_dinov2::k18,4,120,display,televisi dan monitor,function,2.5511314868927,0.623734712600708,1.9273967742919922
classic::kmeans_dinov2::k18,5,191,cooking_appliance,peralatan memasak listrik,function,3.0277552604675293,0.6107036471366882,2.4170515537261963
classic::kmeans_dinov2::k18,6,273,input_peripheral,perangkat input komputer,function,2.140197992324829,0.7526850700378418,1.3875129222869873
classic::kmeans_dinov2::k18,7,151,display,televisi dan monitor,function,2.2982397079467773,0.6197785139083862,1.6784611940383911
classic::kmeans_dinov2::k18,8,121,desktop,komputer desktop,function,2.2448463439941406,1.8323131799697876,0.412533164024353
classic::kmeans_dinov2::k18,9,220,electronic_component,komponen elektronik,function,2.0772461891174316,0.1607019007205963,1.9165443181991577
classic::kmeans_dinov2::k18,10,133,electronic_component,komponen elektronik,function,2.6780104637145996,0.3316825330257416,2.346328020095825
classic::kmeans_dinov2::k18,11,241,input_peripheral,perangkat input komputer,function,1.8902106285095215,1.315580129623413,0.5746304988861084
classic::kmeans_dinov2::k18,12,109,battery,baterai dan aki,function,3.0265073776245117,1.0228017568588257,2.0037055015563965
classic::kmeans_dinov2::k18,13,86,audio,perangkat audio,function,3.0927813053131104,0.9160963296890259,2.176684856414795
classic::kmeans_dinov2::k18,14,108,audio,perangkat audio,function,3.3130903244018555,0.5318331718444824,2.781257152557373
classic::kmeans_dinov2::k18,15,47,battery,baterai dan aki,function,3.903542995452881,0.734074592590332,3.169468402862549
classic::kmeans_dinov2::k18,16,233,laptop,laptop,function,2.6911752223968506,0.7273522019386292,1.9638230800628662
classic::kmeans_dinov2::k18,17,409,camera,kamera,function,0.5993013381958008,0.5580627918243408,0.04123854637145996
classic::kmeans_dinov2::k16,0,192,cooking_appliance,peralatan memasak listrik,function,3.029346227645874,0.6122021675109863,2.4171440601348877
classic::kmeans_dinov2::k16,1,409,camera,kamera,function,0.45675522089004517,0.1499100774526596,0.30684512853622437
classic::kmeans_dinov2::k16,2,215,printer,printer dan mesin fotokopi,function,3.1689438819885254,0.7505119442939758,2.4184319972991943
classic::kmeans_dinov2::k16,3,215,display,televisi dan monitor,function,0.6705790162086487,0.6668826341629028,0.0036963820457458496
classic::kmeans_dinov2::k16,4,272,input_peripheral,perangkat input komputer,function,2.1408462524414062,0.752906322479248,1.3879399299621582
classic::kmeans_dinov2::k16,5,407,phone_tablet,ponsel dan tablet,function,2.2861905097961426,0.5574259757995605,1.728764533996582
classic::kmeans_dinov2::k16,6,185,laptop,laptop,function,2.6984822750091553,0.7360384464263916,1.9624438285827637
classic::kmeans_dinov2::k16,7,218,battery,baterai dan aki,function,3.280090808868408,0.9296581745147705,2.3504326343536377
classic::kmeans_dinov2::k16,8,125,desktop,komputer desktop,function,2.1798834800720215,1.8439308404922485,0.33595263957977295
classic::kmeans_dinov2::k16,9,343,electronic_component,komponen elektronik,function,2.3608975410461426,0.2269211709499359,2.133976459503174
classic::kmeans_dinov2::k16,10,150,display,televisi dan monitor,function,1.798533320426941,0.4082372188568115,1.3902961015701294
classic::kmeans_dinov2::k16,11,109,audio,perangkat audio,function,3.3112711906433105,0.5287328958511353,2.782538414001465
classic::kmeans_dinov2::k16,12,93,audio,perangkat audio,function,3.0625226497650146,0.8996549248695374,2.162867784500122
classic::kmeans_dinov2::k16,13,258,washing_machine,mesin cuci,function,3.0296952724456787,0.9684538841247559,2.061241388320923
classic::kmeans_dinov2::k16,14,151,display,televisi dan monitor,function,2.2982397079467773,0.6197785139083862,1.6784611940383911
classic::kmeans_dinov2::k16,15,237,input_peripheral,perangkat input komputer,function,1.9046190977096558,1.3162364959716797,0.5883826017379761
classic::kmeans_dinov2::k15,0,108,audio,perangkat audio,function,3.3130903244018555,0.5318331718444824,2.781257152557373
classic::kmeans_dinov2::k15,1,275,input_peripheral,perangkat input komputer,function,2.132530689239502,0.7466034293174744,1.3859272003173828
classic::kmeans_dinov2::k15,2,194,cooking_appliance,peralatan memasak listrik,function,3.0273795127868652,0.6114086508750916,2.415970802307129
classic::kmeans_dinov2::k15,3,456,phone_tablet,ponsel dan tablet,function,2.255694627761841,0.6038730144500732,1.6518216133117676
classic::kmeans_dinov2::k15,4,152,display,televisi dan monitor,function,2.2931559085845947,0.6140648126602173,1.6790910959243774
classic::kmeans_dinov2::k15,5,344,electronic_component,komponen elektronik,function,2.3490071296691895,0.22064848244190216,2.1283586025238037
classic::kmeans_dinov2::k15,6,255,washing_machine,mesin cuci,function,3.0318164825439453,0.968019425868988,2.0637969970703125
classic::kmeans_dinov2::k15,7,220,printer,printer dan mesin fotokopi,function,3.1580002307891846,0.7313936948776245,2.4266066551208496
classic::kmeans_dinov2::k15,8,511,audio,perangkat audio,function,0.7395191788673401,0.7352956533432007,0.004223525524139404
classic::kmeans_dinov2::k15,9,226,desktop,komputer desktop,function,0.6683495044708252,0.6531320214271545,0.015217483043670654
classic::kmeans_dinov2::k15,10,233,laptop,laptop,function,2.6911752223968506,0.7273522019386292,1.9638230800628662
classic::kmeans_dinov2::k15,11,126,desktop,komputer desktop,function,2.1865341663360596,1.8362311124801636,0.350303053855896
classic::kmeans_dinov2::k15,12,117,display,televisi dan monitor,function,2.5300142765045166,0.624851405620575,1.9051628112792969
classic::kmeans_dinov2::k15,13,121,battery,baterai dan aki,function,2.981794834136963,1.0081766843795776,1.9736181497573853
classic::kmeans_dinov2::k15,14,241,input_peripheral,perangkat input komputer,function,1.8935902118682861,1.3061383962631226,0.5874518156051636
classic::kmeans_dinov2::k14,0,213,battery,baterai dan aki,function,3.3246288299560547,0.9417485594749451,2.382880210876465
classic::kmeans_dinov2::k14,1,195,display,televisi dan monitor,function,2.1450142860412598,1.6900893449783325,0.45492494106292725
classic::kmeans_dinov2::k14,2,452,phone_tablet,ponsel dan tablet,function,2.2601706981658936,0.606585681438446,1.6535849571228027
classic::kmeans_dinov2::k14,3,344,electronic_component,komponen elektronik,function,2.3490071296691895,0.22064848244190216,2.1283586025238037
classic::kmeans_dinov2::k14,4,273,input_peripheral,perangkat input komputer,function,2.140197992324829,0.7526850700378418,1.3875129222869873
classic::kmeans_dinov2::k14,5,221,desktop,komputer desktop,function,0.6662567853927612,0.6640713214874268,0.0021854639053344727
classic::kmeans_dinov2::k14,6,191,cooking_appliance,peralatan memasak listrik,function,3.0277552604675293,0.6107036471366882,2.4170515537261963
classic::kmeans_dinov2::k14,7,256,washing_machine,mesin cuci,function,3.0319957733154297,0.9682492613792419,2.063746452331543
classic::kmeans_dinov2::k14,8,239,input_peripheral,perangkat input komputer,function,1.8985490798950195,1.3155637979507446,0.5829852819442749
classic::kmeans_dinov2::k14,9,152,display,televisi dan monitor,function,2.3013553619384766,0.618811309337616,1.6825439929962158
classic::kmeans_dinov2::k14,10,487,audio,perangkat audio,function,0.7718273401260376,0.5197410583496094,0.2520862817764282
classic::kmeans_dinov2::k14,11,217,printer,printer dan mesin fotokopi,function,3.1679279804229736,0.7458838820457458,2.422044038772583
classic::kmeans_dinov2::k14,12,107,audio,perangkat audio,function,3.3205437660217285,0.527207612991333,2.7933361530303955
classic::kmeans_dinov2::k14,13,232,laptop,laptop,function,2.699740171432495,0.7180454134941101,1.9816946983337402
classic::kmeans_dinov2::k13,0,232,display,televisi dan monitor,function,2.1899306774139404,1.5357834100723267,0.6541472673416138
classic::kmeans_dinov2::k13,1,257,washing_machine,mesin cuci,function,3.0308213233947754,0.9685631990432739,2.062258243560791
classic::kmeans_dinov2::k13,2,226,desktop,komputer desktop,function,0.6683495044708252,0.6531320214271545,0.015217483043670654
classic::kmeans_dinov2::k13,3,153,display,televisi dan monitor,function,2.296285390853882,0.6131412982940674,1.6831440925598145
classic::kmeans_dinov2::k13,4,276,input_peripheral,perangkat input komputer,function,2.1286771297454834,0.743803858757019,1.3848732709884644
classic::kmeans_dinov2::k13,5,458,phone_tablet,ponsel dan tablet,function,2.2540557384490967,0.6072238683700562,1.6468318700790405
classic::kmeans_dinov2::k13,6,220,printer,printer dan mesin fotokopi,function,3.1580002307891846,0.7313936948776245,2.4266066551208496
classic::kmeans_dinov2::k13,7,199,cooking_appliance,peralatan memasak listrik,function,3.00553035736084,0.6093377470970154,2.3961925506591797
classic::kmeans_dinov2::k13,8,223,battery,baterai dan aki,function,3.2438571453094482,0.9272949695587158,2.3165621757507324
classic::kmeans_dinov2::k13,9,511,audio,perangkat audio,function,1.4268367290496826,0.4863402247428894,0.9404965043067932
classic::kmeans_dinov2::k13,10,240,input_peripheral,perangkat input komputer,function,1.89878249168396,1.2974342107772827,0.6013482809066772
classic::kmeans_dinov2::k13,11,347,electronic_component,komponen elektronik,function,2.353045701980591,0.22018112242221832,2.132864475250244
classic::kmeans_dinov2::k13,12,237,laptop,laptop,function,2.6721994876861572,0.716742753982544,1.9554567337036133
classic::kmeans_dinov2::k12,0,236,laptop,laptop,function,2.668450355529785,0.7206169366836548,1.9478334188461304
classic::kmeans_dinov2::k12,1,651,battery,baterai dan aki,function,1.142815351486206,0.5165979862213135,0.6262173652648926
classic::kmeans_dinov2::k12,2,275,input_peripheral,perangkat input komputer,function,2.132530689239502,0.7466034293174744,1.3859272003173828
classic::kmeans_dinov2::k12,3,359,electronic_component,komponen elektronik,function,2.2907629013061523,0.21812741458415985,2.0726354122161865
classic::kmeans_dinov2::k12,4,198,cooking_appliance,peralatan memasak listrik,function,3.0201659202575684,0.614982545375824,2.4051833152770996
classic::kmeans_dinov2::k12,5,220,printer,printer dan mesin fotokopi,function,3.1580002307891846,0.7313936948776245,2.4266066551208496
classic::kmeans_dinov2::k12,6,459,phone_tablet,ponsel dan tablet,function,2.25189471244812,0.6085630655288696,1.6433316469192505
classic::kmeans_dinov2::k12,7,340,display,televisi dan monitor,function,1.4503254890441895,0.4815390706062317,0.9687864184379578
classic::kmeans_dinov2::k12,8,236,display,televisi dan monitor,function,2.178255319595337,1.5282443761825562,0.6500109434127808
classic::kmeans_dinov2::k12,9,240,input_peripheral,perangkat input komputer,function,1.89878249168396,1.2974342107772827,0.6013482809066772
classic::kmeans_dinov2::k12,10,257,washing_machine,mesin cuci,function,3.0233864784240723,0.9719224572181702,2.051464080810547
classic::kmeans_dinov2::k12,11,108,audio,perangkat audio,function,3.3130903244018555,0.5318331718444824,2.781257152557373
classic::kmeans_dinov2::k10,0,342,display,televisi dan monitor,function,1.4483262300491333,0.48800352215766907,0.9603227376937866
classic::kmeans_dinov2::k10,1,459,phone_tablet,ponsel dan tablet,function,2.25189471244812,0.6085630655288696,1.6433316469192505
classic::kmeans_dinov2::k10,2,361,electronic_component,komponen elektronik,function,2.281527042388916,0.2174239158630371,2.064103126525879
classic::kmeans_dinov2::k10,3,277,input_peripheral,perangkat input komputer,function,2.129568099975586,0.7410558462142944,1.3885122537612915
classic::kmeans_dinov2::k10,4,220,printer,printer dan mesin fotokopi,function,3.1580002307891846,0.7313936948776245,2.4266066551208496
classic::kmeans_dinov2::k10,5,366,laptop,laptop,function,1.741131067276001,1.2742128372192383,0.4669182300567627
classic::kmeans_dinov2::k10,6,247,input_peripheral,perangkat input komputer,function,1.8964911699295044,1.2865020036697388,0.6099891662597656
classic::kmeans_dinov2::k10,7,259,washing_machine,mesin cuci,function,3.02250337600708,0.9720126986503601,2.050490617752075
classic::kmeans_dinov2::k10,8,197,cooking_appliance,peralatan memasak listrik,function,3.020474433898926,0.6134231090545654,2.4070513248443604
classic::kmeans_dinov2::k10,9,851,audio,perangkat audio,function,0.810347318649292,0.7818332314491272,0.028514087200164795
classic::kmeans_dinov2::k8,0,1088,printer,printer dan mesin fotokopi,function,0.5890157222747803,0.5014338493347168,0.08758187294006348
classic::kmeans_dinov2::k8,1,374,electronic_component,komponen elektronik,function,2.2321410179138184,0.21191279590129852,2.020228147506714
classic::kmeans_dinov2::k8,2,458,phone_tablet,ponsel dan tablet,function,2.250478744506836,0.6069940328598022,1.6434847116470337
classic::kmeans_dinov2::k8,3,259,washing_machine,mesin cuci,function,3.02250337600708,0.9720126986503601,2.050490617752075
classic::kmeans_dinov2::k8,4,276,input_peripheral,perangkat input komputer,function,2.1303811073303223,0.7404722571372986,1.389908790588379
classic::kmeans_dinov2::k8,5,590,desktop,komputer desktop,function,1.31985342502594,0.9416775107383728,0.37817591428756714
classic::kmeans_dinov2::k8,6,201,cooking_appliance,peralatan memasak listrik,function,3.005695343017578,0.6096850037574768,2.396010398864746
classic::kmeans_dinov2::k8,7,333,display,televisi dan monitor,function,1.4735045433044434,0.48443126678466797,0.9890732765197754
classic::kmeans_dinov2::k6,0,540,desktop,komputer desktop,function,1.3812965154647827,1.1662707328796387,0.21502578258514404
classic::kmeans_dinov2::k6,1,1465,printer,printer dan mesin fotokopi,function,0.3922755718231201,0.35821136832237244,0.03406420350074768
classic::kmeans_dinov2::k6,2,376,electronic_component,komponen elektronik,function,2.221172332763672,0.20991364121437073,2.011258602142334
classic::kmeans_dinov2::k6,3,457,phone_tablet,ponsel dan tablet,function,2.2550270557403564,0.6100502610206604,1.6449768543243408
classic::kmeans_dinov2::k6,4,276,input_peripheral,perangkat input komputer,function,2.1303811073303223,0.7404722571372986,1.389908790588379
classic::kmeans_dinov2::k6,5,465,washing_machine,mesin cuci,function,1.9740562438964844,1.8638828992843628,0.11017334461212158
classic::kmeans_dinov2::k4,0,461,phone_tablet,ponsel dan tablet,function,2.2514963150024414,0.6130701303482056,1.6384261846542358
classic::kmeans_dinov2::k4,1,282,input_peripheral,perangkat input komputer,function,2.132840394973755,0.7517691254615784,1.3810713291168213
classic::kmeans_dinov2::k4,2,2098,cooking_appliance,peralatan memasak listrik,function,0.28482452034950256,0.2711491882801056,0.013675332069396973
classic::kmeans_dinov2::k4,3,738,electronic_component,komponen elektronik,function,0.9310036301612854,0.5701637864112854,0.36083984375
classic::kmeans_convnext::k24,0,77,washing_machine,mesin cuci,function,2.8657615184783936,0.9908089637756348,1.8749525547027588
classic::kmeans_convnext::k24,1,136,desktop,komputer desktop,function,2.3335888385772705,1.6159762144088745,0.717612624168396
classic::kmeans_convnext::k24,2,224,phone_tablet,ponsel dan tablet,function,2.246246337890625,0.6548923850059509,1.5913538932800293
classic::kmeans_convnext::k24,3,267,input_peripheral,perangkat input komputer,function,2.183849573135376,0.7324628233909607,1.4513866901397705
classic::kmeans_convnext::k24,4,146,display,televisi dan monitor,function,0.618156373500824,0.38121098279953003,0.23694539070129395
classic::kmeans_convnext::k24,5,80,display,televisi dan monitor,function,1.725359320640564,0.5149068832397461,1.2104524374008179
classic::kmeans_convnext::k24,6,103,printer,printer dan mesin fotokopi,function,2.997563600540161,0.3655482530593872,2.6320152282714844
classic::kmeans_convnext::k24,7,85,electronic_component,komponen elektronik,function,2.6029789447784424,0.5289570093154907,2.074021816253662
classic::kmeans_convnext::k24,8,120,audio,perangkat audio,function,2.898075580596924,0.7920348644256592,2.1060407161712646
classic::kmeans_convnext::k24,9,89,input_peripheral,perangkat input komputer,function,1.8274977207183838,1.7467716932296753,0.0807260274887085
classic::kmeans_convnext::k24,10,117,display,televisi dan monitor,function,2.3982903957366943,0.7173352837562561,1.680955171585083
classic::kmeans_convnext::k24,11,161,laptop,laptop,function,2.8026885986328125,0.6426320672035217,2.1600565910339355
classic::kmeans_convnext::k24,12,93,display,televisi dan monitor,function,2.7942826747894287,0.7063841223716736,2.0878984928131104
classic::kmeans_convnext::k24,13,220,cooking_appliance,peralatan memasak listrik,function,2.9783787727355957,0.6157779097557068,2.362600803375244
classic::kmeans_convnext::k24,14,136,camera,kamera,function,1.046005129814148,0.600963294506073,0.44504183530807495
classic::kmeans_convnext::k24,15,161,electronic_component,komponen elektronik,function,2.614844560623169,0.23746871948242188,2.377375841140747
classic::kmeans_convnext::k24,16,178,washing_machine,mesin cuci,function,3.106947898864746,0.9907565116882324,2.1161913871765137
classic::kmeans_convnext::k24,17,207,battery,baterai dan aki,function,3.308483839035034,0.9441244602203369,2.3643593788146973
classic::kmeans_convnext::k24,18,189,electronic_component,komponen elektronik,function,0.7656031250953674,0.5240803360939026,0.24152278900146484
classic::kmeans_convnext::k24,19,224,phone_tablet,ponsel dan tablet,function,2.036821126937866,0.5012741684913635,1.5355470180511475
classic::kmeans_convnext::k24,20,165,input_peripheral,perangkat input komputer,function,1.899518609046936,0.9662834405899048,0.9332351684570312
classic::kmeans_convnext::k24,21,106,audio,perangkat audio,function,3.2453458309173584,0.5184930562973022,2.7268528938293457
classic::kmeans_convnext::k24,22,145,phone_tablet,ponsel dan tablet,function,0.4129773676395416,0.23587854206562042,0.1770988255739212
classic::kmeans_convnext::k24,23,150,printer,printer dan mesin fotokopi,function,3.065828561782837,0.9394668340682983,2.126361846923828
classic::kmeans_convnext::k22,0,221,cooking_appliance,peralatan memasak listrik,function,2.9747800827026367,0.6168033480644226,2.3579766750335693
classic::kmeans_convnext::k22,1,243,electronic_component,komponen elektronik,function,2.6261508464813232,0.3432324528694153,2.2829184532165527
classic::kmeans_convnext::k22,2,107,laptop,laptop,function,1.3197696208953857,1.1511890888214111,0.1685805320739746
classic::kmeans_convnext::k22,3,265,input_peripheral,perangkat input komputer,function,2.1823222637176514,0.7342895865440369,1.4480326175689697
classic::kmeans_convnext::k22,4,247,printer,printer dan mesin fotokopi,function,3.0810539722442627,0.6370164155960083,2.444037437438965
classic::kmeans_convnext::k22,5,178,washing_machine,mesin cuci,function,3.106947898864746,0.9907565116882324,2.1161913871765137
classic::kmeans_convnext::k22,6,116,audio,perangkat audio,function,2.9249155521392822,0.8109256625175476,2.11398983001709
classic::kmeans_convnext::k22,7,208,battery,baterai dan aki,function,3.305630683898926,0.9435352087020874,2.362095355987549
classic::kmeans_convnext::k22,8,82,display,televisi dan monitor,function,1.7769696712493896,0.5647474527359009,1.2122222185134888
classic::kmeans_convnext::k22,9,117,display,televisi dan monitor,function,2.3726086616516113,0.7370609641075134,1.6355476379394531
classic::kmeans_convnext::k22,10,195,phone_tablet,ponsel dan tablet,function,2.242095708847046,0.5466923117637634,1.6954033374786377
classic::kmeans_convnext::k22,11,111,audio,perangkat audio,function,3.1879525184631348,0.5196806192398071,2.668272018432617
classic::kmeans_convnext::k22,12,248,camera,kamera,function,0.6099567413330078,0.28687915205955505,0.32307758927345276
classic::kmeans_convnext::k22,13,136,laptop,laptop,function,2.925893545150757,0.7314892411231995,2.194404363632202
classic::kmeans_convnext::k22,14,79,washing_machine,mesin cuci,function,2.8277292251586914,0.9717525839805603,1.8559765815734863
classic::kmeans_convnext::k22,15,206,electronic_component,komponen elektronik,function,0.7063686847686768,0.5514770150184631,0.15489166975021362
classic::kmeans_convnext::k22,16,112,input_peripheral,perangkat input komputer,function,1.9928321838378906,1.0078235864639282,0.9850085973739624
classic::kmeans_convnext::k22,17,139,input_peripheral,perangkat input komputer,function,1.773591160774231,1.307474970817566,0.46611618995666504
classic::kmeans_convnext::k22,18,195,phone_tablet,ponsel dan tablet,function,2.2335524559020996,0.6889408826828003,1.5446115732192993
classic::kmeans_convnext::k22,19,94,display,televisi dan monitor,function,2.796809196472168,0.7022951245307922,2.0945141315460205
classic::kmeans_convnext::k22,20,143,desktop,komputer desktop,function,2.3465402126312256,1.526001214981079,0.8205389976501465
classic::kmeans_convnext::k22,21,137,display,televisi dan monitor,function,0.5653026700019836,0.4077451527118683,0.15755751729011536
classic::kmeans_convnext::k20,0,85,battery,baterai dan aki,function,3.810044288635254,0.8524224758148193,2.9576218128204346
classic::kmeans_convnext::k20,1,74,display,televisi dan monitor,function,1.8442984819412231,0.5374223589897156,1.3068761825561523
classic::kmeans_convnext::k20,2,248,printer,printer dan mesin fotokopi,function,3.0703322887420654,0.6320400238037109,2.4382922649383545
classic::kmeans_convnext::k20,3,217,input_peripheral,perangkat input komputer,function,1.900957703590393,1.112297534942627,0.7886601686477661
classic::kmeans_convnext::k20,4,221,phone_tablet,ponsel dan tablet,function,1.9861688613891602,0.47002798318862915,1.5161409378051758
classic::kmeans_convnext::k20,5,263,input_peripheral,perangkat input komputer,function,2.1834089756011963,0.7321509718894958,1.4512579441070557
classic::kmeans_convnext::k20,6,221,cooking_appliance,peralatan memasak listrik,function,2.9734549522399902,0.6182723045349121,2.355182647705078
classic::kmeans_convnext::k20,7,232,phone_tablet,ponsel dan tablet,function,2.254763603210449,0.6541970372200012,1.6005666255950928
classic::kmeans_convnext::k20,8,238,electronic_component,komponen elektronik,function,2.625314474105835,0.34408682584762573,2.2812275886535645
classic::kmeans_convnext::k20,9,152,display,televisi dan monitor,function,0.6087545156478882,0.41857388615608215,0.19018062949180603
classic::kmeans_convnext::k20,10,118,display,televisi dan monitor,function,2.3781943321228027,0.7325744032859802,1.6456198692321777
classic::kmeans_convnext::k20,11,238,washing_machine,mesin cuci,function,3.0664327144622803,0.9786156415939331,2.0878171920776367
classic::kmeans_convnext::k20,12,156,laptop,laptop,function,2.7974226474761963,0.6621389389038086,2.1352837085723877
classic::kmeans_convnext::k20,13,224,audio,perangkat audio,function,3.0466578006744385,0.5668533444404602,2.479804515838623
classic::kmeans_convnext::k20,14,162,desktop,komputer desktop,function,2.2941248416900635,1.2675803899765015,1.026544451713562
classic::kmeans_convnext::k20,15,96,display,televisi dan monitor,function,2.7753984928131104,0.7307007312774658,2.0446977615356445
classic::kmeans_convnext::k20,16,193,electronic_component,komponen elektronik,function,0.8368710279464722,0.49160659313201904,0.3452644348144531
classic::kmeans_convnext::k20,17,128,battery,baterai dan aki,function,2.9754459857940674,0.9793604016304016,1.9960856437683105
classic::kmeans_convnext::k20,18,143,phone_tablet,ponsel dan tablet,function,0.34830543398857117,0.3275366425514221,0.020768791437149048
classic::kmeans_convnext::k20,19,170,camera,kamera,function,0.7412661910057068,0.6258934140205383,0.11537277698516846
classic::kmeans_convnext::k18,0,163,laptop,laptop,function,2.790412664413452,0.6622680425643921,2.1281447410583496
classic::kmeans_convnext::k18,1,127,display,televisi dan monitor,function,2.348802328109741,0.7128075957298279,1.6359946727752686
classic::kmeans_convnext::k18,2,248,printer,printer dan mesin fotokopi,function,3.0703322887420654,0.6320400238037109,2.4382922649383545
classic::kmeans_convnext::k18,3,195,electronic_component,komponen elektronik,function,0.8141501545906067,0.5238302946090698,0.29031985998153687
classic::kmeans_convnext::k18,4,266,input_peripheral,perangkat input komputer,function,2.182584285736084,0.7343770265579224,1.4482072591781616
classic::kmeans_convnext::k18,5,244,washing_machine,mesin cuci,function,3.0556509494781494,0.9814884662628174,2.074162483215332
classic::kmeans_convnext::k18,6,227,phone_tablet,ponsel dan tablet,function,1.968751072883606,0.47108328342437744,1.4976677894592285
classic::kmeans_convnext::k18,7,221,cooking_appliance,peralatan memasak listrik,function,2.9734549522399902,0.6182723045349121,2.355182647705078
classic::kmeans_convnext::k18,8,177,desktop,komputer desktop,function,2.226682424545288,1.2522145509719849,0.9744678735733032
classic::kmeans_convnext::k18,9,289,camera,kamera,function,0.48793017864227295,0.2477283626794815,0.24020181596279144
classic::kmeans_convnext::k18,10,230,phone_tablet,ponsel dan tablet,function,2.24914813041687,0.6536195874214172,1.5955286026000977
classic::kmeans_convnext::k18,11,145,display,televisi dan monitor,function,2.5408263206481934,0.6884574890136719,1.8523688316345215
classic::kmeans_convnext::k18,12,211,battery,baterai dan aki,function,3.3063080310821533,0.947734534740448,2.3585734367370605
classic::kmeans_convnext::k18,13,111,audio,perangkat audio,function,3.2042248249053955,0.518986701965332,2.6852381229400635
classic::kmeans_convnext::k18,14,153,display,televisi dan monitor,function,0.6073673963546753,0.3967536389827728,0.21061375737190247
classic::kmeans_convnext::k18,15,116,audio,perangkat audio,function,2.923452615737915,0.8168535828590393,2.1065990924835205
classic::kmeans_convnext::k18,16,217,input_peripheral,perangkat input komputer,function,1.8950265645980835,1.105142593383789,0.7898839712142944
classic::kmeans_convnext::k18,17,239,electronic_component,komponen elektronik,function,2.623586416244507,0.34554657340049744,2.2780399322509766
classic::kmeans_convnext::k16,0,288,camera,kamera,function,0.47280868887901306,0.24832932651042938,0.22447936236858368
classic::kmeans_convnext::k16,1,267,input_peripheral,perangkat input komputer,function,2.1827690601348877,0.733951210975647,1.4488178491592407
classic::kmeans_convnext::k16,2,243,washing_machine,mesin cuci,function,3.0628044605255127,0.9800078868865967,2.082796573638916
classic::kmeans_convnext::k16,3,233,phone_tablet,ponsel dan tablet,function,1.97560715675354,0.4850350618362427,1.4905720949172974
classic::kmeans_convnext::k16,4,228,audio,perangkat audio,function,3.04034161567688,0.5668107867240906,2.4735307693481445
classic::kmeans_convnext::k16,5,145,display,televisi dan monitor,function,2.5408263206481934,0.6884574890136719,1.8523688316345215
classic::kmeans_convnext::k16,6,247,printer,printer dan mesin fotokopi,function,3.084259271621704,0.6342617869377136,2.4499974250793457
classic::kmeans_convnext::k16,7,299,desktop,komputer desktop,function,0.43825140595436096,0.4145238697528839,0.02372753620147705
classic::kmeans_convnext::k16,8,179,desktop,komputer desktop,function,2.2302894592285156,1.237447738647461,0.9928417205810547
classic::kmeans_convnext::k16,9,127,display,televisi dan monitor,function,2.348802328109741,0.7128075957298279,1.6359946727752686
classic::kmeans_convnext::k16,10,209,battery,baterai dan aki,function,3.325152635574341,0.95396488904953,2.371187686920166
classic::kmeans_convnext::k16,11,216,input_peripheral,perangkat input komputer,function,1.9031187295913696,1.1132822036743164,0.7898365259170532
classic::kmeans_convnext::k16,12,168,laptop,laptop,function,2.7857258319854736,0.6570225954055786,2.1287031173706055
classic::kmeans_convnext::k16,13,276,electronic_component,komponen elektronik,function,2.5375585556030273,0.2815796732902527,2.25597882270813
classic::kmeans_convnext::k16,14,221,cooking_appliance,peralatan memasak listrik,function,2.9734549522399902,0.6182723045349121,2.355182647705078
classic::kmeans_convnext::k16,15,233,phone_tablet,ponsel dan tablet,function,2.254228115081787,0.6537685394287109,1.6004595756530762
classic::kmeans_convnext::k14,0,217,input_peripheral,perangkat input komputer,function,1.8950265645980835,1.105142593383789,0.7898839712142944
classic::kmeans_convnext::k14,1,183,laptop,laptop,function,2.7456092834472656,0.6364591717720032,2.1091501712799072
classic::kmeans_convnext::k14,2,436,phone_tablet,ponsel dan tablet,function,2.1759276390075684,0.6009731888771057,1.5749545097351074
classic::kmeans_convnext::k14,3,221,cooking_appliance,peralatan memasak listrik,function,2.9734549522399902,0.6182723045349121,2.355182647705078
classic::kmeans_convnext::k14,4,302,desktop,komputer desktop,function,0.42494651675224304,0.3988897204399109,0.026056796312332153
classic::kmeans_convnext::k14,5,276,electronic_component,komponen elektronik,function,2.534984588623047,0.2846284508705139,2.2503561973571777
classic::kmeans_convnext::k14,6,297,camera,kamera,function,0.47268399596214294,0.24041847884655,0.23226551711559296
classic::kmeans_convnext::k14,7,244,washing_machine,mesin cuci,function,3.0556509494781494,0.9814884662628174,2.074162483215332
classic::kmeans_convnext::k14,8,248,printer,printer dan mesin fotokopi,function,3.0703322887420654,0.6320400238037109,2.4382922649383545
classic::kmeans_convnext::k14,9,212,battery,baterai dan aki,function,3.297545909881592,0.9413040280342102,2.3562419414520264
classic::kmeans_convnext::k14,10,225,audio,perangkat audio,function,3.0621821880340576,0.572230875492096,2.4899513721466064
classic::kmeans_convnext::k14,11,266,input_peripheral,perangkat input komputer,function,2.182584285736084,0.7343770265579224,1.4482072591781616
classic::kmeans_convnext::k14,12,272,display,televisi dan monitor,function,2.445892572402954,0.46186044812202454,1.984032154083252
classic::kmeans_convnext::k14,13,180,desktop,komputer desktop,function,2.220701217651367,1.238049030303955,0.9826521873474121
classic::kmeans_convnext::k13,0,307,desktop,komputer desktop,function,0.4354921579360962,0.40163281559944153,0.03385934233665466
classic::kmeans_convnext::k13,1,208,battery,baterai dan aki,function,3.3241114616394043,0.9427943825721741,2.381317138671875
classic::kmeans_convnext::k13,2,318,laptop,laptop,function,1.6676069498062134,1.407211422920227,0.26039552688598633
classic::kmeans_convnext::k13,3,440,phone_tablet,ponsel dan tablet,function,2.1695754528045654,0.5962799191474915,1.5732955932617188
classic::kmeans_convnext::k13,4,221,cooking_appliance,peralatan memasak listrik,function,2.9734549522399902,0.6182723045349121,2.355182647705078
classic::kmeans_convnext::k13,5,276,electronic_component,komponen elektronik,function,2.5337026119232178,0.28593361377716064,2.2477688789367676
classic::kmeans_convnext::k13,6,267,input_peripheral,perangkat input komputer,function,2.1827690601348877,0.733951210975647,1.4488178491592407
classic::kmeans_convnext::k13,7,279,display,televisi dan monitor,function,2.4359822273254395,0.4850514829158783,1.9509307146072388
classic::kmeans_convnext::k13,8,248,printer,printer dan mesin fotokopi,function,3.0703322887420654,0.6320400238037109,2.4382922649383545
classic::kmeans_convnext::k13,9,246,input_peripheral,perangkat input komputer,function,1.8798370361328125,1.1722408533096313,0.7075961828231812
classic::kmeans_convnext::k13,10,243,washing_machine,mesin cuci,function,3.0628044605255127,0.9800078868865967,2.082796573638916
classic::kmeans_convnext::k13,11,228,audio,perangkat audio,function,3.0360000133514404,0.5643491744995117,2.4716508388519287
classic::kmeans_convnext::k13,12,298,camera,kamera,function,0.4815790057182312,0.23995447158813477,0.24162453413009644
classic::kmeans_convnext::k12,0,235,audio,perangkat audio,function,3.006087064743042,0.5828603506088257,2.423226833343506
classic::kmeans_convnext::k12,1,270,input_peripheral,perangkat input komputer,function,2.1734094619750977,0.7322006225585938,1.441208839416504
classic::kmeans_convnext::k12,2,228,cooking_appliance,peralatan memasak listrik,function,2.9506943225860596,0.6327847838401794,2.3179094791412354
classic::kmeans_convnext::k12,3,250,washing_machine,mesin cuci,function,3.0509743690490723,0.9782150983810425,2.0727591514587402
classic::kmeans_convnext::k12,4,311,desktop,komputer desktop,function,0.4354162812232971,0.40294957160949707,0.03246670961380005
classic::kmeans_convnext::k12,5,253,printer,printer dan mesin fotokopi,function,3.053206443786621,0.6312096118927002,2.421996831893921
classic::kmeans_convnext::k12,6,463,phone_tablet,ponsel dan tablet,function,2.1549649238586426,0.5876191258430481,1.5673458576202393
classic::kmeans_convnext::k12,7,279,electronic_component,komponen elektronik,function,2.5127670764923096,0.2862509787082672,2.226516008377075
classic::kmeans_convnext::k12,8,246,input_peripheral,perangkat input komputer,function,1.8775242567062378,1.1418342590332031,0.7356899976730347
classic::kmeans_convnext::k12,9,292,display,televisi dan monitor,function,2.398604393005371,0.46966540813446045,1.9289389848709106
classic::kmeans_convnext::k12,10,334,laptop,laptop,function,1.6216238737106323,1.4101556539535522,0.21146821975708008
classic::kmeans_convnext::k12,11,418,battery,baterai dan aki,function,1.8721319437026978,0.5007179379463196,1.3714139461517334
classic::kmeans_convnext::k11,0,549,desktop,komputer desktop,function,1.3139145374298096,1.268076777458191,0.04583775997161865
classic::kmeans_convnext::k11,1,228,cooking_appliance,peralatan memasak listrik,function,2.9506943225860596,0.6327847838401794,2.3179094791412354
classic::kmeans_convnext::k11,2,270,input_peripheral,perangkat input komputer,function,2.1734094619750977,0.7322006225585938,1.441208839416504
classic::kmeans_convnext::k11,3,297,display,televisi dan monitor,function,2.3878257274627686,0.48607751727104187,1.9017481803894043
classic::kmeans_convnext::k11,4,282,electronic_component,komponen elektronik,function,2.4973232746124268,0.27899038791656494,2.2183327674865723
classic::kmeans_convnext::k11,5,234,audio,perangkat audio,function,3.0085973739624023,0.5827229022979736,2.4258744716644287
classic::kmeans_convnext::k11,6,477,phone_tablet,ponsel dan tablet,function,2.108715057373047,0.5534292459487915,1.5552858114242554
classic::kmeans_convnext::k11,7,321,desktop,komputer desktop,function,0.4579434096813202,0.4281432330608368,0.0298001766204834
classic::kmeans_convnext::k11,8,250,washing_machine,mesin cuci,function,3.0509743690490723,0.9782150983810425,2.0727591514587402
classic::kmeans_convnext::k11,9,419,battery,baterai dan aki,function,1.8687046766281128,0.5062057971954346,1.3624988794326782
classic::kmeans_convnext::k11,10,252,printer,printer dan mesin fotokopi,function,3.066789150238037,0.6333840489387512,2.4334051609039307
classic::kmeans_convnext::k10,0,487,phone_tablet,ponsel dan tablet,function,2.091327667236328,0.5574454069137573,1.5338822603225708
classic::kmeans_convnext::k10,1,553,desktop,komputer desktop,function,1.3107874393463135,1.257123589515686,0.05366384983062744
classic::kmeans_convnext::k10,2,240,audio,perangkat audio,function,2.969485282897949,0.5684508085250854,2.401034355163574
classic::kmeans_convnext::k10,3,231,cooking_appliance,peralatan memasak listrik,function,2.940384864807129,0.6288883090019226,2.3114964962005615
classic::kmeans_convnext::k10,4,649,battery,baterai dan aki,function,1.3300142288208008,1.3222609758377075,0.007753252983093262
classic::kmeans_convnext::k10,5,252,printer,printer dan mesin fotokopi,function,3.066789150238037,0.6333840489387512,2.4334051609039307
classic::kmeans_convnext::k10,6,255,washing_machine,mesin cuci,function,3.041887044906616,0.9729489684104919,2.0689380168914795
classic::kmeans_convnext::k10,7,272,input_peripheral,perangkat input komputer,function,2.1731247901916504,0.7312444448471069,1.4418803453445435
classic::kmeans_convnext::k10,8,342,desktop,komputer desktop,function,0.4704405963420868,0.4009615480899811,0.06947904825210571
classic::kmeans_convnext::k10,9,298,display,televisi dan monitor,function,2.3794169425964355,0.48358026146888733,1.8958367109298706
classic::kmeans_convnext::k8,0,224,cooking_appliance,peralatan memasak listrik,function,2.969716787338257,0.6162639260292053,2.3534529209136963
classic::kmeans_convnext::k8,1,539,desktop,komputer desktop,function,1.302761197090149,1.2774204015731812,0.025340795516967773
classic::kmeans_convnext::k8,2,253,printer,printer dan mesin fotokopi,function,3.0669145584106445,0.6301376819610596,2.436776876449585
classic::kmeans_convnext::k8,3,272,input_peripheral,perangkat input komputer,function,2.1731247901916504,0.7312444448471069,1.4418803453445435
classic::kmeans_convnext::k8,4,604,display,televisi dan monitor,function,1.4578566551208496,0.5141633152961731,0.9436933398246765
classic::kmeans_convnext::k8,5,491,phone_tablet,ponsel dan tablet,function,2.0794646739959717,0.547372043132782,1.532092571258545
classic::kmeans_convnext::k8,6,943,electronic_component,komponen elektronik,function,0.910792350769043,0.8657062649726868,0.0450860857963562
classic::kmeans_convnext::k8,7,253,washing_machine,mesin cuci,function,3.0404701232910156,0.9807551503181458,2.0597150325775146
classic::kmeans_convnext::k6,0,733,cooking_appliance,peralatan memasak listrik,function,1.4950065612792969,1.3063563108444214,0.1886502504348755
classic::kmeans_convnext::k6,1,257,printer,printer dan mesin fotokopi,function,3.0247631072998047,0.6135408282279968,2.411222219467163
classic::kmeans_convnext::k6,2,968,display,televisi dan monitor,function,0.8269867300987244,0.5776340961456299,0.24935263395309448
classic::kmeans_convnext::k6,3,524,desktop,komputer desktop,function,1.3236137628555298,1.2513706684112549,0.0722430944442749
classic::kmeans_convnext::k6,4,273,input_peripheral,perangkat input komputer,function,2.166815757751465,0.7312506437301636,1.4355651140213013
classic::kmeans_convnext::k6,5,824,phone_tablet,ponsel dan tablet,function,1.296196699142456,1.0622614622116089,0.23393523693084717
classic::kmeans_convnext::k4,0,493,cooking_appliance,peralatan memasak listrik,function,1.9052269458770752,1.892960548400879,0.012266397476196289
classic::kmeans_convnext::k4,1,523,input_peripheral,perangkat input komputer,function,2.019603729248047,1.021673560142517,0.9979301691055298
classic::kmeans_convnext::k4,2,1429,display,televisi dan monitor,function,0.6142796874046326,0.4428296983242035,0.17144998908042908
classic::kmeans_convnext::k4,3,1134,phone_tablet,ponsel dan tablet,function,0.8159313201904297,0.7594754099845886,0.056455910205841064
classic::kmeans_aimv2::k24,0,74,washing_machine,mesin cuci,function,2.9550561904907227,0.9584781527519226,1.9965779781341553
classic::kmeans_aimv2::k24,1,121,display,televisi dan monitor,function,2.357057571411133,0.6909570693969727,1.6661005020141602
classic::kmeans_aimv2::k24,2,245,input_peripheral,perangkat input komputer,function,2.2164268493652344,0.7827290296554565,1.4336978197097778
classic::kmeans_aimv2::k24,3,158,electronic_component,komponen elektronik,function,1.5454033613204956,0.39670345187187195,1.1486998796463013
classic::kmeans_aimv2::k24,4,103,audio,perangkat audio,function,3.3514513969421387,0.5423873066902161,2.8090641498565674
classic::kmeans_aimv2::k24,5,194,display,televisi dan monitor,function,0.3282645344734192,0.30504104495048523,0.02322348952293396
classic::kmeans_aimv2::k24,6,249,phone_tablet,ponsel dan tablet,function,2.321253776550293,0.6506633162498474,1.6705904006958008
classic::kmeans_aimv2::k24,7,205,electronic_component,komponen elektronik,function,2.742072343826294,0.3698311746120453,2.372241258621216
classic::kmeans_aimv2::k24,8,209,printer,printer dan mesin fotokopi,function,3.212224006652832,0.7261788845062256,2.4860451221466064
classic::kmeans_aimv2::k24,9,111,desktop,komputer desktop,function,2.3991281986236572,1.6333529949188232,0.765775203704834
classic::kmeans_aimv2::k24,10,243,input_peripheral,perangkat input komputer,function,1.9190088510513306,1.3105896711349487,0.6084191799163818
classic::kmeans_aimv2::k24,11,209,cooking_appliance,peralatan memasak listrik,function,3.0205676555633545,0.6319624781608582,2.3886051177978516
classic::kmeans_aimv2::k24,12,169,washing_machine,mesin cuci,function,3.10856032371521,0.9828202128410339,2.1257400512695312
classic::kmeans_aimv2::k24,13,60,display,televisi dan monitor,function,2.805032968521118,0.9092702269554138,1.8957626819610596
classic::kmeans_aimv2::k24,14,66,battery,baterai dan aki,function,2.576721429824829,1.818737506866455,0.757983922958374
classic::kmeans_aimv2::k24,15,180,phone_tablet,ponsel dan tablet,function,1.6635323762893677,0.4100061058998108,1.253526210784912
classic::kmeans_aimv2::k24,16,64,battery,baterai dan aki,function,3.2722103595733643,1.3025002479553223,1.969710111618042
classic::kmeans_aimv2::k24,17,309,display,televisi dan monitor,function,0.5945698022842407,0.509837806224823,0.08473199605941772
classic::kmeans_aimv2::k24,18,91,phone_tablet,ponsel dan tablet,function,1.4498741626739502,0.5583800077438354,0.8914941549301147
classic::kmeans_aimv2::k24,19,141,laptop,laptop,function,2.923281669616699,0.6994915008544922,2.223790168762207
classic::kmeans_aimv2::k24,20,52,display,televisi dan monitor,function,2.328686237335205,0.510810911655426,1.8178753852844238
classic::kmeans_aimv2::k24,21,138,camera,kamera,function,0.7717582583427429,0.3341817259788513,0.4375765323638916
classic::kmeans_aimv2::k24,22,104,audio,perangkat audio,function,3.073672294616699,0.8291344046592712,2.244537830352783
classic::kmeans_aimv2::k24,23,84,battery,baterai dan aki,function,3.8216211795806885,0.8685354590415955,2.9530856609344482
classic::kmeans_aimv2::k22,0,75,washing_machine,mesin cuci,function,2.921642780303955,0.9650236964225769,1.9566190242767334
classic::kmeans_aimv2::k22,1,139,laptop,laptop,function,2.9296700954437256,0.7009027004241943,2.2287673950195312
classic::kmeans_aimv2::k22,2,158,camera,kamera,function,0.59260094165802,0.5800589323043823,0.012542009353637695
classic::kmeans_aimv2::k22,3,248,phone_tablet,ponsel dan tablet,function,2.320298910140991,0.6556612849235535,1.664637565612793
classic::kmeans_aimv2::k22,4,244,input_peripheral,perangkat input komputer,function,1.9122787714004517,1.3088622093200684,0.6034165620803833
classic::kmeans_aimv2::k22,5,215,battery,baterai dan aki,function,2.547654628753662,0.9273524284362793,1.6203022003173828
classic::kmeans_aimv2::k22,6,159,electronic_component,komponen elektronik,function,1.2297594547271729,0.6825551390647888,0.547204315662384
classic::kmeans_aimv2::k22,7,168,washing_machine,mesin cuci,function,3.1098437309265137,0.984130322933197,2.125713348388672
classic::kmeans_aimv2::k22,8,118,audio,perangkat audio,function,2.973236083984375,0.813460648059845,2.159775495529175
classic::kmeans_aimv2::k22,9,252,input_peripheral,perangkat input komputer,function,2.2132105827331543,0.7707218527793884,1.442488670349121
classic::kmeans_aimv2::k22,10,210,printer,printer dan mesin fotokopi,function,3.1738290786743164,0.7031531929969788,2.4706759452819824
classic::kmeans_aimv2::k22,11,101,audio,perangkat audio,function,3.3558895587921143,0.5455133318901062,2.8103761672973633
classic::kmeans_aimv2::k22,12,108,desktop,komputer desktop,function,2.437379837036133,1.6798142194747925,0.7575656175613403
classic::kmeans_aimv2::k22,13,103,display,televisi dan monitor,function,2.668673515319824,0.7130382657051086,1.9556353092193604
classic::kmeans_aimv2::k22,14,66,battery,baterai dan aki,function,2.648449182510376,1.815743088722229,0.832706093788147
classic::kmeans_aimv2::k22,15,203,cooking_appliance,peralatan memasak listrik,function,3.034151792526245,0.6265211701393127,2.407630681991577
classic::kmeans_aimv2::k22,16,121,display,televisi dan monitor,function,2.367401123046875,0.6709882020950317,1.6964129209518433
classic::kmeans_aimv2::k22,17,218,electronic_component,komponen elektronik,function,2.6840782165527344,0.36695319414138794,2.317125082015991
classic::kmeans_aimv2::k22,18,90,phone_tablet,ponsel dan tablet,function,1.6193658113479614,0.4553079903125763,1.1640578508377075
classic::kmeans_aimv2::k22,19,187,audio,perangkat audio,function,0.28618353605270386,0.2832939326763153,0.00288960337638855
classic::kmeans_aimv2::k22,20,229,display,televisi dan monitor,function,0.6933275461196899,0.4986398220062256,0.19468772411346436
classic::kmeans_aimv2::k22,21,167,phone_tablet,ponsel dan tablet,function,1.7032464742660522,0.42286673188209534,1.2803797721862793
classic::kmeans_aimv2::k20,0,153,camera,kamera,function,0.6704755425453186,0.3781352639198303,0.2923402786254883
classic::kmeans_aimv2::k20,1,287,phone_tablet,ponsel dan tablet,function,2.329512596130371,0.6441282033920288,1.6853843927383423
classic::kmeans_aimv2::k20,2,170,electronic_component,komponen elektronik,function,1.35713791847229,0.407050222158432,0.9500876665115356
classic::kmeans_aimv2::k20,3,114,display,televisi dan monitor,function,2.6379854679107666,0.6649993658065796,1.972986102104187
classic::kmeans_aimv2::k20,4,248,input_peripheral,perangkat input komputer,function,2.2195870876312256,0.78034508228302,1.4392420053482056
classic::kmeans_aimv2::k20,5,209,printer,printer dan mesin fotokopi,function,3.2143263816833496,0.7249557375907898,2.489370584487915
classic::kmeans_aimv2::k20,6,191,phone_tablet,ponsel dan tablet,function,1.7018104791641235,0.4231232702732086,1.2786872386932373
classic::kmeans_aimv2::k20,7,170,washing_machine,mesin cuci,function,3.10906982421875,0.9822770953178406,2.1267926692962646
classic::kmeans_aimv2::k20,8,312,display,televisi dan monitor,function,0.5984025001525879,0.49019601941108704,0.10820648074150085
classic::kmeans_aimv2::k20,9,102,audio,perangkat audio,function,3.3536181449890137,0.5441750288009644,2.8094429969787598
classic::kmeans_aimv2::k20,10,247,input_peripheral,perangkat input komputer,function,1.9068820476531982,1.2889268398284912,0.617955207824707
classic::kmeans_aimv2::k20,11,207,electronic_component,komponen elektronik,function,2.737809658050537,0.3679943084716797,2.3698153495788574
classic::kmeans_aimv2::k20,12,105,audio,perangkat audio,function,3.0742130279541016,0.8566410541534424,2.217571973800659
classic::kmeans_aimv2::k20,13,153,laptop,laptop,function,2.915921926498413,0.6840999126434326,2.2318220138549805
classic::kmeans_aimv2::k20,14,110,desktop,komputer desktop,function,2.4555652141571045,1.6354228258132935,0.820142388343811
classic::kmeans_aimv2::k20,15,198,cooking_appliance,peralatan memasak listrik,function,3.0364856719970703,0.625755250453949,2.4107303619384766
classic::kmeans_aimv2::k20,16,202,battery,baterai dan aki,function,3.3611085414886475,0.9644529223442078,2.396655559539795
classic::kmeans_aimv2::k20,17,120,display,televisi dan monitor,function,2.3700318336486816,0.6863560080528259,1.683675765991211
classic::kmeans_aimv2::k20,18,73,washing_machine,mesin cuci,function,2.9517667293548584,0.9594096541404724,1.9923570156097412
classic::kmeans_aimv2::k20,19,208,display,televisi dan monitor,function,0.40572696924209595,0.27065685391426086,0.13507011532783508
classic::kmeans_aimv2::k18,0,147,display,televisi dan monitor,function,2.459566593170166,1.4163843393325806,1.0431822538375854
classic::kmeans_aimv2::k18,1,91,phone_tablet,ponsel dan tablet,function,1.284775972366333,0.6240991950035095,0.6606767773628235
classic::kmeans_aimv2::k18,2,249,input_peripheral,perangkat input komputer,function,1.8908164501190186,1.356759786605835,0.5340566635131836
classic::kmeans_aimv2::k18,3,211,printer,printer dan mesin fotokopi,function,3.166837215423584,0.7128133177757263,2.454023838043213
classic::kmeans_aimv2::k18,4,212,display,televisi dan monitor,function,0.6169586181640625,0.5291475057601929,0.08781111240386963
classic::kmeans_aimv2::k18,5,242,washing_machine,mesin cuci,function,3.0631520748138428,0.9756419658660889,2.087510108947754
classic::kmeans_aimv2::k18,6,261,phone_tablet,ponsel dan tablet,function,2.3202309608459473,0.6467133164405823,1.6735177040100098
classic::kmeans_aimv2::k18,7,251,input_peripheral,perangkat input komputer,function,2.212141513824463,0.7744739055633545,1.4376676082611084
classic::kmeans_aimv2::k18,8,191,cooking_appliance,peralatan memasak listrik,function,3.0406811237335205,0.6191897988319397,2.4214913845062256
classic::kmeans_aimv2::k18,9,169,phone_tablet,ponsel dan tablet,function,1.7077046632766724,0.40182676911354065,1.305877923965454
classic::kmeans_aimv2::k18,10,115,display,televisi dan monitor,function,2.3622395992279053,0.7020447254180908,1.6601948738098145
classic::kmeans_aimv2::k18,11,101,audio,perangkat audio,function,3.3619160652160645,0.5393968820571899,2.822519302368164
classic::kmeans_aimv2::k18,12,247,battery,baterai dan aki,function,2.8568484783172607,0.8205734491348267,2.0362749099731445
classic::kmeans_aimv2::k18,13,147,laptop,laptop,function,2.876863479614258,0.7293140292167664,2.1475493907928467
classic::kmeans_aimv2::k18,14,365,desktop,komputer desktop,function,0.46302181482315063,0.45191800594329834,0.011103808879852295
classic::kmeans_aimv2::k18,15,124,audio,perangkat audio,function,2.908942937850952,0.8226227164268494,2.086320161819458
classic::kmeans_aimv2::k18,16,178,audio,perangkat audio,function,0.2674325406551361,0.16014108061790466,0.10729146003723145
classic::kmeans_aimv2::k18,17,278,electronic_component,komponen elektronik,function,2.4966795444488525,0.3242514431476593,2.1724281311035156
classic::kmeans_aimv2::k16,0,161,laptop,laptop,function,2.8894314765930176,0.6759991645812988,2.2134323120117188
classic::kmeans_aimv2::k16,1,205,cooking_appliance,peralatan memasak listrik,function,3.028870105743408,0.627074658870697,2.4017953872680664
classic::kmeans_aimv2::k16,2,227,display,televisi dan monitor,function,0.35183125734329224,0.26655516028404236,0.08527609705924988
classic::kmeans_aimv2::k16,3,254,input_peripheral,perangkat input komputer,function,1.8974415063858032,1.3181910514831543,0.5792504549026489
classic::kmeans_aimv2::k16,4,223,printer,printer dan mesin fotokopi,function,3.165933132171631,0.6840705275535583,2.4818625450134277
classic::kmeans_aimv2::k16,5,189,phone_tablet,ponsel dan tablet,function,1.625299096107483,0.41619664430618286,1.2091023921966553
classic::kmeans_aimv2::k16,6,286,electronic_component,komponen elektronik,function,2.45503568649292,0.32453301548957825,2.130502700805664
classic::kmeans_aimv2::k16,7,404,display,televisi dan monitor,function,0.44094112515449524,0.43556496500968933,0.005376160144805908
classic::kmeans_aimv2::k16,8,243,washing_machine,mesin cuci,function,3.0618152618408203,0.9754075407981873,2.0864076614379883
classic::kmeans_aimv2::k16,9,221,battery,baterai dan aki,function,3.1745445728302,0.9089767932891846,2.2655677795410156
classic::kmeans_aimv2::k16,10,123,display,televisi dan monitor,function,2.359438180923462,0.6707642078399658,1.688673973083496
classic::kmeans_aimv2::k16,11,209,display,televisi dan monitor,function,2.233156442642212,1.491003155708313,0.7421532869338989
classic::kmeans_aimv2::k16,12,250,input_peripheral,perangkat input komputer,function,2.211678981781006,0.7714648842811584,1.4402141571044922
classic::kmeans_aimv2::k16,13,300,phone_tablet,ponsel dan tablet,function,2.316877841949463,0.6367223858833313,1.6801555156707764
classic::kmeans_aimv2::k16,14,183,audio,perangkat audio,function,2.013601064682007,0.8341361880302429,1.1794648170471191
classic::kmeans_aimv2::k16,15,101,audio,perangkat audio,function,3.3619160652160645,0.5393968820571899,2.822519302368164
classic::kmeans_aimv2::k14,0,177,laptop,laptop,function,2.885688543319702,0.6812028288841248,2.2044856548309326
classic::kmeans_aimv2::k14,1,393,display,televisi dan monitor,function,0.45605966448783875,0.45395857095718384,0.0021010935306549072
classic::kmeans_aimv2::k14,2,229,printer,printer dan mesin fotokopi,function,3.140824794769287,0.686748206615448,2.4540765285491943
classic::kmeans_aimv2::k14,3,242,washing_machine,mesin cuci,function,3.0610995292663574,0.9754879474639893,2.085611581802368
classic::kmeans_aimv2::k14,4,256,input_peripheral,perangkat input komputer,function,1.8917752504348755,1.3218286037445068,0.5699466466903687
classic::kmeans_aimv2::k14,5,255,display,televisi dan monitor,function,0.26902174949645996,0.257682740688324,0.011339008808135986
classic::kmeans_aimv2::k14,6,256,input_peripheral,perangkat input komputer,function,2.2118632793426514,0.7674019932746887,1.4444613456726074
classic::kmeans_aimv2::k14,7,124,display,televisi dan monitor,function,2.3384413719177246,0.6896595358848572,1.6487817764282227
classic::kmeans_aimv2::k14,8,223,audio,perangkat audio,function,3.107912063598633,0.5782557129859924,2.529656410217285
classic::kmeans_aimv2::k14,9,280,battery,baterai dan aki,function,2.5876643657684326,0.7490053772926331,1.8386590480804443
classic::kmeans_aimv2::k14,10,208,cooking_appliance,peralatan memasak listrik,function,3.0202250480651855,0.6296719312667847,2.3905529975891113
classic::kmeans_aimv2::k14,11,293,electronic_component,komponen elektronik,function,2.4365344047546387,0.31970202922821045,2.1168322563171387
classic::kmeans_aimv2::k14,12,424,phone_tablet,ponsel dan tablet,function,2.283844470977783,0.6153851747512817,1.6684592962265015
classic::kmeans_aimv2::k14,13,219,display,televisi dan monitor,function,2.236666440963745,1.4618046283721924,0.7748618125915527
classic::kmeans_aimv2::k13,0,304,electronic_component,komponen elektronik,function,2.4030776023864746,0.31544336676597595,2.087634325027466
classic::kmeans_aimv2::k13,1,427,phone_tablet,ponsel dan tablet,function,2.277179718017578,0.6165605783462524,1.6606191396713257
classic::kmeans_aimv2::k13,2,253,input_peripheral,perangkat input komputer,function,1.9012402296066284,1.2890028953552246,0.6122373342514038
classic::kmeans_aimv2::k13,3,225,audio,perangkat audio,function,3.1067276000976562,0.5786917209625244,2.528035879135132
classic::kmeans_aimv2::k13,4,227,printer,printer dan mesin fotokopi,function,3.155890464782715,0.6959652900695801,2.4599251747131348
classic::kmeans_aimv2::k13,5,243,washing_machine,mesin cuci,function,3.0580601692199707,0.9737071394920349,2.084352970123291
classic::kmeans_aimv2::k13,6,232,display,televisi dan monitor,function,2.4858415126800537,0.4611552357673645,2.024686336517334
classic::kmeans_aimv2::k13,7,282,battery,baterai dan aki,function,2.571833372116089,0.7533379197120667,1.818495512008667
classic::kmeans_aimv2::k13,8,258,display,televisi dan monitor,function,0.32950738072395325,0.2512189447879791,0.07828843593597412
classic::kmeans_aimv2::k13,9,276,laptop,laptop,function,1.9062962532043457,1.344899296760559,0.5613969564437866
classic::kmeans_aimv2::k13,10,203,cooking_appliance,peralatan memasak listrik,function,3.030580997467041,0.6241723299026489,2.4064087867736816
classic::kmeans_aimv2::k13,11,256,input_peripheral,perangkat input komputer,function,2.2118632793426514,0.7674019932746887,1.4444613456726074
classic::kmeans_aimv2::k13,12,393,display,televisi dan monitor,function,0.5160679817199707,0.45497632026672363,0.06109166145324707
classic::kmeans_aimv2::k12,0,471,phone_tablet,ponsel dan tablet,function,2.1569302082061768,0.5635185837745667,1.5934116840362549
classic::kmeans_aimv2::k12,1,231,audio,perangkat audio,function,3.0754051208496094,0.5727797746658325,2.5026254653930664
classic::kmeans_aimv2::k12,2,261,input_peripheral,perangkat input komputer,function,2.206101179122925,0.7616565823554993,1.4444446563720703
classic::kmeans_aimv2::k12,3,416,display,televisi dan monitor,function,0.4934571087360382,0.4416537284851074,0.051803380250930786
classic::kmeans_aimv2::k12,4,290,electronic_component,komponen elektronik,function,2.4401559829711914,0.3320837616920471,2.108072280883789
classic::kmeans_aimv2::k12,5,246,washing_machine,mesin cuci,function,3.0467607975006104,0.969215989112854,2.077544689178467
classic::kmeans_aimv2::k12,6,229,printer,printer dan mesin fotokopi,function,3.152113914489746,0.6907449960708618,2.461369037628174
classic::kmeans_aimv2::k12,7,289,battery,baterai dan aki,function,2.54415225982666,0.7374838590621948,1.8066684007644653
classic::kmeans_aimv2::k12,8,259,input_peripheral,perangkat input komputer,function,1.8855153322219849,1.2675515413284302,0.6179637908935547
classic::kmeans_aimv2::k12,9,272,laptop,laptop,function,1.8515715599060059,1.3728269338607788,0.47874462604522705
classic::kmeans_aimv2::k12,10,211,cooking_appliance,peralatan memasak listrik,function,3.0169754028320312,0.6299738883972168,2.3870015144348145
classic::kmeans_aimv2::k12,11,404,display,televisi dan monitor,function,1.6410176753997803,0.2979550361633301,1.3430626392364502
classic::kmeans_aimv2::k11,0,297,electronic_component,komponen elektronik,function,2.449915885925293,0.3215372562408447,2.1283786296844482
classic::kmeans_aimv2::k11,1,251,washing_machine,mesin cuci,function,3.0377941131591797,0.9630194902420044,2.074774742126465
classic::kmeans_aimv2::k11,2,588,phone_tablet,ponsel dan tablet,function,1.7498619556427002,0.5834572315216064,1.1664047241210938
classic::kmeans_aimv2::k11,3,226,audio,perangkat audio,function,3.0998587608337402,0.5829501748085022,2.516908645629883
classic::kmeans_aimv2::k11,4,411,display,televisi dan monitor,function,0.4997847080230713,0.4469408690929413,0.052843838930130005
classic::kmeans_aimv2::k11,5,256,input_peripheral,perangkat input komputer,function,2.2069251537323,0.7632880806922913,1.4436371326446533
classic::kmeans_aimv2::k11,6,210,cooking_appliance,peralatan memasak listrik,function,3.017824649810791,0.6268685460090637,2.390956163406372
classic::kmeans_aimv2::k11,7,297,input_peripheral,perangkat input komputer,function,1.7406920194625854,1.3306083679199219,0.4100836515426636
classic::kmeans_aimv2::k11,8,228,printer,printer dan mesin fotokopi,function,3.144272804260254,0.6919492483139038,2.4523234367370605
classic::kmeans_aimv2::k11,9,332,battery,baterai dan aki,function,2.197239637374878,0.6100090742111206,1.5872305631637573
classic::kmeans_aimv2::k11,10,483,display,televisi dan monitor,function,1.6908785104751587,0.6660905480384827,1.0247879028320312
classic::kmeans_aimv2::k10,0,484,display,televisi dan monitor,function,1.7001739740371704,0.6141931414604187,1.0859808921813965
classic::kmeans_aimv2::k10,1,533,battery,baterai dan aki,function,1.2970869541168213,1.2474257946014404,0.04966115951538086
classic::kmeans_aimv2::k10,2,287,electronic_component,komponen elektronik,function,2.464451551437378,0.3295819163322449,2.1348695755004883
classic::kmeans_aimv2::k10,3,209,cooking_appliance,peralatan memasak listrik,function,3.019481897354126,0.6287853717803955,2.3906965255737305
classic::kmeans_aimv2::k10,4,418,display,televisi dan monitor,function,0.4950331151485443,0.4399941563606262,0.05503895878791809
classic::kmeans_aimv2::k10,5,260,input_peripheral,perangkat input komputer,function,2.2081546783447266,0.7664254307746887,1.4417293071746826
classic::kmeans_aimv2::k10,6,251,washing_machine,mesin cuci,function,3.0377941131591797,0.9630194902420044,2.074774742126465
classic::kmeans_aimv2::k10,7,493,phone_tablet,ponsel dan tablet,function,2.0771548748016357,0.5407788157463074,1.5363759994506836
classic::kmeans_aimv2::k10,8,225,printer,printer dan mesin fotokopi,function,3.160766124725342,0.6963905692100525,2.4643754959106445
classic::kmeans_aimv2::k10,9,419,laptop,laptop,function,1.433719277381897,1.3101969957351685,0.12352228164672852
classic::kmeans_aimv2::k8,0,501,display,televisi dan monitor,function,1.6517189741134644,0.6540005803108215,0.9977183938026428
classic::kmeans_aimv2::k8,1,526,input_peripheral,perangkat input komputer,function,1.99893319606781,1.0916413068771362,0.9072918891906738
classic::kmeans_aimv2::k8,2,289,electronic_component,komponen elektronik,function,2.480006217956543,0.320759117603302,2.1592471599578857
classic::kmeans_aimv2::k8,3,454,washing_machine,mesin cuci,function,1.9501328468322754,1.889807939529419,0.060324907302856445
classic::kmeans_aimv2::k8,4,566,battery,baterai dan aki,function,1.21470308303833,1.149971842765808,0.06473124027252197
classic::kmeans_aimv2::k8,5,604,phone_tablet,ponsel dan tablet,function,1.706315040588379,0.6271336674690247,1.079181432723999
classic::kmeans_aimv2::k8,6,415,display,televisi dan monitor,function,0.4890753924846649,0.4479743540287018,0.041101038455963135
classic::kmeans_aimv2::k8,7,224,printer,printer dan mesin fotokopi,function,3.159389019012451,0.7007209658622742,2.4586679935455322
classic::kmeans_aimv2::k6,0,708,electronic_component,komponen elektronik,function,1.0474363565444946,0.17272628843784332,0.8747100830078125
classic::kmeans_aimv2::k6,1,523,input_peripheral,perangkat input komputer,function,2.012585401535034,1.0886106491088867,0.9239747524261475
classic::kmeans_aimv2::k6,2,608,phone_tablet,ponsel dan tablet,function,1.719221591949463,0.6410738229751587,1.0781477689743042
classic::kmeans_aimv2::k6,3,757,battery,baterai dan aki,function,0.771666407585144,0.7328847050666809,0.038781702518463135
classic::kmeans_aimv2::k6,4,534,display,televisi dan monitor,function,1.5820503234863281,0.6282728910446167,0.9537774324417114
classic::kmeans_aimv2::k6,5,449,washing_machine,mesin cuci,function,1.9639281034469604,1.881359577178955,0.08256852626800537
classic::kmeans_aimv2::k4,0,872,phone_tablet,ponsel dan tablet,function,1.0691308975219727,0.4981120526790619,0.5710188150405884
classic::kmeans_aimv2::k4,1,795,electronic_component,komponen elektronik,function,0.8980441093444824,0.2593920826911926,0.6386520266532898
classic::kmeans_aimv2::k4,2,528,input_peripheral,perangkat input komputer,function,2.0028414726257324,1.0918656587600708,0.9109758138656616
classic::kmeans_aimv2::k4,3,1384,cooking_appliance,peralatan memasak listrik,function,0.6907246708869934,0.5507761240005493,0.1399485468864441
classic::gmm_diag_fused::k24,0,170,cooking_appliance,peralatan memasak listrik,function,3.0600147247314453,0.6130980849266052,2.4469165802001953
classic::gmm_diag_fused::k24,1,383,phone_tablet,ponsel dan tablet,function,2.3116402626037598,0.6132273077964783,1.6984128952026367
classic::gmm_diag_fused::k24,2,110,electronic_component,komponen elektronik,function,2.0250425338745117,0.6176995635032654,1.4073429107666016
classic::gmm_diag_fused::k24,3,137,input_peripheral,perangkat input komputer,function,2.17460298538208,0.930980384349823,1.2436225414276123
classic::gmm_diag_fused::k24,4,81,audio,perangkat audio,function,3.116793394088745,0.841418981552124,2.275374412536621
classic::gmm_diag_fused::k24,5,83,washing_machine,mesin cuci,function,2.988800287246704,0.9646643996238708,2.0241358280181885
classic::gmm_diag_fused::k24,6,87,input_peripheral,perangkat input komputer,function,2.1194708347320557,1.1433098316192627,0.976161003112793
classic::gmm_diag_fused::k24,7,188,electronic_component,komponen elektronik,function,2.743823766708374,0.38668519258499146,2.3571386337280273
classic::gmm_diag_fused::k24,8,96,battery,baterai dan aki,function,3.061054229736328,1.0530341863632202,2.0080199241638184
classic::gmm_diag_fused::k24,9,112,display,televisi dan monitor,function,2.4025766849517822,0.7611545324325562,1.641422152519226
classic::gmm_diag_fused::k24,10,79,display,televisi dan monitor,function,2.849285364151001,0.7157760858535767,2.1335091590881348
classic::gmm_diag_fused::k24,11,78,desktop,komputer desktop,function,2.544422149658203,1.871795892715454,0.672626256942749
classic::gmm_diag_fused::k24,12,157,laptop,laptop,function,1.4616169929504395,0.4612830579280853,1.0003339052200317
classic::gmm_diag_fused::k24,13,97,printer,printer dan mesin fotokopi,function,3.189152717590332,0.31971475481987,2.8694379329681396
classic::gmm_diag_fused::k24,14,140,printer,printer dan mesin fotokopi,function,3.117572546005249,0.9116818904876709,2.205890655517578
classic::gmm_diag_fused::k24,15,147,washing_machine,mesin cuci,function,3.1226611137390137,0.9922657608985901,2.1303954124450684
classic::gmm_diag_fused::k24,16,97,input_peripheral,perangkat input komputer,function,2.253190517425537,0.6349098086357117,1.6182806491851807
classic::gmm_diag_fused::k24,17,93,audio,perangkat audio,function,3.364243745803833,0.5438916683197021,2.820352077484131
classic::gmm_diag_fused::k24,18,82,battery,baterai dan aki,function,3.8504154682159424,0.8172693848609924,3.0331461429595947
classic::gmm_diag_fused::k24,19,86,display,televisi dan monitor,function,1.276118516921997,1.2491332292556763,0.0269852876663208
classic::gmm_diag_fused::k24,20,710,camera,kamera,function,0.27025294303894043,0.24490270018577576,0.025350242853164673
classic::gmm_diag_fused::k24,21,132,laptop,laptop,function,2.9817955493927,0.7400194406509399,2.2417759895324707
classic::gmm_diag_fused::k24,22,87,camera,kamera,function,0.33797261118888855,0.3273415267467499,0.010631084442138672
classic::gmm_diag_fused::k24,23,147,input_peripheral,perangkat input komputer,function,1.7942829132080078,1.5501306056976318,0.24415230751037598
classic::gmm_diag_fused::k22,0,110,phone_tablet,ponsel dan tablet,function,2.1996307373046875,0.7911711931228638,1.4084595441818237
classic::gmm_diag_fused::k22,1,835,camera,kamera,function,0.21613024175167084,0.14030064642429352,0.07582959532737732
classic::gmm_diag_fused::k22,2,152,input_peripheral,perangkat input komputer,function,1.8036284446716309,1.4480922222137451,0.35553622245788574
classic::gmm_diag_fused::k22,3,83,washing_machine,mesin cuci,function,2.988800287246704,0.9646643996238708,2.0241358280181885
classic::gmm_diag_fused::k22,4,100,camera,kamera,function,0.34800273180007935,0.31204530596733093,0.03595742583274841
classic::gmm_diag_fused::k22,5,230,input_peripheral,perangkat input komputer,function,2.215637445449829,0.805769681930542,1.409867763519287
classic::gmm_diag_fused::k22,6,231,printer,printer dan mesin fotokopi,function,3.163076400756836,0.667095422744751,2.495980978012085
classic::gmm_diag_fused::k22,7,116,electronic_component,komponen elektronik,function,2.0141263008117676,0.5825608372688293,1.431565523147583
classic::gmm_diag_fused::k22,8,134,laptop,laptop,function,2.9849884510040283,0.7433419227600098,2.2416465282440186
classic::gmm_diag_fused::k22,9,170,cooking_appliance,peralatan memasak listrik,function,3.0600147247314453,0.6130980849266052,2.4469165802001953
classic::gmm_diag_fused::k22,10,181,electronic_component,komponen elektronik,function,2.7413971424102783,0.3753267228603363,2.366070508956909
classic::gmm_diag_fused::k22,11,77,desktop,komputer desktop,function,2.5457584857940674,1.870185136795044,0.6755733489990234
classic::gmm_diag_fused::k22,12,143,battery,baterai dan aki,function,3.246687412261963,1.0298975706100464,2.216789722442627
classic::gmm_diag_fused::k22,13,45,battery,baterai dan aki,function,3.94242525100708,0.7147931456565857,3.2276320457458496
classic::gmm_diag_fused::k22,14,79,display,televisi dan monitor,function,2.849285364151001,0.7157760858535767,2.1335091590881348
classic::gmm_diag_fused::k22,15,147,washing_machine,mesin cuci,function,3.1226611137390137,0.9922657608985901,2.1303954124450684
classic::gmm_diag_fused::k22,16,284,phone_tablet,ponsel dan tablet,function,2.330098867416382,0.5421937704086304,1.7879050970077515
classic::gmm_diag_fused::k22,17,111,display,televisi dan monitor,function,2.4073646068573,0.7578679919242859,1.6494965553283691
classic::gmm_diag_fused::k22,18,88,input_peripheral,perangkat input komputer,function,2.121669292449951,1.1441254615783691,0.977543830871582
classic::gmm_diag_fused::k22,19,93,audio,perangkat audio,function,3.364243745803833,0.5438916683197021,2.820352077484131
classic::gmm_diag_fused::k22,20,81,audio,perangkat audio,function,3.116793394088745,0.841418981552124,2.275374412536621
classic::gmm_diag_fused::k22,21,89,display,televisi dan monitor,function,1.255181074142456,1.228431224822998,0.026749849319458008
classic::gmm_diag_fused::k20,0,96,battery,baterai dan aki,function,3.061054229736328,1.0530341863632202,2.0080199241638184
classic::gmm_diag_fused::k20,1,111,display,televisi dan monitor,function,2.4073646068573,0.7578679919242859,1.6494965553283691
classic::gmm_diag_fused::k20,2,231,printer,printer dan mesin fotokopi,function,3.163076400756836,0.667095422744751,2.495980978012085
classic::gmm_diag_fused::k20,3,887,camera,kamera,function,0.2133413404226303,0.13583126664161682,0.07751007378101349
classic::gmm_diag_fused::k20,4,376,phone_tablet,ponsel dan tablet,function,2.3129189014434814,0.6049996614456177,1.7079192399978638
classic::gmm_diag_fused::k20,5,117,electronic_component,komponen elektronik,function,2.011740207672119,0.5773959755897522,1.4343442916870117
classic::gmm_diag_fused::k20,6,170,cooking_appliance,peralatan memasak listrik,function,3.0600147247314453,0.6130980849266052,2.4469165802001953
classic::gmm_diag_fused::k20,7,216,input_peripheral,perangkat input komputer,function,1.9808123111724854,1.2953435182571411,0.6854687929153442
classic::gmm_diag_fused::k20,8,173,display,televisi dan monitor,function,0.674873411655426,0.5064326524734497,0.16844075918197632
classic::gmm_diag_fused::k20,9,87,laptop,laptop,function,3.025977373123169,0.8258851170539856,2.200092315673828
classic::gmm_diag_fused::k20,10,181,electronic_component,komponen elektronik,function,2.7413971424102783,0.3753267228603363,2.366070508956909
classic::gmm_diag_fused::k20,11,147,washing_machine,mesin cuci,function,3.1226611137390137,0.9922657608985901,2.1303954124450684
classic::gmm_diag_fused::k20,12,80,display,televisi dan monitor,function,2.843165636062622,0.7063883543014526,2.136777400970459
classic::gmm_diag_fused::k20,13,81,audio,perangkat audio,function,3.116793394088745,0.841418981552124,2.275374412536621
classic::gmm_diag_fused::k20,14,93,audio,perangkat audio,function,3.364243745803833,0.5438916683197021,2.820352077484131
classic::gmm_diag_fused::k20,15,230,input_peripheral,perangkat input komputer,function,2.215637445449829,0.805769681930542,1.409867763519287
classic::gmm_diag_fused::k20,16,83,desktop,komputer desktop,function,2.565096855163574,1.809576392173767,0.7555204629898071
classic::gmm_diag_fused::k20,17,83,battery,baterai dan aki,function,3.8518424034118652,0.8252295851707458,3.0266127586364746
classic::gmm_diag_fused::k20,18,54,laptop,laptop,function,2.8632969856262207,0.6262360215187073,2.237061023712158
classic::gmm_diag_fused::k20,19,83,washing_machine,mesin cuci,function,2.988800287246704,0.9646643996238708,2.0241358280181885
classic::gmm_diag_fused::k18,0,170,cooking_appliance,peralatan memasak listrik,function,3.0600147247314453,0.6130980849266052,2.4469165802001953
classic::gmm_diag_fused::k18,1,117,electronic_component,komponen elektronik,function,2.011740207672119,0.5773959755897522,1.4343442916870117
classic::gmm_diag_fused::k18,2,218,input_peripheral,perangkat input komputer,function,1.974948763847351,1.3111300468444824,0.6638187170028687
classic::gmm_diag_fused::k18,3,93,audio,perangkat audio,function,3.364243745803833,0.5438916683197021,2.820352077484131
classic::gmm_diag_fused::k18,4,378,phone_tablet,ponsel dan tablet,function,2.3121135234832764,0.6067311763763428,1.7053823471069336
classic::gmm_diag_fused::k18,5,83,washing_machine,mesin cuci,function,2.988800287246704,0.9646643996238708,2.0241358280181885
classic::gmm_diag_fused::k18,6,111,display,televisi dan monitor,function,2.4073646068573,0.7578679919242859,1.6494965553283691
classic::gmm_diag_fused::k18,7,194,battery,baterai dan aki,function,3.4056971073150635,0.9549288153648376,2.450768232345581
classic::gmm_diag_fused::k18,8,230,printer,printer dan mesin fotokopi,function,3.1648592948913574,0.6732775568962097,2.491581678390503
classic::gmm_diag_fused::k18,9,230,input_peripheral,perangkat input komputer,function,2.215637445449829,0.805769681930542,1.409867763519287
classic::gmm_diag_fused::k18,10,170,display,televisi dan monitor,function,2.3402419090270996,1.6136045455932617,0.7266373634338379
classic::gmm_diag_fused::k18,11,134,laptop,laptop,function,2.9849884510040283,0.7433419227600098,2.2416465282440186
classic::gmm_diag_fused::k18,12,24,electronic_component,komponen elektronik,function,0.6879622936248779,0.6205516457557678,0.06741064786911011
classic::gmm_diag_fused::k18,13,172,display,televisi dan monitor,function,0.6734174489974976,0.5063046813011169,0.16711276769638062
classic::gmm_diag_fused::k18,14,181,electronic_component,komponen elektronik,function,2.7413971424102783,0.3753267228603363,2.366070508956909
classic::gmm_diag_fused::k18,15,846,camera,kamera,function,0.18975813686847687,0.15478268265724182,0.034975454211235046
classic::gmm_diag_fused::k18,16,147,washing_machine,mesin cuci,function,3.1226611137390137,0.9922657608985901,2.1303954124450684
classic::gmm_diag_fused::k18,17,81,audio,perangkat audio,function,3.116793394088745,0.841418981552124,2.275374412536621
classic::gmm_diag_fused::k16,0,216,input_peripheral,perangkat input komputer,function,1.9808123111724854,1.2953435182571411,0.6854687929153442
classic::gmm_diag_fused::k16,1,880,camera,kamera,function,0.18164657056331635,0.1539469212293625,0.027699649333953857
classic::gmm_diag_fused::k16,2,117,electronic_component,komponen elektronik,function,2.011740207672119,0.5773959755897522,1.4343442916870117
classic::gmm_diag_fused::k16,3,81,desktop,komputer desktop,function,2.5764710903167725,1.8033603429794312,0.7731107473373413
classic::gmm_diag_fused::k16,4,227,washing_machine,mesin cuci,function,3.07843279838562,0.9834377765655518,2.0949950218200684
classic::gmm_diag_fused::k16,5,230,input_peripheral,perangkat input komputer,function,2.215637445449829,0.805769681930542,1.409867763519287
classic::gmm_diag_fused::k16,6,231,printer,printer dan mesin fotokopi,function,3.163076400756836,0.667095422744751,2.495980978012085
classic::gmm_diag_fused::k16,7,181,electronic_component,komponen elektronik,function,2.7413971424102783,0.3753267228603363,2.366070508956909
classic::gmm_diag_fused::k16,8,376,phone_tablet,ponsel dan tablet,function,2.3129189014434814,0.6049996614456177,1.7079192399978638
classic::gmm_diag_fused::k16,9,111,display,televisi dan monitor,function,2.4073646068573,0.7578679919242859,1.6494965553283691
classic::gmm_diag_fused::k16,10,170,cooking_appliance,peralatan memasak listrik,function,3.0600147247314453,0.6130980849266052,2.4469165802001953
classic::gmm_diag_fused::k16,11,188,battery,baterai dan aki,function,3.411992073059082,0.9682373404502869,2.4437546730041504
classic::gmm_diag_fused::k16,12,184,audio,perangkat audio,function,3.2345261573791504,0.6113605499267578,2.6231656074523926
classic::gmm_diag_fused::k16,13,173,display,televisi dan monitor,function,0.674873411655426,0.5064326524734497,0.16844075918197632
classic::gmm_diag_fused::k16,14,80,display,televisi dan monitor,function,2.843165636062622,0.7063883543014526,2.136777400970459
classic::gmm_diag_fused::k16,15,134,laptop,laptop,function,2.9849884510040283,0.7433419227600098,2.2416465282440186
classic::gmm_diag_fused::k15,0,111,display,televisi dan monitor,function,2.4073646068573,0.7578679919242859,1.6494965553283691
classic::gmm_diag_fused::k15,1,230,input_peripheral,perangkat input komputer,function,2.215637445449829,0.805769681930542,1.409867763519287
classic::gmm_diag_fused::k15,2,376,phone_tablet,ponsel dan tablet,function,2.3129189014434814,0.6049996614456177,1.7079192399978638
classic::gmm_diag_fused::k15,3,170,cooking_appliance,peralatan memasak listrik,function,3.0600147247314453,0.6130980849266052,2.4469165802001953
classic::gmm_diag_fused::k15,4,231,printer,printer dan mesin fotokopi,function,3.163076400756836,0.667095422744751,2.495980978012085
classic::gmm_diag_fused::k15,5,181,electronic_component,komponen elektronik,function,2.7413971424102783,0.3753267228603363,2.366070508956909
classic::gmm_diag_fused::k15,6,219,input_peripheral,perangkat input komputer,function,1.9735504388809204,1.3109517097473145,0.662598729133606
classic::gmm_diag_fused::k15,7,227,washing_machine,mesin cuci,function,3.07843279838562,0.9834377765655518,2.0949950218200684
classic::gmm_diag_fused::k15,8,117,electronic_component,komponen elektronik,function,2.011740207672119,0.5773959755897522,1.4343442916870117
classic::gmm_diag_fused::k15,9,134,laptop,laptop,function,2.9849884510040283,0.7433419227600098,2.2416465282440186
classic::gmm_diag_fused::k15,10,184,audio,perangkat audio,function,3.2345261573791504,0.6113605499267578,2.6231656074523926
classic::gmm_diag_fused::k15,11,171,display,televisi dan monitor,function,2.338249444961548,1.605130910873413,0.7331185340881348
classic::gmm_diag_fused::k15,12,188,battery,baterai dan aki,function,3.411992073059082,0.9682373404502869,2.4437546730041504
classic::gmm_diag_fused::k15,13,867,camera,kamera,function,0.1902499496936798,0.12443634122610092,0.06581360846757889
classic::gmm_diag_fused::k15,14,173,display,televisi dan monitor,function,0.674873411655426,0.5064326524734497,0.16844075918197632
classic::gmm_diag_fused::k14,0,260,electronic_component,komponen elektronik,function,2.6308367252349854,0.2516375482082367,2.379199266433716
classic::gmm_diag_fused::k14,1,84,desktop,komputer desktop,function,2.573737144470215,1.8010717630386353,0.7726653814315796
classic::gmm_diag_fused::k14,2,170,cooking_appliance,peralatan memasak listrik,function,3.0600147247314453,0.6130980849266052,2.4469165802001953
classic::gmm_diag_fused::k14,3,904,camera,kamera,function,0.18527233600616455,0.12608328461647034,0.059189051389694214
classic::gmm_diag_fused::k14,4,230,input_peripheral,perangkat input komputer,function,2.215637445449829,0.805769681930542,1.409867763519287
classic::gmm_diag_fused::k14,5,227,washing_machine,mesin cuci,function,3.07843279838562,0.9834377765655518,2.0949950218200684
classic::gmm_diag_fused::k14,6,199,display,televisi dan monitor,function,2.5756914615631104,0.3840111494064331,2.191680431365967
classic::gmm_diag_fused::k14,7,231,printer,printer dan mesin fotokopi,function,3.163076400756836,0.667095422744751,2.495980978012085
classic::gmm_diag_fused::k14,8,188,battery,baterai dan aki,function,3.411992073059082,0.9682373404502869,2.4437546730041504
classic::gmm_diag_fused::k14,9,134,laptop,laptop,function,2.9849884510040283,0.7433419227600098,2.2416465282440186
classic::gmm_diag_fused::k14,10,184,audio,perangkat audio,function,3.2345261573791504,0.6113605499267578,2.6231656074523926
classic::gmm_diag_fused::k14,11,376,phone_tablet,ponsel dan tablet,function,2.3129189014434814,0.6049996614456177,1.7079192399978638
classic::gmm_diag_fused::k14,12,176,display,televisi dan monitor,function,0.6549326777458191,0.498553067445755,0.1563796103000641
classic::gmm_diag_fused::k14,13,216,input_peripheral,perangkat input komputer,function,1.9808123111724854,1.2953435182571411,0.6854687929153442
classic::gmm_diag_fused::k13,0,168,display,televisi dan monitor,function,0.6784419417381287,0.5110359191894531,0.16740602254867554
classic::gmm_diag_fused::k13,1,232,input_peripheral,perangkat input komputer,function,2.21535062789917,0.8011253476142883,1.4142253398895264
classic::gmm_diag_fused::k13,2,291,laptop,laptop,function,1.9525245428085327,1.3772907257080078,0.5752338171005249
classic::gmm_diag_fused::k13,3,377,phone_tablet,ponsel dan tablet,function,2.312554359436035,0.6075353026390076,1.7050189971923828
classic::gmm_diag_fused::k13,4,170,cooking_appliance,peralatan memasak listrik,function,3.0600147247314453,0.6130980849266052,2.4469165802001953
classic::gmm_diag_fused::k13,5,274,electronic_component,komponen elektronik,function,2.5915274620056152,0.2359761744737625,2.355551242828369
classic::gmm_diag_fused::k13,6,227,washing_machine,mesin cuci,function,3.07843279838562,0.9834377765655518,2.0949950218200684
classic::gmm_diag_fused::k13,7,202,display,televisi dan monitor,function,2.5758495330810547,0.4097588062286377,2.166090726852417
classic::gmm_diag_fused::k13,8,231,printer,printer dan mesin fotokopi,function,3.163076400756836,0.667095422744751,2.495980978012085
classic::gmm_diag_fused::k13,9,220,input_peripheral,perangkat input komputer,function,1.980386734008789,1.2709407806396484,0.7094459533691406
classic::gmm_diag_fused::k13,10,814,camera,kamera,function,0.2662053108215332,0.09334065765142441,0.1728646457195282
classic::gmm_diag_fused::k13,11,184,audio,perangkat audio,function,3.2345261573791504,0.6113605499267578,2.6231656074523926
classic::gmm_diag_fused::k13,12,189,battery,baterai dan aki,function,3.410078763961792,0.9662570953369141,2.443821668624878
classic::gmm_diag_fused::k12,0,397,washing_machine,mesin cuci,function,2.0111851692199707,1.8843220472335815,0.12686312198638916
classic::gmm_diag_fused::k12,1,134,laptop,laptop,function,2.9849884510040283,0.7433419227600098,2.2416465282440186
classic::gmm_diag_fused::k12,2,918,camera,kamera,function,0.17656663060188293,0.14996851980686188,0.026598110795021057
classic::gmm_diag_fused::k12,3,218,input_peripheral,perangkat input komputer,function,1.974948763847351,1.3111300468444824,0.6638187170028687
classic::gmm_diag_fused::k12,4,230,input_peripheral,perangkat input komputer,function,2.215637445449829,0.805769681930542,1.409867763519287
classic::gmm_diag_fused::k12,5,231,printer,printer dan mesin fotokopi,function,3.163076400756836,0.667095422744751,2.495980978012085
classic::gmm_diag_fused::k12,6,266,display,televisi dan monitor,function,2.383665084838867,0.9922791719436646,1.3913859128952026
classic::gmm_diag_fused::k12,7,184,audio,perangkat audio,function,3.2345261573791504,0.6113605499267578,2.6231656074523926
classic::gmm_diag_fused::k12,8,177,display,televisi dan monitor,function,0.6564601063728333,0.4987219274044037,0.15773817896842957
classic::gmm_diag_fused::k12,9,188,battery,baterai dan aki,function,3.411992073059082,0.9682373404502869,2.4437546730041504
classic::gmm_diag_fused::k12,10,376,phone_tablet,ponsel dan tablet,function,2.3129189014434814,0.6049996614456177,1.7079192399978638
classic::gmm_diag_fused::k12,11,260,electronic_component,komponen elektronik,function,2.6308367252349854,0.2516375482082367,2.379199266433716
classic::gmm_diag_fused::k10,0,1325,laptop,laptop,function,0.5075520277023315,0.493700236082077,0.013851791620254517
classic::gmm_diag_fused::k10,1,387,phone_tablet,ponsel dan tablet,function,2.311239242553711,0.6192314028739929,1.6920077800750732
classic::gmm_diag_fused::k10,2,193,display,televisi dan monitor,function,2.5867719650268555,0.37448471784591675,2.212287187576294
classic::gmm_diag_fused::k10,3,230,printer,printer dan mesin fotokopi,function,3.1656494140625,0.6672924160957336,2.498357057571411
classic::gmm_diag_fused::k10,4,277,electronic_component,komponen elektronik,function,2.585495948791504,0.23348596692085266,2.3520100116729736
classic::gmm_diag_fused::k10,5,363,audio,perangkat audio,function,1.641905426979065,1.5220352411270142,0.11987018585205078
classic::gmm_diag_fused::k10,6,170,cooking_appliance,peralatan memasak listrik,function,3.0600147247314453,0.6130980849266052,2.4469165802001953
classic::gmm_diag_fused::k10,7,227,input_peripheral,perangkat input komputer,function,2.221701145172119,0.8055135011672974,1.4161876440048218
classic::gmm_diag_fused::k10,8,174,display,televisi dan monitor,function,0.672044575214386,0.5033972263336182,0.16864734888076782
classic::gmm_diag_fused::k10,9,233,washing_machine,mesin cuci,function,3.075582504272461,0.9824255704879761,2.0931568145751953
classic::gmm_diag_fused::k8,0,373,washing_machine,mesin cuci,function,2.0312602519989014,1.872807502746582,0.15845274925231934
classic::gmm_diag_fused::k8,1,903,electronic_component,komponen elektronik,function,0.6444851756095886,0.500176727771759,0.1443084478378296
classic::gmm_diag_fused::k8,2,384,phone_tablet,ponsel dan tablet,function,2.313007354736328,0.6152535080909729,1.69775390625
classic::gmm_diag_fused::k8,3,212,input_peripheral,perangkat input komputer,function,1.9939820766448975,1.3221324682235718,0.6718496084213257
classic::gmm_diag_fused::k8,4,228,input_peripheral,perangkat input komputer,function,2.2207188606262207,0.8042610287666321,1.4164578914642334
classic::gmm_diag_fused::k8,5,230,printer,printer dan mesin fotokopi,function,3.1648592948913574,0.6732775568962097,2.491581678390503
classic::gmm_diag_fused::k8,6,1064,laptop,laptop,function,0.5278288125991821,0.3567449152469635,0.17108389735221863
classic::gmm_diag_fused::k8,7,185,audio,perangkat audio,function,3.234160900115967,0.6078476905822754,2.6263132095336914
classic::gmm_diag_fused::k6,0,385,washing_machine,mesin cuci,function,2.030097723007202,1.8699153661727905,0.16018235683441162
classic::gmm_diag_fused::k6,1,1075,laptop,laptop,function,0.37986788153648376,0.21819667518138885,0.1616712063550949
classic::gmm_diag_fused::k6,2,377,phone_tablet,ponsel dan tablet,function,2.312554359436035,0.6075353026390076,1.7050189971923828
classic::gmm_diag_fused::k6,3,409,printer,printer dan mesin fotokopi,function,1.8216785192489624,1.1989346742630005,0.6227438449859619
classic::gmm_diag_fused::k6,4,407,input_peripheral,perangkat input komputer,function,2.138352870941162,0.9962121248245239,1.1421407461166382
classic::gmm_diag_fused::k6,5,926,display,televisi dan monitor,function,0.5565875172615051,0.5121122598648071,0.044475257396698
classic::gmm_diag_fused::k4,0,418,phone_tablet,ponsel dan tablet,function,2.289144992828369,0.60592120885849,1.6832237243652344
classic::gmm_diag_fused::k4,1,2297,display,televisi dan monitor,function,0.18805009126663208,0.16183282434940338,0.0262172669172287
classic::gmm_diag_fused::k4,2,459,cooking_appliance,peralatan memasak listrik,function,1.6987767219543457,1.6981950998306274,0.0005816221237182617
classic::gmm_diag_fused::k4,3,405,input_peripheral,perangkat input komputer,function,2.140573263168335,0.9928906559944153,1.1476826667785645
classic::evidence_accumulation::k24,0,261,display,televisi dan monitor,function,0.5782239437103271,0.5277968049049377,0.050427138805389404
classic::evidence_accumulation::k24,1,139,electronic_component,komponen elektronik,function,1.706191897392273,0.5942227244377136,1.111969232559204
classic::evidence_accumulation::k24,2,55,laptop,laptop,function,2.6342973709106445,0.5392462611198425,2.0950510501861572
classic::evidence_accumulation::k24,3,449,phone_tablet,ponsel dan tablet,function,2.2700014114379883,0.6039584875106812,1.6660429239273071
classic::evidence_accumulation::k24,4,259,input_peripheral,perangkat input komputer,function,1.8946378231048584,1.2718979120254517,0.6227399110794067
classic::evidence_accumulation::k24,5,222,electronic_component,komponen elektronik,function,2.655432939529419,0.4020618796348572,2.253371000289917
classic::evidence_accumulation::k24,6,80,camera,kamera,function,1.5039485692977905,0.6997323036193848,0.8042162656784058
classic::evidence_accumulation::k24,7,119,desktop,komputer desktop,function,2.4463796615600586,1.7476876974105835,0.6986919641494751
classic::evidence_accumulation::k24,8,134,display,televisi dan monitor,function,2.378720760345459,0.6743267774581909,1.704393982887268
classic::evidence_accumulation::k24,9,146,laptop,laptop,function,2.948843002319336,0.7377998232841492,2.211043119430542
classic::evidence_accumulation::k24,10,135,display,televisi dan monitor,function,2.5865859985351562,0.65079665184021,1.9357893466949463
classic::evidence_accumulation::k24,11,189,washing_machine,mesin cuci,function,3.0743470191955566,0.9779019355773926,2.096445083618164
classic::evidence_accumulation::k24,12,135,audio,perangkat audio,function,2.844728469848633,0.7917888164520264,2.0529396533966064
classic::evidence_accumulation::k24,13,103,audio,perangkat audio,function,3.3282010555267334,0.5656720995903015,2.762528896331787
classic::evidence_accumulation::k24,14,289,input_peripheral,perangkat input komputer,function,2.1280438899993896,0.7218108773231506,1.4062330722808838
classic::evidence_accumulation::k24,15,2,laptop,laptop,function,1.5868314504623413,1.3199405670166016,0.26689088344573975
classic::evidence_accumulation::k24,16,2,phone_tablet,ponsel dan tablet,function,2.6752989292144775,1.0235819816589355,1.651716947555542
classic::evidence_accumulation::k24,17,70,washing_machine,mesin cuci,function,2.9437930583953857,0.9605041742324829,1.9832888841629028
classic::evidence_accumulation::k24,18,86,audio,perangkat audio,function,0.3299195468425751,0.18437564373016357,0.1455439031124115
classic::evidence_accumulation::k24,19,251,printer,printer dan mesin fotokopi,function,3.0995774269104004,0.6464098691940308,2.45316743850708
classic::evidence_accumulation::k24,20,228,cooking_appliance,peralatan memasak listrik,function,2.9814226627349854,0.6236385107040405,2.3577842712402344
classic::evidence_accumulation::k24,21,100,battery,baterai dan aki,function,3.6881470680236816,0.8055194020271301,2.8826277256011963
classic::evidence_accumulation::k24,22,3,display,televisi dan monitor,function,1.154486060142517,0.8524145483970642,0.3020715117454529
classic::evidence_accumulation::k24,23,122,battery,baterai dan aki,function,3.0669355392456055,1.03730309009552,2.029632568359375
classic::evidence_accumulation::k22,0,241,display,televisi dan monitor,function,0.6056957244873047,0.48575276136398315,0.11994296312332153
classic::evidence_accumulation::k22,1,146,electronic_component,komponen elektronik,function,1.6545759439468384,0.6039945483207703,1.050581455230713
classic::evidence_accumulation::k22,2,214,laptop,laptop,function,2.8464279174804688,0.6916481256484985,2.1547799110412598
classic::evidence_accumulation::k22,3,440,phone_tablet,ponsel dan tablet,function,2.2811641693115234,0.614949643611908,1.6662144660949707
classic::evidence_accumulation::k22,4,268,input_peripheral,perangkat input komputer,function,1.8658562898635864,1.2563146352767944,0.609541654586792
classic::evidence_accumulation::k22,5,221,electronic_component,komponen elektronik,function,2.6524343490600586,0.4084068536758423,2.244027614593506
classic::evidence_accumulation::k22,6,170,camera,kamera,function,0.8215236663818359,0.3962436318397522,0.42528003454208374
classic::evidence_accumulation::k22,7,112,desktop,komputer desktop,function,2.457768201828003,1.806756854057312,0.6510113477706909
classic::evidence_accumulation::k22,8,133,display,televisi dan monitor,function,2.3638041019439697,0.6912723779678345,1.6725317239761353
classic::evidence_accumulation::k22,9,8,desktop,komputer desktop,function,2.2600722312927246,1.043745994567871,1.2163262367248535
classic::evidence_accumulation::k22,10,138,display,televisi dan monitor,function,2.566800832748413,0.6407113075256348,1.9260895252227783
classic::evidence_accumulation::k22,11,180,washing_machine,mesin cuci,function,3.046311855316162,0.9736011028289795,2.0727107524871826
classic::evidence_accumulation::k22,12,115,audio,perangkat audio,function,3.2142226696014404,0.5445547103881836,2.669667959213257
classic::evidence_accumulation::k22,13,121,audio,perangkat audio,function,2.943291664123535,0.8303391933441162,2.112952470779419
classic::evidence_accumulation::k22,14,3,phone_tablet,ponsel dan tablet,function,1.4874969720840454,0.8624522089958191,0.6250447630882263
classic::evidence_accumulation::k22,15,291,input_peripheral,perangkat input komputer,function,2.128966808319092,0.7163477540016174,1.4126191139221191
classic::evidence_accumulation::k22,16,82,washing_machine,mesin cuci,function,2.9564671516418457,0.9578356146812439,1.998631477355957
classic::evidence_accumulation::k22,17,250,printer,printer dan mesin fotokopi,function,3.1030945777893066,0.6573474407196045,2.445747137069702
classic::evidence_accumulation::k22,18,5,phone_tablet,ponsel dan tablet,function,1.9128386974334717,0.2257751226425171,1.6870635747909546
classic::evidence_accumulation::k22,19,225,cooking_appliance,peralatan memasak listrik,function,2.9838061332702637,0.6233049035072327,2.360501289367676
classic::evidence_accumulation::k22,20,1,phone_tablet,ponsel dan tablet,function,1.0776671171188354,0.6664829850196838,0.4111841320991516
classic::evidence_accumulation::k22,21,215,battery,baterai dan aki,function,3.363766670227051,0.9438332319259644,2.419933319091797
classic::evidence_accumulation::k20,0,261,display,televisi dan monitor,function,0.5662255883216858,0.5003136396408081,0.06591194868087769
classic::evidence_accumulation::k20,1,100,electronic_component,komponen elektronik,function,1.6997052431106567,0.5329910516738892,1.1667141914367676
classic::evidence_accumulation::k20,2,210,laptop,laptop,function,2.8520777225494385,0.68370121717453,2.1683764457702637
classic::evidence_accumulation::k20,3,449,phone_tablet,ponsel dan tablet,function,2.2783193588256836,0.6101821660995483,1.6681371927261353
classic::evidence_accumulation::k20,4,127,desktop,komputer desktop,function,2.4602138996124268,1.6568882465362549,0.8033256530761719
classic::evidence_accumulation::k20,5,252,electronic_component,komponen elektronik,function,2.597475051879883,0.3383038341999054,2.2591712474823
classic::evidence_accumulation::k20,6,137,display,televisi dan monitor,function,2.355336904525757,0.6784777641296387,1.6768591403961182
classic::evidence_accumulation::k20,7,6,desktop,komputer desktop,function,2.6725051403045654,0.8677263259887695,1.804778814315796
classic::evidence_accumulation::k20,8,253,input_peripheral,perangkat input komputer,function,1.902043342590332,1.1852619647979736,0.7167813777923584
classic::evidence_accumulation::k20,9,132,display,televisi dan monitor,function,2.5785417556762695,0.6541697382926941,1.9243719577789307
classic::evidence_accumulation::k20,10,263,washing_machine,mesin cuci,function,3.0244383811950684,0.970660924911499,2.0537774562835693
classic::evidence_accumulation::k20,11,3,display,televisi dan monitor,function,2.391965866088867,0.37962642312049866,2.0123393535614014
classic::evidence_accumulation::k20,12,128,audio,perangkat audio,function,2.926563024520874,0.8038310408592224,2.122731924057007
classic::evidence_accumulation::k20,13,175,camera,kamera,function,0.8228129148483276,0.4550710916519165,0.36774182319641113
classic::evidence_accumulation::k20,14,106,audio,perangkat audio,function,3.2766644954681396,0.5528849363327026,2.7237796783447266
classic::evidence_accumulation::k20,15,291,input_peripheral,perangkat input komputer,function,2.128966808319092,0.7163477540016174,1.4126191139221191
classic::evidence_accumulation::k20,16,249,printer,printer dan mesin fotokopi,function,3.1080596446990967,0.6562296748161316,2.4518299102783203
classic::evidence_accumulation::k20,17,227,cooking_appliance,peralatan memasak listrik,function,2.9857749938964844,0.6243010759353638,2.36147403717041
classic::evidence_accumulation::k20,18,86,battery,baterai dan aki,function,3.8209099769592285,0.8289069533348083,2.9920029640197754
classic::evidence_accumulation::k20,19,124,battery,baterai dan aki,function,3.072181463241577,1.042539358139038,2.029642105102539
classic::evidence_accumulation::k18,0,351,desktop,komputer desktop,function,0.5061869621276855,0.43809857964515686,0.06808838248252869
classic::evidence_accumulation::k18,1,199,laptop,laptop,function,2.86976957321167,0.6887434124946594,2.1810262203216553
classic::evidence_accumulation::k18,2,453,phone_tablet,ponsel dan tablet,function,2.2686684131622314,0.6031266450881958,1.6655417680740356
classic::evidence_accumulation::k18,3,274,input_peripheral,perangkat input komputer,function,1.84962797164917,1.2379262447357178,0.6117017269134521
classic::evidence_accumulation::k18,4,269,electronic_component,komponen elektronik,function,2.5183215141296387,0.316763699054718,2.2015578746795654
classic::evidence_accumulation::k18,5,119,desktop,komputer desktop,function,2.4616599082946777,1.7748992443084717,0.686760663986206
classic::evidence_accumulation::k18,6,133,display,televisi dan monitor,function,2.3784971237182617,0.6691064238548279,1.709390640258789
classic::evidence_accumulation::k18,7,134,display,televisi dan monitor,function,2.565302848815918,0.6287952065467834,1.9365077018737793
classic::evidence_accumulation::k18,8,257,washing_machine,mesin cuci,function,3.041706085205078,0.9692283272743225,2.0724778175354004
classic::evidence_accumulation::k18,9,232,audio,perangkat audio,function,3.098937511444092,0.5808081030845642,2.518129348754883
classic::evidence_accumulation::k18,10,184,camera,kamera,function,0.8056880831718445,0.40004435181617737,0.4056437313556671
classic::evidence_accumulation::k18,11,288,input_peripheral,perangkat input komputer,function,2.1284379959106445,0.7238125801086426,1.404625415802002
classic::evidence_accumulation::k18,12,1,laptop,laptop,function,2.9021406173706055,1.434174656867981,1.4679659605026245
classic::evidence_accumulation::k18,13,248,printer,printer dan mesin fotokopi,function,3.1183133125305176,0.6683180928230286,2.449995279312134
classic::evidence_accumulation::k18,14,225,cooking_appliance,peralatan memasak listrik,function,2.9895360469818115,0.6265938878059387,2.3629422187805176
classic::evidence_accumulation::k18,15,1,phone_tablet,ponsel dan tablet,function,1.0776671171188354,0.6664829850196838,0.4111841320991516
classic::evidence_accumulation::k18,16,3,battery,baterai dan aki,function,3.34997296333313,0.4512675702571869,2.89870548248291
classic::evidence_accumulation::k18,17,208,battery,baterai dan aki,function,3.3641955852508545,0.9619458913803101,2.402249813079834
classic::evidence_accumulation::k16,0,322,desktop,komputer desktop,function,0.521887481212616,0.4805527627468109,0.041334718465805054
classic::evidence_accumulation::k16,1,286,electronic_component,komponen elektronik,function,2.5278265476226807,0.31757882237434387,2.210247755050659
classic::evidence_accumulation::k16,2,218,laptop,laptop,function,2.832695245742798,0.6878719925880432,2.1448233127593994
classic::evidence_accumulation::k16,3,450,phone_tablet,ponsel dan tablet,function,2.273838996887207,0.6070896983146667,1.6667492389678955
classic::evidence_accumulation::k16,4,265,input_peripheral,perangkat input komputer,function,1.875238060951233,1.2503653764724731,0.6248726844787598
classic::evidence_accumulation::k16,5,154,camera,kamera,function,0.8699518442153931,0.30503761768341064,0.5649142265319824
classic::evidence_accumulation::k16,6,117,desktop,komputer desktop,function,2.44523549079895,1.7429989576339722,0.702236533164978
classic::evidence_accumulation::k16,7,136,display,televisi dan monitor,function,2.365424633026123,0.6543675065040588,1.711057186126709
classic::evidence_accumulation::k16,8,135,display,televisi dan monitor,function,2.575559377670288,0.6612914204597473,1.9142680168151855
classic::evidence_accumulation::k16,9,261,washing_machine,mesin cuci,function,3.0302014350891113,0.9694581031799316,2.0607433319091797
classic::evidence_accumulation::k16,10,234,audio,perangkat audio,function,3.0807416439056396,0.5758188366889954,2.504922866821289
classic::evidence_accumulation::k16,11,291,input_peripheral,perangkat input komputer,function,2.128966808319092,0.7163477540016174,1.4126191139221191
classic::evidence_accumulation::k16,12,3,laptop,laptop,function,1.164887547492981,0.9379686713218689,0.22691887617111206
classic::evidence_accumulation::k16,13,249,printer,printer dan mesin fotokopi,function,3.1080596446990967,0.6562296748161316,2.4518299102783203
classic::evidence_accumulation::k16,14,234,cooking_appliance,peralatan memasak listrik,function,2.9447808265686035,0.6149020791053772,2.329878807067871
classic::evidence_accumulation::k16,15,224,battery,baterai dan aki,function,3.3079915046691895,0.9289440512657166,2.379047393798828
classic::evidence_accumulation::k15,0,330,desktop,komputer desktop,function,0.5095607042312622,0.47249603271484375,0.03706467151641846
classic::evidence_accumulation::k15,1,284,electronic_component,komponen elektronik,function,2.536611557006836,0.316511869430542,2.220099687576294
classic::evidence_accumulation::k15,2,220,laptop,laptop,function,2.811028003692627,0.6876980066299438,2.1233301162719727
classic::evidence_accumulation::k15,3,445,phone_tablet,ponsel dan tablet,function,2.2791953086853027,0.6146517992019653,1.6645435094833374
classic::evidence_accumulation::k15,4,135,desktop,komputer desktop,function,2.411151647567749,1.715474247932434,0.6956773996353149
classic::evidence_accumulation::k15,5,266,display,televisi dan monitor,function,2.464974880218506,0.38914281129837036,2.0758321285247803
classic::evidence_accumulation::k15,6,260,input_peripheral,perangkat input komputer,function,1.883100986480713,1.2017028331756592,0.6813981533050537
classic::evidence_accumulation::k15,7,258,washing_machine,mesin cuci,function,3.031816244125366,0.9718878269195557,2.0599284172058105
classic::evidence_accumulation::k15,8,236,audio,perangkat audio,function,3.068251609802246,0.5717779397964478,2.496473789215088
classic::evidence_accumulation::k15,9,160,camera,kamera,function,0.8505781888961792,0.39203983545303345,0.45853835344314575
classic::evidence_accumulation::k15,10,291,input_peripheral,perangkat input komputer,function,2.128966808319092,0.7163477540016174,1.4126191139221191
classic::evidence_accumulation::k15,11,3,laptop,laptop,function,1.164887547492981,0.9379686713218689,0.22691887617111206
classic::evidence_accumulation::k15,12,251,printer,printer dan mesin fotokopi,function,3.097712755203247,0.6542956829071045,2.4434170722961426
classic::evidence_accumulation::k15,13,225,cooking_appliance,peralatan memasak listrik,function,2.9927263259887695,0.6297532320022583,2.362973213195801
classic::evidence_accumulation::k15,14,215,battery,baterai dan aki,function,3.3500773906707764,0.9392756819725037,2.410801649093628
classic::evidence_accumulation::k14,0,339,desktop,komputer desktop,function,0.49175354838371277,0.45271405577659607,0.0390394926071167
classic::evidence_accumulation::k14,1,287,electronic_component,komponen elektronik,function,2.5302743911743164,0.31289157271385193,2.2173829078674316
classic::evidence_accumulation::k14,2,214,laptop,laptop,function,2.8370792865753174,0.6840436458587646,2.1530356407165527
classic::evidence_accumulation::k14,3,268,input_peripheral,perangkat input komputer,function,1.854859709739685,1.2724241018295288,0.5824356079101562
classic::evidence_accumulation::k14,4,124,desktop,komputer desktop,function,2.35194993019104,1.8279383182525635,0.5240116119384766
classic::evidence_accumulation::k14,5,268,display,televisi dan monitor,function,2.4595119953155518,0.4151405394077301,2.0443713665008545
classic::evidence_accumulation::k14,6,447,phone_tablet,ponsel dan tablet,function,2.2724194526672363,0.6001338362693787,1.672285556793213
classic::evidence_accumulation::k14,7,263,washing_machine,mesin cuci,function,3.0244383811950684,0.970660924911499,2.0537774562835693
classic::evidence_accumulation::k14,8,236,audio,perangkat audio,function,3.0727992057800293,0.5679150223731995,2.5048842430114746
classic::evidence_accumulation::k14,9,149,camera,kamera,function,0.9447495341300964,0.42333275079727173,0.5214167833328247
classic::evidence_accumulation::k14,10,288,input_peripheral,perangkat input komputer,function,2.1284379959106445,0.7238125801086426,1.404625415802002
classic::evidence_accumulation::k14,11,252,printer,printer dan mesin fotokopi,function,3.09291934967041,0.6496855020523071,2.4432339668273926
classic::evidence_accumulation::k14,12,228,cooking_appliance,peralatan memasak listrik,function,2.9766018390655518,0.6236523985862732,2.352949380874634
classic::evidence_accumulation::k14,13,216,battery,baterai dan aki,function,3.3518474102020264,0.9407183527946472,2.4111289978027344
classic::evidence_accumulation::k13,0,336,desktop,komputer desktop,function,0.4962852895259857,0.4520692825317383,0.044216006994247437
classic::evidence_accumulation::k13,1,299,electronic_component,komponen elektronik,function,2.4559006690979004,0.3037715256214142,2.1521291732788086
classic::evidence_accumulation::k13,2,322,laptop,laptop,function,1.8272242546081543,1.3396202325820923,0.487604022026062
classic::evidence_accumulation::k13,3,276,input_peripheral,perangkat input komputer,function,1.8424054384231567,1.2218185663223267,0.6205868721008301
classic::evidence_accumulation::k13,4,270,display,televisi dan monitor,function,2.449345588684082,0.4350566864013672,2.014288902282715
classic::evidence_accumulation::k13,5,454,phone_tablet,ponsel dan tablet,function,2.249605894088745,0.5990825295448303,1.6505234241485596
classic::evidence_accumulation::k13,6,264,washing_machine,mesin cuci,function,3.0248589515686035,0.9711198806762695,2.053739070892334
classic::evidence_accumulation::k13,7,352,audio,perangkat audio,function,2.160275459289551,0.6257200837135315,1.534555435180664
classic::evidence_accumulation::k13,8,293,input_peripheral,perangkat input komputer,function,2.122650384902954,0.71100252866745,1.4116477966308594
classic::evidence_accumulation::k13,9,251,printer,printer dan mesin fotokopi,function,3.099888324737549,0.648556649684906,2.451331615447998
classic::evidence_accumulation::k13,10,230,cooking_appliance,peralatan memasak listrik,function,2.9665699005126953,0.6208805441856384,2.345689296722412
classic::evidence_accumulation::k13,11,10,cooking_appliance,peralatan memasak listrik,function,1.0912429094314575,0.6396228075027466,0.45162010192871094
classic::evidence_accumulation::k13,12,222,battery,baterai dan aki,function,3.3383171558380127,0.9346650838851929,2.4036521911621094
classic::evidence_accumulation::k12,0,352,desktop,komputer desktop,function,0.48645904660224915,0.4463595151901245,0.040099531412124634
classic::evidence_accumulation::k12,1,283,electronic_component,komponen elektronik,function,2.4678685665130615,0.339505672454834,2.1283628940582275
classic::evidence_accumulation::k12,2,324,laptop,laptop,function,1.867627501487732,1.355728268623352,0.5118992328643799
classic::evidence_accumulation::k12,3,272,input_peripheral,perangkat input komputer,function,1.841544270515442,1.203322410583496,0.6382218599319458
classic::evidence_accumulation::k12,4,283,display,televisi dan monitor,function,2.396881103515625,0.43083080649375916,1.9660502672195435
classic::evidence_accumulation::k12,5,452,phone_tablet,ponsel dan tablet,function,2.264589548110962,0.5951082110404968,1.6694812774658203
classic::evidence_accumulation::k12,6,264,washing_machine,mesin cuci,function,3.029813766479492,0.9657503962516785,2.064063310623169
classic::evidence_accumulation::k12,7,240,audio,perangkat audio,function,3.032728910446167,0.5686082243919373,2.464120626449585
classic::evidence_accumulation::k12,8,334,battery,baterai dan aki,function,2.3520965576171875,0.6206733584403992,1.7314231395721436
classic::evidence_accumulation::k12,9,292,input_peripheral,perangkat input komputer,function,2.1306426525115967,0.7167277336120605,1.4139149188995361
classic::evidence_accumulation::k12,10,252,printer,printer dan mesin fotokopi,function,3.0949950218200684,0.6496959924697876,2.4452991485595703
classic::evidence_accumulation::k12,11,231,cooking_appliance,peralatan memasak listrik,function,2.9632086753845215,0.626153826713562,2.33705472946167
classic::evidence_accumulation::k10,0,355,desktop,komputer desktop,function,0.48467835783958435,0.4353582262992859,0.04932013154029846
classic::evidence_accumulation::k10,1,591,laptop,laptop,function,1.3429882526397705,1.304604411125183,0.0383838415145874
classic::evidence_accumulation::k10,2,456,phone_tablet,ponsel dan tablet,function,2.256821632385254,0.6000497341156006,1.6567718982696533
classic::evidence_accumulation::k10,3,279,electronic_component,komponen elektronik,function,2.4706058502197266,0.33949020504951477,2.131115674972534
classic::evidence_accumulation::k10,4,277,display,televisi dan monitor,function,2.4293246269226074,0.42523014545440674,2.0040946006774902
classic::evidence_accumulation::k10,5,579,audio,perangkat audio,function,1.2772276401519775,1.262277603149414,0.014950037002563477
classic::evidence_accumulation::k10,6,265,washing_machine,mesin cuci,function,3.0227842330932617,0.9692387580871582,2.0535454750061035
classic::evidence_accumulation::k10,7,290,input_peripheral,perangkat input komputer,function,2.137035608291626,0.7221309542655945,1.4149045944213867
classic::evidence_accumulation::k10,8,253,printer,printer dan mesin fotokopi,function,3.0917551517486572,0.6467090249061584,2.4450461864471436
classic::evidence_accumulation::k10,9,234,cooking_appliance,peralatan memasak listrik,function,2.937009572982788,0.6116834878921509,2.3253259658813477
classic::evidence_accumulation::k8,0,677,electronic_component,komponen elektronik,function,1.1566407680511475,0.1809510737657547,0.975689709186554
classic::evidence_accumulation::k8,1,472,laptop,laptop,function,1.4858678579330444,1.219265341758728,0.2666025161743164
classic::evidence_accumulation::k8,2,455,phone_tablet,ponsel dan tablet,function,2.2585959434509277,0.5928958654403687,1.665700078010559
classic::evidence_accumulation::k8,3,364,display,televisi dan monitor,function,2.3197972774505615,0.8595053553581238,1.460291862487793
classic::evidence_accumulation::k8,4,492,cooking_appliance,peralatan memasak listrik,function,1.902048945426941,1.9008145332336426,0.0012344121932983398
classic::evidence_accumulation::k8,5,825,printer,printer dan mesin fotokopi,function,0.8411410450935364,0.7357922792434692,0.10534876585006714
classic::evidence_accumulation::k8,6,291,input_peripheral,perangkat input komputer,function,2.129600763320923,0.7144723534584045,1.415128469467163
classic::evidence_accumulation::k8,7,3,cooking_appliance,peralatan memasak listrik,function,1.9702056646347046,0.7781389355659485,1.1920666694641113
classic::evidence_accumulation::k6,0,712,electronic_component,komponen elektronik,function,1.0735821723937988,0.2137051671743393,0.8598769903182983
classic::evidence_accumulation::k6,1,456,phone_tablet,ponsel dan tablet,function,2.260321855545044,0.5915049910545349,1.6688168048858643
classic::evidence_accumulation::k6,2,576,input_peripheral,perangkat input komputer,function,1.9675962924957275,1.0586429834365845,0.9089533090591431
classic::evidence_accumulation::k6,3,547,display,televisi dan monitor,function,1.4470123052597046,0.8206131458282471,0.6263991594314575
classic::evidence_accumulation::k6,4,497,washing_machine,mesin cuci,function,1.912621021270752,1.8985743522644043,0.014046669006347656
classic::evidence_accumulation::k6,5,791,printer,printer dan mesin fotokopi,function,0.8794667720794678,0.7515334486961365,0.1279333233833313
classic::evidence_accumulation::k4,0,733,electronic_component,komponen elektronik,function,1.035994529724121,0.2335062474012375,0.8024882674217224
classic::evidence_accumulation::k4,1,734,phone_tablet,ponsel dan tablet,function,1.3273744583129883,0.6477665901184082,0.6796078681945801
classic::evidence_accumulation::k4,2,585,input_peripheral,perangkat input komputer,function,1.9407706260681152,1.0825153589248657,0.8582552671432495
classic::evidence_accumulation::k4,3,1527,cooking_appliance,peralatan memasak listrik,function,0.6875913739204407,0.5261314511299133,0.16145992279052734
amf::mb8_uniform::k24,0,36,audio,perangkat audio,function,2.771897554397583,0.7570403814315796,2.014857292175293
amf::mb8_uniform::k24,1,481,desktop,komputer desktop,function,0.4646739363670349,0.4110742211341858,0.05359971523284912
amf::mb8_uniform::k24,2,245,electronic_component,komponen elektronik,function,2.5939226150512695,0.39083313941955566,2.203089475631714
amf::mb8_uniform::k24,3,157,display,televisi dan monitor,function,2.3040695190429688,0.646681547164917,1.6573879718780518
amf::mb8_uniform::k24,4,499,phone_tablet,ponsel dan tablet,function,1.9715840816497803,0.5416744947433472,1.429909586906433
amf::mb8_uniform::k24,5,255,printer,printer dan mesin fotokopi,function,3.076791763305664,0.6493008136749268,2.4274909496307373
amf::mb8_uniform::k24,6,105,display,televisi dan monitor,function,2.6663036346435547,0.6571913957595825,2.0091123580932617
amf::mb8_uniform::k24,7,182,washing_machine,mesin cuci,function,3.0463759899139404,0.9618367552757263,2.0845391750335693
amf::mb8_uniform::k24,8,236,cooking_appliance,peralatan memasak listrik,function,2.942456007003784,0.6226470470428467,2.3198089599609375
amf::mb8_uniform::k24,9,91,washing_machine,mesin cuci,function,2.8172287940979004,1.0168429613113403,1.80038583278656
amf::mb8_uniform::k24,10,177,input_peripheral,perangkat input komputer,function,2.195239305496216,0.5626584887504578,1.6325807571411133
amf::mb8_uniform::k24,11,107,audio,perangkat audio,function,3.324333667755127,0.5543486475944519,2.7699849605560303
amf::mb8_uniform::k24,12,191,input_peripheral,perangkat input komputer,function,1.845279574394226,0.9206977486610413,0.9245818257331848
amf::mb8_uniform::k24,13,118,input_peripheral,perangkat input komputer,function,1.9900622367858887,0.9149337410926819,1.0751285552978516
amf::mb8_uniform::k24,14,158,laptop,laptop,function,2.913878917694092,0.7158365249633789,2.198042392730713
amf::mb8_uniform::k24,15,62,battery,baterai dan aki,function,2.785843849182129,1.787082314491272,0.9987615346908569
amf::mb8_uniform::k24,16,47,battery,baterai dan aki,function,3.882070779800415,0.7348774671554565,3.147193431854248
amf::mb8_uniform::k24,17,45,battery,baterai dan aki,function,3.6626458168029785,1.2598164081573486,2.40282940864563
amf::mb8_uniform::k24,18,69,audio,perangkat audio,function,3.1779210567474365,0.9376387596130371,2.2402822971343994
amf::mb8_uniform::k24,19,30,cooking_appliance,peralatan memasak listrik,function,0.6143907904624939,0.56688392162323,0.047506868839263916
amf::mb8_uniform::k24,20,111,desktop,komputer desktop,function,2.14274263381958,1.5891668796539307,0.5535757541656494
amf::mb8_uniform::k24,21,70,battery,baterai dan aki,function,3.2380902767181396,1.2423053979873657,1.995784878730774
amf::mb8_uniform::k24,22,86,desktop,komputer desktop,function,2.284724712371826,1.96274995803833,0.3219747543334961
amf::mb8_uniform::k24,23,21,phone_tablet,ponsel dan tablet,function,1.9129701852798462,0.8553609251976013,1.0576093196868896
amf::mb8_uniform::k22,0,254,printer,printer dan mesin fotokopi,function,3.0877015590667725,0.6513082981109619,2.4363932609558105
amf::mb8_uniform::k22,1,236,cooking_appliance,peralatan memasak listrik,function,2.942456007003784,0.6226470470428467,2.3198089599609375
amf::mb8_uniform::k22,2,182,washing_machine,mesin cuci,function,3.0463759899139404,0.9618367552757263,2.0845391750335693
amf::mb8_uniform::k22,3,480,phone_tablet,ponsel dan tablet,function,2.1589837074279785,0.5726767182350159,1.5863070487976074
amf::mb8_uniform::k22,4,244,electronic_component,komponen elektronik,function,2.602269411087036,0.3891788423061371,2.213090658187866
amf::mb8_uniform::k22,5,158,laptop,laptop,function,2.913878917694092,0.7158365249633789,2.198042392730713
amf::mb8_uniform::k22,6,524,desktop,komputer desktop,function,0.4065970778465271,0.3769396245479584,0.029657453298568726
amf::mb8_uniform::k22,7,107,audio,perangkat audio,function,3.324333667755127,0.5543486475944519,2.7699849605560303
amf::mb8_uniform::k22,8,296,input_peripheral,perangkat input komputer,function,2.1061363220214844,0.7042699456214905,1.4018664360046387
amf::mb8_uniform::k22,9,191,input_peripheral,perangkat input komputer,function,1.845279574394226,0.9206977486610413,0.9245818257331848
amf::mb8_uniform::k22,10,90,washing_machine,mesin cuci,function,2.8408124446868896,1.0170389413833618,1.8237735033035278
amf::mb8_uniform::k22,11,70,battery,baterai dan aki,function,3.2380902767181396,1.2423053979873657,1.995784878730774
amf::mb8_uniform::k22,12,45,battery,baterai dan aki,function,3.6626458168029785,1.2598164081573486,2.40282940864563
amf::mb8_uniform::k22,13,158,display,televisi dan monitor,function,2.30271053314209,0.6452322006225586,1.6574783325195312
amf::mb8_uniform::k22,14,62,battery,baterai dan aki,function,2.785843849182129,1.787082314491272,0.9987615346908569
amf::mb8_uniform::k22,15,86,desktop,komputer desktop,function,2.284724712371826,1.96274995803833,0.3219747543334961
amf::mb8_uniform::k22,16,103,display,televisi dan monitor,function,2.679586410522461,0.6597222089767456,2.019864082336426
amf::mb8_uniform::k22,17,69,audio,perangkat audio,function,3.1779210567474365,0.9376387596130371,2.2402822971343994
amf::mb8_uniform::k22,18,30,cooking_appliance,peralatan memasak listrik,function,0.6143907904624939,0.56688392162323,0.047506868839263916
amf::mb8_uniform::k22,19,36,audio,perangkat audio,function,2.771897554397583,0.7570403814315796,2.014857292175293
amf::mb8_uniform::k22,20,47,battery,baterai dan aki,function,3.882070779800415,0.7348774671554565,3.147193431854248
amf::mb8_uniform::k22,21,111,desktop,komputer desktop,function,2.14274263381958,1.5891668796539307,0.5535757541656494
amf::mb8_uniform::k20,0,236,cooking_appliance,peralatan memasak listrik,function,2.942456007003784,0.6226470470428467,2.3198089599609375
amf::mb8_uniform::k20,1,242,electronic_component,komponen elektronik,function,2.60443115234375,0.3952465355396271,2.2091846466064453
amf::mb8_uniform::k20,2,468,phone_tablet,ponsel dan tablet,function,2.2137534618377686,0.5929127335548401,1.6208407878875732
amf::mb8_uniform::k20,3,47,battery,baterai dan aki,function,3.882070779800415,0.7348774671554565,3.147193431854248
amf::mb8_uniform::k20,4,264,input_peripheral,perangkat input komputer,function,1.852143406867981,1.1305348873138428,0.7216085195541382
amf::mb8_uniform::k20,5,254,printer,printer dan mesin fotokopi,function,3.0877015590667725,0.6513082981109619,2.4363932609558105
amf::mb8_uniform::k20,6,157,display,televisi dan monitor,function,2.3040695190429688,0.646681547164917,1.6573879718780518
amf::mb8_uniform::k20,7,296,input_peripheral,perangkat input komputer,function,2.1061363220214844,0.7042699456214905,1.4018664360046387
amf::mb8_uniform::k20,8,181,washing_machine,mesin cuci,function,3.050762414932251,0.964296817779541,2.08646559715271
amf::mb8_uniform::k20,9,107,audio,perangkat audio,function,3.324333667755127,0.5543486475944519,2.7699849605560303
amf::mb8_uniform::k20,10,45,battery,baterai dan aki,function,3.6626458168029785,1.2598164081573486,2.40282940864563
amf::mb8_uniform::k20,11,104,display,televisi dan monitor,function,2.6739110946655273,0.6583895087242126,2.01552152633667
amf::mb8_uniform::k20,12,70,battery,baterai dan aki,function,3.2380902767181396,1.2423053979873657,1.995784878730774
amf::mb8_uniform::k20,13,62,battery,baterai dan aki,function,2.785843849182129,1.787082314491272,0.9987615346908569
amf::mb8_uniform::k20,14,69,audio,perangkat audio,function,3.1779210567474365,0.9376387596130371,2.2402822971343994
amf::mb8_uniform::k20,15,157,laptop,laptop,function,2.914367437362671,0.7176995277404785,2.1966679096221924
amf::mb8_uniform::k20,16,36,audio,perangkat audio,function,2.771897554397583,0.7570403814315796,2.014857292175293
amf::mb8_uniform::k20,17,128,desktop,komputer desktop,function,2.457709550857544,1.5678579807281494,0.8898515701293945
amf::mb8_uniform::k20,18,566,camera,kamera,function,0.3277926445007324,0.32366839051246643,0.004124253988265991
amf::mb8_uniform::k20,19,90,washing_machine,mesin cuci,function,2.8408124446868896,1.0170389413833618,1.8237735033035278
amf::mb8_uniform::k18,0,255,printer,printer dan mesin fotokopi,function,3.076791763305664,0.6493008136749268,2.4274909496307373
amf::mb8_uniform::k18,1,296,input_peripheral,perangkat input komputer,function,2.1061363220214844,0.7042699456214905,1.4018664360046387
amf::mb8_uniform::k18,2,157,laptop,laptop,function,2.914367437362671,0.7176995277404785,2.1966679096221924
amf::mb8_uniform::k18,3,521,desktop,komputer desktop,function,0.36593255400657654,0.34764403104782104,0.018288522958755493
amf::mb8_uniform::k18,4,480,phone_tablet,ponsel dan tablet,function,2.1602911949157715,0.5784494876861572,1.5818417072296143
amf::mb8_uniform::k18,5,264,input_peripheral,perangkat input komputer,function,1.852143406867981,1.1305348873138428,0.7216085195541382
amf::mb8_uniform::k18,6,115,battery,baterai dan aki,function,3.394821882247925,1.261691927909851,2.1331300735473633
amf::mb8_uniform::k18,7,237,cooking_appliance,peralatan memasak listrik,function,2.935030937194824,0.6202307939529419,2.314800262451172
amf::mb8_uniform::k18,8,245,electronic_component,komponen elektronik,function,2.5939226150512695,0.39083313941955566,2.203089475631714
amf::mb8_uniform::k18,9,182,washing_machine,mesin cuci,function,3.0463759899139404,0.9618367552757263,2.0845391750335693
amf::mb8_uniform::k18,10,157,display,televisi dan monitor,function,2.3040695190429688,0.646681547164917,1.6573879718780518
amf::mb8_uniform::k18,11,105,display,televisi dan monitor,function,2.6663036346435547,0.6571913957595825,2.0091123580932617
amf::mb8_uniform::k18,12,128,desktop,komputer desktop,function,2.457709550857544,1.5678579807281494,0.8898515701293945
amf::mb8_uniform::k18,13,107,audio,perangkat audio,function,3.324333667755127,0.5543486475944519,2.7699849605560303
amf::mb8_uniform::k18,14,47,battery,baterai dan aki,function,3.882070779800415,0.7348774671554565,3.147193431854248
amf::mb8_uniform::k18,15,90,washing_machine,mesin cuci,function,2.8408124446868896,1.0170389413833618,1.8237735033035278
amf::mb8_uniform::k18,16,130,audio,perangkat audio,function,2.8631157875061035,0.8086694478988647,2.054446220397949
amf::mb8_uniform::k18,17,63,battery,baterai dan aki,function,2.7914180755615234,1.7855863571166992,1.0058317184448242
amf::mb8_uniform::k16,0,356,electronic_component,komponen elektronik,function,2.3204281330108643,0.2752431035041809,2.045185089111328
amf::mb8_uniform::k16,1,235,cooking_appliance,peralatan memasak listrik,function,2.9491686820983887,0.6238803267478943,2.3252882957458496
amf::mb8_uniform::k16,2,263,input_peripheral,perangkat input komputer,function,1.8563910722732544,1.1332238912582397,0.7231671810150146
amf::mb8_uniform::k16,3,586,display,televisi dan monitor,function,0.9636966586112976,0.3319149911403656,0.6317816972732544
amf::mb8_uniform::k16,4,296,input_peripheral,perangkat input komputer,function,2.1061363220214844,0.7042699456214905,1.4018664360046387
amf::mb8_uniform::k16,5,459,phone_tablet,ponsel dan tablet,function,2.2475032806396484,0.5992317199707031,1.6482715606689453
amf::mb8_uniform::k16,6,181,washing_machine,mesin cuci,function,3.050762414932251,0.964296817779541,2.08646559715271
amf::mb8_uniform::k16,7,256,printer,printer dan mesin fotokopi,function,3.0739657878875732,0.6484552621841431,2.4255104064941406
amf::mb8_uniform::k16,8,160,laptop,laptop,function,2.9134840965270996,0.7176023721694946,2.1958818435668945
amf::mb8_uniform::k16,9,238,audio,perangkat audio,function,3.0670504570007324,0.5658284425735474,2.5012221336364746
amf::mb8_uniform::k16,10,90,washing_machine,mesin cuci,function,2.8408124446868896,1.0170389413833618,1.8237735033035278
amf::mb8_uniform::k16,11,47,battery,baterai dan aki,function,3.882070779800415,0.7348774671554565,3.147193431854248
amf::mb8_uniform::k16,12,63,battery,baterai dan aki,function,2.7914180755615234,1.7855863571166992,1.0058317184448242
amf::mb8_uniform::k16,13,104,display,televisi dan monitor,function,2.6739110946655273,0.6583895087242126,2.01552152633667
amf::mb8_uniform::k16,14,115,battery,baterai dan aki,function,3.394821882247925,1.261691927909851,2.1331300735473633
amf::mb8_uniform::k16,15,130,desktop,komputer desktop,function,2.452948808670044,1.5796363353729248,0.8733124732971191
amf::mb8_uniform::k14,0,236,cooking_appliance,peralatan memasak listrik,function,2.942456007003784,0.6226470470428467,2.3198089599609375
amf::mb8_uniform::k14,1,776,electronic_component,komponen elektronik,function,1.008028507232666,0.20572051405906677,0.8023079633712769
amf::mb8_uniform::k14,2,181,washing_machine,mesin cuci,function,3.050762414932251,0.964296817779541,2.08646559715271
amf::mb8_uniform::k14,3,115,battery,baterai dan aki,function,3.394821882247925,1.261691927909851,2.1331300735473633
amf::mb8_uniform::k14,4,293,input_peripheral,perangkat input komputer,function,2.122650384902954,0.71100252866745,1.4116477966308594
amf::mb8_uniform::k14,5,254,printer,printer dan mesin fotokopi,function,3.0877015590667725,0.6513082981109619,2.4363932609558105
amf::mb8_uniform::k14,6,238,audio,perangkat audio,function,3.0670504570007324,0.5658284425735474,2.5012221336364746
amf::mb8_uniform::k14,7,459,phone_tablet,ponsel dan tablet,function,2.2475032806396484,0.5992317199707031,1.6482715606689453
amf::mb8_uniform::k14,8,282,display,televisi dan monitor,function,2.4353995323181152,0.4314189553260803,2.0039806365966797
amf::mb8_uniform::k14,9,47,battery,baterai dan aki,function,3.882070779800415,0.7348774671554565,3.147193431854248
amf::mb8_uniform::k14,10,159,laptop,laptop,function,2.923532247543335,0.7298645377159119,2.1936676502227783
amf::mb8_uniform::k14,11,90,washing_machine,mesin cuci,function,2.8408124446868896,1.0170389413833618,1.8237735033035278
amf::mb8_uniform::k14,12,63,battery,baterai dan aki,function,2.7914180755615234,1.7855863571166992,1.0058317184448242
amf::mb8_uniform::k14,13,386,desktop,komputer desktop,function,1.5606452226638794,1.397182583808899,0.16346263885498047
amf::mb8_uniform::k13,0,776,electronic_component,komponen elektronik,function,1.0069408416748047,0.21041075885295868,0.7965300679206848
amf::mb8_uniform::k13,1,293,input_peripheral,perangkat input komputer,function,2.122650384902954,0.71100252866745,1.4116477966308594
amf::mb8_uniform::k13,2,459,phone_tablet,ponsel dan tablet,function,2.2475032806396484,0.5992317199707031,1.6482715606689453
amf::mb8_uniform::k13,3,268,washing_machine,mesin cuci,function,3.0194032192230225,0.9696600437164307,2.049743175506592
amf::mb8_uniform::k13,4,386,desktop,komputer desktop,function,1.5606452226638794,1.397182583808899,0.16346263885498047
amf::mb8_uniform::k13,5,257,printer,printer dan mesin fotokopi,function,3.076631546020508,0.6570484042167664,2.4195830821990967
amf::mb8_uniform::k13,6,236,cooking_appliance,peralatan memasak listrik,function,2.942456007003784,0.6226470470428467,2.3198089599609375
amf::mb8_uniform::k13,7,115,battery,baterai dan aki,function,3.394821882247925,1.261691927909851,2.1331300735473633
amf::mb8_uniform::k13,8,282,display,televisi dan monitor,function,2.4353995323181152,0.4314189553260803,2.0039806365966797
amf::mb8_uniform::k13,9,238,audio,perangkat audio,function,3.0670504570007324,0.5658284425735474,2.5012221336364746
amf::mb8_uniform::k13,10,159,laptop,laptop,function,2.923532247543335,0.7298645377159119,2.1936676502227783
amf::mb8_uniform::k13,11,47,battery,baterai dan aki,function,3.882070779800415,0.7348774671554565,3.147193431854248
amf::mb8_uniform::k13,12,63,battery,baterai dan aki,function,2.7914180755615234,1.7855863571166992,1.0058317184448242
amf::mb8_uniform::k12,0,236,cooking_appliance,peralatan memasak listrik,function,2.942456007003784,0.6226470470428467,2.3198089599609375
amf::mb8_uniform::k12,1,774,electronic_component,komponen elektronik,function,1.010735273361206,0.21353675425052643,0.7971985340118408
amf::mb8_uniform::k12,2,282,display,televisi dan monitor,function,2.4353995323181152,0.4314189553260803,2.0039806365966797
amf::mb8_uniform::k12,3,268,washing_machine,mesin cuci,function,3.0194032192230225,0.9696600437164307,2.049743175506592
amf::mb8_uniform::k12,4,459,phone_tablet,ponsel dan tablet,function,2.2475032806396484,0.5992317199707031,1.6482715606689453
amf::mb8_uniform::k12,5,293,input_peripheral,perangkat input komputer,function,2.122650384902954,0.71100252866745,1.4116477966308594
amf::mb8_uniform::k12,6,238,audio,perangkat audio,function,3.0670504570007324,0.5658284425735474,2.5012221336364746
amf::mb8_uniform::k12,7,386,desktop,komputer desktop,function,1.5606452226638794,1.397182583808899,0.16346263885498047
amf::mb8_uniform::k12,8,180,battery,baterai dan aki,function,3.151776075363159,0.9633638858795166,2.1884121894836426
amf::mb8_uniform::k12,9,257,printer,printer dan mesin fotokopi,function,3.076631546020508,0.6570484042167664,2.4195830821990967
amf::mb8_uniform::k12,10,47,battery,baterai dan aki,function,3.882070779800415,0.7348774671554565,3.147193431854248
amf::mb8_uniform::k12,11,159,laptop,laptop,function,2.923532247543335,0.7298645377159119,2.1936676502227783
amf::mb8_uniform::k11,0,236,cooking_appliance,peralatan memasak listrik,function,2.942456007003784,0.6226470470428467,2.3198089599609375
amf::mb8_uniform::k11,1,581,laptop,laptop,function,1.3134574890136719,1.2657946348190308,0.04766285419464111
amf::mb8_uniform::k11,2,268,washing_machine,mesin cuci,function,3.0194032192230225,0.9696600437164307,2.049743175506592
amf::mb8_uniform::k11,3,180,battery,baterai dan aki,function,3.151776075363159,0.9633638858795166,2.1884121894836426
amf::mb8_uniform::k11,4,294,input_peripheral,perangkat input komputer,function,2.1187450885772705,0.7098028659820557,1.4089422225952148
amf::mb8_uniform::k11,5,257,printer,printer dan mesin fotokopi,function,3.076631546020508,0.6570484042167664,2.4195830821990967
amf::mb8_uniform::k11,6,237,audio,perangkat audio,function,3.0765416622161865,0.5678977370262146,2.508643865585327
amf::mb8_uniform::k11,7,459,phone_tablet,ponsel dan tablet,function,2.2475032806396484,0.5992317199707031,1.6482715606689453
amf::mb8_uniform::k11,8,47,battery,baterai dan aki,function,3.882070779800415,0.7348774671554565,3.147193431854248
amf::mb8_uniform::k11,9,738,electronic_component,komponen elektronik,function,1.082382321357727,0.2433459758758545,0.8390363454818726
amf::mb8_uniform::k11,10,282,display,televisi dan monitor,function,2.4353995323181152,0.4314189553260803,2.0039806365966797
amf::mb8_uniform::k10,0,234,cooking_appliance,peralatan memasak listrik,function,2.9584848880767822,0.6279539465904236,2.330530881881714
amf::mb8_uniform::k10,1,707,electronic_component,komponen elektronik,function,1.1484216451644897,0.2513505518436432,0.897071123123169
amf::mb8_uniform::k10,2,458,phone_tablet,ponsel dan tablet,function,2.2505266666412354,0.5999212861061096,1.6506054401397705
amf::mb8_uniform::k10,3,179,battery,baterai dan aki,function,3.1634864807128906,0.9686390161514282,2.194847583770752
amf::mb8_uniform::k10,4,293,input_peripheral,perangkat input komputer,function,2.122650384902954,0.71100252866745,1.4116477966308594
amf::mb8_uniform::k10,5,237,audio,perangkat audio,function,3.0765416622161865,0.5678977370262146,2.508643865585327
amf::mb8_uniform::k10,6,269,washing_machine,mesin cuci,function,3.01096510887146,0.975484311580658,2.0354807376861572
amf::mb8_uniform::k10,7,47,battery,baterai dan aki,function,3.882070779800415,0.7348774671554565,3.147193431854248
amf::mb8_uniform::k10,8,257,printer,printer dan mesin fotokopi,function,3.076631546020508,0.6570484042167664,2.4195830821990967
amf::mb8_uniform::k10,9,898,desktop,komputer desktop,function,0.9634564518928528,0.905523419380188,0.057933032512664795
amf::mb8_uniform::k8,0,233,cooking_appliance,peralatan memasak listrik,function,2.9653241634368896,0.6292206048965454,2.3361034393310547
amf::mb8_uniform::k8,1,266,washing_machine,mesin cuci,function,3.02449369430542,0.9684409499168396,2.0560526847839355
amf::mb8_uniform::k8,2,1611,desktop,komputer desktop,function,0.5672541260719299,0.5381036400794983,0.02915048599243164
amf::mb8_uniform::k8,3,457,phone_tablet,ponsel dan tablet,function,2.2542433738708496,0.6009750962257385,1.6532683372497559
amf::mb8_uniform::k8,4,293,input_peripheral,perangkat input komputer,function,2.122650384902954,0.71100252866745,1.4116477966308594
amf::mb8_uniform::k8,5,236,audio,perangkat audio,function,3.080892562866211,0.5712586641311646,2.509634017944336
amf::mb8_uniform::k8,6,256,printer,printer dan mesin fotokopi,function,3.0780203342437744,0.6515554189682007,2.4264650344848633
amf::mb8_uniform::k8,7,227,battery,baterai dan aki,function,3.2990386486053467,0.9184171557426453,2.3806214332580566
amf::mb8_uniform::k6,0,2064,display,televisi dan monitor,function,0.37999147176742554,0.2989722788333893,0.08101919293403625
amf::mb8_uniform::k6,1,233,cooking_appliance,peralatan memasak listrik,function,2.9653241634368896,0.6292206048965454,2.3361034393310547
amf::mb8_uniform::k6,2,293,input_peripheral,perangkat input komputer,function,2.122650384902954,0.71100252866745,1.4116477966308594
amf::mb8_uniform::k6,3,254,printer,printer dan mesin fotokopi,function,3.0877015590667725,0.6513082981109619,2.4363932609558105
amf::mb8_uniform::k6,4,469,audio,perangkat audio,function,1.5293058156967163,1.4947794675827026,0.03452634811401367
amf::mb8_uniform::k6,5,266,washing_machine,mesin cuci,function,3.02449369430542,0.9684409499168396,2.0560526847839355
amf::mb8_uniform::k4,0,506,washing_machine,mesin cuci,function,1.8984311819076538,1.888574481010437,0.009856700897216797
amf::mb8_uniform::k4,1,2526,phone_tablet,ponsel dan tablet,function,0.20633071660995483,0.20322877168655396,0.003101944923400879
amf::mb8_uniform::k4,2,293,input_peripheral,perangkat input komputer,function,2.122650384902954,0.71100252866745,1.4116477966308594
amf::mb8_uniform::k4,3,254,printer,printer dan mesin fotokopi,function,3.0877015590667725,0.6513082981109619,2.4363932609558105
amf::mb8_adaptive::k24,0,45,battery,baterai dan aki,function,3.6626458168029785,1.2598164081573486,2.40282940864563
amf::mb8_adaptive::k24,1,487,phone_tablet,ponsel dan tablet,function,1.8548271656036377,0.4689764380455017,1.3858506679534912
amf::mb8_adaptive::k24,2,56,phone_tablet,ponsel dan tablet,function,2.235757350921631,1.0464401245117188,1.189317226409912
amf::mb8_adaptive::k24,3,254,printer,printer dan mesin fotokopi,function,3.0877015590667725,0.6513082981109619,2.4363932609558105
amf::mb8_adaptive::k24,4,454,desktop,komputer desktop,function,0.47656112909317017,0.34977400302886963,0.12678712606430054
amf::mb8_adaptive::k24,5,248,electronic_component,komponen elektronik,function,2.584213972091675,0.383318692445755,2.200895309448242
amf::mb8_adaptive::k24,6,110,desktop,komputer desktop,function,2.148104190826416,1.5898538827896118,0.5582503080368042
amf::mb8_adaptive::k24,7,47,battery,baterai dan aki,function,3.882070779800415,0.7348774671554565,3.147193431854248
amf::mb8_adaptive::k24,8,181,washing_machine,mesin cuci,function,3.050762414932251,0.964296817779541,2.08646559715271
amf::mb8_adaptive::k24,9,159,laptop,laptop,function,2.9128096103668213,0.7141067385673523,2.198702812194824
amf::mb8_adaptive::k24,10,107,audio,perangkat audio,function,3.324333667755127,0.5543486475944519,2.7699849605560303
amf::mb8_adaptive::k24,11,175,input_peripheral,perangkat input komputer,function,2.2013397216796875,0.5638347268104553,1.637505054473877
amf::mb8_adaptive::k24,12,91,washing_machine,mesin cuci,function,2.8172287940979004,1.0168429613113403,1.80038583278656
amf::mb8_adaptive::k24,13,36,audio,perangkat audio,function,2.771897554397583,0.7570403814315796,2.014857292175293
amf::mb8_adaptive::k24,14,192,input_peripheral,perangkat input komputer,function,1.8435519933700562,0.923990786075592,0.9195612072944641
amf::mb8_adaptive::k24,15,104,display,televisi dan monitor,function,2.6602299213409424,0.6523436903953552,2.0078861713409424
amf::mb8_adaptive::k24,16,69,audio,perangkat audio,function,3.1779210567474365,0.9376387596130371,2.2402822971343994
amf::mb8_adaptive::k24,17,62,battery,baterai dan aki,function,2.785843849182129,1.787082314491272,0.9987615346908569
amf::mb8_adaptive::k24,18,158,display,televisi dan monitor,function,2.30271053314209,0.6452322006225586,1.6574783325195312
amf::mb8_adaptive::k24,19,236,cooking_appliance,peralatan memasak listrik,function,2.942456007003784,0.6226470470428467,2.3198089599609375
amf::mb8_adaptive::k24,20,120,input_peripheral,perangkat input komputer,function,1.9845858812332153,0.9073470830917358,1.0772387981414795
amf::mb8_adaptive::k24,21,31,camera,kamera,function,0.6156944632530212,0.6017202734947205,0.013974189758300781
amf::mb8_adaptive::k24,22,87,desktop,komputer desktop,function,2.2786571979522705,1.961633563041687,0.3170236349105835
amf::mb8_adaptive::k24,23,70,battery,baterai dan aki,function,3.2380902767181396,1.2423053979873657,1.995784878730774
amf::mb8_adaptive::k22,0,70,battery,baterai dan aki,function,3.2380902767181396,1.2423053979873657,1.995784878730774
amf::mb8_adaptive::k22,1,477,phone_tablet,ponsel dan tablet,function,2.1718780994415283,0.5803406238555908,1.5915374755859375
amf::mb8_adaptive::k22,2,244,electronic_component,komponen elektronik,function,2.5945932865142822,0.39379143714904785,2.2008018493652344
amf::mb8_adaptive::k22,3,236,cooking_appliance,peralatan memasak listrik,function,2.942456007003784,0.6226470470428467,2.3198089599609375
amf::mb8_adaptive::k22,4,192,input_peripheral,perangkat input komputer,function,1.8435519933700562,0.923990786075592,0.9195612072944641
amf::mb8_adaptive::k22,5,254,printer,printer dan mesin fotokopi,function,3.0877015590667725,0.6513082981109619,2.4363932609558105
amf::mb8_adaptive::k22,6,181,washing_machine,mesin cuci,function,3.050762414932251,0.964296817779541,2.08646559715271
amf::mb8_adaptive::k22,7,296,input_peripheral,perangkat input komputer,function,2.1061363220214844,0.7042699456214905,1.4018664360046387
amf::mb8_adaptive::k22,8,158,laptop,laptop,function,2.913878917694092,0.7158365249633789,2.198042392730713
amf::mb8_adaptive::k22,9,62,battery,baterai dan aki,function,2.785843849182129,1.787082314491272,0.9987615346908569
amf::mb8_adaptive::k22,10,90,washing_machine,mesin cuci,function,2.8408124446868896,1.0170389413833618,1.8237735033035278
amf::mb8_adaptive::k22,11,156,display,televisi dan monitor,function,2.3021700382232666,0.653637707233429,1.6485323905944824
amf::mb8_adaptive::k22,12,527,desktop,komputer desktop,function,0.4079815149307251,0.3811483681201935,0.026833146810531616
amf::mb8_adaptive::k22,13,87,desktop,komputer desktop,function,2.2786571979522705,1.961633563041687,0.3170236349105835
amf::mb8_adaptive::k22,14,36,audio,perangkat audio,function,2.771897554397583,0.7570403814315796,2.014857292175293
amf::mb8_adaptive::k22,15,105,display,televisi dan monitor,function,2.6547930240631104,0.6510939598083496,2.0036990642547607
amf::mb8_adaptive::k22,16,69,audio,perangkat audio,function,3.1779210567474365,0.9376387596130371,2.2402822971343994
amf::mb8_adaptive::k22,17,107,audio,perangkat audio,function,3.324333667755127,0.5543486475944519,2.7699849605560303
amf::mb8_adaptive::k22,18,47,battery,baterai dan aki,function,3.882070779800415,0.7348774671554565,3.147193431854248
amf::mb8_adaptive::k22,19,45,battery,baterai dan aki,function,3.6626458168029785,1.2598164081573486,2.40282940864563
amf::mb8_adaptive::k22,20,110,desktop,komputer desktop,function,2.148104190826416,1.5898538827896118,0.5582503080368042
amf::mb8_adaptive::k22,21,30,cooking_appliance,peralatan memasak listrik,function,0.6143907904624939,0.56688392162323,0.047506868839263916
amf::mb8_adaptive::k20,0,181,washing_machine,mesin cuci,function,3.050762414932251,0.964296817779541,2.08646559715271
amf::mb8_adaptive::k20,1,156,display,televisi dan monitor,function,2.3021700382232666,0.653637707233429,1.6485323905944824
amf::mb8_adaptive::k20,2,254,printer,printer dan mesin fotokopi,function,3.0877015590667725,0.6513082981109619,2.4363932609558105
amf::mb8_adaptive::k20,3,263,input_peripheral,perangkat input komputer,function,1.8563910722732544,1.1332238912582397,0.7231671810150146
amf::mb8_adaptive::k20,4,296,input_peripheral,perangkat input komputer,function,2.1061363220214844,0.7042699456214905,1.4018664360046387
amf::mb8_adaptive::k20,5,90,washing_machine,mesin cuci,function,2.8408124446868896,1.0170389413833618,1.8237735033035278
amf::mb8_adaptive::k20,6,236,cooking_appliance,peralatan memasak listrik,function,2.942456007003784,0.6226470470428467,2.3198089599609375
amf::mb8_adaptive::k20,7,47,battery,baterai dan aki,function,3.882070779800415,0.7348774671554565,3.147193431854248
amf::mb8_adaptive::k20,8,69,audio,perangkat audio,function,3.1779210567474365,0.9376387596130371,2.2402822971343994
amf::mb8_adaptive::k20,9,243,electronic_component,komponen elektronik,function,2.6029770374298096,0.39214253425598145,2.210834503173828
amf::mb8_adaptive::k20,10,468,phone_tablet,ponsel dan tablet,function,2.2137534618377686,0.5929127335548401,1.6208407878875732
amf::mb8_adaptive::k20,11,70,battery,baterai dan aki,function,3.2380902767181396,1.2423053979873657,1.995784878730774
amf::mb8_adaptive::k20,12,107,audio,perangkat audio,function,3.324333667755127,0.5543486475944519,2.7699849605560303
amf::mb8_adaptive::k20,13,45,battery,baterai dan aki,function,3.6626458168029785,1.2598164081573486,2.40282940864563
amf::mb8_adaptive::k20,14,158,laptop,laptop,function,2.913878917694092,0.7158365249633789,2.198042392730713
amf::mb8_adaptive::k20,15,565,camera,kamera,function,0.3292681574821472,0.32473641633987427,0.004531741142272949
amf::mb8_adaptive::k20,16,62,battery,baterai dan aki,function,2.785843849182129,1.787082314491272,0.9987615346908569
amf::mb8_adaptive::k20,17,36,audio,perangkat audio,function,2.771897554397583,0.7570403814315796,2.014857292175293
amf::mb8_adaptive::k20,18,128,desktop,komputer desktop,function,2.457709550857544,1.5678579807281494,0.8898515701293945
amf::mb8_adaptive::k20,19,105,display,televisi dan monitor,function,2.6547930240631104,0.6510939598083496,2.0036990642547607
amf::mb8_adaptive::k18,0,236,cooking_appliance,peralatan memasak listrik,function,2.942456007003784,0.6226470470428467,2.3198089599609375
amf::mb8_adaptive::k18,1,158,laptop,laptop,function,2.913878917694092,0.7158365249633789,2.198042392730713
amf::mb8_adaptive::k18,2,128,desktop,komputer desktop,function,2.457709550857544,1.5678579807281494,0.8898515701293945
amf::mb8_adaptive::k18,3,480,phone_tablet,ponsel dan tablet,function,2.1602911949157715,0.5784494876861572,1.5818417072296143
amf::mb8_adaptive::k18,4,296,input_peripheral,perangkat input komputer,function,2.1061363220214844,0.7042699456214905,1.4018664360046387
amf::mb8_adaptive::k18,5,181,washing_machine,mesin cuci,function,3.050762414932251,0.964296817779541,2.08646559715271
amf::mb8_adaptive::k18,6,254,printer,printer dan mesin fotokopi,function,3.0877015590667725,0.6513082981109619,2.4363932609558105
amf::mb8_adaptive::k18,7,157,display,televisi dan monitor,function,2.3040695190429688,0.646681547164917,1.6573879718780518
amf::mb8_adaptive::k18,8,47,battery,baterai dan aki,function,3.882070779800415,0.7348774671554565,3.147193431854248
amf::mb8_adaptive::k18,9,107,audio,perangkat audio,function,3.324333667755127,0.5543486475944519,2.7699849605560303
amf::mb8_adaptive::k18,10,106,display,televisi dan monitor,function,2.647437572479248,0.6499758958816528,1.9974616765975952
amf::mb8_adaptive::k18,11,244,electronic_component,komponen elektronik,function,2.5945932865142822,0.39379143714904785,2.2008018493652344
amf::mb8_adaptive::k18,12,115,battery,baterai dan aki,function,3.394821882247925,1.261691927909851,2.1331300735473633
amf::mb8_adaptive::k18,13,63,battery,baterai dan aki,function,2.7914180755615234,1.7855863571166992,1.0058317184448242
amf::mb8_adaptive::k18,14,130,audio,perangkat audio,function,2.8631157875061035,0.8086694478988647,2.054446220397949
amf::mb8_adaptive::k18,15,263,input_peripheral,perangkat input komputer,function,1.8563910722732544,1.1332238912582397,0.7231671810150146
amf::mb8_adaptive::k18,16,90,washing_machine,mesin cuci,function,2.8408124446868896,1.0170389413833618,1.8237735033035278
amf::mb8_adaptive::k18,17,524,desktop,komputer desktop,function,0.36386820673942566,0.3468877971172333,0.016980409622192383
amf::mb8_adaptive::k16,0,235,cooking_appliance,peralatan memasak listrik,function,2.9491686820983887,0.6238803267478943,2.3252882957458496
amf::mb8_adaptive::k16,1,577,display,televisi dan monitor,function,0.9919847249984741,0.3422345519065857,0.6497501730918884
amf::mb8_adaptive::k16,2,388,desktop,komputer desktop,function,1.564381718635559,1.390053391456604,0.17432832717895508
amf::mb8_adaptive::k16,3,166,laptop,laptop,function,2.896472930908203,0.709759533405304,2.186713457107544
amf::mb8_adaptive::k16,4,296,input_peripheral,perangkat input komputer,function,2.1061363220214844,0.7042699456214905,1.4018664360046387
amf::mb8_adaptive::k16,5,181,washing_machine,mesin cuci,function,3.050762414932251,0.964296817779541,2.08646559715271
amf::mb8_adaptive::k16,6,459,phone_tablet,ponsel dan tablet,function,2.2475032806396484,0.5992317199707031,1.6482715606689453
amf::mb8_adaptive::k16,7,366,electronic_component,komponen elektronik,function,2.286555528640747,0.270923376083374,2.015632152557373
amf::mb8_adaptive::k16,8,107,audio,perangkat audio,function,3.324333667755127,0.5543486475944519,2.7699849605560303
amf::mb8_adaptive::k16,9,254,printer,printer dan mesin fotokopi,function,3.0877015590667725,0.6513082981109619,2.4363932609558105
amf::mb8_adaptive::k16,10,130,audio,perangkat audio,function,2.8631157875061035,0.8086694478988647,2.054446220397949
amf::mb8_adaptive::k16,11,47,battery,baterai dan aki,function,3.882070779800415,0.7348774671554565,3.147193431854248
amf::mb8_adaptive::k16,12,90,washing_machine,mesin cuci,function,2.8408124446868896,1.0170389413833618,1.8237735033035278
amf::mb8_adaptive::k16,13,63,battery,baterai dan aki,function,2.7914180755615234,1.7855863571166992,1.0058317184448242
amf::mb8_adaptive::k16,14,115,battery,baterai dan aki,function,3.394821882247925,1.261691927909851,2.1331300735473633
amf::mb8_adaptive::k16,15,105,display,televisi dan monitor,function,2.6547930240631104,0.6510939598083496,2.0036990642547607
amf::mb8_adaptive::k14,0,384,desktop,komputer desktop,function,1.5613712072372437,1.4027782678604126,0.15859293937683105
amf::mb8_adaptive::k14,1,617,display,televisi dan monitor,function,0.8689195513725281,0.29888078570365906,0.5700387954711914
amf::mb8_adaptive::k14,2,238,audio,perangkat audio,function,3.0670504570007324,0.5658284425735474,2.5012221336364746
amf::mb8_adaptive::k14,3,294,input_peripheral,perangkat input komputer,function,2.11704158782959,0.7047432065010071,1.4122984409332275
amf::mb8_adaptive::k14,4,235,cooking_appliance,peralatan memasak listrik,function,2.9491686820983887,0.6238803267478943,2.3252882957458496
amf::mb8_adaptive::k14,5,458,phone_tablet,ponsel dan tablet,function,2.2505266666412354,0.5999212861061096,1.6506054401397705
amf::mb8_adaptive::k14,6,254,printer,printer dan mesin fotokopi,function,3.0877015590667725,0.6513082981109619,2.4363932609558105
amf::mb8_adaptive::k14,7,115,battery,baterai dan aki,function,3.394821882247925,1.261691927909851,2.1331300735473633
amf::mb8_adaptive::k14,8,161,laptop,laptop,function,2.9068703651428223,0.7223597168922424,2.1845107078552246
amf::mb8_adaptive::k14,9,63,battery,baterai dan aki,function,2.7914180755615234,1.7855863571166992,1.0058317184448242
amf::mb8_adaptive::k14,10,116,display,televisi dan monitor,function,2.573038339614868,0.6432253122329712,1.929813027381897
amf::mb8_adaptive::k14,11,47,battery,baterai dan aki,function,3.882070779800415,0.7348774671554565,3.147193431854248
amf::mb8_adaptive::k14,12,332,electronic_component,komponen elektronik,function,2.4452803134918213,0.2522546052932739,2.193025588989258
amf::mb8_adaptive::k14,13,265,washing_machine,mesin cuci,function,3.0195508003234863,0.9637093544006348,2.0558414459228516
amf::mb8_adaptive::k13,0,773,electronic_component,komponen elektronik,function,1.010831594467163,0.207705557346344,0.8031260371208191
amf::mb8_adaptive::k13,1,115,battery,baterai dan aki,function,3.394821882247925,1.261691927909851,2.1331300735473633
amf::mb8_adaptive::k13,2,459,phone_tablet,ponsel dan tablet,function,2.2475032806396484,0.5992317199707031,1.6482715606689453
amf::mb8_adaptive::k13,3,294,input_peripheral,perangkat input komputer,function,2.11704158782959,0.7047432065010071,1.4122984409332275
amf::mb8_adaptive::k13,4,236,cooking_appliance,peralatan memasak listrik,function,2.942456007003784,0.6226470470428467,2.3198089599609375
amf::mb8_adaptive::k13,5,47,battery,baterai dan aki,function,3.882070779800415,0.7348774671554565,3.147193431854248
amf::mb8_adaptive::k13,6,268,washing_machine,mesin cuci,function,3.0194032192230225,0.9696600437164307,2.049743175506592
amf::mb8_adaptive::k13,7,162,laptop,laptop,function,2.906301259994507,0.7210646271705627,2.185236692428589
amf::mb8_adaptive::k13,8,238,audio,perangkat audio,function,3.0670504570007324,0.5658284425735474,2.5012221336364746
amf::mb8_adaptive::k13,9,257,printer,printer dan mesin fotokopi,function,3.076631546020508,0.6570484042167664,2.4195830821990967
amf::mb8_adaptive::k13,10,282,display,televisi dan monitor,function,2.4353995323181152,0.4314189553260803,2.0039806365966797
amf::mb8_adaptive::k13,11,63,battery,baterai dan aki,function,2.7914180755615234,1.7855863571166992,1.0058317184448242
amf::mb8_adaptive::k13,12,385,desktop,komputer desktop,function,1.5635992288589478,1.3989026546478271,0.1646965742111206
amf::mb8_adaptive::k12,0,236,cooking_appliance,peralatan memasak listrik,function,2.942456007003784,0.6226470470428467,2.3198089599609375
amf::mb8_adaptive::k12,1,770,electronic_component,komponen elektronik,function,1.0152478218078613,0.20761288702487946,0.8076349496841431
amf::mb8_adaptive::k12,2,282,display,televisi dan monitor,function,2.4353995323181152,0.4314189553260803,2.0039806365966797
amf::mb8_adaptive::k12,3,181,battery,baterai dan aki,function,3.135249137878418,0.9611080288887024,2.1741411685943604
amf::mb8_adaptive::k12,4,459,phone_tablet,ponsel dan tablet,function,2.2475032806396484,0.5992317199707031,1.6482715606689453
amf::mb8_adaptive::k12,5,294,input_peripheral,perangkat input komputer,function,2.11704158782959,0.7047432065010071,1.4122984409332275
amf::mb8_adaptive::k12,6,238,audio,perangkat audio,function,3.0670504570007324,0.5658284425735474,2.5012221336364746
amf::mb8_adaptive::k12,7,268,washing_machine,mesin cuci,function,3.0194032192230225,0.9696600437164307,2.049743175506592
amf::mb8_adaptive::k12,8,385,desktop,komputer desktop,function,1.5635992288589478,1.3989026546478271,0.1646965742111206
amf::mb8_adaptive::k12,9,257,printer,printer dan mesin fotokopi,function,3.076631546020508,0.6570484042167664,2.4195830821990967
amf::mb8_adaptive::k12,10,162,laptop,laptop,function,2.906301259994507,0.7210646271705627,2.185236692428589
amf::mb8_adaptive::k12,11,47,battery,baterai dan aki,function,3.882070779800415,0.7348774671554565,3.147193431854248
amf::mb8_adaptive::k11,0,236,cooking_appliance,peralatan memasak listrik,function,2.942456007003784,0.6226470470428467,2.3198089599609375
amf::mb8_adaptive::k11,1,578,laptop,laptop,function,1.3245426416397095,1.2684917449951172,0.056050896644592285
amf::mb8_adaptive::k11,2,268,washing_machine,mesin cuci,function,3.0194032192230225,0.9696600437164307,2.049743175506592
amf::mb8_adaptive::k11,3,181,battery,baterai dan aki,function,3.135249137878418,0.9611080288887024,2.1741411685943604
amf::mb8_adaptive::k11,4,294,input_peripheral,perangkat input komputer,function,2.11704158782959,0.7047432065010071,1.4122984409332275
amf::mb8_adaptive::k11,5,257,printer,printer dan mesin fotokopi,function,3.076631546020508,0.6570484042167664,2.4195830821990967
amf::mb8_adaptive::k11,6,238,audio,perangkat audio,function,3.0670504570007324,0.5658284425735474,2.5012221336364746
amf::mb8_adaptive::k11,7,47,battery,baterai dan aki,function,3.882070779800415,0.7348774671554565,3.147193431854248
amf::mb8_adaptive::k11,8,459,phone_tablet,ponsel dan tablet,function,2.2475032806396484,0.5992317199707031,1.6482715606689453
amf::mb8_adaptive::k11,9,739,electronic_component,komponen elektronik,function,1.0789506435394287,0.2380862534046173,0.8408644199371338
amf::mb8_adaptive::k11,10,282,display,televisi dan monitor,function,2.4353995323181152,0.4314189553260803,2.0039806365966797
amf::mb8_adaptive::k10,0,233,cooking_appliance,peralatan memasak listrik,function,2.9653241634368896,0.6292206048965454,2.3361034393310547
amf::mb8_adaptive::k10,1,706,electronic_component,komponen elektronik,function,1.1494510173797607,0.2493596225976944,0.9000914096832275
amf::mb8_adaptive::k10,2,458,phone_tablet,ponsel dan tablet,function,2.2505266666412354,0.5999212861061096,1.6506054401397705
amf::mb8_adaptive::k10,3,179,battery,baterai dan aki,function,3.1634864807128906,0.9686390161514282,2.194847583770752
amf::mb8_adaptive::k10,4,294,input_peripheral,perangkat input komputer,function,2.11704158782959,0.7047432065010071,1.4122984409332275
amf::mb8_adaptive::k10,5,268,washing_machine,mesin cuci,function,3.013795852661133,0.9771966338157654,2.0365991592407227
amf::mb8_adaptive::k10,6,237,audio,perangkat audio,function,3.0765416622161865,0.5678977370262146,2.508643865585327
amf::mb8_adaptive::k10,7,257,printer,printer dan mesin fotokopi,function,3.076631546020508,0.6570484042167664,2.4195830821990967
amf::mb8_adaptive::k10,8,47,battery,baterai dan aki,function,3.882070779800415,0.7348774671554565,3.147193431854248
amf::mb8_adaptive::k10,9,900,desktop,komputer desktop,function,0.9598214626312256,0.9042763710021973,0.05554509162902832
amf::mb8_adaptive::k8,0,233,cooking_appliance,peralatan memasak listrik,function,2.9653241634368896,0.6292206048965454,2.3361034393310547
amf::mb8_adaptive::k8,1,267,washing_machine,mesin cuci,function,3.022275924682617,0.9713570475578308,2.0509188175201416
amf::mb8_adaptive::k8,2,1611,desktop,komputer desktop,function,0.5671114325523376,0.537778913974762,0.029332518577575684
amf::mb8_adaptive::k8,3,457,phone_tablet,ponsel dan tablet,function,2.2542433738708496,0.6009750962257385,1.6532683372497559
amf::mb8_adaptive::k8,4,293,input_peripheral,perangkat input komputer,function,2.122650384902954,0.71100252866745,1.4116477966308594
amf::mb8_adaptive::k8,5,236,audio,perangkat audio,function,3.080892562866211,0.5712586641311646,2.509634017944336
amf::mb8_adaptive::k8,6,255,printer,printer dan mesin fotokopi,function,3.0848217010498047,0.6504516005516052,2.4343700408935547
amf::mb8_adaptive::k8,7,227,battery,baterai dan aki,function,3.2990386486053467,0.9184171557426453,2.3806214332580566
amf::mb8_adaptive::k6,0,2062,display,televisi dan monitor,function,0.38059428334236145,0.29993394017219543,0.08066034317016602
amf::mb8_adaptive::k6,1,233,cooking_appliance,peralatan memasak listrik,function,2.9653241634368896,0.6292206048965454,2.3361034393310547
amf::mb8_adaptive::k6,2,293,input_peripheral,perangkat input komputer,function,2.122650384902954,0.71100252866745,1.4116477966308594
amf::mb8_adaptive::k6,3,254,printer,printer dan mesin fotokopi,function,3.0877015590667725,0.6513082981109619,2.4363932609558105
amf::mb8_adaptive::k6,4,470,audio,perangkat audio,function,1.5304131507873535,1.4912399053573608,0.039173245429992676
amf::mb8_adaptive::k6,5,267,washing_machine,mesin cuci,function,3.022275924682617,0.9713570475578308,2.0509188175201416
amf::mb8_adaptive::k4,0,508,washing_machine,mesin cuci,function,1.8919235467910767,1.8875319957733154,0.0043915510177612305
amf::mb8_adaptive::k4,1,2524,phone_tablet,ponsel dan tablet,function,0.2070542722940445,0.20444528758525848,0.0026089847087860107
amf::mb8_adaptive::k4,2,293,input_peripheral,perangkat input komputer,function,2.122650384902954,0.71100252866745,1.4116477966308594
amf::mb8_adaptive::k4,3,254,printer,printer dan mesin fotokopi,function,3.0877015590667725,0.6513082981109619,2.4363932609558105
amf::mb4_uniform::k24,0,147,cooking_appliance,peralatan memasak listrik,function,3.053499698638916,0.5821107029914856,2.471389055252075
amf::mb4_uniform::k24,1,431,desktop,komputer desktop,function,0.4798993468284607,0.3469494879245758,0.1329498589038849
amf::mb4_uniform::k24,2,186,laptop,laptop,function,2.9076850414276123,0.686942994594574,2.2207419872283936
amf::mb4_uniform::k24,3,258,printer,printer dan mesin fotokopi,function,3.066319227218628,0.6530213952064514,2.4132978916168213
amf::mb4_uniform::k24,4,152,input_peripheral,perangkat input komputer,function,2.225771188735962,0.5345810651779175,1.6911901235580444
amf::mb4_uniform::k24,5,541,phone_tablet,ponsel dan tablet,function,1.8825740814208984,0.5527055859565735,1.3298685550689697
amf::mb4_uniform::k24,6,164,display,televisi dan monitor,function,2.2752795219421387,0.6531866788864136,1.622092843055725
amf::mb4_uniform::k24,7,182,washing_machine,mesin cuci,function,3.0570478439331055,0.9623406529426575,2.0947072505950928
amf::mb4_uniform::k24,8,89,desktop,komputer desktop,function,1.8696495294570923,1.7922590970993042,0.07739043235778809
amf::mb4_uniform::k24,9,107,audio,perangkat audio,function,3.2972848415374756,0.568641722202301,2.7286431789398193
amf::mb4_uniform::k24,10,47,battery,baterai dan aki,function,3.882070779800415,0.7348774671554565,3.147193431854248
amf::mb4_uniform::k24,11,139,input_peripheral,perangkat input komputer,function,2.023109197616577,0.9151139259338379,1.1079952716827393
amf::mb4_uniform::k24,12,36,audio,perangkat audio,function,2.771897554397583,0.7570403814315796,2.014857292175293
amf::mb4_uniform::k24,13,91,washing_machine,mesin cuci,function,2.8172287940979004,1.0168429613113403,1.80038583278656
amf::mb4_uniform::k24,14,67,battery,baterai dan aki,function,3.27231764793396,1.28196120262146,1.9903564453125
amf::mb4_uniform::k24,15,63,battery,baterai dan aki,function,2.7583796977996826,1.772627353668213,0.9857523441314697
amf::mb4_uniform::k24,16,75,audio,perangkat audio,function,3.138939619064331,0.915042519569397,2.2238969802856445
amf::mb4_uniform::k24,17,44,battery,baterai dan aki,function,3.655686855316162,1.2646443843841553,2.391042470932007
amf::mb4_uniform::k24,18,31,camera,kamera,function,0.6156944632530212,0.6017202734947205,0.013974189758300781
amf::mb4_uniform::k24,19,85,cooking_appliance,peralatan memasak listrik,function,2.810661792755127,0.7121793627738953,2.098482370376587
amf::mb4_uniform::k24,20,100,display,televisi dan monitor,function,2.7423007488250732,0.6739003658294678,2.0684003829956055
amf::mb4_uniform::k24,21,110,desktop,komputer desktop,function,2.4583539962768555,1.769275188446045,0.6890788078308105
amf::mb4_uniform::k24,22,186,input_peripheral,perangkat input komputer,function,1.8713093996047974,0.9386484026908875,0.9326609969139099
amf::mb4_uniform::k24,23,248,electronic_component,komponen elektronik,function,2.588881492614746,0.3785869777202606,2.210294485092163
amf::mb4_uniform::k22,0,186,laptop,laptop,function,2.9076850414276123,0.686942994594574,2.2207419872283936
amf::mb4_uniform::k22,1,248,electronic_component,komponen elektronik,function,2.588881492614746,0.3785869777202606,2.210294485092163
amf::mb4_uniform::k22,2,521,phone_tablet,ponsel dan tablet,function,1.9727469682693481,0.542422354221344,1.4303245544433594
amf::mb4_uniform::k22,3,182,washing_machine,mesin cuci,function,3.0570478439331055,0.9623406529426575,2.0947072505950928
amf::mb4_uniform::k22,4,106,audio,perangkat audio,function,3.295412063598633,0.57276451587677,2.7226476669311523
amf::mb4_uniform::k22,5,233,cooking_appliance,peralatan memasak listrik,function,2.9592859745025635,0.6291616559028625,2.3301243782043457
amf::mb4_uniform::k22,6,164,display,televisi dan monitor,function,2.2752795219421387,0.6531866788864136,1.622092843055725
amf::mb4_uniform::k22,7,258,printer,printer dan mesin fotokopi,function,3.066319227218628,0.6530213952064514,2.4132978916168213
amf::mb4_uniform::k22,8,91,washing_machine,mesin cuci,function,2.8172287940979004,1.0168429613113403,1.80038583278656
amf::mb4_uniform::k22,9,47,battery,baterai dan aki,function,3.882070779800415,0.7348774671554565,3.147193431854248
amf::mb4_uniform::k22,10,88,audio,perangkat audio,function,3.0411856174468994,0.857924222946167,2.1832613945007324
amf::mb4_uniform::k22,11,89,desktop,komputer desktop,function,1.8696495294570923,1.7922590970993042,0.07739043235778809
amf::mb4_uniform::k22,12,44,battery,baterai dan aki,function,3.655686855316162,1.2646443843841553,2.391042470932007
amf::mb4_uniform::k22,13,63,battery,baterai dan aki,function,2.7583796977996826,1.772627353668213,0.9857523441314697
amf::mb4_uniform::k22,14,36,audio,perangkat audio,function,2.771897554397583,0.7570403814315796,2.014857292175293
amf::mb4_uniform::k22,15,68,battery,baterai dan aki,function,3.2690541744232178,1.2654144763946533,2.0036396980285645
amf::mb4_uniform::k22,16,31,camera,kamera,function,0.6156944632530212,0.6017202734947205,0.013974189758300781
amf::mb4_uniform::k22,17,100,display,televisi dan monitor,function,2.7423007488250732,0.6739003658294678,2.0684003829956055
amf::mb4_uniform::k22,18,297,input_peripheral,perangkat input komputer,function,2.098346471786499,0.6973253488540649,1.401021122932434
amf::mb4_uniform::k22,19,186,input_peripheral,perangkat input komputer,function,1.8713093996047974,0.9386484026908875,0.9326609969139099
amf::mb4_uniform::k22,20,110,desktop,komputer desktop,function,2.4583539962768555,1.769275188446045,0.6890788078308105
amf::mb4_uniform::k22,21,431,desktop,komputer desktop,function,0.4798993468284607,0.3469494879245758,0.1329498589038849
amf::mb4_uniform::k20,0,431,desktop,komputer desktop,function,0.47221437096595764,0.35017842054367065,0.12203595042228699
amf::mb4_uniform::k20,1,297,input_peripheral,perangkat input komputer,function,2.098346471786499,0.6973253488540649,1.401021122932434
amf::mb4_uniform::k20,2,106,audio,perangkat audio,function,3.310551166534424,0.562083899974823,2.748467206954956
amf::mb4_uniform::k20,3,68,battery,baterai dan aki,function,3.2690541744232178,1.2654144763946533,2.0036396980285645
amf::mb4_uniform::k20,4,102,display,televisi dan monitor,function,2.7378385066986084,0.663042426109314,2.074796199798584
amf::mb4_uniform::k20,5,182,washing_machine,mesin cuci,function,3.0570478439331055,0.9623406529426575,2.0947072505950928
amf::mb4_uniform::k20,6,194,input_peripheral,perangkat input komputer,function,1.8474313020706177,0.9358277320861816,0.911603569984436
amf::mb4_uniform::k20,7,133,audio,perangkat audio,function,2.8583648204803467,0.8157048225402832,2.0426599979400635
amf::mb4_uniform::k20,8,506,phone_tablet,ponsel dan tablet,function,2.042140007019043,0.5548398494720459,1.487300157546997
amf::mb4_uniform::k20,9,257,printer,printer dan mesin fotokopi,function,3.073564052581787,0.6572644114494324,2.41629958152771
amf::mb4_uniform::k20,10,233,cooking_appliance,peralatan memasak listrik,function,2.9592859745025635,0.6291616559028625,2.3301243782043457
amf::mb4_uniform::k20,11,91,washing_machine,mesin cuci,function,2.8172287940979004,1.0168429613113403,1.80038583278656
amf::mb4_uniform::k20,12,184,laptop,laptop,function,2.912710666656494,0.6893656849861145,2.2233450412750244
amf::mb4_uniform::k20,13,44,battery,baterai dan aki,function,3.655686855316162,1.2646443843841553,2.391042470932007
amf::mb4_uniform::k20,14,248,electronic_component,komponen elektronik,function,2.588881492614746,0.3785869777202606,2.210294485092163
amf::mb4_uniform::k20,15,47,battery,baterai dan aki,function,3.882070779800415,0.7348774671554565,3.147193431854248
amf::mb4_uniform::k20,16,198,desktop,komputer desktop,function,2.2061617374420166,1.0031007528305054,1.2030609846115112
amf::mb4_uniform::k20,17,164,display,televisi dan monitor,function,2.2752795219421387,0.6531866788864136,1.622092843055725
amf::mb4_uniform::k20,18,63,battery,baterai dan aki,function,2.7583796977996826,1.772627353668213,0.9857523441314697
amf::mb4_uniform::k20,19,31,camera,kamera,function,0.6156944632530212,0.6017202734947205,0.013974189758300781
amf::mb4_uniform::k18,0,91,washing_machine,mesin cuci,function,2.8172287940979004,1.0168429613113403,1.80038583278656
amf::mb4_uniform::k18,1,491,phone_tablet,ponsel dan tablet,function,2.1035780906677246,0.5659034848213196,1.5376746654510498
amf::mb4_uniform::k18,2,135,battery,baterai dan aki,function,2.995443105697632,0.9805339574813843,2.014909267425537
amf::mb4_uniform::k18,3,198,desktop,komputer desktop,function,2.2061617374420166,1.0031007528305054,1.2030609846115112
amf::mb4_uniform::k18,4,297,input_peripheral,perangkat input komputer,function,2.098346471786499,0.6973253488540649,1.401021122932434
amf::mb4_uniform::k18,5,182,washing_machine,mesin cuci,function,3.0570478439331055,0.9623406529426575,2.0947072505950928
amf::mb4_uniform::k18,6,256,printer,printer dan mesin fotokopi,function,3.0749406814575195,0.6517722606658936,2.423168420791626
amf::mb4_uniform::k18,7,249,electronic_component,komponen elektronik,function,2.5836594104766846,0.3790475130081177,2.2046117782592773
amf::mb4_uniform::k18,8,195,input_peripheral,perangkat input komputer,function,1.8434407711029053,0.9309305548667908,0.9125102162361145
amf::mb4_uniform::k18,9,164,display,televisi dan monitor,function,2.2752795219421387,0.6531866788864136,1.622092843055725
amf::mb4_uniform::k18,10,105,audio,perangkat audio,function,3.312462568283081,0.5622513294219971,2.750211238861084
amf::mb4_uniform::k18,11,47,battery,baterai dan aki,function,3.882070779800415,0.7348774671554565,3.147193431854248
amf::mb4_uniform::k18,12,234,cooking_appliance,peralatan memasak listrik,function,2.959726095199585,0.6286261677742004,2.3310999870300293
amf::mb4_uniform::k18,13,183,laptop,laptop,function,2.91627836227417,0.6898109316825867,2.2264673709869385
amf::mb4_uniform::k18,14,133,audio,perangkat audio,function,2.8583648204803467,0.8157048225402832,2.0426599979400635
amf::mb4_uniform::k18,15,473,desktop,komputer desktop,function,0.3630174994468689,0.3615795373916626,0.0014379620552062988
amf::mb4_uniform::k18,16,44,battery,baterai dan aki,function,3.655686855316162,1.2646443843841553,2.391042470932007
amf::mb4_uniform::k18,17,102,display,televisi dan monitor,function,2.7378385066986084,0.663042426109314,2.074796199798584
amf::mb4_uniform::k16,0,135,battery,baterai dan aki,function,2.995443105697632,0.9805339574813843,2.014909267425537
amf::mb4_uniform::k16,1,187,laptop,laptop,function,2.895519256591797,0.682123601436615,2.213395595550537
amf::mb4_uniform::k16,2,255,printer,printer dan mesin fotokopi,function,3.078198194503784,0.6562352776527405,2.4219629764556885
amf::mb4_uniform::k16,3,232,cooking_appliance,peralatan memasak listrik,function,2.9645285606384277,0.6297654509544373,2.3347630500793457
amf::mb4_uniform::k16,4,311,electronic_component,komponen elektronik,function,2.4913320541381836,0.2885376811027527,2.202794313430786
amf::mb4_uniform::k16,5,573,display,televisi dan monitor,function,0.8292611241340637,0.31480586528778076,0.514455258846283
amf::mb4_uniform::k16,6,91,washing_machine,mesin cuci,function,2.8172287940979004,1.0168429613113403,1.80038583278656
amf::mb4_uniform::k16,7,182,washing_machine,mesin cuci,function,3.0570478439331055,0.9623406529426575,2.0947072505950928
amf::mb4_uniform::k16,8,200,desktop,komputer desktop,function,2.2055130004882812,1.0139787197113037,1.1915342807769775
amf::mb4_uniform::k16,9,47,battery,baterai dan aki,function,3.882070779800415,0.7348774671554565,3.147193431854248
amf::mb4_uniform::k16,10,459,phone_tablet,ponsel dan tablet,function,2.240419387817383,0.6017824411392212,1.6386369466781616
amf::mb4_uniform::k16,11,297,input_peripheral,perangkat input komputer,function,2.098346471786499,0.6973253488540649,1.401021122932434
amf::mb4_uniform::k16,12,44,battery,baterai dan aki,function,3.655686855316162,1.2646443843841553,2.391042470932007
amf::mb4_uniform::k16,13,130,display,televisi dan monitor,function,2.5886552333831787,0.6280773878097534,1.9605778455734253
amf::mb4_uniform::k16,14,242,audio,perangkat audio,function,3.0394206047058105,0.5606927871704102,2.4787278175354004
amf::mb4_uniform::k16,15,194,input_peripheral,perangkat input komputer,function,1.8469223976135254,0.9331377148628235,0.9137846827507019
amf::mb4_uniform::k14,0,746,electronic_component,komponen elektronik,function,1.0704941749572754,0.22736616432666779,0.8431280255317688
amf::mb4_uniform::k14,1,393,desktop,komputer desktop,function,1.5643770694732666,1.3814716339111328,0.1829054355621338
amf::mb4_uniform::k14,2,457,phone_tablet,ponsel dan tablet,function,2.255011796951294,0.5971276760101318,1.657884120941162
amf::mb4_uniform::k14,3,240,audio,perangkat audio,function,3.052121639251709,0.5609986782073975,2.4911229610443115
amf::mb4_uniform::k14,4,183,laptop,laptop,function,2.9149515628814697,0.6923332810401917,2.222618341445923
amf::mb4_uniform::k14,5,233,cooking_appliance,peralatan memasak listrik,function,2.9592859745025635,0.6291616559028625,2.3301243782043457
amf::mb4_uniform::k14,6,295,input_peripheral,perangkat input komputer,function,2.107663631439209,0.7046663165092468,1.4029972553253174
amf::mb4_uniform::k14,7,182,washing_machine,mesin cuci,function,3.0570478439331055,0.9623406529426575,2.0947072505950928
amf::mb4_uniform::k14,8,91,washing_machine,mesin cuci,function,2.8172287940979004,1.0168429613113403,1.80038583278656
amf::mb4_uniform::k14,9,134,battery,baterai dan aki,function,3.01800799369812,0.992414653301239,2.0255932807922363
amf::mb4_uniform::k14,10,44,battery,baterai dan aki,function,3.655686855316162,1.2646443843841553,2.391042470932007
amf::mb4_uniform::k14,11,47,battery,baterai dan aki,function,3.882070779800415,0.7348774671554565,3.147193431854248
amf::mb4_uniform::k14,12,279,display,televisi dan monitor,function,2.4472744464874268,0.41867560148239136,2.0285987854003906
amf::mb4_uniform::k14,13,255,printer,printer dan mesin fotokopi,function,3.0772194862365723,0.652905285358429,2.424314260482788
amf::mb4_uniform::k13,0,233,cooking_appliance,peralatan memasak listrik,function,2.9592859745025635,0.6291616559028625,2.3301243782043457
amf::mb4_uniform::k13,1,257,printer,printer dan mesin fotokopi,function,3.0690886974334717,0.6594829559326172,2.4096057415008545
amf::mb4_uniform::k13,2,742,electronic_component,komponen elektronik,function,1.0759485960006714,0.22211867570877075,0.8538299202919006
amf::mb4_uniform::k13,3,279,display,televisi dan monitor,function,2.4472744464874268,0.41867560148239136,2.0285987854003906
amf::mb4_uniform::k13,4,295,input_peripheral,perangkat input komputer,function,2.107663631439209,0.7046663165092468,1.4029972553253174
amf::mb4_uniform::k13,5,457,phone_tablet,ponsel dan tablet,function,2.255011796951294,0.5971276760101318,1.657884120941162
amf::mb4_uniform::k13,6,240,audio,perangkat audio,function,3.052121639251709,0.5609986782073975,2.4911229610443115
amf::mb4_uniform::k13,7,47,battery,baterai dan aki,function,3.882070779800415,0.7348774671554565,3.147193431854248
amf::mb4_uniform::k13,8,183,washing_machine,mesin cuci,function,3.0570731163024902,0.9639936685562134,2.0930795669555664
amf::mb4_uniform::k13,9,136,battery,baterai dan aki,function,2.974597215652466,0.9774054288864136,1.9971917867660522
amf::mb4_uniform::k13,10,183,laptop,laptop,function,2.9149515628814697,0.6923332810401917,2.222618341445923
amf::mb4_uniform::k13,11,393,desktop,komputer desktop,function,1.5643770694732666,1.3814716339111328,0.1829054355621338
amf::mb4_uniform::k13,12,134,washing_machine,mesin cuci,function,1.7702744007110596,1.137770414352417,0.6325039863586426
amf::mb4_uniform::k12,0,183,laptop,laptop,function,2.9149515628814697,0.6923332810401917,2.222618341445923
amf::mb4_uniform::k12,1,457,phone_tablet,ponsel dan tablet,function,2.255011796951294,0.5971276760101318,1.657884120941162
amf::mb4_uniform::k12,2,279,display,televisi dan monitor,function,2.4472744464874268,0.41867560148239136,2.0285987854003906
amf::mb4_uniform::k12,3,739,electronic_component,komponen elektronik,function,1.0796970129013062,0.2211749106645584,0.8585221171379089
amf::mb4_uniform::k12,4,394,desktop,komputer desktop,function,1.5632606744766235,1.3832964897155762,0.17996418476104736
amf::mb4_uniform::k12,5,295,input_peripheral,perangkat input komputer,function,2.107663631439209,0.7046663165092468,1.4029972553253174
amf::mb4_uniform::k12,6,258,printer,printer dan mesin fotokopi,function,3.0635719299316406,0.6611940860748291,2.4023778438568115
amf::mb4_uniform::k12,7,240,audio,perangkat audio,function,3.052121639251709,0.5609986782073975,2.4911229610443115
amf::mb4_uniform::k12,8,233,cooking_appliance,peralatan memasak listrik,function,2.9592859745025635,0.6291616559028625,2.3301243782043457
amf::mb4_uniform::k12,9,47,battery,baterai dan aki,function,3.882070779800415,0.7348774671554565,3.147193431854248
amf::mb4_uniform::k12,10,273,washing_machine,mesin cuci,function,2.9771080017089844,0.9805080890655518,1.9965999126434326
amf::mb4_uniform::k12,11,181,battery,baterai dan aki,function,3.135249137878418,0.9611080288887024,2.1741411685943604
amf::mb4_uniform::k11,0,295,input_peripheral,perangkat input komputer,function,2.107663631439209,0.7046663165092468,1.4029972553253174
amf::mb4_uniform::k11,1,597,laptop,laptop,function,1.3018220663070679,1.2372863292694092,0.06453573703765869
amf::mb4_uniform::k11,2,281,display,televisi dan monitor,function,2.4407715797424316,0.4323669970035553,2.008404493331909
amf::mb4_uniform::k11,3,717,electronic_component,komponen elektronik,function,1.1223876476287842,0.2349243015050888,0.8874633312225342
amf::mb4_uniform::k11,4,457,phone_tablet,ponsel dan tablet,function,2.255011796951294,0.5971276760101318,1.657884120941162
amf::mb4_uniform::k11,5,258,printer,printer dan mesin fotokopi,function,3.0635719299316406,0.6611940860748291,2.4023778438568115
amf::mb4_uniform::k11,6,273,washing_machine,mesin cuci,function,2.9771080017089844,0.9805080890655518,1.9965999126434326
amf::mb4_uniform::k11,7,233,cooking_appliance,peralatan memasak listrik,function,2.9592859745025635,0.6291616559028625,2.3301243782043457
amf::mb4_uniform::k11,8,240,audio,perangkat audio,function,3.052121639251709,0.5609986782073975,2.4911229610443115
amf::mb4_uniform::k11,9,181,battery,baterai dan aki,function,3.135249137878418,0.9611080288887024,2.1741411685943604
amf::mb4_uniform::k11,10,47,battery,baterai dan aki,function,3.882070779800415,0.7348774671554565,3.147193431854248
amf::mb4_uniform::k10,0,232,cooking_appliance,peralatan memasak listrik,function,2.9645285606384277,0.6297654509544373,2.3347630500793457
amf::mb4_uniform::k10,1,696,electronic_component,komponen elektronik,function,1.1723260879516602,0.2466520518064499,0.9256740212440491
amf::mb4_uniform::k10,2,456,phone_tablet,ponsel dan tablet,function,2.258746385574341,0.5981777310371399,1.6605687141418457
amf::mb4_uniform::k10,3,180,battery,baterai dan aki,function,3.1410861015319824,0.966806173324585,2.1742799282073975
amf::mb4_uniform::k10,4,295,input_peripheral,perangkat input komputer,function,2.107663631439209,0.7046663165092468,1.4029972553253174
amf::mb4_uniform::k10,5,273,washing_machine,mesin cuci,function,2.9771080017089844,0.9805080890655518,1.9965999126434326
amf::mb4_uniform::k10,6,257,printer,printer dan mesin fotokopi,function,3.0708060264587402,0.6654688715934753,2.40533709526062
amf::mb4_uniform::k10,7,47,battery,baterai dan aki,function,3.882070779800415,0.7348774671554565,3.147193431854248
amf::mb4_uniform::k10,8,240,audio,perangkat audio,function,3.052121639251709,0.5609986782073975,2.4911229610443115
amf::mb4_uniform::k10,9,903,desktop,komputer desktop,function,0.9656631350517273,0.9088582992553711,0.0568048357963562
amf::mb4_uniform::k8,0,232,cooking_appliance,peralatan memasak listrik,function,2.9645285606384277,0.6297654509544373,2.3347630500793457
amf::mb4_uniform::k8,1,1604,desktop,komputer desktop,function,0.5724740624427795,0.544975757598877,0.027498304843902588
amf::mb4_uniform::k8,2,455,phone_tablet,ponsel dan tablet,function,2.2582714557647705,0.5983666181564331,1.6599048376083374
amf::mb4_uniform::k8,3,294,input_peripheral,perangkat input komputer,function,2.1155383586883545,0.7116831541061401,1.4038552045822144
amf::mb4_uniform::k8,4,254,printer,printer dan mesin fotokopi,function,3.084592819213867,0.657197892665863,2.4273948669433594
amf::mb4_uniform::k8,5,272,washing_machine,mesin cuci,function,2.985499143600464,0.9804393649101257,2.0050597190856934
amf::mb4_uniform::k8,6,240,audio,perangkat audio,function,3.052121639251709,0.5609986782073975,2.4911229610443115
amf::mb4_uniform::k8,7,228,battery,baterai dan aki,function,3.289199113845825,0.9144728779792786,2.3747262954711914
amf::mb4_uniform::k6,0,2056,display,televisi dan monitor,function,0.38487473130226135,0.2988426387310028,0.08603209257125854
amf::mb4_uniform::k6,1,255,printer,printer dan mesin fotokopi,function,3.0772194862365723,0.652905285358429,2.424314260482788
amf::mb4_uniform::k6,2,272,washing_machine,mesin cuci,function,2.985499143600464,0.9804393649101257,2.0050597190856934
amf::mb4_uniform::k6,3,232,cooking_appliance,peralatan memasak listrik,function,2.9645285606384277,0.6297654509544373,2.3347630500793457
amf::mb4_uniform::k6,4,294,input_peripheral,perangkat input komputer,function,2.1155383586883545,0.7116831541061401,1.4038552045822144
amf::mb4_uniform::k6,5,470,audio,perangkat audio,function,1.5106838941574097,1.4934782981872559,0.01720559597015381
amf::mb4_uniform::k4,0,507,washing_machine,mesin cuci,function,1.9011249542236328,1.8863942623138428,0.014730691909790039
amf::mb4_uniform::k4,1,2525,phone_tablet,ponsel dan tablet,function,0.20588277280330658,0.20335695147514343,0.002525821328163147
amf::mb4_uniform::k4,2,292,input_peripheral,perangkat input komputer,function,2.1217844486236572,0.717014729976654,1.4047696590423584
amf::mb4_uniform::k4,3,255,printer,printer dan mesin fotokopi,function,3.0812973976135254,0.6527135968208313,2.428583860397339
amf::mb4_adaptive::k24,0,146,cooking_appliance,peralatan memasak listrik,function,3.063075542449951,0.5827407240867615,2.480334758758545
amf::mb4_adaptive::k24,1,31,camera,kamera,function,0.6156944632530212,0.6017202734947205,0.013974189758300781
amf::mb4_adaptive::k24,2,433,desktop,komputer desktop,function,0.4731582701206207,0.3444300889968872,0.12872818112373352
amf::mb4_adaptive::k24,3,188,input_peripheral,perangkat input komputer,function,1.8639531135559082,0.9351041316986084,0.9288489818572998
amf::mb4_adaptive::k24,4,257,printer,printer dan mesin fotokopi,function,3.067662239074707,0.6475341320037842,2.420128107070923
amf::mb4_adaptive::k24,5,522,phone_tablet,ponsel dan tablet,function,1.9672636985778809,0.5556132793426514,1.4116504192352295
amf::mb4_adaptive::k24,6,91,washing_machine,mesin cuci,function,2.8172287940979004,1.0168429613113403,1.80038583278656
amf::mb4_adaptive::k24,7,111,desktop,komputer desktop,function,2.4530749320983887,1.7614878416061401,0.6915870904922485
amf::mb4_adaptive::k24,8,142,input_peripheral,perangkat input komputer,function,2.229680061340332,0.5254942774772644,1.7041857242584229
amf::mb4_adaptive::k24,9,248,electronic_component,komponen elektronik,function,2.588881492614746,0.3785869777202606,2.210294485092163
amf::mb4_adaptive::k24,10,164,display,televisi dan monitor,function,2.2752795219421387,0.6531866788864136,1.622092843055725
amf::mb4_adaptive::k24,11,183,washing_machine,mesin cuci,function,3.043020725250244,0.9661277532577515,2.076892852783203
amf::mb4_adaptive::k24,12,106,audio,perangkat audio,function,3.2990529537200928,0.5688694715499878,2.7301836013793945
amf::mb4_adaptive::k24,13,70,battery,baterai dan aki,function,3.261368751525879,1.2361456155776978,2.0252232551574707
amf::mb4_adaptive::k24,14,44,battery,baterai dan aki,function,3.655686855316162,1.2646443843841553,2.391042470932007
amf::mb4_adaptive::k24,15,187,laptop,laptop,function,2.907548666000366,0.6872707009315491,2.220278024673462
amf::mb4_adaptive::k24,16,63,battery,baterai dan aki,function,2.7583796977996826,1.772627353668213,0.9857523441314697
amf::mb4_adaptive::k24,17,85,cooking_appliance,peralatan memasak listrik,function,2.810661792755127,0.7121793627738953,2.098482370376587
amf::mb4_adaptive::k24,18,47,battery,baterai dan aki,function,3.882070779800415,0.7348774671554565,3.147193431854248
amf::mb4_adaptive::k24,19,100,display,televisi dan monitor,function,2.7423007488250732,0.6739003658294678,2.0684003829956055
amf::mb4_adaptive::k24,20,36,audio,perangkat audio,function,2.771897554397583,0.7570403814315796,2.014857292175293
amf::mb4_adaptive::k24,21,87,audio,perangkat audio,function,3.0359606742858887,0.8654838800430298,2.1704769134521484
amf::mb4_adaptive::k24,22,151,input_peripheral,perangkat input komputer,function,2.0142533779144287,0.8906834125518799,1.1235699653625488
amf::mb4_adaptive::k24,23,87,desktop,komputer desktop,function,1.8704971075057983,1.8008418083190918,0.06965529918670654
amf::mb4_adaptive::k22,0,248,electronic_component,komponen elektronik,function,2.588881492614746,0.3785869777202606,2.210294485092163
amf::mb4_adaptive::k22,1,297,input_peripheral,perangkat input komputer,function,2.098346471786499,0.6973253488540649,1.401021122932434
amf::mb4_adaptive::k22,2,517,phone_tablet,ponsel dan tablet,function,1.9866353273391724,0.5483436584472656,1.4382916688919067
amf::mb4_adaptive::k22,3,183,washing_machine,mesin cuci,function,3.043020725250244,0.9661277532577515,2.076892852783203
amf::mb4_adaptive::k22,4,187,laptop,laptop,function,2.907548666000366,0.6872707009315491,2.220278024673462
amf::mb4_adaptive::k22,5,232,cooking_appliance,peralatan memasak listrik,function,2.9649062156677246,0.6297609210014343,2.3351452350616455
amf::mb4_adaptive::k22,6,433,desktop,komputer desktop,function,0.4731582701206207,0.3444300889968872,0.12872818112373352
amf::mb4_adaptive::k22,7,91,washing_machine,mesin cuci,function,2.8172287940979004,1.0168429613113403,1.80038583278656
amf::mb4_adaptive::k22,8,257,printer,printer dan mesin fotokopi,function,3.067662239074707,0.6475341320037842,2.420128107070923
amf::mb4_adaptive::k22,9,70,battery,baterai dan aki,function,3.261368751525879,1.2361456155776978,2.0252232551574707
amf::mb4_adaptive::k22,10,164,display,televisi dan monitor,function,2.2752795219421387,0.6531866788864136,1.622092843055725
amf::mb4_adaptive::k22,11,111,desktop,komputer desktop,function,2.4530749320983887,1.7614878416061401,0.6915870904922485
amf::mb4_adaptive::k22,12,47,battery,baterai dan aki,function,3.882070779800415,0.7348774671554565,3.147193431854248
amf::mb4_adaptive::k22,13,106,audio,perangkat audio,function,3.2990529537200928,0.5688694715499878,2.7301836013793945
amf::mb4_adaptive::k22,14,44,battery,baterai dan aki,function,3.655686855316162,1.2646443843841553,2.391042470932007
amf::mb4_adaptive::k22,15,63,battery,baterai dan aki,function,2.7583796977996826,1.772627353668213,0.9857523441314697
amf::mb4_adaptive::k22,16,100,display,televisi dan monitor,function,2.7423007488250732,0.6739003658294678,2.0684003829956055
amf::mb4_adaptive::k22,17,188,input_peripheral,perangkat input komputer,function,1.8639531135559082,0.9351041316986084,0.9288489818572998
amf::mb4_adaptive::k22,18,87,audio,perangkat audio,function,3.0359606742858887,0.8654838800430298,2.1704769134521484
amf::mb4_adaptive::k22,19,31,camera,kamera,function,0.6156944632530212,0.6017202734947205,0.013974189758300781
amf::mb4_adaptive::k22,20,36,audio,perangkat audio,function,2.771897554397583,0.7570403814315796,2.014857292175293
amf::mb4_adaptive::k22,21,87,desktop,komputer desktop,function,1.8704971075057983,1.8008418083190918,0.06965529918670654
amf::mb4_adaptive::k20,0,63,battery,baterai dan aki,function,2.7583796977996826,1.772627353668213,0.9857523441314697
amf::mb4_adaptive::k20,1,496,phone_tablet,ponsel dan tablet,function,2.0847699642181396,0.559345006942749,1.5254249572753906
amf::mb4_adaptive::k20,2,105,audio,perangkat audio,function,3.312462568283081,0.5622513294219971,2.750211238861084
amf::mb4_adaptive::k20,3,232,cooking_appliance,peralatan memasak listrik,function,2.9649062156677246,0.6297609210014343,2.3351452350616455
amf::mb4_adaptive::k20,4,432,desktop,komputer desktop,function,0.4585208594799042,0.34852251410484314,0.10999834537506104
amf::mb4_adaptive::k20,5,193,input_peripheral,perangkat input komputer,function,1.8505257368087769,0.9340957999229431,0.9164299368858337
amf::mb4_adaptive::k20,6,256,printer,printer dan mesin fotokopi,function,3.0749406814575195,0.6517722606658936,2.423168420791626
amf::mb4_adaptive::k20,7,198,desktop,komputer desktop,function,2.211423397064209,1.0047128200531006,1.2067105770111084
amf::mb4_adaptive::k20,8,297,input_peripheral,perangkat input komputer,function,2.098346471786499,0.6973253488540649,1.401021122932434
amf::mb4_adaptive::k20,9,91,washing_machine,mesin cuci,function,2.8172287940979004,1.0168429613113403,1.80038583278656
amf::mb4_adaptive::k20,10,114,display,televisi dan monitor,function,2.6695683002471924,0.6246440410614014,2.044924259185791
amf::mb4_adaptive::k20,11,158,display,televisi dan monitor,function,2.2980332374572754,0.644352376461029,1.6536808013916016
amf::mb4_adaptive::k20,12,188,laptop,laptop,function,2.89349365234375,0.6825833320617676,2.2109103202819824
amf::mb4_adaptive::k20,13,47,battery,baterai dan aki,function,3.882070779800415,0.7348774671554565,3.147193431854248
amf::mb4_adaptive::k20,14,31,camera,kamera,function,0.6156944632530212,0.6017202734947205,0.013974189758300781
amf::mb4_adaptive::k20,15,70,battery,baterai dan aki,function,3.261368751525879,1.2361456155776978,2.0252232551574707
amf::mb4_adaptive::k20,16,183,washing_machine,mesin cuci,function,3.043020725250244,0.9661277532577515,2.076892852783203
amf::mb4_adaptive::k20,17,44,battery,baterai dan aki,function,3.655686855316162,1.2646443843841553,2.391042470932007
amf::mb4_adaptive::k20,18,133,audio,perangkat audio,function,2.8583648204803467,0.8157048225402832,2.0426599979400635
amf::mb4_adaptive::k20,19,248,electronic_component,komponen elektronik,function,2.588881492614746,0.3785869777202606,2.210294485092163
amf::mb4_adaptive::k18,0,249,electronic_component,komponen elektronik,function,2.5836594104766846,0.3790475130081177,2.2046117782592773
amf::mb4_adaptive::k18,1,473,camera,kamera,function,0.36402416229248047,0.35804352164268494,0.005980640649795532
amf::mb4_adaptive::k18,2,193,input_peripheral,perangkat input komputer,function,1.8505257368087769,0.9340957999229431,0.9164299368858337
amf::mb4_adaptive::k18,3,491,phone_tablet,ponsel dan tablet,function,2.101341485977173,0.5598368048667908,1.5415046215057373
amf::mb4_adaptive::k18,4,296,input_peripheral,perangkat input komputer,function,2.1021432876586914,0.6984707117080688,1.4036725759506226
amf::mb4_adaptive::k18,5,255,printer,printer dan mesin fotokopi,function,3.077770471572876,0.6526308059692383,2.4251396656036377
amf::mb4_adaptive::k18,6,199,desktop,komputer desktop,function,2.2030632495880127,1.012152075767517,1.1909111738204956
amf::mb4_adaptive::k18,7,163,display,televisi dan monitor,function,2.281428337097168,0.6489596366882324,1.6324687004089355
amf::mb4_adaptive::k18,8,183,washing_machine,mesin cuci,function,3.043020725250244,0.9661277532577515,2.076892852783203
amf::mb4_adaptive::k18,9,232,cooking_appliance,peralatan memasak listrik,function,2.9649062156677246,0.6297609210014343,2.3351452350616455
amf::mb4_adaptive::k18,10,105,audio,perangkat audio,function,3.312462568283081,0.5622513294219971,2.750211238861084
amf::mb4_adaptive::k18,11,133,audio,perangkat audio,function,2.8583648204803467,0.8157048225402832,2.0426599979400635
amf::mb4_adaptive::k18,12,136,battery,baterai dan aki,function,2.974597215652466,0.9774054288864136,1.9971917867660522
amf::mb4_adaptive::k18,13,91,washing_machine,mesin cuci,function,2.8172287940979004,1.0168429613113403,1.80038583278656
amf::mb4_adaptive::k18,14,47,battery,baterai dan aki,function,3.882070779800415,0.7348774671554565,3.147193431854248
amf::mb4_adaptive::k18,15,103,display,televisi dan monitor,function,2.7236170768737793,0.6604935526847839,2.0631234645843506
amf::mb4_adaptive::k18,16,44,battery,baterai dan aki,function,3.655686855316162,1.2646443843841553,2.391042470932007
amf::mb4_adaptive::k18,17,186,laptop,laptop,function,2.899498462677002,0.684367835521698,2.215130567550659
amf::mb4_adaptive::k16,0,189,laptop,laptop,function,2.8818604946136475,0.6779546737670898,2.2039058208465576
amf::mb4_adaptive::k16,1,456,phone_tablet,ponsel dan tablet,function,2.254136800765991,0.6007746458053589,1.6533621549606323
amf::mb4_adaptive::k16,2,183,washing_machine,mesin cuci,function,3.043020725250244,0.9661277532577515,2.076892852783203
amf::mb4_adaptive::k16,3,194,input_peripheral,perangkat input komputer,function,1.8507390022277832,0.936927318572998,0.9138116836547852
amf::mb4_adaptive::k16,4,47,battery,baterai dan aki,function,3.882070779800415,0.7348774671554565,3.147193431854248
amf::mb4_adaptive::k16,5,296,input_peripheral,perangkat input komputer,function,2.1021432876586914,0.6984707117080688,1.4036725759506226
amf::mb4_adaptive::k16,6,242,audio,perangkat audio,function,3.0394206047058105,0.5606927871704102,2.4787278175354004
amf::mb4_adaptive::k16,7,313,electronic_component,komponen elektronik,function,2.4906721115112305,0.2849096953868866,2.2057623863220215
amf::mb4_adaptive::k16,8,136,battery,baterai dan aki,function,2.974597215652466,0.9774054288864136,1.9971917867660522
amf::mb4_adaptive::k16,9,255,printer,printer dan mesin fotokopi,function,3.078198194503784,0.6562352776527405,2.4219629764556885
amf::mb4_adaptive::k16,10,576,display,televisi dan monitor,function,0.8365447521209717,0.3137918710708618,0.5227528810501099
amf::mb4_adaptive::k16,11,231,cooking_appliance,peralatan memasak listrik,function,2.970195770263672,0.6303699612617493,2.3398258686065674
amf::mb4_adaptive::k16,12,127,display,televisi dan monitor,function,2.594254970550537,0.6201231479644775,1.9741318225860596
amf::mb4_adaptive::k16,13,44,battery,baterai dan aki,function,3.655686855316162,1.2646443843841553,2.391042470932007
amf::mb4_adaptive::k16,14,91,washing_machine,mesin cuci,function,2.8172287940979004,1.0168429613113403,1.80038583278656
amf::mb4_adaptive::k16,15,199,desktop,komputer desktop,function,2.209141492843628,1.0194343328475952,1.1897071599960327
amf::mb4_adaptive::k14,0,255,printer,printer dan mesin fotokopi,function,3.0772194862365723,0.652905285358429,2.424314260482788
amf::mb4_adaptive::k14,1,748,electronic_component,komponen elektronik,function,1.0674179792404175,0.22573736310005188,0.841680645942688
amf::mb4_adaptive::k14,2,183,washing_machine,mesin cuci,function,3.043020725250244,0.9661277532577515,2.076892852783203
amf::mb4_adaptive::k14,3,457,phone_tablet,ponsel dan tablet,function,2.255011796951294,0.5971276760101318,1.657884120941162
amf::mb4_adaptive::k14,4,295,input_peripheral,perangkat input komputer,function,2.107663631439209,0.7046663165092468,1.4029972553253174
amf::mb4_adaptive::k14,5,135,battery,baterai dan aki,function,2.995443105697632,0.9805339574813843,2.014909267425537
amf::mb4_adaptive::k14,6,232,cooking_appliance,peralatan memasak listrik,function,2.9649062156677246,0.6297609210014343,2.3351452350616455
amf::mb4_adaptive::k14,7,387,desktop,komputer desktop,function,1.569210410118103,1.3924083709716797,0.17680203914642334
amf::mb4_adaptive::k14,8,47,battery,baterai dan aki,function,3.882070779800415,0.7348774671554565,3.147193431854248
amf::mb4_adaptive::k14,9,44,battery,baterai dan aki,function,3.655686855316162,1.2646443843841553,2.391042470932007
amf::mb4_adaptive::k14,10,240,audio,perangkat audio,function,3.052121639251709,0.5609986782073975,2.4911229610443115
amf::mb4_adaptive::k14,11,184,laptop,laptop,function,2.912710666656494,0.6893656849861145,2.2233450412750244
amf::mb4_adaptive::k14,12,91,washing_machine,mesin cuci,function,2.8172287940979004,1.0168429613113403,1.80038583278656
amf::mb4_adaptive::k14,13,281,display,televisi dan monitor,function,2.4407715797424316,0.4323669970035553,2.008404493331909
amf::mb4_adaptive::k13,0,745,electronic_component,komponen elektronik,function,1.0707826614379883,0.2211046665906906,0.8496779799461365
amf::mb4_adaptive::k13,1,181,battery,baterai dan aki,function,3.135249137878418,0.9611080288887024,2.1741411685943604
amf::mb4_adaptive::k13,2,457,phone_tablet,ponsel dan tablet,function,2.255011796951294,0.5971276760101318,1.657884120941162
amf::mb4_adaptive::k13,3,295,input_peripheral,perangkat input komputer,function,2.107663631439209,0.7046663165092468,1.4029972553253174
amf::mb4_adaptive::k13,4,232,cooking_appliance,peralatan memasak listrik,function,2.9649062156677246,0.6297609210014343,2.3351452350616455
amf::mb4_adaptive::k13,5,47,battery,baterai dan aki,function,3.882070779800415,0.7348774671554565,3.147193431854248
amf::mb4_adaptive::k13,6,183,washing_machine,mesin cuci,function,3.043020725250244,0.9661277532577515,2.076892852783203
amf::mb4_adaptive::k13,7,91,washing_machine,mesin cuci,function,2.8172287940979004,1.0168429613113403,1.80038583278656
amf::mb4_adaptive::k13,8,240,audio,perangkat audio,function,3.052121639251709,0.5609986782073975,2.4911229610443115
amf::mb4_adaptive::k13,9,388,desktop,komputer desktop,function,1.5647456645965576,1.3930984735488892,0.17164719104766846
amf::mb4_adaptive::k13,10,255,printer,printer dan mesin fotokopi,function,3.0772194862365723,0.652905285358429,2.424314260482788
amf::mb4_adaptive::k13,11,184,laptop,laptop,function,2.912710666656494,0.6893656849861145,2.2233450412750244
amf::mb4_adaptive::k13,12,281,display,televisi dan monitor,function,2.4407715797424316,0.4323669970035553,2.008404493331909
amf::mb4_adaptive::k12,0,457,phone_tablet,ponsel dan tablet,function,2.255011796951294,0.5971276760101318,1.657884120941162
amf::mb4_adaptive::k12,1,274,washing_machine,mesin cuci,function,2.968031644821167,0.98297119140625,1.985060453414917
amf::mb4_adaptive::k12,2,738,electronic_component,komponen elektronik,function,1.080856442451477,0.2176494002342224,0.8632070422172546
amf::mb4_adaptive::k12,3,259,printer,printer dan mesin fotokopi,function,3.0573573112487793,0.6602308750152588,2.3971264362335205
amf::mb4_adaptive::k12,4,295,input_peripheral,perangkat input komputer,function,2.107663631439209,0.7046663165092468,1.4029972553253174
amf::mb4_adaptive::k12,5,390,desktop,komputer desktop,function,1.5612837076187134,1.395397663116455,0.1658860445022583
amf::mb4_adaptive::k12,6,281,display,televisi dan monitor,function,2.4407715797424316,0.4323669970035553,2.008404493331909
amf::mb4_adaptive::k12,7,181,battery,baterai dan aki,function,3.135249137878418,0.9611080288887024,2.1741411685943604
amf::mb4_adaptive::k12,8,232,cooking_appliance,peralatan memasak listrik,function,2.9649062156677246,0.6297609210014343,2.3351452350616455
amf::mb4_adaptive::k12,9,240,audio,perangkat audio,function,3.052121639251709,0.5609986782073975,2.4911229610443115
amf::mb4_adaptive::k12,10,47,battery,baterai dan aki,function,3.882070779800415,0.7348774671554565,3.147193431854248
amf::mb4_adaptive::k12,11,185,laptop,laptop,function,2.898399829864502,0.6845909953117371,2.21380877494812
amf::mb4_adaptive::k11,0,711,electronic_component,komponen elektronik,function,1.1347182989120483,0.23356108367443085,0.9011572003364563
amf::mb4_adaptive::k11,1,457,phone_tablet,ponsel dan tablet,function,2.255011796951294,0.5971276760101318,1.657884120941162
amf::mb4_adaptive::k11,2,181,battery,baterai dan aki,function,3.135249137878418,0.9611080288887024,2.1741411685943604
amf::mb4_adaptive::k11,3,259,printer,printer dan mesin fotokopi,function,3.0573573112487793,0.6602308750152588,2.3971264362335205
amf::mb4_adaptive::k11,4,274,washing_machine,mesin cuci,function,2.968031644821167,0.98297119140625,1.985060453414917
amf::mb4_adaptive::k11,5,295,input_peripheral,perangkat input komputer,function,2.107663631439209,0.7046663165092468,1.4029972553253174
amf::mb4_adaptive::k11,6,232,cooking_appliance,peralatan memasak listrik,function,2.9649062156677246,0.6297609210014343,2.3351452350616455
amf::mb4_adaptive::k11,7,240,audio,perangkat audio,function,3.052121639251709,0.5609986782073975,2.4911229610443115
amf::mb4_adaptive::k11,8,47,battery,baterai dan aki,function,3.882070779800415,0.7348774671554565,3.147193431854248
amf::mb4_adaptive::k11,9,281,display,televisi dan monitor,function,2.4407715797424316,0.4323669970035553,2.008404493331909
amf::mb4_adaptive::k11,10,602,laptop,laptop,function,1.2883305549621582,1.222963571548462,0.06536698341369629
amf::mb4_adaptive::k10,0,231,cooking_appliance,peralatan memasak listrik,function,2.970195770263672,0.6303699612617493,2.3398258686065674
amf::mb4_adaptive::k10,1,695,electronic_component,komponen elektronik,function,1.1748864650726318,0.24755042791366577,0.9273360371589661
amf::mb4_adaptive::k10,2,456,phone_tablet,ponsel dan tablet,function,2.258746385574341,0.5981777310371399,1.6605687141418457
amf::mb4_adaptive::k10,3,181,battery,baterai dan aki,function,3.135249137878418,0.9611080288887024,2.1741411685943604
amf::mb4_adaptive::k10,4,295,input_peripheral,perangkat input komputer,function,2.107663631439209,0.7046663165092468,1.4029972553253174
amf::mb4_adaptive::k10,5,274,washing_machine,mesin cuci,function,2.968031644821167,0.98297119140625,1.985060453414917
amf::mb4_adaptive::k10,6,257,printer,printer dan mesin fotokopi,function,3.0708060264587402,0.6654688715934753,2.40533709526062
amf::mb4_adaptive::k10,7,47,battery,baterai dan aki,function,3.882070779800415,0.7348774671554565,3.147193431854248
amf::mb4_adaptive::k10,8,240,audio,perangkat audio,function,3.052121639251709,0.5609986782073975,2.4911229610443115
amf::mb4_adaptive::k10,9,903,desktop,komputer desktop,function,0.9683486223220825,0.9126102924346924,0.05573832988739014
amf::mb4_adaptive::k8,0,231,cooking_appliance,peralatan memasak listrik,function,2.970195770263672,0.6303699612617493,2.3398258686065674
amf::mb4_adaptive::k8,1,1603,desktop,komputer desktop,function,0.5732566118240356,0.5452455282211304,0.028011083602905273
amf::mb4_adaptive::k8,2,456,phone_tablet,ponsel dan tablet,function,2.258746385574341,0.5981777310371399,1.6605687141418457
amf::mb4_adaptive::k8,3,273,washing_machine,mesin cuci,function,2.9763588905334473,0.9829117059707642,1.993447184562683
amf::mb4_adaptive::k8,4,294,input_peripheral,perangkat input komputer,function,2.1155383586883545,0.7116831541061401,1.4038552045822144
amf::mb4_adaptive::k8,5,254,printer,printer dan mesin fotokopi,function,3.084592819213867,0.657197892665863,2.4273948669433594
amf::mb4_adaptive::k8,6,240,audio,perangkat audio,function,3.052121639251709,0.5609986782073975,2.4911229610443115
amf::mb4_adaptive::k8,7,228,battery,baterai dan aki,function,3.289199113845825,0.9144728779792786,2.3747262954711914
amf::mb4_adaptive::k6,0,2057,display,televisi dan monitor,function,0.3845706582069397,0.298787921667099,0.0857827365398407
amf::mb4_adaptive::k6,1,293,input_peripheral,perangkat input komputer,function,2.118643283843994,0.7149820327758789,1.4036612510681152
amf::mb4_adaptive::k6,2,231,cooking_appliance,peralatan memasak listrik,function,2.970195770263672,0.6303699612617493,2.3398258686065674
amf::mb4_adaptive::k6,3,273,washing_machine,mesin cuci,function,2.9763588905334473,0.9829117059707642,1.993447184562683
amf::mb4_adaptive::k6,4,470,audio,perangkat audio,function,1.5106838941574097,1.4934782981872559,0.01720559597015381
amf::mb4_adaptive::k6,5,255,printer,printer dan mesin fotokopi,function,3.0772194862365723,0.652905285358429,2.424314260482788
amf::mb4_adaptive::k4,0,2039,display,televisi dan monitor,function,0.39062997698783875,0.3086702227592468,0.08195975422859192
amf::mb4_adaptive::k4,1,293,input_peripheral,perangkat input komputer,function,2.118643283843994,0.7149820327758789,1.4036612510681152
amf::mb4_adaptive::k4,2,977,printer,printer dan mesin fotokopi,function,0.7369136214256287,0.7263815999031067,0.010532021522521973
amf::mb4_adaptive::k4,3,270,washing_machine,mesin cuci,function,3.0041356086730957,0.9788721203804016,2.025263547897339
existing::kmeans_fused_8view::k12,0,271,input_peripheral,perangkat input komputer,function,1.8515775203704834,1.1942678689956665,0.6573096513748169
existing::kmeans_fused_8view::k12,1,301,battery,baterai dan aki,function,2.6097629070281982,0.7377403974533081,1.8720225095748901
existing::kmeans_fused_8view::k12,2,332,display,televisi dan monitor,function,0.47525355219841003,0.46971777081489563,0.005535781383514404
existing::kmeans_fused_8view::k12,3,265,washing_machine,mesin cuci,function,3.0197227001190186,0.967326819896698,2.052395820617676
existing::kmeans_fused_8view::k12,4,323,laptop,laptop,function,1.887196660041809,1.348076581954956,0.539120078086853
existing::kmeans_fused_8view::k12,5,457,phone_tablet,ponsel dan tablet,function,2.2500357627868652,0.6001131534576416,1.6499226093292236
existing::kmeans_fused_8view::k12,6,237,cooking_appliance,peralatan memasak listrik,function,2.936610221862793,0.624117374420166,2.312492847442627
existing::kmeans_fused_8view::k12,7,294,input_peripheral,perangkat input komputer,function,2.119858503341675,0.7073773741722107,1.4124810695648193
existing::kmeans_fused_8view::k12,8,314,electronic_component,komponen elektronik,function,2.4511678218841553,0.2688958942890167,2.182271957397461
existing::kmeans_fused_8view::k12,9,254,printer,printer dan mesin fotokopi,function,3.089137315750122,0.6480053663253784,2.441132068634033
existing::kmeans_fused_8view::k12,10,285,display,televisi dan monitor,function,2.4206228256225586,0.4176299571990967,2.002992868423462
existing::kmeans_fused_8view::k12,11,246,audio,perangkat audio,function,2.989224910736084,0.5788575410842896,2.410367488861084
existing::kmeans_dinov3::k12,0,231,printer,printer dan mesin fotokopi,function,3.153717517852783,0.7076147198677063,2.4461028575897217
existing::kmeans_dinov3::k12,1,467,phone_tablet,ponsel dan tablet,function,2.22700834274292,0.6175514459609985,1.6094568967819214
existing::kmeans_dinov3::k12,2,341,electronic_component,komponen elektronik,function,2.3968119621276855,0.23828798532485962,2.1585240364074707
existing::kmeans_dinov3::k12,3,440,audio,perangkat audio,function,1.8178743124008179,0.5123996734619141,1.3054746389389038
existing::kmeans_dinov3::k12,4,263,battery,baterai dan aki,function,2.851494789123535,0.8492294549942017,2.002265453338623
existing::kmeans_dinov3::k12,5,283,input_peripheral,perangkat input komputer,function,1.7848215103149414,1.4042271375656128,0.3805943727493286
existing::kmeans_dinov3::k12,6,231,cooking_appliance,peralatan memasak listrik,function,2.9544832706451416,0.624596893787384,2.3298864364624023
existing::kmeans_dinov3::k12,7,273,input_peripheral,perangkat input komputer,function,2.121946334838867,0.7426900267601013,1.379256248474121
existing::kmeans_dinov3::k12,8,291,display,televisi dan monitor,function,0.6231364607810974,0.4803672432899475,0.1427692174911499
existing::kmeans_dinov3::k12,9,216,laptop,laptop,function,2.816601514816284,0.6971002221107483,2.1195013523101807
existing::kmeans_dinov3::k12,10,256,washing_machine,mesin cuci,function,3.0320065021514893,0.970636248588562,2.061370372772217
existing::kmeans_dinov3::k12,11,287,display,televisi dan monitor,function,2.3081839084625244,1.2190948724746704,1.089089035987854
existing::kmeans_radio::k12,0,384,display,televisi dan monitor,function,2.2765023708343506,0.9599204063415527,1.3165819644927979
existing::kmeans_radio::k12,1,247,printer,printer dan mesin fotokopi,function,3.110858917236328,0.6465502381324768,2.464308738708496
existing::kmeans_radio::k12,2,278,input_peripheral,perangkat input komputer,function,1.8235136270523071,1.3099077939987183,0.5136058330535889
existing::kmeans_radio::k12,3,458,phone_tablet,ponsel dan tablet,function,2.253221035003662,0.6083274483680725,1.6448936462402344
existing::kmeans_radio::k12,4,226,battery,baterai dan aki,function,3.2980687618255615,0.9155361652374268,2.3825325965881348
existing::kmeans_radio::k12,5,230,cooking_appliance,peralatan memasak listrik,function,2.9648540019989014,0.623773992061615,2.3410799503326416
existing::kmeans_radio::k12,6,304,desktop,komputer desktop,function,0.5156038999557495,0.5120755434036255,0.0035283565521240234
existing::kmeans_radio::k12,7,260,washing_machine,mesin cuci,function,3.023801565170288,0.9631712436676025,2.0606303215026855
existing::kmeans_radio::k12,8,359,audio,perangkat audio,function,2.1338841915130615,0.6465340256690979,1.4873502254486084
existing::kmeans_radio::k12,9,226,laptop,laptop,function,2.772576332092285,0.6964967250823975,2.0760796070098877
existing::kmeans_radio::k12,10,316,electronic_component,komponen elektronik,function,2.479290723800659,0.2660415470600128,2.2132492065429688
existing::kmeans_radio::k12,11,291,input_peripheral,perangkat input komputer,function,2.1292715072631836,0.7172582745552063,1.412013292312622
existing::kmeans_aimv2::k12,0,270,input_peripheral,perangkat input komputer,function,1.856554627418518,1.3242943286895752,0.5322602987289429
existing::kmeans_aimv2::k12,1,402,display,televisi dan monitor,function,0.5059131979942322,0.4542081952095032,0.051705002784729004
existing::kmeans_aimv2::k12,2,251,washing_machine,mesin cuci,function,3.0377941131591797,0.9630194902420044,2.074774742126465
existing::kmeans_aimv2::k12,3,463,phone_tablet,ponsel dan tablet,function,2.193525552749634,0.578853964805603,1.6146715879440308
existing::kmeans_aimv2::k12,4,260,input_peripheral,perangkat input komputer,function,2.2052254676818848,0.7593051195144653,1.4459203481674194
existing::kmeans_aimv2::k12,5,232,audio,perangkat audio,function,3.067624568939209,0.5745248198509216,2.4930996894836426
existing::kmeans_aimv2::k12,6,302,electronic_component,komponen elektronik,function,2.4117140769958496,0.3260674476623535,2.085646629333496
existing::kmeans_aimv2::k12,7,286,battery,baterai dan aki,function,2.57077693939209,0.7323965430259705,1.8383803367614746
existing::kmeans_aimv2::k12,8,199,laptop,laptop,function,2.5564801692962646,0.9515174031257629,1.6049628257751465
existing::kmeans_aimv2::k12,9,228,printer,printer dan mesin fotokopi,function,3.1442787647247314,0.6878618001937866,2.4564170837402344
existing::kmeans_aimv2::k12,10,477,display,televisi dan monitor,function,1.6807562112808228,0.5523630976676941,1.1283931732177734
existing::kmeans_aimv2::k12,11,209,cooking_appliance,peralatan memasak listrik,function,3.0157482624053955,0.6268743276596069,2.388874053955078
existing::kmeans_siglip2::k12,0,426,desktop,komputer desktop,function,1.3211058378219604,1.23314368724823,0.08796215057373047
existing::kmeans_siglip2::k12,1,276,electronic_component,komponen elektronik,function,2.477330207824707,0.3492838442325592,2.1280462741851807
existing::kmeans_siglip2::k12,2,257,printer,printer dan mesin fotokopi,function,3.020103931427002,0.6770517826080322,2.3430521488189697
existing::kmeans_siglip2::k12,3,230,cooking_appliance,peralatan memasak listrik,function,2.9739890098571777,0.6381908059120178,2.3357982635498047
existing::kmeans_siglip2::k12,4,263,washing_machine,mesin cuci,function,3.032460927963257,0.968085765838623,2.064375162124634
existing::kmeans_siglip2::k12,5,453,display,televisi dan monitor,function,0.43262988328933716,0.4296848177909851,0.0029450654983520508
existing::kmeans_siglip2::k12,6,300,display,televisi dan monitor,function,2.1601152420043945,0.37458500266075134,1.7855302095413208
existing::kmeans_siglip2::k12,7,438,phone_tablet,ponsel dan tablet,function,2.2643556594848633,0.5951507687568665,1.6692049503326416
existing::kmeans_siglip2::k12,8,214,input_peripheral,perangkat input komputer,function,1.7763359546661377,0.8982788324356079,0.8780571222305298
existing::kmeans_siglip2::k12,9,256,input_peripheral,perangkat input komputer,function,2.1883633136749268,0.6457498073577881,1.5426135063171387
existing::kmeans_siglip2::k12,10,240,audio,perangkat audio,function,3.0101163387298584,0.5820014476776123,2.428114891052246
existing::kmeans_siglip2::k12,11,226,battery,baterai dan aki,function,3.2727534770965576,0.9352718591690063,2.3374814987182617
existing::kmeans_dinov2::k12,0,108,audio,perangkat audio,function,3.3130903244018555,0.5318331718444824,2.781257152557373
existing::kmeans_dinov2::k12,1,275,input_peripheral,perangkat input komputer,function,2.132530689239502,0.7466034293174744,1.3859272003173828
existing::kmeans_dinov2::k12,2,238,laptop,laptop,function,2.6606147289276123,0.7190644145011902,1.9415502548217773
existing::kmeans_dinov2::k12,3,200,cooking_appliance,peralatan memasak listrik,function,3.006587266921997,0.6091140508651733,2.3974733352661133
existing::kmeans_dinov2::k12,4,359,electronic_component,komponen elektronik,function,2.2907629013061523,0.21812741458415985,2.0726354122161865
existing::kmeans_dinov2::k12,5,257,washing_machine,mesin cuci,function,3.0233864784240723,0.9719224572181702,2.051464080810547
existing::kmeans_dinov2::k12,6,240,input_peripheral,perangkat input komputer,function,1.89878249168396,1.2974342107772827,0.6013482809066772
existing::kmeans_dinov2::k12,7,220,printer,printer dan mesin fotokopi,function,3.1580002307891846,0.7313936948776245,2.4266066551208496
existing::kmeans_dinov2::k12,8,459,phone_tablet,ponsel dan tablet,function,2.25189471244812,0.6085630655288696,1.6433316469192505
existing::kmeans_dinov2::k12,9,648,battery,baterai dan aki,function,1.1510350704193115,0.5232290625572205,0.6278060078620911
existing::kmeans_dinov2::k12,10,235,display,televisi dan monitor,function,2.1821069717407227,1.5330432653427124,0.6490637063980103
existing::kmeans_dinov2::k12,11,340,display,televisi dan monitor,function,1.4503254890441895,0.4815390706062317,0.9687864184379578
existing::kmeans_siglip::k12,0,415,desktop,komputer desktop,function,0.47359445691108704,0.4075269103050232,0.06606754660606384
existing::kmeans_siglip::k12,1,459,phone_tablet,ponsel dan tablet,function,2.2275333404541016,0.5887051820755005,1.638828158378601
existing::kmeans_siglip::k12,2,258,printer,printer dan mesin fotokopi,function,3.0384998321533203,0.7138509750366211,2.324648857116699
existing::kmeans_siglip::k12,3,266,washing_machine,mesin cuci,function,3.0121452808380127,0.9639267325401306,2.0482184886932373
existing::kmeans_siglip::k12,4,292,display,televisi dan monitor,function,2.354526996612549,0.42159026861190796,1.932936668395996
existing::kmeans_siglip::k12,5,293,input_peripheral,perangkat input komputer,function,2.1245555877685547,0.7122918367385864,1.4122637510299683
existing::kmeans_siglip::k12,6,244,audio,perangkat audio,function,2.9876961708068848,0.5848461389541626,2.4028501510620117
existing::kmeans_siglip::k12,7,276,laptop,laptop,function,1.8062468767166138,1.404554009437561,0.40169286727905273
existing::kmeans_siglip::k12,8,320,electronic_component,komponen elektronik,function,2.149684429168701,0.3787786364555359,1.7709057331085205
existing::kmeans_siglip::k12,9,238,cooking_appliance,peralatan memasak listrik,function,2.9196555614471436,0.6426615118980408,2.276993989944458
existing::kmeans_siglip::k12,10,288,input_peripheral,perangkat input komputer,function,1.7947561740875244,1.1810582876205444,0.61369788646698
existing::kmeans_siglip::k12,11,230,battery,baterai dan aki,function,3.229627847671509,0.8914713859558105,2.3381564617156982
existing::kmeans_convnext::k12,0,313,desktop,komputer desktop,function,0.43682125210762024,0.40368548035621643,0.03313577175140381
existing::kmeans_convnext::k12,1,228,cooking_appliance,peralatan memasak listrik,function,2.9506943225860596,0.6327847838401794,2.3179094791412354
existing::kmeans_convnext::k12,2,270,input_peripheral,perangkat input komputer,function,2.1734094619750977,0.7322006225585938,1.441208839416504
existing::kmeans_convnext::k12,3,250,washing_machine,mesin cuci,function,3.0509743690490723,0.9782150983810425,2.0727591514587402
existing::kmeans_convnext::k12,4,335,laptop,laptop,function,1.6155548095703125,1.4106173515319824,0.20493745803833008
existing::kmeans_convnext::k12,5,253,printer,printer dan mesin fotokopi,function,3.053206443786621,0.6312096118927002,2.421996831893921
existing::kmeans_convnext::k12,6,415,battery,baterai dan aki,function,1.8869175910949707,0.5099805593490601,1.3769370317459106
existing::kmeans_convnext::k12,7,234,audio,perangkat audio,function,3.0085973739624023,0.5827229022979736,2.4258744716644287
existing::kmeans_convnext::k12,8,247,input_peripheral,perangkat input komputer,function,1.8746165037155151,1.1387696266174316,0.7358468770980835
existing::kmeans_convnext::k12,9,463,phone_tablet,ponsel dan tablet,function,2.1549649238586426,0.5876191258430481,1.5673458576202393
existing::kmeans_convnext::k12,10,279,electronic_component,komponen elektronik,function,2.5127670764923096,0.2862509787082672,2.226516008377075
existing::kmeans_convnext::k12,11,292,display,televisi dan monitor,function,2.398604393005371,0.46966540813446045,1.9289389848709106
existing::kmeans_eva02::k12,0,241,audio,perangkat audio,function,3.037691831588745,0.5628944635391235,2.474797248840332
existing::kmeans_eva02::k12,1,442,electronic_component,komponen elektronik,function,1.6229593753814697,0.36590513586997986,1.2570542097091675
existing::kmeans_eva02::k12,2,241,cooking_appliance,peralatan memasak listrik,function,2.896296977996826,0.6046631932258606,2.2916338443756104
existing::kmeans_eva02::k12,3,393,display,televisi dan monitor,function,2.292526960372925,0.8921983242034912,1.4003286361694336
existing::kmeans_eva02::k12,4,231,laptop,laptop,function,2.6997902393341064,0.6817229390144348,2.0180673599243164
existing::kmeans_eva02::k12,5,255,printer,printer dan mesin fotokopi,function,3.07593035697937,0.6345936059951782,2.4413366317749023
existing::kmeans_eva02::k12,6,296,input_peripheral,perangkat input komputer,function,2.114011764526367,0.7288123965263367,1.3851993083953857
existing::kmeans_eva02::k12,7,262,washing_machine,mesin cuci,function,3.0156195163726807,0.9695312976837158,2.046088218688965
existing::kmeans_eva02::k12,8,442,phone_tablet,ponsel dan tablet,function,2.257068395614624,0.6408146619796753,1.6162537336349487
existing::kmeans_eva02::k12,9,259,desktop,komputer desktop,function,0.5024279952049255,0.38690415024757385,0.11552384495735168
existing::kmeans_eva02::k12,10,212,battery,baterai dan aki,function,3.3795483112335205,0.9537749886512756,2.4257733821868896
existing::kmeans_eva02::k12,11,305,input_peripheral,perangkat input komputer,function,1.722589373588562,1.391714334487915,0.330875039100647
existing::ward_fused::k12,0,356,display,televisi dan monitor,function,2.344428539276123,0.8303422331809998,1.5140862464904785
existing::ward_fused::k12,1,374,battery,baterai dan aki,function,2.1292078495025635,0.5876200795173645,1.5415878295898438
existing::ward_fused::k12,2,293,input_peripheral,perangkat input komputer,function,1.756354570388794,1.4280996322631836,0.32825493812561035
existing::ward_fused::k12,3,267,washing_machine,mesin cuci,function,3.022275924682617,0.9713570475578308,2.0509188175201416
existing::ward_fused::k12,4,236,audio,perangkat audio,function,3.073093891143799,0.5703896284103394,2.50270414352417
existing::ward_fused::k12,5,456,phone_tablet,ponsel dan tablet,function,2.2584550380706787,0.5960294604301453,1.6624255180358887
existing::ward_fused::k12,6,293,input_peripheral,perangkat input komputer,function,2.122650384902954,0.71100252866745,1.4116477966308594
existing::ward_fused::k12,7,232,printer,printer dan mesin fotokopi,function,3.1448280811309814,0.7089107632637024,2.435917377471924
existing::ward_fused::k12,8,231,cooking_appliance,peralatan memasak listrik,function,2.9598934650421143,0.6295868158340454,2.3303065299987793
existing::ward_fused::k12,9,310,desktop,komputer desktop,function,0.5736417770385742,0.5615814924240112,0.012060284614562988
existing::ward_fused::k12,10,338,electronic_component,komponen elektronik,function,2.388547897338867,0.21629102528095245,2.1722569465637207
existing::ward_fused::k12,11,193,laptop,laptop,function,2.8946146965026855,0.6932055354118347,2.201409101486206
existing::gmm_diag_fused::k12,0,192,display,televisi dan monitor,function,2.5971343517303467,0.3875792920589447,2.209555149078369
existing::gmm_diag_fused::k12,1,343,phone_tablet,ponsel dan tablet,function,2.3364479541778564,0.5834182500839233,1.753029704093933
existing::gmm_diag_fused::k12,2,233,input_peripheral,perangkat input komputer,function,2.226879835128784,0.8060702681541443,1.4208095073699951
existing::gmm_diag_fused::k12,3,208,display,televisi dan monitor,function,0.6007364392280579,0.49783337116241455,0.10290306806564331
existing::gmm_diag_fused::k12,4,215,input_peripheral,perangkat input komputer,function,1.9805370569229126,1.3291959762573242,0.6513410806655884
existing::gmm_diag_fused::k12,5,1115,laptop,laptop,function,0.44711652398109436,0.310793936252594,0.13632258772850037
existing::gmm_diag_fused::k12,6,192,battery,baterai dan aki,function,3.401271104812622,0.9667384028434753,2.434532642364502
existing::gmm_diag_fused::k12,7,254,electronic_component,komponen elektronik,function,2.6443331241607666,0.2655504643917084,2.3787827491760254
existing::gmm_diag_fused::k12,8,232,washing_machine,mesin cuci,function,3.0735340118408203,0.9782784581184387,2.0952556133270264
existing::gmm_diag_fused::k12,9,186,cooking_appliance,peralatan memasak listrik,function,3.0538268089294434,0.6157907247543335,2.4380359649658203
existing::gmm_diag_fused::k12,10,225,printer,printer dan mesin fotokopi,function,3.1801702976226807,0.6904789209365845,2.4896912574768066
existing::gmm_diag_fused::k12,11,184,audio,perangkat audio,function,3.259415626525879,0.6259147524833679,2.633500814437866
existing::kmedoids_pam_fused::k12,0,243,cooking_appliance,peralatan memasak listrik,function,2.897902250289917,0.6120476126670837,2.2858545780181885
existing::kmedoids_pam_fused::k12,1,214,laptop,laptop,function,2.767941951751709,0.7255288362503052,2.0424132347106934
existing::kmedoids_pam_fused::k12,2,371,display,televisi dan monitor,function,2.3145368099212646,0.9153570532798767,1.3991796970367432
existing::kmedoids_pam_fused::k12,3,264,printer,printer dan mesin fotokopi,function,2.998706817626953,0.6930242776870728,2.30568265914917
existing::kmedoids_pam_fused::k12,4,319,display,televisi dan monitor,function,0.5029458403587341,0.4734150171279907,0.029530823230743408
existing::kmedoids_pam_fused::k12,5,272,washing_machine,mesin cuci,function,2.9841930866241455,0.9664804935455322,2.0177125930786133
existing::kmedoids_pam_fused::k12,6,303,input_peripheral,perangkat input komputer,function,2.0690298080444336,0.6999515295028687,1.369078278541565
existing::kmedoids_pam_fused::k12,7,468,phone_tablet,ponsel dan tablet,function,2.212796688079834,0.6000916957855225,1.6127049922943115
existing::kmedoids_pam_fused::k12,8,260,battery,baterai dan aki,function,2.90995454788208,0.8576462864875793,2.0523083209991455
existing::kmedoids_pam_fused::k12,9,284,input_peripheral,perangkat input komputer,function,1.8045626878738403,1.3161211013793945,0.4884415864944458
existing::kmedoids_pam_fused::k12,10,243,audio,perangkat audio,function,2.996277332305908,0.573355495929718,2.422921895980835
existing::kmedoids_pam_fused::k12,11,338,electronic_component,komponen elektronik,function,2.3653206825256348,0.27833616733551025,2.086984634399414
existing::hdbscan_fused_mcs_40::k16,0,225,audio,perangkat audio,function,3.1314053535461426,0.5789837837219238,2.5524215698242188
existing::hdbscan_fused_mcs_40::k16,1,227,cooking_appliance,peralatan memasak listrik,function,2.9676740169525146,0.6175497174263,2.3501243591308594
existing::hdbscan_fused_mcs_40::k16,2,160,battery,baterai dan aki,function,3.234668016433716,1.0248048305511475,2.2098631858825684
existing::hdbscan_fused_mcs_40::k16,3,45,battery,baterai dan aki,function,3.94242525100708,0.7147931456565857,3.2276320457458496
existing::hdbscan_fused_mcs_40::k16,4,234,printer,printer dan mesin fotokopi,function,3.1643788814544678,0.6824771165847778,2.4819016456604004
existing::hdbscan_fused_mcs_40::k16,5,143,washing_machine,mesin cuci,function,3.123044729232788,0.989693820476532,2.1333508491516113
existing::hdbscan_fused_mcs_40::k16,6,69,washing_machine,mesin cuci,function,2.985609292984009,0.9489695429801941,2.03663969039917
existing::hdbscan_fused_mcs_40::k16,7,127,laptop,laptop,function,2.975172758102417,0.7590378522872925,2.216135025024414
existing::hdbscan_fused_mcs_40::k16,8,377,phone_tablet,ponsel dan tablet,function,2.315355062484741,0.6085203289985657,1.7068347930908203
existing::hdbscan_fused_mcs_40::k16,9,225,input_peripheral,perangkat input komputer,function,2.2374765872955322,0.8113574981689453,1.426119089126587
existing::hdbscan_fused_mcs_40::k16,10,72,display,televisi dan monitor,function,2.880246639251709,0.6539640426635742,2.2262825965881348
existing::hdbscan_fused_mcs_40::k16,11,100,desktop,komputer desktop,function,2.3145618438720703,1.0428013801574707,1.2717604637145996
existing::hdbscan_fused_mcs_40::k16,12,76,input_peripheral,perangkat input komputer,function,2.1884560585021973,1.1971060037612915,0.9913500547409058
existing::hdbscan_fused_mcs_40::k16,13,310,display,televisi dan monitor,function,1.1283349990844727,0.37619996070861816,0.7521350383758545
existing::hdbscan_fused_mcs_40::k16,14,136,electronic_component,komponen elektronik,function,2.827451229095459,0.3138832151889801,2.5135679244995117
existing::hdbscan_fused_mcs_80::k11,0,225,audio,perangkat audio,function,3.1314053535461426,0.5789837837219238,2.5524215698242188
existing::hdbscan_fused_mcs_80::k11,1,227,cooking_appliance,peralatan memasak listrik,function,2.9676740169525146,0.6175497174263,2.3501243591308594
existing::hdbscan_fused_mcs_80::k11,2,209,battery,baterai dan aki,function,3.3839828968048096,0.9537549614906311,2.4302279949188232
existing::hdbscan_fused_mcs_80::k11,3,259,washing_machine,mesin cuci,function,3.0343241691589355,0.9643208384513855,2.0700032711029053
existing::hdbscan_fused_mcs_80::k11,4,234,printer,printer dan mesin fotokopi,function,3.1643788814544678,0.6824771165847778,2.4819016456604004
existing::hdbscan_fused_mcs_80::k11,5,127,laptop,laptop,function,2.975172758102417,0.7590378522872925,2.216135025024414
existing::hdbscan_fused_mcs_80::k11,6,377,phone_tablet,ponsel dan tablet,function,2.315355062484741,0.6085203289985657,1.7068347930908203
existing::hdbscan_fused_mcs_80::k11,7,710,display,televisi dan monitor,function,0.9019648432731628,0.7741141319274902,0.1278507113456726
existing::hdbscan_fused_mcs_80::k11,8,229,desktop,komputer desktop,function,1.7967146635055542,1.4901663064956665,0.3065483570098877
existing::hdbscan_fused_mcs_80::k11,9,225,input_peripheral,perangkat input komputer,function,2.2374765872955322,0.8113574981689453,1.426119089126587
existing::hdbscan_fused_mcs_120::k11,0,225,audio,perangkat audio,function,3.1314053535461426,0.5789837837219238,2.5524215698242188
existing::hdbscan_fused_mcs_120::k11,1,227,cooking_appliance,peralatan memasak listrik,function,2.9676740169525146,0.6175497174263,2.3501243591308594
existing::hdbscan_fused_mcs_120::k11,2,209,battery,baterai dan aki,function,3.3839828968048096,0.9537549614906311,2.4302279949188232
existing::hdbscan_fused_mcs_120::k11,3,259,washing_machine,mesin cuci,function,3.0343241691589355,0.9643208384513855,2.0700032711029053
existing::hdbscan_fused_mcs_120::k11,4,234,printer,printer dan mesin fotokopi,function,3.1643788814544678,0.6824771165847778,2.4819016456604004
existing::hdbscan_fused_mcs_120::k11,5,127,laptop,laptop,function,2.975172758102417,0.7590378522872925,2.216135025024414
existing::hdbscan_fused_mcs_120::k11,6,377,phone_tablet,ponsel dan tablet,function,2.315355062484741,0.6085203289985657,1.7068347930908203
existing::hdbscan_fused_mcs_120::k11,7,710,display,televisi dan monitor,function,0.9019648432731628,0.7741141319274902,0.1278507113456726
existing::hdbscan_fused_mcs_120::k11,8,229,desktop,komputer desktop,function,1.7967146635055542,1.4901663064956665,0.3065483570098877
existing::hdbscan_fused_mcs_120::k11,9,225,input_peripheral,perangkat input komputer,function,2.2374765872955322,0.8113574981689453,1.426119089126587
existing::leiden_fused_res_0_5::k13,0,459,phone_tablet,ponsel dan tablet,function,2.2457892894744873,0.6167677044868469,1.6290216445922852
existing::leiden_fused_res_0_5::k13,1,414,desktop,komputer desktop,function,0.5200823545455933,0.38519176840782166,0.1348905861377716
existing::leiden_fused_res_0_5::k13,2,391,display,televisi dan monitor,function,2.2412495613098145,0.991023063659668,1.2502264976501465
existing::leiden_fused_res_0_5::k13,3,295,input_peripheral,perangkat input komputer,function,2.1116702556610107,0.7104852199554443,1.4011850357055664
existing::leiden_fused_res_0_5::k13,4,279,electronic_component,komponen elektronik,function,2.3447015285491943,0.405379980802536,1.939321517944336
existing::leiden_fused_res_0_5::k13,5,277,input_peripheral,perangkat input komputer,function,1.8404070138931274,1.2323664426803589,0.6080405712127686
existing::leiden_fused_res_0_5::k13,6,275,washing_machine,mesin cuci,function,2.958815813064575,0.9878872036933899,1.97092866897583
existing::leiden_fused_res_0_5::k13,7,265,printer,printer dan mesin fotokopi,function,3.012202501296997,0.6759844422340393,2.3362181186676025
existing::leiden_fused_res_0_5::k13,8,238,audio,perangkat audio,function,3.0670504570007324,0.5658284425735474,2.5012221336364746
existing::leiden_fused_res_0_5::k13,9,236,cooking_appliance,peralatan memasak listrik,function,2.9416840076446533,0.6214486360549927,2.320235252380371
existing::leiden_fused_res_0_5::k13,10,213,battery,baterai dan aki,function,2.7246217727661133,0.7839933633804321,1.9406284093856812
existing::leiden_fused_res_0_5::k13,11,190,laptop,laptop,function,2.864732027053833,0.6754282116889954,2.1893038749694824
existing::leiden_fused_res_0_5::k13,12,47,battery,baterai dan aki,function,3.882070779800415,0.7348774671554565,3.147193431854248
existing::leiden_fused_res_1_0::k18,0,459,phone_tablet,ponsel dan tablet,function,2.2457892894744873,0.6167677044868469,1.6290216445922852
existing::leiden_fused_res_1_0::k18,1,386,desktop,komputer desktop,function,0.5306344032287598,0.4291118085384369,0.10152259469032288
existing::leiden_fused_res_1_0::k18,2,295,input_peripheral,perangkat input komputer,function,2.1116702556610107,0.7104852199554443,1.4011850357055664
existing::leiden_fused_res_1_0::k18,3,286,electronic_component,komponen elektronik,function,2.291827917098999,0.4058231711387634,1.8860046863555908
existing::leiden_fused_res_1_0::k18,4,266,printer,printer dan mesin fotokopi,function,3.003347635269165,0.6712324619293213,2.3321151733398438
existing::leiden_fused_res_1_0::k18,5,235,cooking_appliance,peralatan memasak listrik,function,2.9491686820983887,0.6238803267478943,2.3252882957458496
existing::leiden_fused_res_1_0::k18,6,212,laptop,laptop,function,2.823923349380493,0.6752891540527344,2.148634195327759
existing::leiden_fused_res_1_0::k18,7,200,desktop,komputer desktop,function,2.198837995529175,0.9849833846092224,1.2138545513153076
existing::leiden_fused_res_1_0::k18,8,188,input_peripheral,perangkat input komputer,function,1.8667696714401245,0.9404165148735046,0.9263531565666199
existing::leiden_fused_res_1_0::k18,9,184,washing_machine,mesin cuci,function,3.039691209793091,0.9716853499412537,2.0680058002471924
existing::leiden_fused_res_1_0::k18,10,146,display,televisi dan monitor,function,2.3199336528778076,0.6611654162406921,1.6587681770324707
existing::leiden_fused_res_1_0::k18,11,133,display,televisi dan monitor,function,2.5589020252227783,0.6131805777549744,1.9457213878631592
existing::leiden_fused_res_1_0::k18,12,132,audio,perangkat audio,function,2.852313995361328,0.8147485256195068,2.0375654697418213
existing::leiden_fused_res_1_0::k18,13,115,battery,baterai dan aki,function,3.3777427673339844,1.312218189239502,2.0655245780944824
existing::leiden_fused_res_1_0::k18,14,106,audio,perangkat audio,function,3.3344626426696777,0.5552988052368164,2.7791638374328613
existing::leiden_fused_res_1_0::k18,15,98,battery,baterai dan aki,function,1.9320342540740967,1.1102218627929688,0.8218123912811279
existing::leiden_fused_res_1_0::k18,16,91,washing_machine,mesin cuci,function,2.7952866554260254,1.0206470489501953,1.77463960647583
existing::leiden_fused_res_1_0::k18,17,47,battery,baterai dan aki,function,3.882070779800415,0.7348774671554565,3.147193431854248
existing::leiden_fused_res_1_5::k21,0,459,phone_tablet,ponsel dan tablet,function,2.2457892894744873,0.6167677044868469,1.6290216445922852
existing::leiden_fused_res_1_5::k21,1,295,input_peripheral,perangkat input komputer,function,2.1116702556610107,0.7104852199554443,1.4011850357055664
existing::leiden_fused_res_1_5::k21,2,292,display,televisi dan monitor,function,0.5656448006629944,0.5479637980461121,0.017681002616882324
existing::leiden_fused_res_1_5::k21,3,261,printer,printer dan mesin fotokopi,function,3.0439341068267822,0.6810611486434937,2.362873077392578
existing::leiden_fused_res_1_5::k21,4,241,electronic_component,komponen elektronik,function,2.596142292022705,0.39697468280792236,2.1991677284240723
existing::leiden_fused_res_1_5::k21,5,233,cooking_appliance,peralatan memasak listrik,function,2.953303337097168,0.6225277781486511,2.330775499343872
existing::leiden_fused_res_1_5::k21,6,214,laptop,laptop,function,2.813830614089966,0.6785836815834045,2.135246992111206
existing::leiden_fused_res_1_5::k21,7,188,input_peripheral,perangkat input komputer,function,1.8667696714401245,0.9404165148735046,0.9263531565666199
existing::leiden_fused_res_1_5::k21,8,183,washing_machine,mesin cuci,function,3.047443389892578,0.970216691493988,2.0772266387939453
existing::leiden_fused_res_1_5::k21,9,166,audio,perangkat audio,function,2.351349115371704,0.6349368095397949,1.7164123058319092
existing::leiden_fused_res_1_5::k21,10,145,display,televisi dan monitor,function,2.335493564605713,0.6596696376800537,1.6758239269256592
existing::leiden_fused_res_1_5::k21,11,133,display,televisi dan monitor,function,2.5589020252227783,0.6131805777549744,1.9457213878631592
existing::leiden_fused_res_1_5::k21,12,115,battery,baterai dan aki,function,3.376695156097412,1.2360557317733765,2.140639305114746
existing::leiden_fused_res_1_5::k21,13,112,desktop,komputer desktop,function,2.4654898643493652,1.7614612579345703,0.7040286064147949
existing::leiden_fused_res_1_5::k21,14,106,audio,perangkat audio,function,3.3344626426696777,0.5552988052368164,2.7791638374328613
existing::leiden_fused_res_1_5::k21,15,98,electronic_component,komponen elektronik,function,1.9658408164978027,0.5050868391990662,1.4607539176940918
existing::leiden_fused_res_1_5::k21,16,95,washing_machine,mesin cuci,function,2.7465808391571045,1.0374424457550049,1.7091383934020996
existing::leiden_fused_res_1_5::k21,17,88,desktop,komputer desktop,function,1.8594639301300049,1.7966750860214233,0.06278884410858154
existing::leiden_fused_res_1_5::k21,18,63,battery,baterai dan aki,function,2.7914180755615234,1.7855863571166992,1.0058317184448242
existing::leiden_fused_res_1_5::k21,19,47,battery,baterai dan aki,function,3.882070779800415,0.7348774671554565,3.147193431854248
existing::leiden_fused_res_1_5::k21,20,45,camera,kamera,function,1.629921317100525,0.5205039978027344,1.1094173192977905
existing::evidence_accumulation::k12,0,336,desktop,komputer desktop,function,0.4645066559314728,0.46303030848503113,0.0014763474464416504
existing::evidence_accumulation::k12,1,289,electronic_component,komponen elektronik,function,2.489839792251587,0.31822559237480164,2.171614170074463
existing::evidence_accumulation::k12,2,222,laptop,laptop,function,2.8018712997436523,0.7053549885749817,2.0965163707733154
existing::evidence_accumulation::k12,3,274,input_peripheral,perangkat input komputer,function,1.83799147605896,1.304513692855835,0.533477783203125
existing::evidence_accumulation::k12,4,385,display,televisi dan monitor,function,2.2749526500701904,0.9926993250846863,1.2822532653808594
existing::evidence_accumulation::k12,5,452,phone_tablet,ponsel dan tablet,function,2.26094913482666,0.5948830246925354,1.6660661697387695
existing::evidence_accumulation::k12,6,265,washing_machine,mesin cuci,function,3.0128018856048584,0.9713653922080994,2.0414364337921143
existing::evidence_accumulation::k12,7,346,audio,perangkat audio,function,2.189208507537842,0.6064924597740173,1.5827159881591797
existing::evidence_accumulation::k12,8,293,input_peripheral,perangkat input komputer,function,2.122650384902954,0.71100252866745,1.4116477966308594
existing::evidence_accumulation::k12,9,255,printer,printer dan mesin fotokopi,function,3.078477382659912,0.6469103693962097,2.4315669536590576
existing::evidence_accumulation::k12,10,231,battery,baterai dan aki,function,3.2583260536193848,0.9079678654670715,2.350358247756958
existing::evidence_accumulation::k12,11,231,cooking_appliance,peralatan memasak listrik,function,2.9551126956939697,0.6175721883773804,2.337540626525879
