key,source_class,split,true_family,fused_predicted_family,fused_rank,fused_distance_battery,fused_distance_mobile,fused_distance_pcb,fused_distance_input_peripheral,radio_predicted_family,radio_rank,radio_distance_battery,radio_distance_mobile,radio_distance_pcb,radio_distance_input_peripheral,fused_nearest_known_family_distance,fused_known_family_margin,radio_nearest_known_family_distance,radio_known_family_margin
Custom Bangladeshi E-Waste Image Dataset for Objec/test/images/IMG_20250803_215632_jpg.rf.e24ffa46f609d1debb2febc7da520dae.jpg,Battery Waste,known,battery,battery,1,0.5260201692581177,0.6657751798629761,0.840377926826477,1.036491870880127,battery,1,0.5044586658477783,0.8136214017868042,0.7717362642288208,1.0150692462921143,0.5260201692581177,0.1397550106048584,0.5044586658477783,0.2672775983810425
Custom Bangladeshi E-Waste Image Dataset for Objec/test/images/IMG_20250803_215727_jpg.rf.ed0c24ebb5a6e14c10a1c4d99dbf6530.jpg,Battery Waste,known,battery,mobile,2,0.7790796756744385,0.7698584794998169,0.8293784856796265,1.0800343751907349,mobile,3,0.8860116600990295,0.8326568007469177,0.860037088394165,1.0403631925582886,0.7698584794998169,0.009221196174621582,0.8326568007469177,0.027380287647247314
Custom Bangladeshi E-Waste Image Dataset for Objec/test/images/IMG_20250803_215738_jpg.rf.576b5312e98cc236b1ed1246493119c6.jpg,Battery Waste,known,battery,mobile,2,0.7696550488471985,0.7591619491577148,0.8669308423995972,1.053898572921753,battery,1,0.8288318514823914,0.8372029066085815,0.8524385690689087,1.0424333810806274,0.7591619491577148,0.010493099689483643,0.8288318514823914,0.008371055126190186
Custom Bangladeshi E-Waste Image Dataset for Objec/test/images/IMG_20250803_215807_jpg.rf.949f4e1a94325c40ad658940123c68d8.jpg,Battery Waste,known,battery,battery,1,0.6741735935211182,0.7361571788787842,0.8198367357254028,1.0652711391448975,battery,1,0.727485716342926,0.785800576210022,0.7710066437721252,1.0203485488891602,0.6741735935211182,0.061983585357666016,0.727485716342926,0.04352092742919922
Custom Bangladeshi E-Waste Image Dataset for Objec/test/images/IMG_20250803_215810_jpg.rf.bf03fc4486612281e874dcbde3267f8b.jpg,Battery Waste,known,battery,battery,1,0.695399284362793,0.7221455574035645,0.8639649152755737,1.065557599067688,mobile,2,0.8199751973152161,0.761128306388855,0.8794767260551453,1.022525668144226,0.695399284362793,0.026746273040771484,0.761128306388855,0.058846890926361084
Custom Bangladeshi E-Waste Image Dataset for Objec/test/images/IMG_20250803_215838_jpg.rf.bac3fad9510b7b1db2b0a13d1b39439f.jpg,Mouse,known,input_peripheral,input_peripheral,1,1.0387024879455566,1.002692699432373,1.089582085609436,0.12299656867980957,input_peripheral,1,1.0631812810897827,1.0072951316833496,1.069113850593567,0.20576804876327515,0.12299656867980957,0.8796961307525635,0.20576804876327515,0.8015270829200745
Custom Bangladeshi E-Waste Image Dataset for Objec/test/images/IMG_20250803_215849_jpg.rf.9f3b116a634ea1a286d4e6054533b8c7.jpg,Mouse,known,input_peripheral,input_peripheral,1,0.8555819392204285,0.92154860496521,0.9876212477684021,0.27053123712539673,input_peripheral,1,0.9294993877410889,0.9249083995819092,1.0130913257598877,0.36381709575653076,0.27053123712539673,0.5850507020950317,0.36381709575653076,0.5610913038253784
Custom Bangladeshi E-Waste Image Dataset for Objec/test/images/IMG_20250803_215851_jpg.rf.63c6f85a1160ed7d231558ff0a13e94d.jpg,Mouse,known,input_peripheral,input_peripheral,1,0.8410720229148865,0.9161465764045715,0.9752752780914307,0.3184899091720581,input_peripheral,1,0.9044969081878662,0.918390154838562,0.9638485908508301,0.5545130968093872,0.3184899091720581,0.5225821137428284,0.5545130968093872,0.349983811378479
Custom Bangladeshi E-Waste Image Dataset for Objec/test/images/IMG_20250803_215905_jpg.rf.9ea9ffc023daf5f2d35c1aabb1d51bb7.jpg,Mouse,known,input_peripheral,input_peripheral,1,1.0758332014083862,1.038388729095459,1.119398593902588,0.08503884077072144,input_peripheral,1,1.0410385131835938,1.029488205909729,1.1178572177886963,0.16219884157180786,0.08503884077072144,0.9533498883247375,0.16219884157180786,0.8672893643379211
Custom Bangladeshi E-Waste Image Dataset for Objec/test/images/IMG_20250803_215914_jpg.rf.8feef1eccb5913579498f857230745d0.jpg,Mouse,known,input_peripheral,input_peripheral,1,0.9894293546676636,1.006447434425354,1.0299278497695923,0.15264606475830078,input_peripheral,1,0.9909715056419373,1.0150107145309448,1.0349602699279785,0.17734062671661377,0.15264606475830078,0.8367832899093628,0.17734062671661377,0.8136308789253235
Custom Bangladeshi E-Waste Image Dataset for Objec/test/images/IMG_20250803_215922_jpg.rf.2d0d3acf3b2ae57e09ef07ea4f228f4a.jpg,Mouse,known,input_peripheral,input_peripheral,1,0.9611571431159973,0.97159743309021,1.0087695121765137,0.19520729780197144,input_peripheral,1,0.9548900723457336,0.9484584331512451,1.005946397781372,0.2703680992126465,0.19520729780197144,0.7659498453140259,0.2703680992126465,0.6780903339385986
Custom Bangladeshi E-Waste Image Dataset for Objec/test/images/IMG_20250803_220025_jpg.rf.0c5fa936f319339057069716325911b2.jpg,Mobile,known,mobile,mobile,1,0.7629584074020386,0.4043838381767273,0.8858655691146851,1.0948529243469238,mobile,1,0.822356104850769,0.43449831008911133,0.8926964998245239,1.0788085460662842,0.4043838381767273,0.3585745692253113,0.43449831008911133,0.3878577947616577
Custom Bangladeshi E-Waste Image Dataset for Objec/test/images/IMG_20250803_220034_jpg.rf.ff0c9e529ddd3dfcdb4934dc21b66ca1.jpg,Mobile,known,mobile,mobile,1,0.9514705538749695,0.13380223512649536,1.0975087881088257,1.1083253622055054,mobile,1,0.9703251123428345,0.16131293773651123,1.1238490343093872,1.1103670597076416,0.13380223512649536,0.8176683187484741,0.16131293773651123,0.8090121746063232
Custom Bangladeshi E-Waste Image Dataset for Objec/test/images/IMG_20250803_220038_jpg.rf.7649ac00470edad7f06ef522f2ffa0ae.jpg,Mobile,known,mobile,mobile,1,0.9051592946052551,0.14304190874099731,1.0759438276290894,1.1210436820983887,mobile,1,0.9825552701950073,0.13463836908340454,1.0961660146713257,1.1459089517593384,0.14304190874099731,0.7621173858642578,0.13463836908340454,0.8479169011116028
Custom Bangladeshi E-Waste Image Dataset for Objec/test/images/IMG_20250803_220045_jpg.rf.337135edaed79d430b95b610ec32c0db.jpg,Mobile,known,mobile,mobile,1,0.6999810934066772,0.558295488357544,0.9297440648078918,1.0086283683776855,mobile,1,0.7475603818893433,0.661634624004364,0.896489679813385,0.9785061478614807,0.558295488357544,0.1416856050491333,0.661634624004364,0.08592575788497925
Custom Bangladeshi E-Waste Image Dataset for Objec/test/images/IMG_20250803_220050_jpg.rf.440e59bfd126dbb87848a17d6ef10ad8.jpg,Mobile,known,mobile,mobile,1,0.6883858442306519,0.4646475315093994,0.9232456684112549,1.0313562154769897,mobile,1,0.7389357089996338,0.47699832916259766,0.9296952486038208,0.9771405458450317,0.4646475315093994,0.22373831272125244,0.47699832916259766,0.26193737983703613
Custom Bangladeshi E-Waste Image Dataset for Objec/test/images/IMG_20250803_220051_jpg.rf.39ebee3d80d991a2fd3bd1e036ae9b05.jpg,Mobile,known,mobile,mobile,1,0.6844347715377808,0.4898484945297241,0.9440348744392395,1.0341531038284302,mobile,1,0.7730628252029419,0.4770944118499756,0.9604186415672302,0.9488634467124939,0.4898484945297241,0.19458627700805664,0.4770944118499756,0.2959684133529663
Custom Bangladeshi E-Waste Image Dataset for Objec/test/images/IMG_20250803_220138_jpg.rf.c32f7dc03280433f7176d3be9f2d22a3.jpg,Mobile,known,mobile,mobile,1,0.776443362236023,0.33243322372436523,1.0205274820327759,1.0004856586456299,mobile,1,0.8460486531257629,0.3449685573577881,1.0771819353103638,1.041575312614441,0.33243322372436523,0.4440101385116577,0.3449685573577881,0.5010800957679749
Custom Bangladeshi E-Waste Image Dataset for Objec/test/images/IMG_20250803_220141_jpg.rf.addfdb758aea6542ed458ec7e715f306.jpg,Mobile,known,mobile,mobile,1,0.7724096775054932,0.28499776124954224,1.0381141901016235,1.0039007663726807,mobile,1,0.8627268075942993,0.3400757312774658,1.0809050798416138,1.0297380685806274,0.28499776124954224,0.4874119162559509,0.3400757312774658,0.5226510763168335
Custom Bangladeshi E-Waste Image Dataset for Objec/test/images/IMG_20250803_220146_jpg.rf.c669407739cff140d229870182988583.jpg,Mobile,known,mobile,mobile,1,0.83697110414505,0.2677870988845825,1.0521241426467896,1.0827065706253052,mobile,1,0.892277181148529,0.3148157000541687,1.0972328186035156,1.1083508729934692,0.2677870988845825,0.5691840052604675,0.3148157000541687,0.5774614810943604
Custom Bangladeshi E-Waste Image Dataset for Objec/test/images/IMG_20250803_220228_jpg.rf.8e94e7ce7153325b8e181e6a1d331ef0.jpg,Mobile,known,mobile,mobile,1,0.8786697387695312,0.4357685446739197,1.1029868125915527,1.0094993114471436,mobile,1,0.9762982130050659,0.545203685760498,1.1039953231811523,1.0143976211547852,0.4357685446739197,0.4429011940956116,0.545203685760498,0.43109452724456787
Custom Bangladeshi E-Waste Image Dataset for Objec/test/images/IMG_20250803_220244_jpg.rf.25e694fad0069d6b3720bcfeff342f09.jpg,Mobile,known,mobile,mobile,1,0.7514340877532959,0.357094407081604,1.076324701309204,0.9893383383750916,mobile,1,0.8755934834480286,0.3865516185760498,1.1207648515701294,0.9770399332046509,0.357094407081604,0.3943396806716919,0.3865516185760498,0.48904186487197876
Custom Bangladeshi E-Waste Image Dataset for Objec/test/images/IMG_20250803_220254_jpg.rf.11410f220a6391f2c4b55aa7acabf966.jpg,Mobile,known,mobile,mobile,1,0.934794545173645,0.4406992197036743,1.0965461730957031,1.0262794494628906,mobile,1,0.973314106464386,0.5501601099967957,1.1180500984191895,1.0188748836517334,0.4406992197036743,0.4940953254699707,0.5501601099967957,0.42315399646759033
Custom Bangladeshi E-Waste Image Dataset for Objec/test/images/IMG_20250803_220256_jpg.rf.3b9f89aa439c4e4d73ed04ed18e16668.jpg,Mobile,known,mobile,mobile,1,0.9408868551254272,0.44073450565338135,1.0893795490264893,1.026811122894287,mobile,1,0.9707480669021606,0.5417875051498413,1.1102312803268433,1.022478699684143,0.44073450565338135,0.5001523494720459,0.5417875051498413,0.42896056175231934
Custom Bangladeshi E-Waste Image Dataset for Objec/test/images/IMG_20250803_220257_jpg.rf.8553c912c825e21ed3ec17bc2f25ff9a.jpg,Mobile,known,mobile,mobile,1,0.9416386485099792,0.4458339810371399,1.0955455303192139,1.0290532112121582,mobile,1,0.9737000465393066,0.5398228168487549,1.117071270942688,1.025802493095398,0.4458339810371399,0.49580466747283936,0.5398228168487549,0.43387722969055176
Custom Bangladeshi E-Waste Image Dataset for Objec/test/images/IMG_20250803_220311_jpg.rf.72c9015fb578049a797e0d93bd65aee3.jpg,Battery Waste,known,battery,mobile,2,0.6568872928619385,0.5184072256088257,0.909457802772522,1.0409858226776123,mobile,2,0.7041612863540649,0.5875314474105835,0.8718329668045044,0.9895594120025635,0.5184072256088257,0.1384800672531128,0.5875314474105835,0.11662983894348145
Custom Bangladeshi E-Waste Image Dataset for Objec/test/images/IMG_20250803_220320_jpg.rf.10f96e152fbca7bb72a58524897b976a.jpg,Battery Waste,known,battery,battery,1,0.2910645604133606,0.6525752544403076,0.8486464023590088,1.0796674489974976,battery,1,0.2212201952934265,0.7178195714950562,0.8640080094337463,1.0419259071350098,0.2910645604133606,0.361510694026947,0.2212201952934265,0.49659937620162964
Custom Bangladeshi E-Waste Image Dataset for Objec/test/images/IMG_20250803_220323_1_jpg.rf.573457ae657057432e59564c621a62b2.jpg,Battery Waste,known,battery,battery,1,0.27805137634277344,0.6312493085861206,0.8612475395202637,1.0881578922271729,battery,1,0.18805348873138428,0.7061786651611328,0.9276350736618042,1.0440609455108643,0.27805137634277344,0.35319793224334717,0.18805348873138428,0.5181251764297485
Custom Bangladeshi E-Waste Image Dataset for Objec/test/images/IMG_20250803_220351_jpg.rf.450e818f2d954bda365821a90b9c2a70.jpg,Mobile,known,mobile,mobile,1,0.8088418245315552,0.3875889182090759,0.9723277688026428,1.0208814144134521,mobile,1,0.8869662284851074,0.43173402547836304,1.023197889328003,1.0174343585968018,0.3875889182090759,0.42125290632247925,0.43173402547836304,0.4552322030067444
Custom Bangladeshi E-Waste Image Dataset for Objec/test/images/IMG_20250803_220955_jpg.rf.8dd2b8a8a60e6a334821d9751836a964.jpg,Plastic Waste,unknown,,battery,,0.6706857681274414,0.7106671929359436,0.8935272097587585,0.946035623550415,mobile,,0.8128294944763184,0.812020480632782,0.849507212638855,0.9773573279380798,0.6706857681274414,0.0399814248085022,0.812020480632782,0.000809013843536377
Custom Bangladeshi E-Waste Image Dataset for Objec/test/images/IMG_20250803_221037_jpg.rf.29e8cf20123f9a73107df6244b555deb.jpg,Metal Waste,unknown,,mobile,,0.7610653042793274,0.6940591335296631,0.7792848348617554,1.0772444009780884,mobile,,0.8672522306442261,0.7518020868301392,0.8394762873649597,1.0112749338150024,0.6940591335296631,0.0670061707496643,0.7518020868301392,0.08767420053482056
Custom Bangladeshi E-Waste Image Dataset for Objec/test/images/IMG_20250803_221141_jpg.rf.19ba9752b8a8560d2e212dd8091ec02b.jpg,Metal Waste,unknown,,battery,,0.6520668268203735,0.8785476088523865,0.8540809154510498,1.010982632637024,pcb,,0.8910589814186096,0.8981205821037292,0.8413000702857971,1.0254765748977661,0.6520668268203735,0.20201408863067627,0.8413000702857971,0.0497589111328125
Custom Bangladeshi E-Waste Image Dataset for Objec/test/images/IMG_20250803_221142_jpg.rf.c090fa5d55df4fa3a45e14bc112603e0.jpg,Metal Waste,unknown,,battery,,0.6758129596710205,0.8673908710479736,0.85494065284729,1.0117874145507812,pcb,,0.877607524394989,0.8986823558807373,0.8469975590705872,1.0223497152328491,0.6758129596710205,0.17912769317626953,0.8469975590705872,0.030609965324401855
Custom Bangladeshi E-Waste Image Dataset for Objec/test/images/IMG_20250803_221216_jpg.rf.da2761316f8b63c36999f58d67934c89.jpg,Metal Waste,unknown,,battery,,0.6478289365768433,0.7812960147857666,0.7904004454612732,1.0570895671844482,battery,,0.7560986280441284,0.8440049886703491,0.8208602070808411,0.9982725977897644,0.6478289365768433,0.13346707820892334,0.7560986280441284,0.06476157903671265
Custom Bangladeshi E-Waste Image Dataset for Objec/test/images/IMG_20250803_221234_jpg.rf.54011c5111fbf0f2afc5aec06098d07c.jpg,Metal Waste,unknown,,battery,,0.629749059677124,0.9493045806884766,1.028580665588379,0.975210428237915,battery,,0.8096812963485718,0.9551951885223389,0.9239944219589233,1.0075887441635132,0.629749059677124,0.31955552101135254,0.8096812963485718,0.11431312561035156
Custom Bangladeshi E-Waste Image Dataset for Objec/test/images/IMG_20250803_221247_jpg.rf.158a2f86724bbf1b425a04849b56b2cb.jpg,Plastic Waste,unknown,,mobile,,0.7747009992599487,0.7582733631134033,0.9358172416687012,0.9068207740783691,mobile,,0.8927574157714844,0.8297034502029419,0.9192803502082825,0.9256153702735901,0.7582733631134033,0.01642763614654541,0.8297034502029419,0.06305396556854248
Custom Bangladeshi E-Waste Image Dataset for Objec/test/images/IMG_20250803_221258_jpg.rf.e96f5564c3f97b4c7490742c46242337.jpg,Metal Waste,unknown,,battery,,0.737505316734314,0.7916046380996704,0.9166820049285889,0.9330880641937256,mobile,,0.8734495639801025,0.8208338022232056,0.9555375576019287,0.9886614680290222,0.737505316734314,0.054099321365356445,0.8208338022232056,0.05261576175689697
Custom Bangladeshi E-Waste Image Dataset for Objec/test/images/IMG_20250803_221309_jpg.rf.8fe7f3a579dd00c5d707c33f9743f8f2.jpg,Metal Waste,unknown,,battery,,0.7476063370704651,0.7688621282577515,0.902468204498291,0.9451900124549866,mobile,,0.8868233561515808,0.8235020637512207,0.9770822525024414,0.9770649671554565,0.7476063370704651,0.021255791187286377,0.8235020637512207,0.06332129240036011
Custom Bangladeshi E-Waste Image Dataset for Objec/test/images/IMG_20250803_221334_jpg.rf.9f1107803cb1ee522fad104657e063d8.jpg,Metal Waste,unknown,,mobile,,0.7321181297302246,0.5070457458496094,0.9375985860824585,1.0255541801452637,mobile,,0.7973046898841858,0.5732678771018982,0.9328771829605103,0.9909077882766724,0.5070457458496094,0.22507238388061523,0.5732678771018982,0.2240368127822876
Custom Bangladeshi E-Waste Image Dataset for Objec/test/images/IMG_20250803_221337_jpg.rf.0dc3d6102f72fa0780d7197750898d5d.jpg,Metal Waste,unknown,,mobile,,0.7312430739402771,0.49269235134124756,0.9279483556747437,1.031650424003601,mobile,,0.8147091269493103,0.5347442030906677,0.945675253868103,0.9859911799430847,0.49269235134124756,0.23855072259902954,0.5347442030906677,0.2799649238586426
Custom Bangladeshi E-Waste Image Dataset for Objec/test/images/IMG_20250803_221346_jpg.rf.da011ab4b385dd0a91706f9a7e663513.jpg,Metal Waste,unknown,,mobile,,0.700457751750946,0.612234354019165,0.9032887816429138,1.0355689525604248,mobile,,0.7566173672676086,0.7060113549232483,0.8812711238861084,1.0134660005569458,0.612234354019165,0.088223397731781,0.7060113549232483,0.05060601234436035
Custom Bangladeshi E-Waste Image Dataset for Objec/test/images/IMG_20250803_221412_jpg.rf.8824ffd49cb179ea3fa4a32be58a8a56.jpg,Plastic Waste,unknown,,battery,,0.6507485508918762,0.9085433483123779,1.015964388847351,1.0298185348510742,battery,,0.8554111123085022,0.8936712741851807,1.0023016929626465,0.9922431707382202,0.6507485508918762,0.2577947974205017,0.8554111123085022,0.03826016187667847
Custom Bangladeshi E-Waste Image Dataset for Objec/test/images/IMG_20250803_221413_jpg.rf.7981da4922da4ef0420a42a7d1f9771c.jpg,Plastic Waste,unknown,,battery,,0.6299135684967041,0.9163802862167358,1.0227136611938477,1.0401784181594849,battery,,0.8410003781318665,0.8882861137390137,1.0035009384155273,0.9958856105804443,0.6299135684967041,0.28646671772003174,0.8410003781318665,0.04728573560714722
Custom Bangladeshi E-Waste Image Dataset for Objec/test/images/IMG_20250803_221421_jpg.rf.37ec4fbff8fe98ac23fc23adf37421e0.jpg,Plastic Waste,unknown,,battery,,0.6345363855361938,0.8930585980415344,1.011972427368164,0.9823406338691711,mobile,,0.8929352760314941,0.878585696220398,0.9838694930076599,1.0014197826385498,0.6345363855361938,0.2585222125053406,0.878585696220398,0.014349579811096191
Custom Bangladeshi E-Waste Image Dataset for Objec/test/images/IMG_20250803_221522_jpg.rf.882e1986f28dbb978fb365d869fff6e1.jpg,Glass Waste,unknown,,mobile,,0.7742754220962524,0.7464805841445923,0.9066376686096191,1.00673246383667,mobile,,0.8464875221252441,0.7994153499603271,0.8537076115608215,0.952416718006134,0.7464805841445923,0.027794837951660156,0.7994153499603271,0.04707217216491699
Custom Bangladeshi E-Waste Image Dataset for Objec/test/images/IMG_20250803_221539_jpg.rf.fdd8d01810754a6be1a9802cba87e223.jpg,Light Bulb,unknown,,battery,,0.7054684162139893,0.8556041717529297,0.949612021446228,0.9128656983375549,battery,,0.7965896129608154,0.9338759779930115,0.869911253452301,0.9090917110443115,0.7054684162139893,0.15013575553894043,0.7965896129608154,0.0733216404914856
Custom Bangladeshi E-Waste Image Dataset for Objec/test/images/IMG_20250803_221548_jpg.rf.bbe6ae2021e28b57ff8d34546aa38603.jpg,Light Bulb,unknown,,battery,,0.6063389778137207,0.8311432600021362,0.8322506546974182,1.056504249572754,battery,,0.7628313302993774,0.9429370760917664,0.8049265146255493,0.9877105355262756,0.6063389778137207,0.22480428218841553,0.7628313302993774,0.042095184326171875
Custom Bangladeshi E-Waste Image Dataset for Objec/test/images/IMG_20250803_221615_jpg.rf.b08ac1fd862f41b0aff68cc4a9a7add8.jpg,Light Bulb,unknown,,battery,,0.6103750467300415,0.87248295545578,0.8580994606018066,0.9585387706756592,battery,,0.7447998523712158,0.9017822742462158,0.8330798745155334,0.9488041996955872,0.6103750467300415,0.24772441387176514,0.7447998523712158,0.08828002214431763
Custom Bangladeshi E-Waste Image Dataset for Objec/test/images/IMG_20250805_202214_jpg.rf.9fb9113b79fd3add8062889b78e5f5d6.jpg,Metal Waste,unknown,,battery,,0.6986520290374756,0.7649444341659546,0.8063721060752869,1.0232455730438232,pcb,,0.7923941016197205,0.804174542427063,0.7663434147834778,1.0015987157821655,0.6986520290374756,0.066292405128479,0.7663434147834778,0.026050686836242676
Custom Bangladeshi E-Waste Image Dataset for Objec/test/images/IMG_20250805_203101_jpg.rf.18953f17b026f6fed9e0efdbc7b32630.jpg,Metal Waste,unknown,,battery,,0.681227445602417,0.8283125162124634,0.8060683012008667,1.028083324432373,battery,,0.8073304891586304,0.8076572418212891,0.8145314455032349,0.9996370077133179,0.681227445602417,0.12484085559844971,0.8073304891586304,0.0003267526626586914
Custom Bangladeshi E-Waste Image Dataset for Objec/test/images/IMG_20250805_203123_jpg.rf.2a3b9e36ad6e59e9f7bf2783c2a30559.jpg,Metal Waste,unknown,,battery,,0.7102125287055969,0.7674521207809448,0.7540843486785889,1.0490189790725708,mobile,,0.8012388944625854,0.7910616397857666,0.8601491451263428,0.9774960875511169,0.7102125287055969,0.04387181997299194,0.7910616397857666,0.010177254676818848
Custom Bangladeshi E-Waste Image Dataset for Objec/test/images/IMG_20250805_203125_jpg.rf.759bdafaf6951e846d732bb6cf22ba50.jpg,Metal Waste,unknown,,mobile,,0.7376960515975952,0.7279868721961975,0.7856645584106445,1.0265806913375854,mobile,,0.8881542086601257,0.7828815579414368,0.8218979835510254,0.9639235138893127,0.7279868721961975,0.009709179401397705,0.7828815579414368,0.03901642560958862
Custom Bangladeshi E-Waste Image Dataset for Objec/test/images/IMG_20250805_203146_jpg.rf.e25134ccf361d70976ae6a77ebd96682.jpg,Metal Waste,unknown,,battery,,0.7435986995697021,0.8061348795890808,0.8254232406616211,1.0828535556793213,pcb,,0.8567598462104797,0.8557032346725464,0.8472743630409241,1.049451231956482,0.7435986995697021,0.06253618001937866,0.8472743630409241,0.008428871631622314
Custom Bangladeshi E-Waste Image Dataset for Objec/test/images/IMG_20250805_203147_jpg.rf.28029b7f4ef5f35504d750c524f501fd.jpg,Metal Waste,unknown,,battery,,0.7697153687477112,0.7756583094596863,0.8199514746665955,1.0787978172302246,mobile,,0.8910017013549805,0.8426114320755005,0.8466000556945801,1.0420536994934082,0.7697153687477112,0.005942940711975098,0.8426114320755005,0.00398862361907959
Custom Bangladeshi E-Waste Image Dataset for Objec/test/images/IMG_20250805_203323_jpg.rf.a182df57cbdc73a0a473a3e488e1725f.jpg,Mobile,known,mobile,pcb,3,0.7865636348724365,0.8260262608528137,0.7313232421875,1.151387095451355,pcb,2,0.8659022450447083,0.8053310513496399,0.77325439453125,1.1109631061553955,0.7313232421875,0.05524039268493652,0.77325439453125,0.03207665681838989
Custom Bangladeshi E-Waste Image Dataset for Objec/test/images/IMG_20250805_203327_1_jpg.rf.fa4eadf62370e6bdea8c64d3f20085bf.jpg,Mobile,known,mobile,pcb,3,0.8058063983917236,0.8226287364959717,0.7086005806922913,1.1592624187469482,pcb,3,0.8643604516983032,0.8857945799827576,0.7549530267715454,1.0731782913208008,0.7086005806922913,0.09720581769943237,0.7549530267715454,0.10940742492675781
Custom Bangladeshi E-Waste Image Dataset for Objec/test/images/IMG_20250805_203331_jpg.rf.057cab3983811f47856a15c6f0a2449f.jpg,Mobile,known,mobile,pcb,2,0.8640812635421753,0.7544747591018677,0.7271333932876587,1.2219369411468506,mobile,1,0.9137592315673828,0.7294472455978394,0.8020913004875183,1.1422815322875977,0.7271333932876587,0.027341365814208984,0.7294472455978394,0.07264405488967896
Custom Bangladeshi E-Waste Image Dataset for Objec/test/images/IMG_20250805_203332_jpg.rf.d41ae9b5b36b9d521c1ca424ad79c0e8.jpg,Mobile,known,mobile,pcb,2,0.86916184425354,0.759806752204895,0.7254877090454102,1.2122070789337158,mobile,1,0.8912131786346436,0.734637439250946,0.7914988398551941,1.1399399042129517,0.7254877090454102,0.03431904315948486,0.734637439250946,0.05686140060424805
Custom Bangladeshi E-Waste Image Dataset for Objec/test/images/IMG_20250805_203336_jpg.rf.ab9901e1027c275718c876cd3fd594e8.jpg,Mobile,known,mobile,mobile,1,0.8388766050338745,0.7148361206054688,0.7268236875534058,1.1879734992980957,mobile,1,0.869710385799408,0.6571364402770996,0.8271162509918213,1.1096570491790771,0.7148361206054688,0.011987566947937012,0.6571364402770996,0.16997981071472168
Custom Bangladeshi E-Waste Image Dataset for Objec/test/images/IMG_20250805_203338_1_jpg.rf.bf2025683e05750526dc29fc829b8ac5.jpg,Mobile,known,mobile,pcb,2,0.8126980662345886,0.7658571600914001,0.7090579271316528,1.1829761266708374,mobile,1,0.8716340661048889,0.7391799092292786,0.8007016181945801,1.1133620738983154,0.7090579271316528,0.056799232959747314,0.7391799092292786,0.061521708965301514
Custom Bangladeshi E-Waste Image Dataset for Objec/test/images/IMG_20250805_203629_jpg.rf.d89fd0de6e89404602d2a25bdad904e4.jpg,PCB,known,pcb,pcb,1,0.7668154835700989,0.9561751484870911,0.5732860565185547,1.1325421333312988,pcb,1,0.9133300185203552,0.9374991059303284,0.7704663872718811,1.0285913944244385,0.5732860565185547,0.1935294270515442,0.7704663872718811,0.14286363124847412
Custom Bangladeshi E-Waste Image Dataset for Objec/test/images/IMG_20250805_203635_jpg.rf.4b7ff9b6be85b3adf4c377982527e6c0.jpg,PCB,known,pcb,pcb,1,0.7754311561584473,0.9581480026245117,0.609495222568512,1.1352207660675049,pcb,1,0.871267557144165,0.9381594657897949,0.7337068915367126,1.068688988685608,0.609495222568512,0.1659359335899353,0.7337068915367126,0.1375606656074524
Custom Bangladeshi E-Waste Image Dataset for Objec/test/images/IMG_20250805_203659_jpg.rf.edbe8e689ffc0dc1021c447051c64419.jpg,PCB,known,pcb,pcb,1,0.7278720736503601,0.8694747686386108,0.557992160320282,0.9694821238517761,pcb,1,0.8025322556495667,0.9398197531700134,0.3904087543487549,0.9721949100494385,0.557992160320282,0.16987991333007812,0.3904087543487549,0.41212350130081177
Custom Bangladeshi E-Waste Image Dataset for Objec/test/images/IMG_20250805_203700_jpg.rf.15590bc0a0da9b4cf5f44df567594169.jpg,PCB,known,pcb,pcb,1,0.7075690627098083,0.8922298550605774,0.5144025087356567,0.9803219437599182,pcb,1,0.7869767546653748,0.9581494927406311,0.3766191005706787,0.9644525051116943,0.5144025087356567,0.1931665539741516,0.3766191005706787,0.41035765409469604
Custom Bangladeshi E-Waste Image Dataset for Objec/test/images/IMG_20250805_203720_jpg.rf.15922a548d7874a6ff4d0b741a3eca9c.jpg,Plastic Waste,unknown,,battery,,0.6311228275299072,0.6668144464492798,0.8355649709701538,0.9010576605796814,mobile,,0.702090859413147,0.680884599685669,0.9334331154823303,1.004300594329834,0.6311228275299072,0.03569161891937256,0.680884599685669,0.021206259727478027
Custom Bangladeshi E-Waste Image Dataset for Objec/test/images/IMG_20250805_203721_jpg.rf.1ac5083435db1cc9be594e05cc7a6be1.jpg,Plastic Waste,unknown,,battery,,0.6051294803619385,0.6366651058197021,0.8371796607971191,0.9792138338088989,mobile,,0.7065235376358032,0.6866028904914856,0.9199566841125488,1.0128809213638306,0.6051294803619385,0.03153562545776367,0.6866028904914856,0.019920647144317627
Custom Bangladeshi E-Waste Image Dataset for Objec/test/images/IMG_20250805_203805_jpg.rf.ecf4905797f5b1dbc5887402d335664a.jpg,Mobile,known,mobile,mobile,1,0.9258124232292175,0.48978108167648315,1.119216799736023,1.0002902746200562,mobile,1,1.01198148727417,0.5822285413742065,1.1001288890838623,0.986190676689148,0.48978108167648315,0.4360313415527344,0.5822285413742065,0.4039621353149414
Custom Bangladeshi E-Waste Image Dataset for Objec/test/images/IMG_20250805_203845_jpg.rf.8c15db31b863733a22036fd715b6cc3a.jpg,Mobile,known,mobile,mobile,1,0.8947219848632812,0.4535541534423828,1.0712502002716064,0.9824079871177673,mobile,1,0.9380224347114563,0.5717272758483887,1.090451955795288,0.9801077842712402,0.4535541534423828,0.44116783142089844,0.5717272758483887,0.3662951588630676
Custom Bangladeshi E-Waste Image Dataset for Objec/test/images/IMG_20250805_203855_jpg.rf.b93267bbbb8a18ecabe79a8491630cce.jpg,Mobile,known,mobile,mobile,1,0.675350546836853,0.5286245942115784,0.9870895147323608,0.9492771029472351,mobile,1,0.7272310256958008,0.7070536017417908,0.9636022448539734,0.8531814813613892,0.5286245942115784,0.14672595262527466,0.7070536017417908,0.02017742395401001
Custom Bangladeshi E-Waste Image Dataset for Objec/test/images/IMG_20250805_203918_jpg.rf.0320c79bd3505204e3c7b6d35a1d716a.jpg,Mobile,known,mobile,mobile,1,0.8784623146057129,0.4617537260055542,1.0835539102554321,1.0045461654663086,mobile,1,0.9435669183731079,0.5804882049560547,1.0840704441070557,1.019201397895813,0.4617537260055542,0.4167085886001587,0.5804882049560547,0.3630787134170532
Custom Bangladeshi E-Waste Image Dataset for Objec/test/images/IMG_20250805_203950_jpg.rf.e20c8cf0ae6b59ee38b2a9c2dadbe0eb.jpg,Mobile,known,mobile,mobile,1,0.9435125589370728,0.49610888957977295,1.0130940675735474,1.1215115785598755,mobile,1,0.9593065977096558,0.5175288915634155,1.0310091972351074,1.1257940530776978,0.49610888957977295,0.4474036693572998,0.5175288915634155,0.44177770614624023
Custom Bangladeshi E-Waste Image Dataset for Objec/test/images/IMG_20250805_204014_jpg.rf.edd767591a6a2c56b9c099869b6c2b9e.jpg,Paper Waste,unknown,,battery,,0.5462809801101685,0.8485005497932434,0.8795868754386902,1.0852855443954468,battery,,0.6969842314720154,0.8925813436508179,0.9015898704528809,1.019120454788208,0.5462809801101685,0.30221956968307495,0.6969842314720154,0.1955971121788025
Custom Bangladeshi E-Waste Image Dataset for Objec/test/images/IMG_20250805_204021_jpg.rf.c38944bc37d953025211694e6fd1ecc8.jpg,Paper Waste,unknown,,battery,,0.5595613121986389,0.7446401119232178,0.8903895616531372,1.0400606393814087,battery,,0.6476631164550781,0.8720722198486328,0.9102456569671631,0.9969211220741272,0.5595613121986389,0.18507879972457886,0.6476631164550781,0.2244091033935547
Custom Bangladeshi E-Waste Image Dataset for Objec/test/images/IMG_20250805_204033_jpg.rf.03f7bbc7c8e1d021ef9e8aad4f0ef1c8.jpg,Paper Waste,unknown,,battery,,0.5197887420654297,0.7466626763343811,0.9664056897163391,1.0171360969543457,battery,,0.699032187461853,0.7980731129646301,0.9236912727355957,1.0035866498947144,0.5197887420654297,0.22687393426895142,0.699032187461853,0.0990409255027771
Custom Bangladeshi E-Waste Image Dataset for Objec/test/images/IMG_20250805_204035_jpg.rf.e1c07dca1c4c1fbee2f331681dfa44d3.jpg,Paper Waste,unknown,,battery,,0.5457173585891724,0.7348517179489136,0.9705784916877747,1.0126397609710693,battery,,0.7165297269821167,0.7715844511985779,0.952996551990509,0.9981260299682617,0.5457173585891724,0.1891343593597412,0.7165297269821167,0.05505472421646118
Custom Bangladeshi E-Waste Image Dataset for Objec/test/images/IMG_20250805_204046_jpg.rf.4c59551bf5a9f94a5156a878395f458e.jpg,Paper Waste,unknown,,battery,,0.5510698556900024,0.5863474011421204,0.9251059889793396,1.0299482345581055,mobile,,0.666903018951416,0.606214165687561,0.9839767813682556,0.9871073961257935,0.5510698556900024,0.03527754545211792,0.606214165687561,0.06068885326385498
Custom Bangladeshi E-Waste Image Dataset for Objec/test/images/IMG_20250805_204100_jpg.rf.4631aee0211112328a507c9dd38f8020.jpg,Plastic Waste,unknown,,battery,,0.630345344543457,0.7974785566329956,1.042502999305725,0.9932299256324768,battery,,0.8150244951248169,0.8413869142532349,1.0110056400299072,0.9096102714538574,0.630345344543457,0.16713321208953857,0.8150244951248169,0.02636241912841797
Custom Bangladeshi E-Waste Image Dataset for Objec/test/images/IMG_20250805_204101_jpg.rf.d9cb7a9fb4bd9ff815ed45b7b230fc48.jpg,Plastic Waste,unknown,,battery,,0.6421487331390381,0.7974014282226562,1.0389982461929321,0.9905633330345154,battery,,0.7908172607421875,0.8164435029029846,0.9975427985191345,0.9011253118515015,0.6421487331390381,0.15525269508361816,0.7908172607421875,0.02562624216079712
Custom Bangladeshi E-Waste Image Dataset for Objec/test/images/IMG_20250805_204108_jpg.rf.4af4a9e325ac0c7ff3eca39a2b7d88ea.jpg,Plastic Waste,unknown,,battery,,0.5960075259208679,0.7949413061141968,1.034887671470642,1.0147384405136108,battery,,0.7343697547912598,0.8360009789466858,1.0103193521499634,0.9270836710929871,0.5960075259208679,0.19893378019332886,0.7343697547912598,0.10163122415542603
Custom Bangladeshi E-Waste Image Dataset for Objec/test/images/IMG_20250805_204109_jpg.rf.9b1f4f99a34836ac7b97b0235cbe7e74.jpg,Plastic Waste,unknown,,battery,,0.5746898651123047,0.7917040586471558,1.0451945066452026,1.0198206901550293,battery,,0.7127033472061157,0.8393235206604004,0.9990962147712708,0.949972927570343,0.5746898651123047,0.21701419353485107,0.7127033472061157,0.12662017345428467
Custom Bangladeshi E-Waste Image Dataset for Objec/test/images/IMG_20250805_204126_1_jpg.rf.9a9df0bec9c45b42c64cddc67af2c9c8.jpg,Plastic Waste,unknown,,battery,,0.6979976892471313,0.805804967880249,0.9950372576713562,0.9800880551338196,battery,,0.8108974099159241,0.8360558152198792,0.9946426153182983,0.9089179635047913,0.6979976892471313,0.10780727863311768,0.8108974099159241,0.025158405303955078
Custom Bangladeshi E-Waste Image Dataset for Objec/test/images/IMG_20250805_204128_jpg.rf.5b8f7b79ed1140bc2cf21ff49fc3827a.jpg,Plastic Waste,unknown,,battery,,0.6900008916854858,0.799549400806427,0.992161214351654,0.997137188911438,battery,,0.7919735312461853,0.8262783288955688,0.9793475270271301,0.9155258536338806,0.6900008916854858,0.10954850912094116,0.7919735312461853,0.034304797649383545
Custom Bangladeshi E-Waste Image Dataset for Objec/test/images/IMG_20250805_204136_jpg.rf.27a6ab940a35b768e293348d61b95943.jpg,Plastic Waste,unknown,,battery,,0.5917713642120361,0.8167188763618469,0.9909215569496155,1.0402584075927734,battery,,0.740471601486206,0.8357717990875244,0.9792443513870239,0.9723941683769226,0.5917713642120361,0.2249475121498108,0.740471601486206,0.09530019760131836
Custom Bangladeshi E-Waste Image Dataset for Objec/test/images/IMG_20250805_204149_jpg.rf.d9150efe0f0785192433135bff1383fe.jpg,Metal Waste,unknown,,battery,,0.5317004919052124,0.8919185400009155,1.0698479413986206,0.9912657737731934,battery,,0.6756581664085388,0.9081820249557495,1.0240155458450317,0.9892898797988892,0.5317004919052124,0.3602180480957031,0.6756581664085388,0.2325238585472107
Custom Bangladeshi E-Waste Image Dataset for Objec/test/images/IMG_20250805_204152_jpg.rf.fa53a95341fd37acb3055a8e3bf55cce.jpg,Metal Waste,unknown,,battery,,0.5302911996841431,0.9026201367378235,1.075624704360962,1.0039994716644287,battery,,0.6762036085128784,0.9184054732322693,1.0183470249176025,0.9921848773956299,0.5302911996841431,0.3723289370536804,0.6762036085128784,0.24220186471939087
Custom Bangladeshi E-Waste Image Dataset for Objec/test/images/IMG_20250805_204159_jpg.rf.3a3977e2de172ee9817181eec1970c57.jpg,Metal Waste,unknown,,battery,,0.46373385190963745,0.7884335517883301,0.9948878288269043,1.0092406272888184,battery,,0.6448983550071716,0.8880638480186462,0.9502728581428528,0.9905989170074463,0.46373385190963745,0.3246996998786926,0.6448983550071716,0.2431654930114746
Custom Bangladeshi E-Waste Image Dataset for Objec/test/images/IMG_20250805_204217_jpg.rf.d5a2052c6fad4aa5e068a72359f25ce1.jpg,Plastic Waste,unknown,,battery,,0.7292443513870239,0.7381765842437744,1.0435577630996704,1.001970887184143,mobile,,0.8583508729934692,0.7759394645690918,1.0171958208084106,0.9672070145606995,0.7292443513870239,0.008932232856750488,0.7759394645690918,0.08241140842437744
Custom Bangladeshi E-Waste Image Dataset for Objec/test/images/IMG_20250805_204228_jpg.rf.d40317ca03e80a73dc8fbf09e93e412e.jpg,Metal Waste,unknown,,battery,,0.6089752912521362,0.903536319732666,1.044212818145752,1.0077427625656128,battery,,0.751548707485199,0.8480269312858582,0.9946783781051636,1.0142568349838257,0.6089752912521362,0.2945610284805298,0.751548707485199,0.09647822380065918
Custom Bangladeshi E-Waste Image Dataset for Objec/test/images/IMG_20250805_204256_jpg.rf.eceee9ee5641dac437de26021e9df9f3.jpg,Metal Waste,unknown,,battery,,0.5836267471313477,0.9330551624298096,1.0218254327774048,1.0006070137023926,battery,,0.7125527858734131,0.8849879503250122,0.9592575430870056,1.0253124237060547,0.5836267471313477,0.3494284152984619,0.7125527858734131,0.17243516445159912
Custom Bangladeshi E-Waste Image Dataset for Objec/test/images/IMG_20250805_204303_jpg.rf.d7335968b18df9fd243e8e9933106032.jpg,Plastic Waste,unknown,,battery,,0.6799405813217163,0.8361283540725708,0.9479789733886719,0.9410314559936523,battery,,0.8210976719856262,0.9354872107505798,0.9047468304634094,0.9589299559593201,0.6799405813217163,0.1561877727508545,0.8210976719856262,0.0836491584777832
Custom Bangladeshi E-Waste Image Dataset for Objec/test/images/IMG_20250805_204304_jpg.rf.9f16e61c7a17c1cde693aa45c441de9c.jpg,Plastic Waste,unknown,,battery,,0.6770483255386353,0.8261372447013855,0.9523537158966064,0.9366602897644043,battery,,0.8202766180038452,0.9201512336730957,0.9067102670669556,0.9604999423027039,0.6770483255386353,0.14908891916275024,0.8202766180038452,0.08643364906311035
Custom Bangladeshi E-Waste Image Dataset for Objec/test/images/IMG_20250805_204326_jpg.rf.7acbf569db05376e7af14adaab127472.jpg,Paper Waste,unknown,,battery,,0.5764449834823608,0.844858705997467,0.8187142610549927,1.056215763092041,battery,,0.8449802994728088,0.8461430668830872,0.8531439304351807,1.0115383863449097,0.5764449834823608,0.24226927757263184,0.8449802994728088,0.0011627674102783203
Custom Bangladeshi E-Waste Image Dataset for Objec/test/images/IMG_20250805_204327_jpg.rf.564f75213574d478e7fd1a3c12b6b530.jpg,Paper Waste,unknown,,battery,,0.5921810865402222,0.8470891118049622,0.8420948386192322,1.0678762197494507,battery,,0.8230271339416504,0.8355281352996826,0.8634014129638672,1.0277072191238403,0.5921810865402222,0.24991375207901,0.8230271339416504,0.012501001358032227
Custom Bangladeshi E-Waste Image Dataset for Objec/test/images/IMG_20250805_204339_1_jpg.rf.6c0f05b8051712e23c28275b9cdd8046.jpg,Paper Waste,unknown,,battery,,0.6878339052200317,0.7841744422912598,0.9575077891349792,1.0277650356292725,battery,,0.8189241290092468,0.8294932842254639,0.9381959438323975,1.0011725425720215,0.6878339052200317,0.09634053707122803,0.8189241290092468,0.010569155216217041
Custom Bangladeshi E-Waste Image Dataset for Objec/test/images/IMG_20250805_204339_jpg.rf.0dacc9298b13308bd49facfcd9584223.jpg,Paper Waste,unknown,,battery,,0.6974766254425049,0.762988269329071,0.9576573371887207,1.0367590188980103,battery,,0.806260347366333,0.8368784189224243,0.9162219166755676,1.0108211040496826,0.6974766254425049,0.06551164388656616,0.806260347366333,0.03061807155609131
Custom Bangladeshi E-Waste Image Dataset for Objec/test/images/IMG_20250805_204354_jpg.rf.e503f6722d74c568f72428559a365af8.jpg,Paper Waste,unknown,,battery,,0.535118818283081,0.8358994722366333,0.926703155040741,1.0679941177368164,battery,,0.6994527578353882,0.8446376919746399,0.9537675380706787,1.0360760688781738,0.535118818283081,0.30078065395355225,0.6994527578353882,0.1451849341392517
Custom Bangladeshi E-Waste Image Dataset for Objec/test/images/IMG_20250805_204358_jpg.rf.474987c75f548ea736b4c084caf52222.jpg,Paper Waste,unknown,,battery,,0.5400905609130859,0.8247741460800171,0.9205690622329712,1.0853073596954346,battery,,0.7194072604179382,0.8322417140007019,0.9525014162063599,1.040609359741211,0.5400905609130859,0.28468358516693115,0.7194072604179382,0.11283445358276367
Custom Bangladeshi E-Waste Image Dataset for Objec/test/images/IMG_20250805_204426_jpg.rf.98ab16e044e1f43660b180d6b5f65c90.jpg,Plastic Waste,unknown,,battery,,0.3568881154060364,0.688157320022583,0.877943217754364,1.008340835571289,battery,,0.2280806303024292,0.8336799740791321,0.9118779897689819,1.0240328311920166,0.3568881154060364,0.33126920461654663,0.2280806303024292,0.6055993437767029
Custom Bangladeshi E-Waste Image Dataset for Objec/test/images/IMG_20250805_204509_jpg.rf.8d4d8d7aecbaad03b2d5e3cea5250aa8.jpg,Plastic Waste,unknown,,battery,,0.6953998804092407,0.6987859010696411,0.9556214213371277,1.0176138877868652,mobile,,0.8111860156059265,0.7329725027084351,0.9858819246292114,0.9152150750160217,0.6953998804092407,0.0033860206604003906,0.7329725027084351,0.07821351289749146
Custom Bangladeshi E-Waste Image Dataset for Objec/test/images/IMG_20250805_204531_jpg.rf.3c74d598795cf488074d6f536599252a.jpg,Metal Waste,unknown,,battery,,0.6308223009109497,0.7825326323509216,1.0787347555160522,0.9692092537879944,battery,,0.7339385747909546,0.8225588202476501,1.0028363466262817,0.9641222357749939,0.6308223009109497,0.15171033143997192,0.7339385747909546,0.08862024545669556
Custom Bangladeshi E-Waste Image Dataset for Objec/test/images/IMG_20250805_204535_jpg.rf.c5afedd771afb16dfb161aa9e47529cc.jpg,Metal Waste,unknown,,battery,,0.6260378360748291,0.7725613713264465,1.0789119005203247,0.9777182340621948,battery,,0.7580714821815491,0.8198642730712891,1.0295733213424683,0.9449104070663452,0.6260378360748291,0.14652353525161743,0.7580714821815491,0.06179279088973999
Custom Bangladeshi E-Waste Image Dataset for Objec/test/images/IMG_20250805_204540_jpg.rf.96c54b47152eb892aee273ada85f2732.jpg,Metal Waste,unknown,,battery,,0.5862086415290833,0.8470077514648438,0.9919601082801819,1.0292543172836304,battery,,0.7265681028366089,0.8746412992477417,0.9786927700042725,0.958810031414032,0.5862086415290833,0.2607991099357605,0.7265681028366089,0.1480731964111328
Custom Bangladeshi E-Waste Image Dataset for Objec/test/images/IMG_20250805_204617_jpg.rf.6bb21b42c794bd4cb885ac3a9aae5e46.jpg,Glass Waste,unknown,,battery,,0.7550342082977295,0.7996617555618286,0.9455814957618713,0.9298021793365479,mobile,,0.9034708738327026,0.8658003211021423,0.9143685102462769,0.9438479542732239,0.7550342082977295,0.04462754726409912,0.8658003211021423,0.0376705527305603
Custom Bangladeshi E-Waste Image Dataset for Objec/test/images/IMG_20250805_204618_jpg.rf.16ccf63a195520f6ec112fd61ab536e3.jpg,Glass Waste,unknown,,battery,,0.7576898336410522,0.8013786673545837,0.9555134177207947,0.9191861748695374,mobile,,0.8973288536071777,0.8749456405639648,0.9181263446807861,0.9421619772911072,0.7576898336410522,0.043688833713531494,0.8749456405639648,0.02238321304321289
Custom Bangladeshi E-Waste Image Dataset for Objec/test/images/IMG_20250805_204716_jpg.rf.b14036a7926b739da24817281336a96d.jpg,Plastic Waste,unknown,,battery,,0.6609698534011841,0.8304808139801025,1.0429224967956543,0.9505922794342041,battery,,0.8675491809844971,0.8974369764328003,1.072540283203125,0.914132297039032,0.6609698534011841,0.16951096057891846,0.8675491809844971,0.029887795448303223
Custom Bangladeshi E-Waste Image Dataset for Objec/test/images/IMG_20250805_204730_jpg.rf.9dfb47cc879ce8b82787ef089c3ad647.jpg,Plastic Waste,unknown,,battery,,0.6372324228286743,0.9208707213401794,1.0970574617385864,0.9585322141647339,battery,,0.87248694896698,0.9198200702667236,1.1041356325149536,0.9338275194168091,0.6372324228286743,0.2836382985115051,0.87248694896698,0.04733312129974365
Custom Bangladeshi E-Waste Image Dataset for Objec/test/images/IMG_20250805_204821_jpg.rf.d2ee210c12dcceb83f4fbcd79606d08f.jpg,Organic Waste,unknown,,mobile,,0.8566837310791016,0.7765786647796631,0.8218709230422974,1.0483821630477905,mobile,,0.9572807550430298,0.7929350733757019,0.9039844870567322,0.9812490940093994,0.7765786647796631,0.04529225826263428,0.7929350733757019,0.11104941368103027
Custom Bangladeshi E-Waste Image Dataset for Objec/test/images/IMG_20250805_204901_jpg.rf.9d14ef5f5e3cd04fa8c617a912987052.jpg,Mouse,known,input_peripheral,input_peripheral,1,0.7423555850982666,0.7774114608764648,0.9488494992256165,0.4994758367538452,input_peripheral,1,0.8906593918800354,0.8392617702484131,0.9860165119171143,0.5809142589569092,0.4994758367538452,0.2428797483444214,0.5809142589569092,0.2583475112915039
Custom Bangladeshi E-Waste Image Dataset for Objec/test/images/IMG_20250805_205005_jpg.rf.47184ca24eb2e8551945b6ec4b5898ce.jpg,Plastic Waste,unknown,,battery,,0.7889149188995361,0.8958835601806641,0.8365305066108704,1.0838367938995361,mobile,,0.9326784610748291,0.8769899606704712,0.886996865272522,1.0656834840774536,0.7889149188995361,0.04761558771133423,0.8769899606704712,0.010006904602050781
Custom Bangladeshi E-Waste Image Dataset for Objec/test/images/IMG_20250805_205008_jpg.rf.a4c86fb79e5cdc6a0bf0e8d4691a2628.jpg,Plastic Waste,unknown,,battery,,0.7906180024147034,0.9109832644462585,0.8237650990486145,1.109951138496399,mobile,,0.9181169271469116,0.8921214938163757,0.8987035155296326,1.087511420249939,0.7906180024147034,0.03314709663391113,0.8921214938163757,0.006582021713256836
Custom Bangladeshi E-Waste Image Dataset for Objec/test/images/IMG_20250805_205023_jpg.rf.ca9a6515e2b28cc0bf600793ec912a51.jpg,Plastic Waste,unknown,,pcb,,0.7456529140472412,0.9801104068756104,0.7073822617530823,1.1198804378509521,pcb,,0.875568687915802,0.9108394384384155,0.8105744123458862,1.0909135341644287,0.7073822617530823,0.038270652294158936,0.8105744123458862,0.06499427556991577
Custom Bangladeshi E-Waste Image Dataset for Objec/test/images/IMG_20250805_205026_jpg.rf.2b4336e312c5c015dec782fa65d0d53a.jpg,Plastic Waste,unknown,,battery,,0.7191340923309326,0.9497790932655334,0.7194173336029053,1.1285998821258545,pcb,,0.8698373436927795,0.9029855132102966,0.7965864539146423,1.096990704536438,0.7191340923309326,0.00028324127197265625,0.7965864539146423,0.07325088977813721
Custom Bangladeshi E-Waste Image Dataset for Objec/test/images/IMG_20250805_205034_jpg.rf.3be0c6a2ac393d9750609f621047f9c5.jpg,Plastic Waste,unknown,,pcb,,0.8060803413391113,0.9958161115646362,0.7264012098312378,1.1534160375595093,pcb,,0.9195228219032288,1.0048232078552246,0.7984851002693176,1.1193493604660034,0.7264012098312378,0.07967913150787354,0.7984851002693176,0.12103772163391113
Custom Bangladeshi E-Waste Image Dataset for Objec/test/images/IMG_20250805_205037_jpg.rf.1c1059c0c28cf1605f3d3df1a724ba2e.jpg,Plastic Waste,unknown,,pcb,,0.7824549078941345,0.9764140844345093,0.7548826336860657,1.1199002265930176,pcb,,0.9150094389915466,0.9603303670883179,0.8395075798034668,1.0804392099380493,0.7548826336860657,0.027572274208068848,0.8395075798034668,0.07550185918807983
Custom Bangladeshi E-Waste Image Dataset for Objec/test/images/IMG_20250805_205053_jpg.rf.4a5a176714e4c428774a32fbd7e0f915.jpg,Battery Waste,known,battery,battery,1,0.7246958017349243,0.9208117723464966,0.7330117225646973,1.160298228263855,pcb,2,0.8274598717689514,0.9105263352394104,0.7858419418334961,1.1012861728668213,0.7246958017349243,0.00831592082977295,0.7858419418334961,0.04161792993545532
Custom Bangladeshi E-Waste Image Dataset for Objec/test/images/IMG_20250805_205103_jpg.rf.98fd26f06009a55e2ebc9d5ef8f07b79.jpg,Plastic Waste,unknown,,pcb,,0.73145592212677,0.9876701235771179,0.7124087810516357,1.1538808345794678,pcb,,0.877393364906311,0.9306344985961914,0.8082137107849121,1.0948946475982666,0.7124087810516357,0.019047141075134277,0.8082137107849121,0.06917965412139893
Custom Bangladeshi E-Waste Image Dataset for Objec/test/images/IMG_20250805_205105_jpg.rf.64baa5f50ef7acfeb065e54695ae2760.jpg,Metal Waste,unknown,,pcb,,0.7571262121200562,0.9982630014419556,0.696028470993042,1.1530706882476807,pcb,,0.8850160837173462,0.9506965279579163,0.8093630075454712,1.0929358005523682,0.696028470993042,0.06109774112701416,0.8093630075454712,0.075653076171875
Custom Bangladeshi E-Waste Image Dataset for Objec/test/images/IMG_20250805_205124_1_jpg.rf.648255e5416d096ea002d22b3db3a443.jpg,Plastic Waste,unknown,,battery,,0.7221074104309082,0.8351824283599854,0.9173042178153992,1.0159902572631836,mobile,,0.8940229415893555,0.8237906694412231,0.945045530796051,1.0277742147445679,0.7221074104309082,0.11307501792907715,0.8237906694412231,0.07023227214813232
Custom Bangladeshi E-Waste Image Dataset for Objec/test/images/IMG_20250805_205130_1_jpg.rf.d310add3682b1d0a4906410c40409da1.jpg,Plastic Waste,unknown,,battery,,0.7255089282989502,0.8051211833953857,0.932101845741272,1.0107883214950562,mobile,,0.8902298212051392,0.8189883232116699,0.9683031439781189,0.9954584836959839,0.7255089282989502,0.07961225509643555,0.8189883232116699,0.07124149799346924
Custom Bangladeshi E-Waste Image Dataset for Objec/test/images/IMG_20250805_205130_jpg.rf.37660d23e50404fec5f8306b8a719641.jpg,Plastic Waste,unknown,,battery,,0.743461012840271,0.8028360605239868,0.9290076494216919,1.0062707662582397,mobile,,0.9062380194664001,0.806337833404541,0.9836555123329163,0.9758166670799255,0.743461012840271,0.05937504768371582,0.806337833404541,0.09990018606185913
Custom Bangladeshi E-Waste Image Dataset for Objec/test/images/IMG_20250805_205143_1_jpg.rf.5f1533b2db7a5c31f1e230442d0af1cb.jpg,Plastic Waste,unknown,,battery,,0.693665623664856,0.7766765356063843,0.8313060402870178,1.0348631143569946,battery,,0.6822864413261414,0.8183257579803467,0.8113954067230225,1.0510683059692383,0.693665623664856,0.08301091194152832,0.6822864413261414,0.1291089653968811
Custom Bangladeshi E-Waste Image Dataset for Objec/test/images/IMG_20250805_205145_jpg.rf.3a64c9d810b401a6f722eeec456863f7.jpg,Plastic Waste,unknown,,battery,,0.7228105068206787,0.8115100264549255,0.8345799446105957,1.028383731842041,battery,,0.7798922061920166,0.8443859815597534,0.8921914100646973,1.0444217920303345,0.7228105068206787,0.08869951963424683,0.7798922061920166,0.06449377536773682
Custom Bangladeshi E-Waste Image Dataset for Objec/test/images/IMG_20250805_205149_jpg.rf.60f4d447cf659ecb9b07be308fa9b0fa.jpg,Plastic Waste,unknown,,battery,,0.6557586193084717,0.8192951679229736,0.8600159883499146,1.0650136470794678,battery,,0.7579699754714966,0.8335227966308594,0.958098292350769,1.0194541215896606,0.6557586193084717,0.16353654861450195,0.7579699754714966,0.07555282115936279
Custom Bangladeshi E-Waste Image Dataset for Objec/test/images/IMG_20250805_205150_jpg.rf.709f4605c47cdd625e44f213e22b3fb8.jpg,Plastic Waste,unknown,,battery,,0.6616936922073364,0.8179141879081726,0.848639190196991,1.0672560930252075,battery,,0.7903387546539307,0.8285350799560547,0.9519217014312744,1.0185670852661133,0.6616936922073364,0.15622049570083618,0.7903387546539307,0.03819632530212402
Custom Bangladeshi E-Waste Image Dataset for Objec/test/images/IMG_20250805_205151_jpg.rf.e6bf2c96e092a04f2331d8d1b288c67d.jpg,Plastic Waste,unknown,,battery,,0.6490609049797058,0.8286199569702148,0.8371612429618835,1.0769739151000977,battery,,0.7646704912185669,0.840196430683136,0.914611279964447,1.0474284887313843,0.6490609049797058,0.17955905199050903,0.7646704912185669,0.07552593946456909
Custom Bangladeshi E-Waste Image Dataset for Objec/test/images/IMG_20250805_205245_jpg.rf.b753ab0e76c54f4090f1563c206b55bf.jpg,Paper Waste,unknown,,battery,,0.521835446357727,0.8029643297195435,0.9856547713279724,1.0659395456314087,battery,,0.724411129951477,0.8119927644729614,0.9810722470283508,0.9733614325523376,0.521835446357727,0.2811288833618164,0.724411129951477,0.08758163452148438
Custom Bangladeshi E-Waste Image Dataset for Objec/test/images/IMG_20250805_205250_jpg.rf.299bcff334c54651f50f43d8337ce02a.jpg,Paper Waste,unknown,,battery,,0.510782778263092,0.7802427411079407,0.9814451932907104,1.0428425073623657,battery,,0.6452140808105469,0.8211140632629395,0.9363363981246948,0.9748575687408447,0.510782778263092,0.26945996284484863,0.6452140808105469,0.17589998245239258
Custom Bangladeshi E-Waste Image Dataset for Objec/test/images/IMG_20250805_205254_jpg.rf.3de4933da97c6315aed2abdeb316a3f5.jpg,Paper Waste,unknown,,battery,,0.5163765549659729,0.8388985991477966,0.9534608721733093,1.0494095087051392,battery,,0.6991713047027588,0.7867051362991333,0.9580844640731812,0.9950644373893738,0.5163765549659729,0.32252204418182373,0.6991713047027588,0.08753383159637451
Custom Bangladeshi E-Waste Image Dataset for Objec/test/images/IMG_20250805_205255_jpg.rf.01a5f60ba685d69f8aa101adb94bdbfa.jpg,Paper Waste,unknown,,battery,,0.504352331161499,0.8330191373825073,0.9633448123931885,1.0241813659667969,battery,,0.6821353435516357,0.7981503009796143,0.9695334434509277,0.9704287648200989,0.504352331161499,0.3286668062210083,0.6821353435516357,0.11601495742797852
Custom Bangladeshi E-Waste Image Dataset for Objec/test/images/IMG_20250805_205300_jpg.rf.9718f8c3c536eb99f69daed30f96ce69.jpg,Paper Waste,unknown,,battery,,0.48182499408721924,0.7313711047172546,0.9310411810874939,1.0170584917068481,battery,,0.670464038848877,0.7826849222183228,0.9160029888153076,1.0001181364059448,0.48182499408721924,0.2495461106300354,0.670464038848877,0.1122208833694458
Custom Bangladeshi E-Waste Image Dataset for Objec/test/images/IMG_20250805_205314_1_jpg.rf.33e6e50746cb8d5eb6ede5d5b962effc.jpg,Plastic Waste,unknown,,battery,,0.6100800037384033,0.8009188175201416,0.9559445381164551,1.0672211647033691,battery,,0.7372255325317383,0.8136991858482361,0.9389996528625488,1.0528430938720703,0.6100800037384033,0.19083881378173828,0.7372255325317383,0.0764736533164978
Custom Bangladeshi E-Waste Image Dataset for Objec/test/images/IMG_20250805_205315_jpg.rf.4394968743c03e5db47b4d93ee83c654.jpg,Plastic Waste,unknown,,battery,,0.6144005060195923,0.8056657314300537,0.9535162448883057,1.0576469898223877,battery,,0.7365385890007019,0.8054417967796326,0.9440702199935913,1.053775668144226,0.6144005060195923,0.19126522541046143,0.7365385890007019,0.06890320777893066
Custom Bangladeshi E-Waste Image Dataset for Objec/test/images/IMG_20250805_205337_jpg.rf.198ac275aa383fc8b60921cb8c97757b.jpg,Plastic Waste,unknown,,battery,,0.6440374851226807,0.8207026124000549,0.9856536388397217,0.9858618378639221,battery,,0.8232884407043457,0.8460566401481628,1.0078418254852295,0.8965396881103516,0.6440374851226807,0.17666512727737427,0.8232884407043457,0.02276819944381714
Custom Bangladeshi E-Waste Image Dataset for Objec/test/images/IMG_20250805_205339_jpg.rf.6712e9342819463227bee4d32c7c2e04.jpg,Plastic Waste,unknown,,battery,,0.6754103899002075,0.7793780565261841,0.9649866223335266,0.8992918729782104,battery,,0.763653576374054,0.8845152258872986,0.9358726739883423,0.8421899080276489,0.6754103899002075,0.10396766662597656,0.763653576374054,0.07853633165359497
Custom Bangladeshi E-Waste Image Dataset for Objec/test/images/IMG_20250805_205341_jpg.rf.7b1d02176ba8b6f3e05247bdcabe4fa4.jpg,Plastic Waste,unknown,,battery,,0.6532465219497681,0.8176467418670654,0.9547661542892456,0.891645073890686,battery,,0.798852264881134,0.8743284940719604,0.9751185774803162,0.8289592266082764,0.6532465219497681,0.16440021991729736,0.798852264881134,0.030106961727142334
Custom Bangladeshi E-Waste Image Dataset for Objec/test/images/IMG_20250805_205350_jpg.rf.7956615687714c5f5cdfcbaa3540c719.jpg,Plastic Waste,unknown,,battery,,0.7208306789398193,0.8529773354530334,1.0070550441741943,1.01018226146698,battery,,0.862407922744751,0.9003753662109375,0.9493821263313293,0.9949982762336731,0.7208306789398193,0.1321466565132141,0.862407922744751,0.03796744346618652
Custom Bangladeshi E-Waste Image Dataset for Objec/test/images/IMG_20250805_205403_jpg.rf.5a9b820f5d2612316dc692feb3654491.jpg,Plastic Waste,unknown,,battery,,0.6811717748641968,0.9270874261856079,1.1405820846557617,1.0332227945327759,battery,,0.845151960849762,0.9291282892227173,1.1020994186401367,1.030672550201416,0.6811717748641968,0.24591565132141113,0.845151960849762,0.08397632837295532
Custom Bangladeshi E-Waste Image Dataset for Objec/test/images/IMG_20250805_205407_jpg.rf.383bfbcfa782b11d1f75a83b614daa5c.jpg,Plastic Waste,unknown,,battery,,0.5875452756881714,0.8092612028121948,0.9983004927635193,0.967434287071228,battery,,0.7099207639694214,0.87107253074646,0.9758005738258362,0.9227395057678223,0.5875452756881714,0.22171592712402344,0.7099207639694214,0.16115176677703857
Custom Bangladeshi E-Waste Image Dataset for Objec/test/images/IMG_20250805_205431_jpg.rf.c92632bd2a6247d852d374aa96d40a8d.jpg,Plastic Waste,unknown,,battery,,0.7585198879241943,0.7834712266921997,0.9041088819503784,1.0022460222244263,mobile,,0.9177216291427612,0.863839864730835,0.8957006931304932,0.9139071702957153,0.7585198879241943,0.02495133876800537,0.863839864730835,0.0318608283996582
Custom Bangladeshi E-Waste Image Dataset for Objec/test/images/IMG_20250819_235825_jpg.rf.7aa576f7cb02471e8994444cf27fa28c.jpg,PCB,known,pcb,pcb,1,0.8053793907165527,1.0704259872436523,0.19271308183670044,1.064355492591858,pcb,1,0.860173761844635,1.11750328540802,0.18854212760925293,1.0914243459701538,0.19271308183670044,0.6126663088798523,0.18854212760925293,0.6716316342353821
Custom Bangladeshi E-Waste Image Dataset for Objec/test/images/IMG_20250819_235826_1_jpg.rf.c4b68d324e66f8a22b052b5fc9caf77e.jpg,PCB,known,pcb,pcb,1,0.7934411764144897,1.0709102153778076,0.1953730583190918,1.065324306488037,pcb,1,0.8642926216125488,1.10891592502594,0.1928856372833252,1.094124674797058,0.1953730583190918,0.598068118095398,0.1928856372833252,0.6714069843292236
Custom Bangladeshi E-Waste Image Dataset for Objec/test/images/IMG_20250819_235834_jpg.rf.ca82a7a2b1613934ff84e4f2b604624f.jpg,PCB,known,pcb,pcb,1,0.8115820288658142,1.1182565689086914,0.17878121137619019,1.094779372215271,pcb,1,0.8768706321716309,1.1474261283874512,0.2086300253868103,1.1337883472442627,0.17878121137619019,0.632800817489624,0.2086300253868103,0.6682406067848206
Custom Bangladeshi E-Waste Image Dataset for Objec/test/images/IMG_20250819_235854_jpg.rf.1301ce39100af13ea5388ee514c5ae8d.jpg,PCB,known,pcb,pcb,1,0.7920474410057068,0.9695618152618408,0.2164745330810547,1.0499600172042847,pcb,1,0.8995636701583862,1.0162445306777954,0.17797034978866577,1.0784480571746826,0.2164745330810547,0.5755729079246521,0.17797034978866577,0.7215933203697205
Custom Bangladeshi E-Waste Image Dataset for Objec/test/images/IMG_20250819_235855_1_jpg.rf.f04c1306dc16b1f9b9278111b7d62f68.jpg,PCB,known,pcb,pcb,1,0.7789773344993591,0.9879419207572937,0.2104508876800537,1.0675528049468994,pcb,1,0.8855136632919312,1.0215712785720825,0.1648118495941162,1.0757397413253784,0.2104508876800537,0.5685264468193054,0.1648118495941162,0.7207018136978149
Custom Bangladeshi E-Waste Image Dataset for Objec/test/images/IMG_20250819_235901_jpg.rf.dd11536cef119c9a8d77c4ca35e81b59.jpg,PCB,known,pcb,pcb,1,0.8313519358634949,1.0084975957870483,0.23828482627868652,0.9427148699760437,pcb,1,0.9370586276054382,1.0662188529968262,0.18132269382476807,1.0352489948272705,0.23828482627868652,0.5930671095848083,0.18132269382476807,0.7557359337806702
Custom Bangladeshi E-Waste Image Dataset for Objec/test/images/IMG_20250819_235906_jpg.rf.acb4f57e3be6dbfcdf1c0345f05e42cc.jpg,PCB,known,pcb,pcb,1,0.8141104578971863,1.096748948097229,0.1351136565208435,1.090672492980957,pcb,1,0.8768200278282166,1.1171936988830566,0.14567077159881592,1.1234099864959717,0.1351136565208435,0.6789968013763428,0.14567077159881592,0.7311492562294006
Custom Bangladeshi E-Waste Image Dataset for Objec/test/images/IMG_20250819_235909_jpg.rf.7b6756f0b84eca2fee8652178b358cad.jpg,PCB,known,pcb,pcb,1,0.8098103404045105,1.1081163883209229,0.1343286633491516,1.091830849647522,pcb,1,0.8702190518379211,1.1387513875961304,0.15158694982528687,1.121951937675476,0.1343286633491516,0.6754816770553589,0.15158694982528687,0.7186321020126343
Custom Bangladeshi E-Waste Image Dataset for Objec/test/images/IMG_20250819_235928_1_jpg.rf.bdf2ed5c451e3f0f6f66c14a405fdcf4.jpg,PCB,known,pcb,pcb,1,0.8195780515670776,1.0799962282180786,0.1755582094192505,1.08280611038208,pcb,1,0.8792285919189453,1.1217024326324463,0.15051215887069702,1.0761537551879883,0.1755582094192505,0.6440198421478271,0.15051215887069702,0.7287164330482483
Custom Bangladeshi E-Waste Image Dataset for Objec/test/images/IMG_20250819_235946_1_jpg.rf.8062c6fe42dc08b615e1b1d3fd24ee49.jpg,PCB,known,pcb,pcb,1,0.812448263168335,1.0636202096939087,0.17168211936950684,1.0989919900894165,pcb,1,0.8589004278182983,1.1012952327728271,0.169053316116333,1.1015400886535645,0.17168211936950684,0.6407661437988281,0.169053316116333,0.6898471117019653
Custom Bangladeshi E-Waste Image Dataset for Objec/test/images/IMG_20250819_235946_jpg.rf.81cad422467acab353a93f9d628214c0.jpg,PCB,known,pcb,pcb,1,0.821914792060852,1.0630663633346558,0.17412030696868896,1.101417899131775,pcb,1,0.8594498634338379,1.0918455123901367,0.16522234678268433,1.0898139476776123,0.17412030696868896,0.6477944850921631,0.16522234678268433,0.6942275166511536
Custom Bangladeshi E-Waste Image Dataset for Objec/test/images/IMG_20250819_235956_1_jpg.rf.13c8f40791f750605aa42a1d3e903da9.jpg,PCB,known,pcb,pcb,1,0.794126570224762,0.9839581847190857,0.20513278245925903,1.0235806703567505,pcb,1,0.9163838624954224,1.0347082614898682,0.18625986576080322,1.0446828603744507,0.20513278245925903,0.5889937877655029,0.18625986576080322,0.7301239967346191
Custom Bangladeshi E-Waste Image Dataset for Objec/test/images/IMG_20250819_235956_jpg.rf.bca754d8c8474f5b1a13d84dbba205dc.jpg,PCB,known,pcb,pcb,1,0.8058601021766663,0.9826112985610962,0.19747281074523926,1.0291111469268799,pcb,1,0.9247589111328125,1.0342298746109009,0.18178945779800415,1.0445443391799927,0.19747281074523926,0.608387291431427,0.18178945779800415,0.7429694533348083
Custom Bangladeshi E-Waste Image Dataset for Objec/test/images/IMG_20250820_000033_jpg.rf.adc972c64f812ec16fb7b709cd8f8d48.jpg,PCB,known,pcb,pcb,1,0.7518358826637268,1.0295329093933105,0.25884175300598145,0.9446817636489868,pcb,1,0.8512505888938904,1.068329930305481,0.22929716110229492,1.0254846811294556,0.25884175300598145,0.49299412965774536,0.22929716110229492,0.6219534277915955
Custom Bangladeshi E-Waste Image Dataset for Objec/test/images/IMG_20250820_000035_jpg.rf.3407d126afc41a5158e1ab67a1306b90.jpg,PCB,known,pcb,pcb,1,0.8053363561630249,1.0383223295211792,0.22175514698028564,0.980095624923706,pcb,1,0.863047182559967,1.07229745388031,0.1826050877571106,1.0473482608795166,0.22175514698028564,0.5835812091827393,0.1826050877571106,0.6804420948028564
Custom Bangladeshi E-Waste Image Dataset for Objec/test/images/IMG_20250820_000047_jpg.rf.c2f82c69a566742b8d1f5b87fd1b9984.jpg,PCB,known,pcb,pcb,1,0.7928600311279297,0.9928238987922668,0.2560065984725952,0.9373527765274048,pcb,1,0.8220640420913696,1.030824065208435,0.23661726713180542,1.026105523109436,0.2560065984725952,0.5368534326553345,0.23661726713180542,0.5854467749595642
Custom Bangladeshi E-Waste Image Dataset for Objec/test/images/IMG_20250820_000050_jpg.rf.d5926835c69464775534ba88b4e245de.jpg,PCB,known,pcb,pcb,1,0.7810806035995483,0.987797737121582,0.2556494474411011,0.9297036528587341,pcb,1,0.8338353633880615,1.0101016759872437,0.2313956618309021,1.0109399557113647,0.2556494474411011,0.5254311561584473,0.2313956618309021,0.6024397015571594
Custom Bangladeshi E-Waste Image Dataset for Objec/test/images/IMG_20250820_000054_jpg.rf.61ea31788c45e13dcb66eea5b0503579.jpg,PCB,known,pcb,pcb,1,0.8182842135429382,1.1006544828414917,0.2161383032798767,1.0890910625457764,pcb,1,0.8294044137001038,1.1318819522857666,0.2331659197807312,1.1165003776550293,0.2161383032798767,0.6021459102630615,0.2331659197807312,0.5962384939193726
Custom Bangladeshi E-Waste Image Dataset for Objec/test/images/IMG_20250820_000059_1_jpg.rf.0a4cc07d817a5083c6dc09505c31b33e.jpg,PCB,known,pcb,pcb,1,0.8172082901000977,1.072788953781128,0.22497642040252686,1.0653913021087646,pcb,1,0.8319424390792847,1.1196449995040894,0.21029061079025269,1.1253132820129395,0.22497642040252686,0.5922318696975708,0.21029061079025269,0.621651828289032
Custom Bangladeshi E-Waste Image Dataset for Objec/test/images/IMG_20250820_000101_jpg.rf.4f68106af83c526406d31efab9a05adc.jpg,PCB,known,pcb,pcb,1,0.8244842886924744,1.0852264165878296,0.20807033777236938,1.0445067882537842,pcb,1,0.8348586559295654,1.1351277828216553,0.18510490655899048,1.0960659980773926,0.20807033777236938,0.616413950920105,0.18510490655899048,0.649753749370575
Custom Bangladeshi E-Waste Image Dataset for Objec/test/images/IMG_20250820_000134_1_jpg.rf.9d5420526a6c553ff0faa51084546ee3.jpg,PCB,known,pcb,pcb,1,0.8273962736129761,1.0518310070037842,0.15628647804260254,1.0303064584732056,pcb,1,0.84457927942276,1.0833510160446167,0.1513054370880127,1.0878585577011108,0.15628647804260254,0.6711097955703735,0.1513054370880127,0.6932738423347473
Custom Bangladeshi E-Waste Image Dataset for Objec/test/images/IMG_20250820_000134_jpg.rf.25b23ebf880b183086a384e7c3046fe8.jpg,PCB,known,pcb,pcb,1,0.8266289830207825,1.0561400651931763,0.1489652395248413,1.0440431833267212,pcb,1,0.8429038524627686,1.0751421451568604,0.15016478300094604,1.0866259336471558,0.1489652395248413,0.6776637434959412,0.15016478300094604,0.6927390694618225
Custom Bangladeshi E-Waste Image Dataset for Objec/test/images/IMG_20250820_000155_1_jpg.rf.0cc062953a4fabb2963a72c41cc6ff8e.jpg,PCB,known,pcb,pcb,1,0.8282169103622437,1.1583986282348633,0.10295122861862183,1.1023764610290527,pcb,1,0.8756849765777588,1.1449919939041138,0.1336267590522766,1.10221266746521,0.10295122861862183,0.7252656817436218,0.1336267590522766,0.7420582175254822
Custom Bangladeshi E-Waste Image Dataset for Objec/test/images/IMG_20250820_000158_jpg.rf.21193b8da65fcf0f38601cc8bd4f1b47.jpg,PCB,known,pcb,pcb,1,0.8105745315551758,1.142032265663147,0.10505110025405884,1.1121108531951904,pcb,1,0.8128547668457031,1.136216402053833,0.14817118644714355,1.1044745445251465,0.10505110025405884,0.7055234313011169,0.14817118644714355,0.6646835803985596
Custom Bangladeshi E-Waste Image Dataset for Objec/test/images/IMG_20250820_000208_jpg.rf.8ef14c59eeed172b81cad649377fa976.jpg,PCB,known,pcb,pcb,1,0.8452787399291992,1.1219059228897095,0.11720824241638184,1.0542404651641846,pcb,1,0.8636785745620728,1.1180787086486816,0.1589459776878357,1.0836976766586304,0.11720824241638184,0.7280704975128174,0.1589459776878357,0.7047325968742371
Custom Bangladeshi E-Waste Image Dataset for Objec/test/images/IMG_20250820_000210_jpg.rf.c7731efde23ccbb6f20b0c3b033dc383.jpg,PCB,known,pcb,pcb,1,0.8448172807693481,1.0951741933822632,0.11324095726013184,1.0830223560333252,pcb,1,0.877623975276947,1.11182701587677,0.1598157286643982,1.1052451133728027,0.11324095726013184,0.7315763235092163,0.1598157286643982,0.7178082466125488
Custom Bangladeshi E-Waste Image Dataset for Objec/test/images/IMG_20250820_000214_1_jpg.rf.a4009d99178ad043ce6e7f504a036d92.jpg,PCB,known,pcb,pcb,1,0.919291615486145,1.1384907960891724,0.08633339405059814,1.0864022970199585,pcb,1,0.9493364691734314,1.1133968830108643,0.07943671941757202,1.1093406677246094,0.08633339405059814,0.8329582214355469,0.07943671941757202,0.8698997497558594
Custom Bangladeshi E-Waste Image Dataset for Objec/test/images/IMG_20250820_000327_jpg.rf.0057c7022a462cf14b440bdb3e8d1681.jpg,Plastic Waste,unknown,,battery,,0.6980066299438477,0.9028517603874207,0.9799434542655945,1.0716077089309692,battery,,0.8237847089767456,0.9059352278709412,1.0377249717712402,1.0753779411315918,0.6980066299438477,0.204845130443573,0.8237847089767456,0.08215051889419556
Custom Bangladeshi E-Waste Image Dataset for Objec/test/images/IMG_20250820_000345_1_jpg.rf.8a56e4c81b502c74fced7db7285abde0.jpg,Plastic Waste,unknown,,battery,,0.7506052255630493,0.8982409834861755,1.0299490690231323,1.032694935798645,battery,,0.8396191000938416,0.9182699918746948,1.0566537380218506,1.0737628936767578,0.7506052255630493,0.14763575792312622,0.8396191000938416,0.07865089178085327
Custom Bangladeshi E-Waste Image Dataset for Objec/test/images/IMG_20250820_000346_1_jpg.rf.475e7b00206377bd35fedd8ccddd6513.jpg,Plastic Waste,unknown,,battery,,0.7563548684120178,0.8879089951515198,1.0296612977981567,1.0443074703216553,battery,,0.8334779143333435,0.8940048813819885,1.0608972311019897,1.0746482610702515,0.7563548684120178,0.13155412673950195,0.8334779143333435,0.06052696704864502
Custom Bangladeshi E-Waste Image Dataset for Objec/test/images/IMG_20250820_000346_jpg.rf.c6106872da4fd5008ba31e9dbb78a6a5.jpg,Plastic Waste,unknown,,battery,,0.7610169649124146,0.8844533562660217,1.0345253944396973,1.039625883102417,battery,,0.8415722846984863,0.8986021280288696,1.0673973560333252,1.0697884559631348,0.7610169649124146,0.12343639135360718,0.8415722846984863,0.0570298433303833
Custom Bangladeshi E-Waste Image Dataset for Objec/test/images/IMG_20250820_000347_jpg.rf.b087947381255155846ccf96858177ef.jpg,Plastic Waste,unknown,,battery,,0.7361469864845276,0.900653600692749,1.0331610441207886,1.0280942916870117,battery,,0.8297052383422852,0.9078501462936401,1.0620129108428955,1.0670701265335083,0.7361469864845276,0.16450661420822144,0.8297052383422852,0.07814490795135498
Custom Bangladeshi E-Waste Image Dataset for Objec/test/images/IMG_20250820_000350_1_jpg.rf.4720d935c5d6d5d9bb4d968a9c11f2e2.jpg,Plastic Waste,unknown,,battery,,0.7759623527526855,0.851180374622345,1.039291262626648,1.0046114921569824,mobile,,0.8664056062698364,0.8652574419975281,1.046073079109192,1.0713764429092407,0.7759623527526855,0.07521802186965942,0.8652574419975281,0.0011481642723083496
Custom Bangladeshi E-Waste Image Dataset for Objec/test/images/IMG_20250820_000401_jpg.rf.e850d2354d04cd96561cbc82dce9263b.jpg,Plastic Waste,unknown,,battery,,0.7749266624450684,0.9546793699264526,0.9278577566146851,1.0820050239562988,mobile,,0.9177368879318237,0.8979678153991699,0.9798966646194458,1.1261757612228394,0.7749266624450684,0.1529310941696167,0.8979678153991699,0.01976907253265381
Custom Bangladeshi E-Waste Image Dataset for Objec/test/images/IMG_20250822_135900_jpg.rf.453e2314c45b42bcd284114778b8c551.jpg,Keyboard,known,input_peripheral,input_peripheral,1,1.1384379863739014,1.1325846910476685,1.082031488418579,0.14169156551361084,input_peripheral,1,1.1515746116638184,1.1888847351074219,1.0701541900634766,0.1670587658882141,0.14169156551361084,0.9403399229049683,0.1670587658882141,0.9030954241752625
Custom Bangladeshi E-Waste Image Dataset for Objec/test/images/IMG_20250822_135906_jpg.rf.3b7d2cbc98e29c0fcb4c76e1ca805446.jpg,Keyboard,known,input_peripheral,input_peripheral,1,1.1575133800506592,1.12650728225708,1.063683271408081,0.14921879768371582,input_peripheral,1,1.1543041467666626,1.1855136156082153,1.0671448707580566,0.17787384986877441,0.14921879768371582,0.9144644737243652,0.17787384986877441,0.8892710208892822
Custom Bangladeshi E-Waste Image Dataset for Objec/test/images/IMG_20250822_135923_jpg.rf.093e30b9e636a584f99200ec22dc90e7.jpg,Keyboard,known,input_peripheral,pcb,3,0.7402674555778503,0.890596866607666,0.6710686087608337,0.7665124535560608,pcb,3,0.7817321419715881,0.9698694944381714,0.6607311367988586,0.8342092633247375,0.6710686087608337,0.0691988468170166,0.6607311367988586,0.12100100517272949
Custom Bangladeshi E-Waste Image Dataset for Objec/test/images/IMG_20250822_135929_jpg.rf.2f0cf54e9747d01974aa628d24d1dde1.jpg,Keyboard,known,input_peripheral,pcb,3,0.7217274308204651,0.9136980772018433,0.6479378342628479,0.7783384323120117,pcb,3,0.7824116945266724,0.9928831458091736,0.6754443645477295,0.7911670207977295,0.6479378342628479,0.07378959655761719,0.6754443645477295,0.10696732997894287
Custom Bangladeshi E-Waste Image Dataset for Objec/test/images/IMG_20250822_135940_jpg.rf.21280cf79175e652ea82f65d0b9c7f62.jpg,Keyboard,known,input_peripheral,input_peripheral,1,1.1513104438781738,1.0860342979431152,1.047830581665039,0.14272195100784302,input_peripheral,1,1.1412409543991089,1.1625219583511353,1.060060739517212,0.18257737159729004,0.14272195100784302,0.905108630657196,0.18257737159729004,0.8774833679199219
Custom Bangladeshi E-Waste Image Dataset for Objec/test/images/IMG_20250822_135958_jpg.rf.420daab7fb8b612ee27099a692f61e42.jpg,Keyboard,known,input_peripheral,input_peripheral,1,1.1582695245742798,1.112111210823059,1.0472735166549683,0.16012084484100342,input_peripheral,1,1.1441775560379028,1.1679046154022217,1.0468679666519165,0.1990668773651123,0.16012084484100342,0.8871526718139648,0.1990668773651123,0.8478010892868042
Custom Bangladeshi E-Waste Image Dataset for Objec/test/images/IMG_20250822_140008_jpg.rf.8989c657b76686633249aa1103b65e2e.jpg,Keyboard,known,input_peripheral,input_peripheral,1,1.1487538814544678,1.1532983779907227,1.0446399450302124,0.1401059627532959,input_peripheral,1,1.1289443969726562,1.1819369792938232,1.0552040338516235,0.1773473024368286,0.1401059627532959,0.9045339822769165,0.1773473024368286,0.8778567314147949
Custom Bangladeshi E-Waste Image Dataset for Objec/test/images/IMG_20250822_140009_jpg.rf.f15772bec2401f30e84df176faf9bf5b.jpg,Keyboard,known,input_peripheral,input_peripheral,1,1.169566035270691,1.1458821296691895,1.0438933372497559,0.14341497421264648,input_peripheral,1,1.129891037940979,1.1694862842559814,1.0564533472061157,0.17091429233551025,0.14341497421264648,0.9004783630371094,0.17091429233551025,0.8855390548706055
Custom Bangladeshi E-Waste Image Dataset for Objec/test/images/IMG_20250822_140159_jpg.rf.74aaa63443e33b800cd53eccd5b716e3.jpg,Keyboard,known,input_peripheral,input_peripheral,1,1.1043404340744019,1.0908533334732056,1.036036491394043,0.1461849808692932,input_peripheral,1,1.1106479167938232,1.1605184078216553,1.0561071634292603,0.1452978253364563,0.1461849808692932,0.8898515105247498,0.1452978253364563,0.910809338092804
Custom Bangladeshi E-Waste Image Dataset for Objec/test/images/IMG_20250822_140219_jpg.rf.02ec3714370ecd019073128a348ea140.jpg,Keyboard,known,input_peripheral,input_peripheral,1,1.1009653806686401,1.0910935401916504,1.0245188474655151,0.14310050010681152,input_peripheral,1,1.113142728805542,1.161740779876709,1.025316596031189,0.1803181767463684,0.14310050010681152,0.8814183473587036,0.1803181767463684,0.8449984192848206
Custom Bangladeshi E-Waste Image Dataset for Objec/test/images/IMG_20250822_140222_jpg.rf.ff63928f6fd759424a21461d4c5e1203.jpg,Keyboard,known,input_peripheral,input_peripheral,1,1.0993247032165527,1.1001906394958496,1.043591856956482,0.13498955965042114,input_peripheral,1,1.1214065551757812,1.1646205186843872,1.0425101518630981,0.18270426988601685,0.13498955965042114,0.9086022973060608,0.18270426988601685,0.8598058819770813
Custom Bangladeshi E-Waste Image Dataset for Objec/test/images/IMG_20250822_140223_jpg.rf.1306b02c448e484476bfb44cd9960957.jpg,Keyboard,known,input_peripheral,input_peripheral,1,1.0968034267425537,1.0976516008377075,1.0393874645233154,0.13715296983718872,input_peripheral,1,1.1116758584976196,1.161789894104004,1.0294252634048462,0.1878519058227539,0.13715296983718872,0.9022344946861267,0.1878519058227539,0.8415733575820923
Custom Bangladeshi E-Waste Image Dataset for Objec/test/images/IMG_20250822_140225_jpg.rf.853567ed56f80104abe0de86d68a50e1.jpg,Keyboard,known,input_peripheral,input_peripheral,1,1.1164450645446777,1.0870615243911743,1.029241681098938,0.13682180643081665,input_peripheral,1,1.1112265586853027,1.1669796705245972,1.0263385772705078,0.17955487966537476,0.13682180643081665,0.8924198746681213,0.17955487966537476,0.8467836976051331
Custom Bangladeshi E-Waste Image Dataset for Objec/test/images/IMG_20250822_140230_jpg.rf.8e21bb8d48cebe5fdff21d1032e62d54.jpg,Keyboard,known,input_peripheral,battery,2,0.6768954992294312,0.8777672648429871,0.7874351739883423,0.7664744853973389,input_peripheral,1,0.8040010929107666,1.0647135972976685,0.8815548419952393,0.6560095548629761,0.6768954992294312,0.08957898616790771,0.6560095548629761,0.14799153804779053
Custom Bangladeshi E-Waste Image Dataset for Objec/test/images/IMG_20250822_140302_jpg.rf.6eaa141f0ef3721372cbe3dc889dec87.jpg,Keyboard,known,input_peripheral,input_peripheral,1,1.1591373682022095,1.184818983078003,1.0098294019699097,0.17146772146224976,input_peripheral,1,1.134094476699829,1.183980107307434,1.0125174522399902,0.2237376570701599,0.17146772146224976,0.8383616805076599,0.2237376570701599,0.7887797951698303
Custom Bangladeshi E-Waste Image Dataset for Objec/test/images/IMG_20250822_140304_jpg.rf.c89a1817c375cfb5bd51818eb01621f6.jpg,Keyboard,known,input_peripheral,input_peripheral,1,1.1626319885253906,1.1808174848556519,1.005242943763733,0.1686752438545227,input_peripheral,1,1.1300314664840698,1.1822030544281006,1.0138648748397827,0.21142137050628662,0.1686752438545227,0.8365676999092102,0.21142137050628662,0.8024435043334961
Custom Bangladeshi E-Waste Image Dataset for Objec/test/images/IMG_20250822_140308_jpg.rf.8d6f8692a27b5076cdc634ac3a93e8fa.jpg,Keyboard,known,input_peripheral,input_peripheral,1,1.1682311296463013,1.1867717504501343,0.992833137512207,0.1841602921485901,input_peripheral,1,1.1436208486557007,1.1744455099105835,1.0239657163619995,0.23554003238677979,0.1841602921485901,0.8086728453636169,0.23554003238677979,0.7884256839752197
Custom Bangladeshi E-Waste Image Dataset for Objec/test/images/IMG_20250822_140311_jpg.rf.a3ee07b7977b220b17a4be2eca36ba8f.jpg,Keyboard,known,input_peripheral,input_peripheral,1,1.1675255298614502,1.1349146366119385,1.0282926559448242,0.17327260971069336,input_peripheral,1,1.1335358619689941,1.141219139099121,1.035107135772705,0.20523279905319214,0.17327260971069336,0.8550200462341309,0.20523279905319214,0.8298743367195129
Custom Bangladeshi E-Waste Image Dataset for Objec/test/images/IMG_20250822_140317_jpg.rf.8a8350e9a0119414b9d805cd5d27bb2a.jpg,Keyboard,known,input_peripheral,input_peripheral,1,1.174800157546997,1.1754848957061768,1.0134583711624146,0.16483092308044434,input_peripheral,1,1.1339528560638428,1.1884657144546509,1.0439409017562866,0.20794469118118286,0.16483092308044434,0.8486274480819702,0.20794469118118286,0.8359962105751038
Custom Bangladeshi E-Waste Image Dataset for Objec/test/images/IMG_20250822_140350_jpg.rf.37910db6261f9d7b4c8e256400d8771c.jpg,Mouse,known,input_peripheral,input_peripheral,1,1.1324294805526733,0.9780786037445068,1.1180974245071411,0.1104506254196167,input_peripheral,1,1.120461106300354,1.0235105752944946,1.1034448146820068,0.15264058113098145,0.1104506254196167,0.8676279783248901,0.15264058113098145,0.8708699941635132
Custom Bangladeshi E-Waste Image Dataset for Objec/test/images/IMG_20250822_140351_jpg.rf.68a8ac2bc7e4380a0e2993e012ff5c19.jpg,Mouse,known,input_peripheral,input_peripheral,1,1.1356587409973145,0.9730870723724365,1.1181533336639404,0.11442738771438599,input_peripheral,1,1.1119669675827026,1.0148645639419556,1.095284342765808,0.1546984314918518,0.11442738771438599,0.8586596846580505,0.1546984314918518,0.8601661324501038
Custom Bangladeshi E-Waste Image Dataset for Objec/test/images/IMG_20250822_140359_jpg.rf.9470f9f5d5bab33f64ec56963463294f.jpg,Mouse,known,input_peripheral,input_peripheral,1,0.9560674428939819,0.9384114146232605,1.0194681882858276,0.24828988313674927,input_peripheral,1,1.0275559425354004,1.0154045820236206,1.0231702327728271,0.17943191528320312,0.24828988313674927,0.6901215314865112,0.17943191528320312,0.8359726667404175
Custom Bangladeshi E-Waste Image Dataset for Objec/test/images/IMG_20250822_140409_jpg.rf.42405a2d8bac9ee2bce25275e0e3d92d.jpg,Mouse,known,input_peripheral,input_peripheral,1,1.087990164756775,1.0345203876495361,1.101945161819458,0.10047149658203125,input_peripheral,1,1.1106185913085938,1.0966360569000244,1.0947034358978271,0.10596650838851929,0.10047149658203125,0.9340488910675049,0.10596650838851929,0.9887369275093079
Custom Bangladeshi E-Waste Image Dataset for Objec/test/images/IMG_20250822_140412_jpg.rf.4ee51e53754b9b6942d000b4469de550.jpg,Mouse,known,input_peripheral,input_peripheral,1,0.8941926956176758,0.8748540878295898,0.8874871730804443,0.3525339365005493,input_peripheral,1,0.8696892261505127,0.9291274547576904,0.7997510433197021,0.49021196365356445,0.3525339365005493,0.5223201513290405,0.49021196365356445,0.3095390796661377
Custom Bangladeshi E-Waste Image Dataset for Objec/test/images/IMG_20250822_140424_jpg.rf.561505a19b65a4aada84cdaf0084a292.jpg,Mouse,known,input_peripheral,input_peripheral,1,1.1131420135498047,0.9856180548667908,1.0764656066894531,0.12447267770767212,input_peripheral,1,1.0904215574264526,1.0550179481506348,1.0869081020355225,0.10828554630279541,0.12447267770767212,0.8611453771591187,0.10828554630279541,0.9467324018478394
Custom Bangladeshi E-Waste Image Dataset for Objec/test/images/IMG_20250822_140426_jpg.rf.f5bd5222e11ac436c427f2f5274f611b.jpg,Mouse,known,input_peripheral,input_peripheral,1,1.1182341575622559,0.9776644706726074,1.0837538242340088,0.12095218896865845,input_peripheral,1,1.097281813621521,1.047735571861267,1.0978318452835083,0.11257016658782959,0.12095218896865845,0.856712281703949,0.11257016658782959,0.9351654052734375
Custom Bangladeshi E-Waste Image Dataset for Objec/test/images/IMG_20250822_140431_jpg.rf.0219dfce4349916a8a0b4c3a90383476.jpg,Mouse,known,input_peripheral,input_peripheral,1,0.8119418621063232,0.7824046611785889,0.9022180438041687,0.4822468161582947,input_peripheral,1,0.7924367785453796,0.8009465932846069,0.8334766626358032,0.768485963344574,0.4822468161582947,0.3001578450202942,0.768485963344574,0.023950815200805664
Custom Bangladeshi E-Waste Image Dataset for Objec/test/images/IMG_20250822_140439_jpg.rf.9cefc436b0a5838a8f3e084f24758d45.jpg,Mouse,known,input_peripheral,input_peripheral,1,1.1389081478118896,1.123780369758606,1.068840742111206,0.10546791553497314,input_peripheral,1,1.1190180778503418,1.1160881519317627,1.0806519985198975,0.15779978036880493,0.10546791553497314,0.9633728265762329,0.15779978036880493,0.9228522181510925
Custom Bangladeshi E-Waste Image Dataset for Objec/test/images/IMG_20250822_140534_jpg.rf.268594c436cd144eba2c43c88ac635f2.jpg,Paper Waste,unknown,,battery,,0.8104243278503418,0.9591065049171448,0.8775050640106201,1.1023457050323486,pcb,,0.9736053943634033,0.9696357846260071,0.9018886089324951,1.0799436569213867,0.8104243278503418,0.06708073616027832,0.9018886089324951,0.06774717569351196
Custom Bangladeshi E-Waste Image Dataset for Objec/test/images/IMG_20250822_140539_jpg.rf.cde02abebb4dcdae8d8bff45501e38e8.jpg,Paper Waste,unknown,,battery,,0.8260205388069153,0.952179491519928,0.8477756977081299,1.0922614336013794,pcb,,0.963973879814148,0.9574657678604126,0.9009642004966736,1.0704151391983032,0.8260205388069153,0.0217551589012146,0.9009642004966736,0.056501567363739014
Custom Bangladeshi E-Waste Image Dataset for Objec/test/images/IMG_20250822_140544_jpg.rf.e28c16fcab9ebedbb7287210430f0c0e.jpg,Paper Waste,unknown,,pcb,,0.8717003464698792,0.9996281266212463,0.8576663136482239,1.0817039012908936,pcb,,1.006127953529358,0.9848859310150146,0.9183078408241272,1.0498902797698975,0.8576663136482239,0.014034032821655273,0.9183078408241272,0.06657809019088745
Custom Bangladeshi E-Waste Image Dataset for Objec/test/images/IMG_20250822_140600_jpg.rf.7b5883061ca4a70e4fced90d41cbb9ae.jpg,Paper Waste,unknown,,battery,,0.8536494374275208,0.8604628443717957,0.8931168913841248,1.0525652170181274,mobile,,0.9464945793151855,0.8674465417861938,0.9132524132728577,1.016080617904663,0.8536494374275208,0.006813406944274902,0.8674465417861938,0.04580587148666382
Custom Bangladeshi E-Waste Image Dataset for Objec/test/images/IMG_20250822_140735_jpg.rf.7c52bddb838601517556ba12ba6a3f7e.jpg,Paper Waste,unknown,,battery,,0.561195969581604,0.828331470489502,0.8771989345550537,1.0999338626861572,battery,,0.7082526683807373,0.833512544631958,0.9475364089012146,1.0261224508285522,0.561195969581604,0.26713550090789795,0.7082526683807373,0.1252598762512207
Custom Bangladeshi E-Waste Image Dataset for Objec/test/images/IMG_20250822_140736_jpg.rf.4a09ef24a25d2c57ee2ac630cd43395a.jpg,Paper Waste,unknown,,battery,,0.5618417263031006,0.8416532874107361,0.8676304221153259,1.0993598699569702,battery,,0.709348738193512,0.8364966511726379,0.9467200636863708,1.0198602676391602,0.5618417263031006,0.2798115611076355,0.709348738193512,0.12714791297912598
Custom Bangladeshi E-Waste Image Dataset for Objec/test/images/IMG_20250822_140742_jpg.rf.811f3a2798360d968965f3c8b35cf683.jpg,Paper Waste,unknown,,battery,,0.4981062412261963,0.9056116342544556,0.8657562136650085,1.0929723978042603,battery,,0.6756653189659119,0.8656477332115173,0.9569830894470215,1.0272715091705322,0.4981062412261963,0.36764997243881226,0.6756653189659119,0.18998241424560547
Custom Bangladeshi E-Waste Image Dataset for Objec/test/images/IMG_20250822_140817_jpg.rf.57071078b8e05b774b90907450c97a52.jpg,Paper Waste,unknown,,battery,,0.5938124656677246,0.7699005007743835,0.873454749584198,1.0605751276016235,battery,,0.6976171731948853,0.8534848690032959,0.9203889966011047,1.023781657218933,0.5938124656677246,0.17608803510665894,0.6976171731948853,0.15586769580841064
Custom Bangladeshi E-Waste Image Dataset for Objec/test/images/IMG_20250822_140819_jpg.rf.6bc889e0ff14e453f52551128fd143c5.jpg,Paper Waste,unknown,,battery,,0.581661581993103,0.7575796842575073,0.8770350217819214,1.0681971311569214,battery,,0.683014452457428,0.8301413655281067,0.941417396068573,1.0145982503890991,0.581661581993103,0.1759181022644043,0.683014452457428,0.1471269130706787
Custom Bangladeshi E-Waste Image Dataset for Objec/test/images/IMG_20250822_140831_jpg.rf.8bac2dc62bbc6eecce5843150a93a367.jpg,Paper Waste,unknown,,battery,,0.6080578565597534,0.8120707869529724,0.9527266621589661,1.0723657608032227,battery,,0.6954890489578247,0.855368971824646,0.9849135875701904,0.9597511887550354,0.6080578565597534,0.204012930393219,0.6954890489578247,0.1598799228668213
Custom Bangladeshi E-Waste Image Dataset for Objec/test/images/IMG_20250822_140841_jpg.rf.9c958515cd70538cca79bace4a32fa4a.jpg,Paper Waste,unknown,,battery,,0.609088659286499,0.7790898680686951,0.9111118912696838,1.0391781330108643,battery,,0.6326929926872253,0.8588566780090332,0.8900706171989441,0.981576681137085,0.609088659286499,0.17000120878219604,0.6326929926872253,0.22616368532180786
Custom Bangladeshi E-Waste Image Dataset for Objec/test/images/IMG_20250822_140901_jpg.rf.eb59ae1ee095dcc3b5c4d4faf6eba8fb.jpg,Paper Waste,unknown,,battery,,0.5890450477600098,0.7833569645881653,0.9581922888755798,1.0609272718429565,battery,,0.6957905292510986,0.8512148857116699,0.9586704969406128,1.0163227319717407,0.5890450477600098,0.19431191682815552,0.6957905292510986,0.1554243564605713
Custom Bangladeshi E-Waste Image Dataset for Objec/test/images/IMG_20250822_140903_jpg.rf.0ab3494f906b9f6e76136edfb1d74544.jpg,Paper Waste,unknown,,battery,,0.5807651281356812,0.7721813321113586,0.9649581909179688,1.073786735534668,battery,,0.6932439804077148,0.8235666155815125,0.9715327024459839,1.033760666847229,0.5807651281356812,0.1914162039756775,0.6932439804077148,0.1303226351737976
Custom Bangladeshi E-Waste Image Dataset for Objec/test/images/IMG_20250822_140907_jpg.rf.c066db1fce595c6ef38c60d5e329dd4f.jpg,Paper Waste,unknown,,mobile,,0.704135000705719,0.6810270547866821,0.8903945684432983,1.0710655450820923,mobile,,0.7952163219451904,0.7830118536949158,0.8914837837219238,1.0064866542816162,0.6810270547866821,0.023107945919036865,0.7830118536949158,0.012204468250274658
Custom Bangladeshi E-Waste Image Dataset for Objec/test/images/IMG_20250822_141136_jpg.rf.0be4d2fca3b4f606057e95da0a6c36a2.jpg,Metal Waste,unknown,,battery,,0.6298458576202393,0.9882874488830566,0.7624737024307251,1.065256118774414,pcb,,0.8059595823287964,1.0009825229644775,0.7661775350570679,1.0482600927352905,0.6298458576202393,0.13262784481048584,0.7661775350570679,0.039782047271728516
Custom Bangladeshi E-Waste Image Dataset for Objec/test/images/IMG_20250822_141139_jpg.rf.36eed639860f3a1bf6f903767cf549bb.jpg,Metal Waste,unknown,,battery,,0.6216309666633606,1.0162122249603271,0.7484197020530701,1.0486351251602173,pcb,,0.8078076243400574,1.015993356704712,0.778316080570221,1.0431244373321533,0.6216309666633606,0.12678873538970947,0.778316080570221,0.029491543769836426
Custom Bangladeshi E-Waste Image Dataset for Objec/test/images/IMG_20250822_141140_jpg.rf.a8b745651362a3eaeda08cf2578cb8dd.jpg,Metal Waste,unknown,,battery,,0.6361388564109802,0.9997856020927429,0.7249521017074585,1.0587470531463623,pcb,,0.7966060042381287,1.0015842914581299,0.7455196380615234,1.0391749143600464,0.6361388564109802,0.08881324529647827,0.7455196380615234,0.051086366176605225
Custom Bangladeshi E-Waste Image Dataset for Objec/test/images/IMG_20250822_141213_jpg.rf.d30bde537262587a272ffc6b89d46f4f.jpg,Metal Waste,unknown,,battery,,0.6745055913925171,0.8708590865135193,0.8449556827545166,1.0657509565353394,pcb,,0.8512436151504517,0.8475191593170166,0.8455256819725037,1.0126839876174927,0.6745055913925171,0.1704500913619995,0.8455256819725037,0.0019934773445129395
Custom Bangladeshi E-Waste Image Dataset for Objec/test/images/IMG_20250822_141227_jpg.rf.c9902f10062975609822349a82a9ddd3.jpg,Metal Waste,unknown,,battery,,0.7029089331626892,0.8343270421028137,0.8100254535675049,1.0937739610671997,pcb,,0.8219654560089111,0.8724547624588013,0.7890257835388184,1.0662192106246948,0.7029089331626892,0.10711652040481567,0.7890257835388184,0.03293967247009277
Custom Bangladeshi E-Waste Image Dataset for Objec/test/images/IMG_20250822_141259_jpg.rf.c0460d0f3ff70d81ad8b7ef7f5c1d427.jpg,Metal Waste,unknown,,battery,,0.6146233081817627,0.8569724559783936,0.9323995113372803,1.0794092416763306,battery,,0.6866528987884521,0.869301438331604,0.9259416460990906,1.0655266046524048,0.6146233081817627,0.24234914779663086,0.6866528987884521,0.18264853954315186
Custom Bangladeshi E-Waste Image Dataset for Objec/test/images/IMG_20250822_141409_jpg.rf.eb99c6c8913564fb9fec562a6b143f40.jpg,Light Bulb,unknown,,battery,,0.5516747236251831,0.9105311632156372,0.9244667291641235,0.9560934901237488,battery,,0.7922769784927368,0.9828652143478394,0.8686238527297974,0.9379026293754578,0.5516747236251831,0.3588564395904541,0.7922769784927368,0.07634687423706055
Custom Bangladeshi E-Waste Image Dataset for Objec/test/images/IMG_20250822_141410_jpg.rf.b9d7955619ab2d3356f69d6dd08bde28.jpg,Light Bulb,unknown,,battery,,0.5531708002090454,0.9093647599220276,0.9095380306243896,0.9556567072868347,battery,,0.7846131324768066,0.9778225421905518,0.8687409162521362,0.9409095644950867,0.5531708002090454,0.3561939597129822,0.7846131324768066,0.08412778377532959
Custom Bangladeshi E-Waste Image Dataset for Objec/test/images/IMG_20250822_141413_jpg.rf.44eba5fa33d4d42b6a4588e3de4626c5.jpg,Light Bulb,unknown,,battery,,0.5596261024475098,0.9184918999671936,0.9227855205535889,0.9677412509918213,battery,,0.7771026492118835,0.9861582517623901,0.8715888261795044,0.9396350979804993,0.5596261024475098,0.35886579751968384,0.7771026492118835,0.09448617696762085
Custom Bangladeshi E-Waste Image Dataset for Objec/test/images/IMG_20250822_141520_jpg.rf.4e8d5c23e2dd421195fff2db30fb4e5b.jpg,Metal Waste,unknown,,mobile,,0.8220516443252563,0.7740585207939148,0.9435387849807739,0.882617712020874,input_peripheral,,0.919395387172699,0.8415749073028564,0.938240647315979,0.8154251575469971,0.7740585207939148,0.04799312353134155,0.8154251575469971,0.026149749755859375
Custom Bangladeshi E-Waste Image Dataset for Objec/test/images/IMG_20250822_141534_jpg.rf.760c6f71d465b25d712b928d362ce424.jpg,Metal Waste,unknown,,mobile,,0.8477174639701843,0.8457497358322144,0.9745091795921326,0.9782532453536987,mobile,,1.0010170936584473,0.9187865257263184,0.9999391436576843,0.9343459606170654,0.8457497358322144,0.0019677281379699707,0.9187865257263184,0.01555943489074707
Custom Bangladeshi E-Waste Image Dataset for Objec/test/images/IMG_20250822_141646_1_jpg.rf.cc64715a5b44410ec1556a6cc15507de.jpg,Metal Waste,unknown,,mobile,,0.8317728042602539,0.7893308997154236,0.9522343873977661,0.9982170462608337,mobile,,0.9141241312026978,0.7618733644485474,0.9296609163284302,0.9650908708572388,0.7893308997154236,0.04244190454483032,0.7618733644485474,0.1522507667541504
Custom Bangladeshi E-Waste Image Dataset for Objec/test/images/IMG_20250822_141647_jpg.rf.7aa1f2de6fe01532a7cd34511b03678c.jpg,Metal Waste,unknown,,mobile,,0.8131969571113586,0.7867413759231567,0.9452760219573975,0.9873274564743042,mobile,,0.8767198324203491,0.7574115991592407,0.9260889291763306,0.9674558043479919,0.7867413759231567,0.026455581188201904,0.7574115991592407,0.1193082332611084
Custom Bangladeshi E-Waste Image Dataset for Objec/test/images/IMG_20250822_141649_jpg.rf.62c4d3a55ffbfc49d4e7f27c7e3b49e5.jpg,Metal Waste,unknown,,mobile,,0.8114542365074158,0.8032211065292358,0.9618247151374817,0.9809027314186096,mobile,,0.8936278223991394,0.7713675498962402,0.9337640404701233,0.9475119113922119,0.8032211065292358,0.008233129978179932,0.7713675498962402,0.12226027250289917
Custom Bangladeshi E-Waste Image Dataset for Objec/test/images/IMG_20250822_141837_jpg.rf.13bec81f6c9e8f0b6fd2782947f9d949.jpg,Metal Waste,unknown,,pcb,,0.866359293460846,0.9065566658973694,0.7203502058982849,1.1156145334243774,pcb,,1.0025790929794312,0.8799604177474976,0.7182033061981201,1.104827642440796,0.7203502058982849,0.14600908756256104,0.7182033061981201,0.16175711154937744
Custom Bangladeshi E-Waste Image Dataset for Objec/test/images/IMG_20250822_141842_1_jpg.rf.18d96248f361038e8c5d647a24f01c85.jpg,Metal Waste,unknown,,pcb,,0.7995782494544983,0.96601402759552,0.6279739141464233,1.1557163000106812,pcb,,0.9033856391906738,0.9552885890007019,0.6349748373031616,1.1139854192733765,0.6279739141464233,0.17160433530807495,0.6349748373031616,0.2684108018875122
Custom Bangladeshi E-Waste Image Dataset for Objec/test/images/IMG_20250822_141854_jpg.rf.26893559ba0d9f4492b376d05a1fcd02.jpg,Metal Waste,unknown,,pcb,,0.8275339007377625,0.9234893918037415,0.7210263609886169,1.137854814529419,pcb,,0.9482631087303162,0.9245349764823914,0.8098994493484497,1.0257329940795898,0.7210263609886169,0.10650753974914551,0.8098994493484497,0.11463552713394165
Custom Bangladeshi E-Waste Image Dataset for Objec/test/images/IMG_20250822_141856_jpg.rf.a4f2095539bee947c606e1890b9f45cf.jpg,Metal Waste,unknown,,pcb,,0.8819442987442017,0.9129371643066406,0.7375763654708862,1.0929564237594604,pcb,,0.965883195400238,0.9351327419281006,0.7942533493041992,1.0591189861297607,0.7375763654708862,0.14436793327331543,0.7942533493041992,0.14087939262390137
Custom Bangladeshi E-Waste Image Dataset for Objec/test/images/IMG_20250822_141915_jpg.rf.25485f886da7dc63658ef186691d6537.jpg,Metal Waste,unknown,,pcb,,0.799518346786499,0.9890785813331604,0.6360670328140259,1.1603672504425049,pcb,,0.9060149192810059,0.9514238834381104,0.6759606599807739,1.0948762893676758,0.6360670328140259,0.16345131397247314,0.6759606599807739,0.23005425930023193
Custom Bangladeshi E-Waste Image Dataset for Objec/test/images/IMG_20250822_142033_jpg.rf.2fc15d3a056ebab3ac87cbef4af69dec.jpg,Plastic Waste,unknown,,battery,,0.5761770606040955,0.8975794911384583,1.061744213104248,1.067237377166748,battery,,0.726384162902832,0.8722459077835083,1.045243263244629,1.0073916912078857,0.5761770606040955,0.3214024305343628,0.726384162902832,0.14586174488067627
Custom Bangladeshi E-Waste Image Dataset for Objec/test/images/IMG_20250822_142044_1_jpg.rf.1d3e2a22f0563bfcd05640695c01cb09.jpg,Plastic Waste,unknown,,battery,,0.5748211145401001,0.85463947057724,1.040273666381836,1.069459319114685,battery,,0.659879207611084,0.8829280138015747,1.004373550415039,1.0187296867370605,0.5748211145401001,0.2798183560371399,0.659879207611084,0.22304880619049072
Custom Bangladeshi E-Waste Image Dataset for Objec/test/images/IMG_20250822_142054_jpg.rf.d4f53d0d3b0017ba730f9f36844d41c9.jpg,Plastic Waste,unknown,,battery,,0.7194136381149292,0.9338968396186829,1.0562604665756226,1.0806503295898438,battery,,0.8015053868293762,0.9245880842208862,1.0557725429534912,1.1058027744293213,0.7194136381149292,0.21448320150375366,0.8015053868293762,0.12308269739151001
Custom Bangladeshi E-Waste Image Dataset for Objec/test/images/IMG_20250822_142127_jpg.rf.7154f032cdb6100faf18f6342f4a5710.jpg,Plastic Waste,unknown,,battery,,0.752280592918396,0.9602959156036377,0.9400109648704529,1.077101230621338,battery,,0.8759715557098389,0.9299650192260742,0.9805905222892761,1.1002455949783325,0.752280592918396,0.18773037195205688,0.8759715557098389,0.05399346351623535
Custom Bangladeshi E-Waste Image Dataset for Objec/test/images/IMG_20250822_142131_jpg.rf.25cf35369d5a38003db90902ee4053f6.jpg,Plastic Waste,unknown,,battery,,0.7456167936325073,0.936236560344696,0.9542403221130371,1.0702139139175415,battery,,0.8549730777740479,0.9384203553199768,0.9685782790184021,1.1073474884033203,0.7456167936325073,0.19061976671218872,0.8549730777740479,0.08344727754592896
Custom Bangladeshi E-Waste Image Dataset for Objec/test/images/IMG_20250822_142132_jpg.rf.6409191476f26c685eef0a3154877d1a.jpg,Plastic Waste,unknown,,battery,,0.7513483762741089,0.9751165509223938,0.9395617246627808,1.0747205018997192,battery,,0.8609277009963989,0.9339839220046997,0.9699676632881165,1.1081498861312866,0.7513483762741089,0.18821334838867188,0.8609277009963989,0.07305622100830078
Custom Bangladeshi E-Waste Image Dataset for Objec/test/images/IMG_20250822_142225_1_jpg.rf.bf1dc8734d550d4fe1d7e7395f5dd0e7.jpg,Paper Waste,unknown,,battery,,0.746980607509613,0.8692317008972168,0.9025055170059204,1.1332087516784668,battery,,0.8825714588165283,0.8844690918922424,0.9468637108802795,1.0747984647750854,0.746980607509613,0.12225109338760376,0.8825714588165283,0.0018976330757141113
Custom Bangladeshi E-Waste Image Dataset for Objec/test/images/IMG_20250822_142226_jpg.rf.a86e6e16236c763e0b1d7d58ef48acb6.jpg,Paper Waste,unknown,,battery,,0.7479289770126343,0.885519802570343,0.9099850654602051,1.1454644203186035,battery,,0.8759132623672485,0.8840950727462769,0.9449512362480164,1.067814588546753,0.7479289770126343,0.13759082555770874,0.8759132623672485,0.00818181037902832
Custom Bangladeshi E-Waste Image Dataset for Objec/test/images/IMG_20250822_142229_jpg.rf.0e6d6225a922628f52fc8f3e34d4cc83.jpg,Paper Waste,unknown,,battery,,0.7675430774688721,0.8926902413368225,0.9123317003250122,1.1284412145614624,battery,,0.8823227882385254,0.8944643139839172,0.9536924958229065,1.0850331783294678,0.7675430774688721,0.12514716386795044,0.8823227882385254,0.012141525745391846
Custom Bangladeshi E-Waste Image Dataset for Objec/test/images/IMG_20250822_142348_jpg.rf.72f1026a5890370beac5700b2ad49f2b.jpg,Glass Waste,unknown,,battery,,0.7932544350624084,0.8062235116958618,0.9976903200149536,1.0598708391189575,mobile,,0.8848339319229126,0.8484617471694946,0.9781284928321838,1.066225290298462,0.7932544350624084,0.01296907663345337,0.8484617471694946,0.03637218475341797
Custom Bangladeshi E-Waste Image Dataset for Objec/test/images/IMG_20250822_142415_jpg.rf.e890f8b442f546d4a845247b078a42b5.jpg,Glass Waste,unknown,,battery,,0.7088257074356079,0.8132381439208984,1.042425513267517,1.0350011587142944,battery,,0.7950631976127625,0.8139476180076599,1.071467638015747,1.092717170715332,0.7088257074356079,0.10441243648529053,0.7950631976127625,0.01888442039489746
Custom Bangladeshi E-Waste Image Dataset for Objec/test/images/IMG_20250822_142416_jpg.rf.d239f0de5ed9e34d72a14b6ff9af4e8b.jpg,Glass Waste,unknown,,battery,,0.7209811806678772,0.8154857754707336,1.0423941612243652,1.0357366800308228,battery,,0.8016831874847412,0.8184946775436401,1.0806493759155273,1.0875147581100464,0.7209811806678772,0.09450459480285645,0.8016831874847412,0.016811490058898926
Custom Bangladeshi E-Waste Image Dataset for Objec/test/images/IMG_20250822_142421_jpg.rf.dede9f925780f8fb597aef4c759c5ee0.jpg,Glass Waste,unknown,,battery,,0.6982516646385193,0.8246540427207947,1.0412291288375854,1.073751449584961,battery,,0.795756995677948,0.8421528935432434,1.0591626167297363,1.0763564109802246,0.6982516646385193,0.1264023780822754,0.795756995677948,0.04639589786529541
Custom Bangladeshi E-Waste Image Dataset for Objec/test/images/IMG_20250822_142422_jpg.rf.984c90580a1aa0dc567e33fb8e87af33.jpg,Glass Waste,unknown,,battery,,0.6996367573738098,0.8186294436454773,1.0511503219604492,1.0705024003982544,battery,,0.7983270883560181,0.8397677540779114,1.071650505065918,1.0780494213104248,0.6996367573738098,0.11899268627166748,0.7983270883560181,0.04144066572189331
Custom Bangladeshi E-Waste Image Dataset for Objec/test/images/IMG_20250822_142452_jpg.rf.e0311189664f12052f6fcf5c4aaf0cf1.jpg,Glass Waste,unknown,,battery,,0.7008274793624878,0.8061255216598511,0.9641426801681519,1.0745213031768799,battery,,0.8154217600822449,0.8793943524360657,0.992272675037384,1.0920649766921997,0.7008274793624878,0.10529804229736328,0.8154217600822449,0.0639725923538208
Custom Bangladeshi E-Waste Image Dataset for Objec/test/images/IMG_20250822_142453_jpg.rf.3b3ce19a8afac31caaf9084aaa6fb245.jpg,Glass Waste,unknown,,battery,,0.6994587182998657,0.8051153421401978,0.9707344174385071,1.0864291191101074,battery,,0.8316967487335205,0.8579436540603638,0.9901638627052307,1.0938174724578857,0.6994587182998657,0.10565662384033203,0.8316967487335205,0.02624690532684326
Custom Bangladeshi E-Waste Image Dataset for Objec/test/images/IMG_20250822_142455_jpg.rf.ffe575329ec6e702d3f2aa8f6ec4aa36.jpg,Glass Waste,unknown,,battery,,0.6852664947509766,0.824103832244873,0.9620620012283325,1.0825115442276,battery,,0.8178112506866455,0.868817150592804,0.9832397699356079,1.1065887212753296,0.6852664947509766,0.13883733749389648,0.8178112506866455,0.05100589990615845
Custom Bangladeshi E-Waste Image Dataset for Objec/test/images/IMG_20250822_142528_jpg.rf.25e2b43aa9d7f801531a45d4f886cddc.jpg,Glass Waste,unknown,,battery,,0.6372237801551819,0.7624744176864624,0.9669174551963806,1.079448938369751,mobile,,0.7893280982971191,0.779759407043457,0.9701279997825623,1.021787166595459,0.6372237801551819,0.12525063753128052,0.779759407043457,0.00956869125366211
Custom Bangladeshi E-Waste Image Dataset for Objec/test/images/IMG_20250822_142529_jpg.rf.657107309a81f5b9141a668bfc9437e4.jpg,Glass Waste,unknown,,battery,,0.6447885036468506,0.7668353319168091,0.9813122153282166,1.0906872749328613,mobile,,0.802086591720581,0.7880657315254211,0.980430543422699,1.0162744522094727,0.6447885036468506,0.1220468282699585,0.7880657315254211,0.014020860195159912
Custom Bangladeshi E-Waste Image Dataset for Objec/test/images/IMG_20250822_142536_jpg.rf.4a2864a1d00748a2430a7e9b8938457a.jpg,Glass Waste,unknown,,battery,,0.737926721572876,0.7582499384880066,0.9710108041763306,1.0365383625030518,mobile,,0.8139642477035522,0.7624885439872742,0.9408401250839233,1.0615297555923462,0.737926721572876,0.020323216915130615,0.7624885439872742,0.051475703716278076
Custom Bangladeshi E-Waste Image Dataset for Objec/test/images/IMG_20250822_142538_jpg.rf.3941b876b2fccf9ede8a2ffd2af2ca43.jpg,Glass Waste,unknown,,battery,,0.7267367243766785,0.76706463098526,0.9642887711524963,1.0397064685821533,mobile,,0.7968984842300415,0.7645958662033081,0.9190901517868042,1.0960794687271118,0.7267367243766785,0.04032790660858154,0.7645958662033081,0.0323026180267334
Custom Bangladeshi E-Waste Image Dataset for Objec/test/images/IMG_20250822_142551_jpg.rf.3745eaa37cd825062d50a2cc8d2a6ed6.jpg,Glass Waste,unknown,,battery,,0.7257637977600098,0.7793810963630676,0.9729533791542053,1.001142144203186,mobile,,0.8085225820541382,0.7982921600341797,0.990922749042511,1.01742684841156,0.7257637977600098,0.05361729860305786,0.7982921600341797,0.010230422019958496
Custom Bangladeshi E-Waste Image Dataset for Objec/test/images/IMG_20250822_142626_jpg.rf.f441d257ba63154645fb9a0b0941a3c6.jpg,Glass Waste,unknown,,mobile,,0.8574485778808594,0.8229741454124451,0.9587936401367188,0.9860697388648987,mobile,,0.9455708265304565,0.9392496943473816,0.9922740459442139,0.9914048314094543,0.8229741454124451,0.03447443246841431,0.9392496943473816,0.006321132183074951
Custom Bangladeshi E-Waste Image Dataset for Objec/test/images/IMG_20250822_142628_jpg.rf.1f30f5409dbd7f340471256a9e461ebf.jpg,Glass Waste,unknown,,battery,,0.8305894732475281,0.8353719115257263,0.9651818871498108,0.9665877819061279,battery,,0.9383606314659119,0.9431970715522766,0.9927107095718384,0.9689646363258362,0.8305894732475281,0.004782438278198242,0.9383606314659119,0.004836440086364746
Custom Bangladeshi E-Waste Image Dataset for Objec/test/images/IMG_20250822_142638_jpg.rf.128774d3bb2c514d0dd57b84692f2d4e.jpg,Glass Waste,unknown,,mobile,,0.8611935973167419,0.795868456363678,1.0753427743911743,1.0508003234863281,mobile,,1.0118592977523804,0.88715660572052,1.079602599143982,1.0414700508117676,0.795868456363678,0.06532514095306396,0.88715660572052,0.12470269203186035
Custom Bangladeshi E-Waste Image Dataset for Objec/test/images/IMG_20250822_142643_jpg.rf.66cd55fa6d67434cdc0214f2392dd95e.jpg,Glass Waste,unknown,,mobile,,0.8583387136459351,0.830926775932312,1.0877976417541504,1.0348830223083496,mobile,,0.9960283637046814,0.9156801104545593,1.0777803659439087,1.0403871536254883,0.830926775932312,0.027411937713623047,0.9156801104545593,0.08034825325012207
Custom Bangladeshi E-Waste Image Dataset for Objec/test/images/IMG_20250822_142918_jpg.rf.e3d1c78434872acb0e2e2064c526d1a6.jpg,Organic Waste,unknown,,pcb,,0.8911424279212952,0.8575806617736816,0.7272849082946777,1.0326260328292847,pcb,,1.0055865049362183,0.8478484749794006,0.7792177796363831,1.0248653888702393,0.7272849082946777,0.1302957534790039,0.7792177796363831,0.06863069534301758
Custom Bangladeshi E-Waste Image Dataset for Objec/test/images/IMG_20250822_142927_jpg.rf.9ec2bd6be53f3f641b3b1895f60db58e.jpg,Organic Waste,unknown,,pcb,,0.9435344934463501,0.8863571286201477,0.6856988668441772,1.0633363723754883,pcb,,1.0102547407150269,0.9243258237838745,0.8119716644287109,1.0562412738800049,0.6856988668441772,0.20065826177597046,0.8119716644287109,0.11235415935516357
Custom Bangladeshi E-Waste Image Dataset for Objec/test/images/IMG_20250822_142941_jpg.rf.75a55ee4e7ed7668f2f4c2f839be32c6.jpg,Organic Waste,unknown,,pcb,,0.9078344106674194,0.8608208298683167,0.7314019799232483,1.0357807874679565,pcb,,1.0003159046173096,0.8560254573822021,0.7986934185028076,1.0055453777313232,0.7314019799232483,0.12941884994506836,0.7986934185028076,0.05733203887939453
Custom Bangladeshi E-Waste Image Dataset for Objec/test/images/IMG_20250822_230547_jpg.rf.1fc1c1813b14d8a6c453192a3655c902.jpg,Medical Waste,unknown,,battery,,0.7688133716583252,0.8390272855758667,0.9401460289955139,1.0476250648498535,battery,,0.8550781011581421,0.8897867202758789,0.9408169984817505,1.0118906497955322,0.7688133716583252,0.0702139139175415,0.8550781011581421,0.034708619117736816
Custom Bangladeshi E-Waste Image Dataset for Objec/test/images/IMG_20250822_230555_jpg.rf.35e145133de64962603845711e1ed8ec.jpg,Medical Waste,unknown,,battery,,0.7638533115386963,0.8634884357452393,0.917444109916687,1.065601110458374,battery,,0.8704895377159119,0.8899150490760803,0.942705512046814,1.0284115076065063,0.7638533115386963,0.09963512420654297,0.8704895377159119,0.019425511360168457
Custom Bangladeshi E-Waste Image Dataset for Objec/test/images/IMG_20250822_230610_jpg.rf.2b4c14dc94b94537d8b0b0b6ef032587.jpg,Medical Waste,unknown,,battery,,0.7124431133270264,0.9439834356307983,0.8974634408950806,1.0279645919799805,battery,,0.8214683532714844,0.899117648601532,0.9152083396911621,0.9941493272781372,0.7124431133270264,0.1850203275680542,0.8214683532714844,0.07764929533004761
Custom Bangladeshi E-Waste Image Dataset for Objec/test/images/IMG_20250822_230613_jpg.rf.35667ac31e8b6a1962f303a7d62982ea.jpg,Medical Waste,unknown,,battery,,0.7226005792617798,0.940441370010376,0.8842519521713257,1.0294318199157715,battery,,0.8193395137786865,0.8923009037971497,0.9171774387359619,0.9921563267707825,0.7226005792617798,0.1616513729095459,0.8193395137786865,0.07296139001846313
Custom Bangladeshi E-Waste Image Dataset for Objec/test/images/IMG_20250822_230647_jpg.rf.8a04137d3bc5d57f3822738e5381bd92.jpg,Medical Waste,unknown,,battery,,0.6999629735946655,0.9221756458282471,0.8151966333389282,1.0957831144332886,battery,,0.8384147882461548,0.8799057602882385,0.89300936460495,1.0284209251403809,0.6999629735946655,0.1152336597442627,0.8384147882461548,0.04149097204208374
Custom Bangladeshi E-Waste Image Dataset for Objec/test/images/IMG_20250822_230649_jpg.rf.a492eb5c86abec9abd802bad8699c29e.jpg,Medical Waste,unknown,,battery,,0.7081454992294312,0.9299325346946716,0.8266801238059998,1.0845741033554077,battery,,0.8160793781280518,0.90423983335495,0.8982053995132446,1.0246481895446777,0.7081454992294312,0.1185346245765686,0.8160793781280518,0.08212602138519287
Custom Bangladeshi E-Waste Image Dataset for Objec/test/images/IMG_20250822_230655_jpg.rf.bac3745913451d68cb4a41085d31ef61.jpg,Medical Waste,unknown,,battery,,0.6619269847869873,0.9651501774787903,0.8366393446922302,1.0646008253097534,battery,,0.8049783110618591,0.885367214679718,0.8951829671859741,1.0138812065124512,0.6619269847869873,0.17471235990524292,0.8049783110618591,0.08038890361785889
Custom Bangladeshi E-Waste Image Dataset for Objec/test/images/IMG_20250822_230656_1_jpg.rf.fc0bacc62c78ad55a8db534ca1fed14a.jpg,Medical Waste,unknown,,battery,,0.6499677896499634,0.9499335885047913,0.8406414985656738,1.0649627447128296,battery,,0.8067777156829834,0.8772211074829102,0.8985612392425537,1.0141528844833374,0.6499677896499634,0.19067370891571045,0.8067777156829834,0.07044339179992676
Custom Bangladeshi E-Waste Image Dataset for Objec/test/images/IMG_20250822_230709_1_jpg.rf.2f7f2871ee1fe87720fa2d11baab2a65.jpg,Medical Waste,unknown,,battery,,0.7484699487686157,0.9071369171142578,0.911810576915741,1.0172637701034546,mobile,,0.8703274130821228,0.8462753891944885,0.9233655333518982,0.9911728501319885,0.7484699487686157,0.1586669683456421,0.8462753891944885,0.024052023887634277
Custom Bangladeshi E-Waste Image Dataset for Objec/test/images/IMG_20250822_230724_1_jpg.rf.808bea3b14ef5cc2ed3ea5925d1c25bf.jpg,Medical Waste,unknown,,battery,,0.6453027129173279,0.8184266686439514,0.829470157623291,1.0781620740890503,battery,,0.7834439873695374,0.8431174755096436,0.8768305778503418,1.0680791139602661,0.6453027129173279,0.17312395572662354,0.7834439873695374,0.0596734881401062
Custom Bangladeshi E-Waste Image Dataset for Objec/test/images/IMG_20250822_230724_jpg.rf.2a2a2381641c452a7939871d048fefff.jpg,Medical Waste,unknown,,battery,,0.6568459868431091,0.8083599805831909,0.8226462602615356,1.0698826313018799,battery,,0.7920569777488708,0.8342690467834473,0.8812317848205566,1.0593308210372925,0.6568459868431091,0.1515139937400818,0.7920569777488708,0.042212069034576416
Custom Bangladeshi E-Waste Image Dataset for Objec/test/images/IMG_20250822_230744_jpg.rf.a0b2fc492d6ba7c83137caa46cc56c8f.jpg,Medical Waste,unknown,,battery,,0.7518911957740784,0.7931982278823853,0.8928714990615845,1.066077709197998,battery,,0.806934654712677,0.8246847987174988,0.91717129945755,1.0266847610473633,0.7518911957740784,0.041307032108306885,0.806934654712677,0.017750144004821777
Custom Bangladeshi E-Waste Image Dataset for Objec/test/images/IMG_20250822_230745_1_jpg.rf.73bf940e4bf2e85eb410eeea9c357b35.jpg,Medical Waste,unknown,,battery,,0.7409120202064514,0.7855656743049622,0.8717489242553711,1.0802791118621826,battery,,0.7900115847587585,0.8293918371200562,0.9072539806365967,1.0308544635772705,0.7409120202064514,0.04465365409851074,0.7900115847587585,0.03938025236129761
Custom Bangladeshi E-Waste Image Dataset for Objec/test/images/IMG_20250822_230750_1_jpg.rf.f2e3e131c4b8d6a6d72a384376258e0d.jpg,Medical Waste,unknown,,mobile,,0.8005582094192505,0.7685002684593201,0.8615240454673767,1.0845204591751099,mobile,,0.8556005954742432,0.8302187919616699,0.8953889608383179,1.0411311388015747,0.7685002684593201,0.03205794095993042,0.8302187919616699,0.025381803512573242
Custom Bangladeshi E-Waste Image Dataset for Objec/test/images/IMG_20250822_230751_jpg.rf.5c638c4102c040fcaa64f8a0d317165b.jpg,Medical Waste,unknown,,mobile,,0.78982013463974,0.7855416536331177,0.8587585091590881,1.0786128044128418,mobile,,0.8530789613723755,0.8325682282447815,0.9064813852310181,1.0445424318313599,0.7855416536331177,0.0042784810066223145,0.8325682282447815,0.020510733127593994
Custom Bangladeshi E-Waste Image Dataset for Objec/test/images/IMG_20250822_230806_jpg.rf.c8a7884348f583755a33cec2dc4c4ab7.jpg,Medical Waste,unknown,,battery,,0.6698339581489563,0.8130031824111938,0.8623504042625427,1.0685241222381592,battery,,0.8133220076560974,0.8516213893890381,0.8936733603477478,1.037799596786499,0.6698339581489563,0.14316922426223755,0.8133220076560974,0.038299381732940674
Custom Bangladeshi E-Waste Image Dataset for Objec/test/images/IMG_20250822_230809_jpg.rf.71e17e6779d446396216a6349a01c58b.jpg,Medical Waste,unknown,,battery,,0.7191649675369263,0.7661607265472412,0.8595521450042725,1.0705218315124512,mobile,,0.8557172417640686,0.827216625213623,0.8848904967308044,1.0461184978485107,0.7191649675369263,0.04699575901031494,0.827216625213623,0.028500616550445557
Custom Bangladeshi E-Waste Image Dataset for Objec/test/images/IMG_20250822_230810_jpg.rf.f58ea44e618ab1cfe3c2c37bd2f634d9.jpg,Medical Waste,unknown,,battery,,0.725540280342102,0.782611608505249,0.8657320141792297,1.062380075454712,mobile,,0.8631025552749634,0.828212559223175,0.8702669143676758,1.0344500541687012,0.725540280342102,0.05707132816314697,0.828212559223175,0.03488999605178833
Custom Bangladeshi E-Waste Image Dataset for Objec/test/images/IMG_20250822_230814_jpg.rf.c1a3e8be37415e8a91dbd1d08a1e586e.jpg,Medical Waste,unknown,,battery,,0.7236822843551636,0.7721582651138306,0.8532443046569824,1.0675833225250244,mobile,,0.8460543751716614,0.8372170925140381,0.8821379542350769,1.045409083366394,0.7236822843551636,0.04847598075866699,0.8372170925140381,0.008837282657623291
Custom Bangladeshi E-Waste Image Dataset for Objec/test/images/IMG_20250822_230820_1_jpg.rf.0152832bad830afad6025dad73acb855.jpg,Medical Waste,unknown,,battery,,0.7198778390884399,0.8001635670661926,0.8290971517562866,1.0558592081069946,battery,,0.827802300453186,0.8458982110023499,0.8693286776542664,1.0235289335250854,0.7198778390884399,0.08028572797775269,0.827802300453186,0.01809591054916382
Custom Bangladeshi E-Waste Image Dataset for Objec/test/images/IMG_20250822_230822_jpg.rf.d73da08d0256f0d949555210e81cdc83.jpg,Medical Waste,unknown,,battery,,0.7232339382171631,0.7798582315444946,0.8460103869438171,1.0531740188598633,battery,,0.840916633605957,0.8436356782913208,0.8757631778717041,1.0195848941802979,0.7232339382171631,0.05662429332733154,0.840916633605957,0.0027190446853637695
Custom Bangladeshi E-Waste Image Dataset for Objec/test/images/IMG_20250822_230827_1_jpg.rf.f3088dd2b28aca547dae631de9e65eb6.jpg,Medical Waste,unknown,,battery,,0.8082097768783569,0.8651598691940308,0.8723334670066833,1.0819350481033325,mobile,,0.8823882937431335,0.8516024351119995,0.9090679287910461,1.0210007429122925,0.8082097768783569,0.05695009231567383,0.8516024351119995,0.030785858631134033
Custom Bangladeshi E-Waste Image Dataset for Objec/test/images/IMG_20250822_230828_1_jpg.rf.88a62d0b5973073c62ee48f6f650e23d.jpg,Medical Waste,unknown,,battery,,0.8059479594230652,0.8512692451477051,0.8699928522109985,1.0793232917785645,mobile,,0.8754591941833496,0.8505304455757141,0.8988974094390869,1.0274970531463623,0.8059479594230652,0.04532128572463989,0.8505304455757141,0.024928748607635498
Custom Bangladeshi E-Waste Image Dataset for Objec/test/images/IMG_20250822_230835_jpg.rf.8a9dfd1a6abb94aa793e2df8e07fba47.jpg,Medical Waste,unknown,,battery,,0.8125413060188293,0.8509612083435059,0.8743785619735718,1.082104206085205,mobile,,0.8818585872650146,0.8450499176979065,0.9156417846679688,1.0027774572372437,0.8125413060188293,0.038419902324676514,0.8450499176979065,0.036808669567108154
Custom Bangladeshi E-Waste Image Dataset for Objec/test/images/IMG_20250822_230836_1_jpg.rf.93026f89e4399a3e5e76a4ff8b1ac771.jpg,Medical Waste,unknown,,battery,,0.824131965637207,0.8357667922973633,0.8765198588371277,1.0877175331115723,mobile,,0.8699229955673218,0.8526535034179688,0.9138169884681702,1.0173372030258179,0.824131965637207,0.01163482666015625,0.8526535034179688,0.017269492149353027
Custom Bangladeshi E-Waste Image Dataset for Objec/test/images/IMG_20250822_230859_1_jpg.rf.8fbf00fb99f4d6e4c909ef44e6722b6b.jpg,Medical Waste,unknown,,battery,,0.6518731117248535,0.9205072522163391,0.8278189897537231,1.0873912572860718,battery,,0.7773529887199402,0.8479375839233398,0.8936705589294434,1.0583845376968384,0.6518731117248535,0.17594587802886963,0.7773529887199402,0.07058459520339966
Custom Bangladeshi E-Waste Image Dataset for Objec/test/images/IMG_20250822_230859_jpg.rf.4606db8bba47abdb059d3325d7f46d6e.jpg,Medical Waste,unknown,,battery,,0.6604522466659546,0.8941887617111206,0.8282181024551392,1.0802117586135864,battery,,0.7737657427787781,0.8140570521354675,0.8847771286964417,1.0614922046661377,0.6604522466659546,0.16776585578918457,0.7737657427787781,0.04029130935668945
Custom Bangladeshi E-Waste Image Dataset for Objec/test/images/IMG_20250822_230902_jpg.rf.d37d70a19cd3c53b52d33056d1598a9b.jpg,Medical Waste,unknown,,battery,,0.6594439744949341,0.9691904783248901,0.8256585001945496,1.0818026065826416,battery,,0.7766231298446655,0.8435578942298889,0.896767795085907,1.0536489486694336,0.6594439744949341,0.16621452569961548,0.7766231298446655,0.06693476438522339
Custom Bangladeshi E-Waste Image Dataset for Objec/test/images/IMG_20250822_230903_1_jpg.rf.718861aa287c12340d11bcfd270e3abf.jpg,Medical Waste,unknown,,battery,,0.6580339670181274,0.9396678805351257,0.8359569311141968,1.0825607776641846,battery,,0.7787387371063232,0.8432624936103821,0.8960619568824768,1.0610377788543701,0.6580339670181274,0.17792296409606934,0.7787387371063232,0.06452375650405884
Custom Bangladeshi E-Waste Image Dataset for Objec/test/images/IMG_20250822_230933_jpg.rf.42b56caa8399d8e9d56c48d2a47e861a.jpg,Medical Waste,unknown,,battery,,0.7360333204269409,0.9449278116226196,0.9683454036712646,0.9436138868331909,input_peripheral,,0.8924707174301147,0.9524856209754944,1.000760793685913,0.8919762969017029,0.7360333204269409,0.20758056640625,0.8919762969017029,0.0004944205284118652
Custom Bangladeshi E-Waste Image Dataset for Objec/test/images/IMG_20250822_230934_jpg.rf.9afc1843805726879eb1506ed6df3d0f.jpg,Medical Waste,unknown,,battery,,0.7378352284431458,0.9624253511428833,0.9459018707275391,0.9549826979637146,battery,,0.8856819272041321,0.9479876756668091,0.9979608058929443,0.8944891691207886,0.7378352284431458,0.2080666422843933,0.8856819272041321,0.008807241916656494
Custom Bangladeshi E-Waste Image Dataset for Objec/test/images/IMG_20250822_230939_jpg.rf.950d03a3243e5f7b708f7f7b28e32f9d.jpg,Medical Waste,unknown,,battery,,0.720242440700531,0.9870389103889465,0.9555891752243042,0.9057985544204712,battery,,0.8691179752349854,0.982245683670044,0.986679196357727,0.8902192115783691,0.720242440700531,0.18555611371994019,0.8691179752349854,0.02110123634338379
Custom Bangladeshi E-Waste Image Dataset for Objec/test/images/IMG_20250822_230959_jpg.rf.14a5c983f0588c30b1ae533014d69a93.jpg,Medical Waste,unknown,,battery,,0.7253976464271545,0.9335780143737793,0.9739554524421692,0.8925091028213501,battery,,0.8780105710029602,0.949054479598999,0.9840073585510254,0.8906537890434265,0.7253976464271545,0.16711145639419556,0.8780105710029602,0.012643218040466309
Custom Bangladeshi E-Waste Image Dataset for Objec/test/images/IMG_20250822_231006_jpg.rf.69e268cdda445cefdfd1fa5feafe6624.jpg,Medical Waste,unknown,,battery,,0.7560195326805115,0.8081012964248657,0.9019736647605896,0.9568082690238953,mobile,,0.9176099896430969,0.8642986416816711,0.9849792122840881,0.965340256690979,0.7560195326805115,0.05208176374435425,0.8642986416816711,0.05331134796142578
Custom Bangladeshi E-Waste Image Dataset for Objec/test/images/IMG_20250822_231009_1_jpg.rf.350057483044d17308cf711abbef5e50.jpg,Medical Waste,unknown,,battery,,0.741162896156311,0.8070120215415955,0.9121986031532288,0.9629297852516174,mobile,,0.9133917689323425,0.8673266172409058,0.998014509677887,0.9516246318817139,0.741162896156311,0.06584912538528442,0.8673266172409058,0.04606515169143677
Custom Bangladeshi E-Waste Image Dataset for Objec/test/images/IMG_20250822_231010_jpg.rf.72416950c9568f45f8fb88f6d5e47048.jpg,Medical Waste,unknown,,battery,,0.7442480325698853,0.7985121011734009,0.9184913039207458,0.9808540940284729,mobile,,0.9140338897705078,0.8509607911109924,1.0012552738189697,0.9586291313171387,0.7442480325698853,0.054264068603515625,0.8509607911109924,0.06307309865951538
Custom Bangladeshi E-Waste Image Dataset for Objec/test/images/IMG_20250822_231015_1_jpg.rf.2b5837fc595a7df0d0b70b651d8f0759.jpg,Medical Waste,unknown,,battery,,0.7575324177742004,0.7911735773086548,0.8987064361572266,0.9148303270339966,mobile,,0.9466044306755066,0.830998420715332,0.974525511264801,0.9202169179916382,0.7575324177742004,0.033641159534454346,0.830998420715332,0.08921849727630615
Custom Bangladeshi E-Waste Image Dataset for Objec/test/images/IMG_20250822_231016_jpg.rf.10db514065989dd2b1000319bd77ede1.jpg,Medical Waste,unknown,,battery,,0.7425537705421448,0.7811062932014465,0.8997336626052856,0.9169639945030212,mobile,,0.944223940372467,0.8335061073303223,0.9763856530189514,0.9168317317962646,0.7425537705421448,0.03855252265930176,0.8335061073303223,0.08332562446594238
Custom Bangladeshi E-Waste Image Dataset for Objec/test/images/IMG_20250822_231025_1_jpg.rf.f88ff3cfa58096932a4d5be7ea1c003b.jpg,Medical Waste,unknown,,mobile,,0.7314112186431885,0.7175074815750122,0.953488826751709,0.9588056206703186,mobile,,0.9515814781188965,0.8049584031105042,1.0194162130355835,0.9309698343276978,0.7175074815750122,0.01390373706817627,0.8049584031105042,0.1260114312171936
Custom Bangladeshi E-Waste Image Dataset for Objec/test/images/IMG_20250822_231025_jpg.rf.6a262fdd6af025ae819a92bc11b54fe7.jpg,Medical Waste,unknown,,mobile,,0.7268821001052856,0.6995236873626709,0.9635465145111084,0.954288125038147,mobile,,0.9585353136062622,0.7876540422439575,1.0261461734771729,0.924487829208374,0.6995236873626709,0.027358412742614746,0.7876540422439575,0.1368337869644165
Custom Bangladeshi E-Waste Image Dataset for Objec/test/images/IMG_20250822_231026_jpg.rf.dc047e44b8968fa277d6e15b36bc3983.jpg,Medical Waste,unknown,,mobile,,0.7315162420272827,0.7244453430175781,0.9524762034416199,0.9494746923446655,mobile,,0.9528377056121826,0.7993488311767578,1.0171109437942505,0.9254693388938904,0.7244453430175781,0.00707089900970459,0.7993488311767578,0.12612050771713257
Custom Bangladeshi E-Waste Image Dataset for Objec/test/images/IMG_20250822_231031_jpg.rf.7621229e8ae4e8dde1396f6a41e5dc07.jpg,Medical Waste,unknown,,mobile,,0.7587707042694092,0.7564433813095093,0.9321874976158142,0.9726421236991882,mobile,,0.9333130717277527,0.8310911655426025,1.0299149751663208,0.9403572082519531,0.7564433813095093,0.0023273229598999023,0.8310911655426025,0.10222190618515015
Custom Bangladeshi E-Waste Image Dataset for Objec/test/images/IMG_20250822_231036_jpg.rf.a34f3ba8706fb3d08b9cfe1661a31acf.jpg,Medical Waste,unknown,,battery,,0.7024568319320679,0.9043466448783875,0.9417285919189453,0.9574439525604248,battery,,0.8769603371620178,0.9012613296508789,0.9985687732696533,0.9085789322853088,0.7024568319320679,0.20188981294631958,0.8769603371620178,0.024300992488861084
Custom Bangladeshi E-Waste Image Dataset for Objec/test/images/IMG_20250822_231038_1_jpg.rf.f3ea96639d21d31aefda2357b3886bdc.jpg,Medical Waste,unknown,,battery,,0.7148153781890869,0.8858279585838318,0.948663055896759,0.9659245014190674,battery,,0.8897899985313416,0.9043033123016357,1.0005582571029663,0.9052902460098267,0.7148153781890869,0.17101258039474487,0.8897899985313416,0.01451331377029419
Custom Bangladeshi E-Waste Image Dataset for Objec/test/images/IMG_20250822_231038_jpg.rf.ec1b785f10281e3d489520dd81852c4f.jpg,Medical Waste,unknown,,battery,,0.6946538686752319,0.8998377323150635,0.9439989328384399,0.9592055678367615,battery,,0.8643314242362976,0.9066563248634338,0.9962334632873535,0.9213066101074219,0.6946538686752319,0.20518386363983154,0.8643314242362976,0.04232490062713623
Custom Bangladeshi E-Waste Image Dataset for Objec/test/images/IMG_20250822_231039_jpg.rf.98bd6fce969140fc63338db18db5c804.jpg,Medical Waste,unknown,,battery,,0.7146205902099609,0.8782864809036255,0.9492982029914856,0.9466174244880676,battery,,0.8845427632331848,0.9009798765182495,0.9948846697807312,0.9042801260948181,0.7146205902099609,0.16366589069366455,0.8845427632331848,0.016437113285064697
Custom Bangladeshi E-Waste Image Dataset for Objec/test/images/IMG_20250822_231124_jpg.rf.454eb5a36ebdb2ad770c60899ed1ff5d.jpg,Battery Waste,known,battery,battery,1,0.5077681541442871,0.8855974078178406,0.7678608894348145,1.0801174640655518,battery,1,0.6907533407211304,0.8674506545066833,0.8257004022598267,1.0300930738449097,0.5077681541442871,0.26009273529052734,0.6907533407211304,0.1349470615386963
Custom Bangladeshi E-Waste Image Dataset for Objec/test/images/IMG_20250822_231126_jpg.rf.7712b4701c0e3c8ad2f513a37cac8107.jpg,Battery Waste,known,battery,battery,1,0.513649582862854,0.8687725067138672,0.7516894340515137,1.0848572254180908,battery,1,0.7251570224761963,0.83974289894104,0.8043148517608643,1.0163719654083252,0.513649582862854,0.23803985118865967,0.7251570224761963,0.07915782928466797
Custom Bangladeshi E-Waste Image Dataset for Objec/test/images/IMG_20250822_231151_jpg.rf.2607ab2dc8acaf81e39a0adf8e0950f7.jpg,Battery Waste,known,battery,battery,1,0.6697165966033936,0.7343900203704834,0.8712476491928101,1.0677547454833984,mobile,2,0.825742244720459,0.7810965776443481,0.8709926605224609,1.0067393779754639,0.6697165966033936,0.06467342376708984,0.7810965776443481,0.04464566707611084
Custom Bangladeshi E-Waste Image Dataset for Objec/test/images/IMG_20250822_231152_jpg.rf.e62543112ad7bd0d4593d533a2e3f231.jpg,Battery Waste,known,battery,battery,1,0.6966328024864197,0.7229164838790894,0.858953595161438,1.0747286081314087,mobile,2,0.8132337331771851,0.7675310373306274,0.8369544148445129,1.0271615982055664,0.6966328024864197,0.026283681392669678,0.7675310373306274,0.04570269584655762
Custom Bangladeshi E-Waste Image Dataset for Objec/test/images/IMG_20250822_231209_1_jpg.rf.fcf651145e2d95b81efe4e9904f3cfed.jpg,Battery Waste,known,battery,battery,1,0.5848101377487183,0.7926367521286011,0.8656301498413086,1.051574468612671,battery,1,0.8052787780761719,0.8616142272949219,0.8939000368118286,0.9920817613601685,0.5848101377487183,0.2078266143798828,0.8052787780761719,0.05633544921875
Custom Bangladeshi E-Waste Image Dataset for Objec/test/images/IMG_20250822_231210_jpg.rf.3e928d15c853583abf8b89eff296af81.jpg,Battery Waste,known,battery,battery,1,0.5747987031936646,0.7707781791687012,0.8944682478904724,1.0411475896835327,battery,1,0.6503320932388306,0.8577897548675537,0.8777017593383789,0.9885849356651306,0.5747987031936646,0.19597947597503662,0.6503320932388306,0.20745766162872314
Custom Bangladeshi E-Waste Image Dataset for Objec/test/images/IMG_20250822_231211_jpg.rf.29439c714ba00a43492ccf5b2673e53f.jpg,Battery Waste,known,battery,battery,1,0.5845763683319092,0.7960612177848816,0.8984158039093018,1.0650335550308228,battery,1,0.8316450715065002,0.8782335519790649,0.8964172601699829,0.992384672164917,0.5845763683319092,0.2114848494529724,0.8316450715065002,0.0465884804725647
Custom Bangladeshi E-Waste Image Dataset for Objec/test/images/IMG_20250822_231221_jpg.rf.f1b09c45232ce7f53d9929c1a6024cc0.jpg,Battery Waste,known,battery,battery,1,0.5177278518676758,0.7725057601928711,0.8791198134422302,1.0627676248550415,battery,1,0.5680404901504517,0.8410931825637817,0.8962352275848389,1.0352253913879395,0.5177278518676758,0.2547779083251953,0.5680404901504517,0.2730526924133301
Custom Bangladeshi E-Waste Image Dataset for Objec/test/images/IMG_20250822_231228_1_jpg.rf.8374d1d76854c1115c33fd7b7bedb107.jpg,Battery Waste,known,battery,battery,1,0.444243848323822,0.790880024433136,0.8751072883605957,1.0271687507629395,battery,1,0.4701163172721863,0.8913952708244324,0.8931090831756592,1.0064040422439575,0.444243848323822,0.34663617610931396,0.4701163172721863,0.4212789535522461
Custom Bangladeshi E-Waste Image Dataset for Objec/test/images/IMG_20250822_231228_jpg.rf.5878b0c9eb72ca9d1cdcfc596fc61234.jpg,Battery Waste,known,battery,battery,1,0.5032895803451538,0.7803128957748413,0.8500174283981323,1.0394079685211182,battery,1,0.6078111529350281,0.8786441683769226,0.8735489845275879,1.0013997554779053,0.5032895803451538,0.2770233154296875,0.6078111529350281,0.2657378315925598
Custom Bangladeshi E-Waste Image Dataset for Objec/test/images/IMG_20250822_231238_jpg.rf.3c4cd2453b779bbf5224c35672da6c9d.jpg,Battery Waste,known,battery,battery,1,0.7874361872673035,0.7982046604156494,0.8573858737945557,1.0542148351669312,mobile,3,0.9293999671936035,0.8458516597747803,0.8966437578201294,0.9888197183609009,0.7874361872673035,0.010768473148345947,0.8458516597747803,0.05079209804534912
Custom Bangladeshi E-Waste Image Dataset for Objec/test/images/IMG_20250822_231239_jpg.rf.a708ada26d463e1fc8125634fc78cbf5.jpg,Battery Waste,known,battery,battery,1,0.7797075510025024,0.8191537261009216,0.8515634536743164,1.0620559453964233,mobile,3,0.9185677170753479,0.8533701300621033,0.8973907232284546,0.9992523789405823,0.7797075510025024,0.03944617509841919,0.8533701300621033,0.04402059316635132
Custom Bangladeshi E-Waste Image Dataset for Objec/test/images/IMG_20250822_231241_1_jpg.rf.08f4254c1a6be413d72d48bc233c8175.jpg,Battery Waste,known,battery,battery,1,0.783653736114502,0.825018584728241,0.8402308225631714,1.0580705404281616,mobile,3,0.9221588373184204,0.8621727228164673,0.8949281573295593,0.9961539506912231,0.783653736114502,0.041364848613739014,0.8621727228164673,0.03275543451309204
Custom Bangladeshi E-Waste Image Dataset for Objec/test/images/IMG_20250822_231256_1_jpg.rf.aea99bc61d2369c19f56241e3f0876cf.jpg,Battery Waste,known,battery,battery,1,0.7161563634872437,0.7922918796539307,0.8353428244590759,1.0302987098693848,mobile,3,0.8773233294487,0.8521087169647217,0.8646976351737976,0.9672710299491882,0.7161563634872437,0.07613551616668701,0.8521087169647217,0.012588918209075928
Custom Bangladeshi E-Waste Image Dataset for Objec/test/images/IMG_20250822_231350_jpg.rf.b17f565cb34a9f78d1650036de0594ef.jpg,Medical Waste,unknown,,battery,,0.7262665033340454,0.8399946093559265,0.8516277074813843,1.0248907804489136,mobile,,0.9096243977546692,0.8608717918395996,0.9079967737197876,0.9947940111160278,0.7262665033340454,0.1137281060218811,0.8608717918395996,0.04712498188018799
Custom Bangladeshi E-Waste Image Dataset for Objec/test/images/IMG_20250822_231352_jpg.rf.f979dce56cf1c122fda2541591fb72fa.jpg,Medical Waste,unknown,,battery,,0.7249618172645569,0.8211488127708435,0.852288007736206,1.0249128341674805,mobile,,0.8942490816116333,0.8465756773948669,0.9220229387283325,0.9865744709968567,0.7249618172645569,0.09618699550628662,0.8465756773948669,0.04767340421676636
Custom Bangladeshi E-Waste Image Dataset for Objec/test/images/IMG_20250822_231353_jpg.rf.c001d597aee676247b60df22f945ddec.jpg,Medical Waste,unknown,,battery,,0.7328600287437439,0.8386147022247314,0.8504090309143066,1.0162321329116821,mobile,,0.8970503211021423,0.8542237281799316,0.9092549681663513,0.9792993664741516,0.7328600287437439,0.10575467348098755,0.8542237281799316,0.04282659292221069
Custom Bangladeshi E-Waste Image Dataset for Objec/train/images/IMG_20250803_215648_jpg.rf.76ccb3808e396afdab350d5bc97f6366.jpg,Battery Waste,known,battery,battery,1,0.471163809299469,0.7386440634727478,0.8599490523338318,1.1167978048324585,battery,1,0.46190589666366577,0.7940202951431274,0.870185136795044,1.0660301446914673,0.471163809299469,0.2674802541732788,0.46190589666366577,0.33211439847946167
Custom Bangladeshi E-Waste Image Dataset for Objec/train/images/IMG_20250803_215648_jpg.rf.c339d9561861e32aec3649527f4423f7.jpg,Battery Waste,known,battery,battery,1,0.3364781141281128,0.6244513988494873,0.8516133427619934,1.0618271827697754,battery,1,0.3979308009147644,0.7449367046356201,0.8597900867462158,1.0283933877944946,0.3364781141281128,0.2879732847213745,0.3979308009147644,0.3470059037208557
Custom Bangladeshi E-Waste Image Dataset for Objec/train/images/IMG_20250803_215648_jpg.rf.e06da5e80cf6d6815419245cec540057.jpg,Battery Waste,known,battery,battery,1,0.5833221077919006,0.7497698068618774,0.9054257869720459,1.1515949964523315,battery,1,0.7905737161636353,0.8569048047065735,0.8862607479095459,1.0855833292007446,0.5833221077919006,0.1664476990699768,0.7905737161636353,0.06633108854293823
Custom Bangladeshi E-Waste Image Dataset for Objec/train/images/IMG_20250803_215701_jpg.rf.352a524931e1295dac040a7f6381d4f1.jpg,Battery Waste,known,battery,mobile,2,0.6616976857185364,0.4355691075325012,0.884580671787262,1.0669344663619995,mobile,2,0.8623471856117249,0.29503148794174194,0.9981020092964172,1.0620659589767456,0.4355691075325012,0.22612857818603516,0.29503148794174194,0.5673156976699829
Custom Bangladeshi E-Waste Image Dataset for Objec/train/images/IMG_20250803_215701_jpg.rf.953215ef1f4ce660a9ce216ed10cd5fe.jpg,Battery Waste,known,battery,mobile,2,0.7544345855712891,0.7094249725341797,0.8359484672546387,1.0566940307617188,mobile,3,0.8188406825065613,0.7884286046028137,0.7925047278404236,1.0197701454162598,0.7094249725341797,0.045009613037109375,0.7884286046028137,0.004076123237609863
Custom Bangladeshi E-Waste Image Dataset for Objec/train/images/IMG_20250803_215701_jpg.rf.e582db8c0d1f0560b6d54cc15f102097.jpg,Battery Waste,known,battery,mobile,2,0.8004876375198364,0.6575911045074463,0.8973017930984497,1.0570756196975708,mobile,3,0.8742590546607971,0.7417411804199219,0.8331952095031738,1.0210658311843872,0.6575911045074463,0.14289653301239014,0.7417411804199219,0.09145402908325195
Custom Bangladeshi E-Waste Image Dataset for Objec/train/images/IMG_20250803_215704_jpg.rf.0d941aee39572d80f929eb96b4640aaa.jpg,Battery Waste,known,battery,mobile,2,0.7990450859069824,0.6481203436851501,0.9110151529312134,1.0627115964889526,mobile,2,0.9628077745437622,0.5748323202133179,0.974867045879364,1.0755400657653809,0.6481203436851501,0.15092474222183228,0.5748323202133179,0.38797545433044434
Custom Bangladeshi E-Waste Image Dataset for Objec/train/images/IMG_20250803_215704_jpg.rf.9e7e0d24e11f27af943cdf2c6ea3daa4.jpg,Battery Waste,known,battery,mobile,2,0.6759612560272217,0.4421413540840149,0.9251501560211182,1.0532915592193604,mobile,2,0.8489130735397339,0.4155513644218445,0.967009425163269,1.0172200202941895,0.4421413540840149,0.2338199019432068,0.4155513644218445,0.4333617091178894
Custom Bangladeshi E-Waste Image Dataset for Objec/train/images/IMG_20250803_215704_jpg.rf.f00cf5b73c3af9c585d0df618a428c39.jpg,Battery Waste,known,battery,mobile,2,0.7600716352462769,0.6745258569717407,0.9392478466033936,1.0297632217407227,mobile,2,0.8419098854064941,0.7271299362182617,0.9436846971511841,1.0427401065826416,0.6745258569717407,0.08554577827453613,0.7271299362182617,0.11477994918823242
Custom Bangladeshi E-Waste Image Dataset for Objec/train/images/IMG_20250803_215753_jpg.rf.665f84f766199c759bdabee414daf5ad.jpg,Battery Waste,known,battery,battery,1,0.7959348559379578,0.9292694330215454,0.8404441475868225,1.0573041439056396,pcb,3,0.9299883842468262,0.889509379863739,0.8532463312149048,1.0144233703613281,0.7959348559379578,0.044509291648864746,0.8532463312149048,0.03626304864883423
Custom Bangladeshi E-Waste Image Dataset for Objec/train/images/IMG_20250803_215753_jpg.rf.6b4e8f027d529c142a005c8042a782a1.jpg,Battery Waste,known,battery,battery,1,0.6097103357315063,0.6572830677032471,0.862467348575592,1.076335072517395,mobile,2,0.8373069763183594,0.7731757164001465,0.8919121026992798,1.0007731914520264,0.6097103357315063,0.04757273197174072,0.7731757164001465,0.06413125991821289
Custom Bangladeshi E-Waste Image Dataset for Objec/train/images/IMG_20250803_215753_jpg.rf.fcef9d6acea49b62724194527689a086.jpg,Battery Waste,known,battery,battery,1,0.7029896378517151,0.8374886512756348,0.8604110479354858,1.055675983428955,battery,1,0.8399291634559631,0.8595622777938843,0.8906195759773254,1.0322293043136597,0.7029896378517151,0.13449901342391968,0.8399291634559631,0.019633114337921143
Custom Bangladeshi E-Waste Image Dataset for Objec/train/images/IMG_20250803_215755_jpg.rf.02fea5708529fa5762186f65ab447c9e.jpg,Battery Waste,known,battery,battery,1,0.6877709627151489,0.7592345476150513,0.8653931021690369,1.043149709701538,battery,1,0.8068978786468506,0.8194015026092529,0.8768203258514404,1.0271399021148682,0.6877709627151489,0.07146358489990234,0.8068978786468506,0.012503623962402344
Custom Bangladeshi E-Waste Image Dataset for Objec/train/images/IMG_20250803_215755_jpg.rf.86629ff209a27b91f91ada50042844d8.jpg,Battery Waste,known,battery,battery,1,0.5978370308876038,0.6262467503547668,0.8589518666267395,1.0835988521575928,mobile,2,0.7243732213973999,0.7036303281784058,0.8629790544509888,1.0160186290740967,0.5978370308876038,0.028409719467163086,0.7036303281784058,0.02074289321899414
Custom Bangladeshi E-Waste Image Dataset for Objec/train/images/IMG_20250803_215755_jpg.rf.ee180e7cf5243b0f31a037d431aac714.jpg,Battery Waste,known,battery,mobile,2,0.7680313587188721,0.7510362863540649,0.8651435375213623,1.0838006734848022,mobile,2,0.8290835618972778,0.8001984357833862,0.866030216217041,1.0517293214797974,0.7510362863540649,0.01699507236480713,0.8001984357833862,0.0288851261138916
Custom Bangladeshi E-Waste Image Dataset for Objec/train/images/IMG_20250803_215808_jpg.rf.8a06ce738b95b31fc02705ce61b6d0ad.jpg,Battery Waste,known,battery,battery,1,0.6624873280525208,0.733991265296936,0.8009329438209534,1.0395172834396362,battery,1,0.7639071941375732,0.785797655582428,0.8330899477005005,1.0299581289291382,0.6624873280525208,0.07150393724441528,0.7639071941375732,0.021890461444854736
Custom Bangladeshi E-Waste Image Dataset for Objec/train/images/IMG_20250803_215808_jpg.rf.c547051ab6eefb114e85665da4474239.jpg,Battery Waste,known,battery,battery,1,0.7742106914520264,0.931952953338623,0.8406069278717041,1.0312294960021973,battery,1,0.8858616352081299,0.9123210906982422,0.8869916200637817,1.0447427034378052,0.7742106914520264,0.06639623641967773,0.8858616352081299,0.0011299848556518555
Custom Bangladeshi E-Waste Image Dataset for Objec/train/images/IMG_20250803_215808_jpg.rf.e0e84a12bb13158f05811974c97c5c67.jpg,Battery Waste,known,battery,battery,1,0.7173010110855103,0.8725576400756836,0.8461198210716248,1.0286381244659424,pcb,2,0.8697495460510254,0.8734216690063477,0.8513832688331604,1.0426437854766846,0.7173010110855103,0.1288188099861145,0.8513832688331604,0.01836627721786499
Custom Bangladeshi E-Waste Image Dataset for Objec/train/images/IMG_20250803_215901_jpg.rf.121ff2310fe43811f05271b148cae4ef.jpg,Mouse,known,input_peripheral,input_peripheral,1,1.10114586353302,1.0482535362243652,1.1370126008987427,0.08111613988876343,input_peripheral,1,1.1113417148590088,1.104823112487793,1.1356515884399414,0.11698055267333984,0.08111613988876343,0.9671373963356018,0.11698055267333984,0.9878425598144531
Custom Bangladeshi E-Waste Image Dataset for Objec/train/images/IMG_20250803_215901_jpg.rf.1be1b4a53443d0b586d89af085c94314.jpg,Mouse,known,input_peripheral,input_peripheral,1,1.0991153717041016,1.0764713287353516,1.1181690692901611,0.07901370525360107,input_peripheral,1,1.077354907989502,1.1278268098831177,1.0897353887557983,0.1136549711227417,0.07901370525360107,0.9974576234817505,0.1136549711227417,0.9636999368667603
Custom Bangladeshi E-Waste Image Dataset for Objec/train/images/IMG_20250803_215901_jpg.rf.c61b8020201c5201a4c17ee00dd313ee.jpg,Mouse,known,input_peripheral,input_peripheral,1,1.0696150064468384,1.0601028203964233,1.1132975816726685,0.08624106645584106,input_peripheral,1,1.04563307762146,1.0621075630187988,1.1108893156051636,0.14690762758255005,0.08624106645584106,0.9738617539405823,0.14690762758255005,0.8987254500389099
Custom Bangladeshi E-Waste Image Dataset for Objec/train/images/IMG_20250803_215915_jpg.rf.1c08cb4ae20dd1839fb94bb0705366f4.jpg,Mouse,known,input_peripheral,input_peripheral,1,1.0282316207885742,1.068928837776184,1.0331255197525024,0.16571837663650513,input_peripheral,1,1.0303070545196533,1.078005313873291,0.9954048991203308,0.188801109790802,0.16571837663650513,0.8625132441520691,0.188801109790802,0.8066037893295288
Custom Bangladeshi E-Waste Image Dataset for Objec/train/images/IMG_20250803_215915_jpg.rf.b576cb52c32a5518d766f7cae654fb0d.jpg,Mouse,known,input_peripheral,input_peripheral,1,1.0435949563980103,1.0135469436645508,0.9932442903518677,0.24005472660064697,input_peripheral,1,1.0277364253997803,1.0440911054611206,0.9899369478225708,0.19578790664672852,0.24005472660064697,0.7531895637512207,0.19578790664672852,0.7941490411758423
Custom Bangladeshi E-Waste Image Dataset for Objec/train/images/IMG_20250803_215915_jpg.rf.e940d8c0ac5dd3a490a488180d848a1b.jpg,Mouse,known,input_peripheral,input_peripheral,1,0.9727136492729187,0.995330274105072,1.0379160642623901,0.15697163343429565,input_peripheral,1,0.9771764278411865,1.0061595439910889,1.0123225450515747,0.2097243070602417,0.15697163343429565,0.815742015838623,0.2097243070602417,0.7674521207809448
Custom Bangladeshi E-Waste Image Dataset for Objec/train/images/IMG_20250803_215924_jpg.rf.2527e2e5a72383888bed75c4da4b9c64.jpg,Mouse,known,input_peripheral,input_peripheral,1,0.9713367819786072,0.9935203194618225,0.9971628189086914,0.176280677318573,input_peripheral,1,0.9818785786628723,0.9767167568206787,1.0057766437530518,0.2156025767326355,0.176280677318573,0.7950561046600342,0.2156025767326355,0.7611141800880432
Custom Bangladeshi E-Waste Image Dataset for Objec/train/images/IMG_20250803_215924_jpg.rf.60cf2c8685a834672f27bb979e38da38.jpg,Mouse,known,input_peripheral,input_peripheral,1,1.0122734308242798,1.012336254119873,0.9951319694519043,0.21025705337524414,input_peripheral,1,0.9911194443702698,0.9502076506614685,1.0022052526474,0.23997437953948975,0.21025705337524414,0.7848749160766602,0.23997437953948975,0.7102332711219788
Custom Bangladeshi E-Waste Image Dataset for Objec/train/images/IMG_20250803_215924_jpg.rf.e2ad3babfd30fd6c9cd1cc5c6d3785e2.jpg,Mouse,known,input_peripheral,input_peripheral,1,0.978299081325531,1.024301290512085,0.9514011144638062,0.24837946891784668,input_peripheral,1,1.0165579319000244,1.0417839288711548,0.9565667510032654,0.23562294244766235,0.24837946891784668,0.7030216455459595,0.23562294244766235,0.720943808555603
Custom Bangladeshi E-Waste Image Dataset for Objec/train/images/IMG_20250803_220022_jpg.rf.1b9bf10def62ebe2424913192f6033b6.jpg,Mobile,known,mobile,mobile,1,0.8755506873130798,0.6455267667770386,0.9163417816162109,1.0951741933822632,mobile,1,0.8799604773521423,0.6395909190177917,0.8676466941833496,1.0715703964233398,0.6455267667770386,0.23002392053604126,0.6395909190177917,0.22805577516555786
Custom Bangladeshi E-Waste Image Dataset for Objec/train/images/IMG_20250803_220022_jpg.rf.2cd6a4959481bac2347cd2b2f4dc6d61.jpg,Mobile,known,mobile,mobile,1,0.832335352897644,0.5090659260749817,0.9621262550354004,1.021419644355774,mobile,1,0.9122955203056335,0.47997528314590454,0.9744989275932312,1.0870109796524048,0.5090659260749817,0.32326942682266235,0.47997528314590454,0.432320237159729
Custom Bangladeshi E-Waste Image Dataset for Objec/train/images/IMG_20250803_220022_jpg.rf.dc0fdee22f504920709e6321bf117c22.jpg,Mobile,known,mobile,mobile,1,0.7926591038703918,0.3840792775154114,0.999304473400116,1.0682690143585205,mobile,1,0.8211315274238586,0.3825104236602783,0.9812014102935791,1.0792217254638672,0.3840792775154114,0.40857982635498047,0.3825104236602783,0.4386211037635803
Custom Bangladeshi E-Waste Image Dataset for Objec/train/images/IMG_20250803_220030_jpg.rf.1f79ea661a57dc1bd9c74db29adb4ec2.jpg,Mobile,known,mobile,mobile,1,0.9289816617965698,0.147896409034729,1.0919908285140991,1.1029584407806396,mobile,1,0.9823423624038696,0.13810324668884277,1.1266030073165894,1.1039718389511108,0.147896409034729,0.7810852527618408,0.13810324668884277,0.8442391157150269
Custom Bangladeshi E-Waste Image Dataset for Objec/train/images/IMG_20250803_220030_jpg.rf.760f092cef34c6d36f6e2aed8301671b.jpg,Mobile,known,mobile,mobile,1,0.8908355832099915,0.21007376909255981,1.040991187095642,1.1244544982910156,mobile,1,0.8306676149368286,0.31137681007385254,1.016771674156189,1.0864031314849854,0.21007376909255981,0.6807618141174316,0.31137681007385254,0.5192908048629761
Custom Bangladeshi E-Waste Image Dataset for Objec/train/images/IMG_20250803_220030_jpg.rf.bc24b1cc81bf8a1602888ab65ab72e10.jpg,Mobile,known,mobile,mobile,1,0.9619966149330139,0.1678416132926941,1.0860555171966553,1.1076834201812744,mobile,1,0.9826737642288208,0.17870664596557617,1.08591890335083,1.1245884895324707,0.1678416132926941,0.7941550016403198,0.17870664596557617,0.8039671182632446
Custom Bangladeshi E-Waste Image Dataset for Objec/train/images/IMG_20250803_220046_jpg.rf.3a0decfaa0e347e8daf2186f2dca2af1.jpg,Mobile,known,mobile,mobile,1,0.7813751697540283,0.5635791420936584,0.9415165781974792,1.0099623203277588,mobile,1,0.8062917590141296,0.571048378944397,0.9128150939941406,1.0030514001846313,0.5635791420936584,0.21779602766036987,0.571048378944397,0.23524338006973267
Custom Bangladeshi E-Waste Image Dataset for Objec/train/images/IMG_20250803_220046_jpg.rf.593a44abf20cee25f06845f455285742.jpg,Mobile,known,mobile,mobile,1,0.7334729433059692,0.482016384601593,0.9658774137496948,1.0114431381225586,mobile,1,0.743030309677124,0.566575825214386,0.9411188960075378,0.9753744602203369,0.482016384601593,0.2514565587043762,0.566575825214386,0.17645448446273804
Custom Bangladeshi E-Waste Image Dataset for Objec/train/images/IMG_20250803_220046_jpg.rf.e75fd5549c943e12ae1d5c9f747e2c80.jpg,Mobile,known,mobile,mobile,1,0.7887623906135559,0.5877782702445984,0.9387350082397461,0.9977385997772217,mobile,1,0.8446839451789856,0.6156574487686157,0.9210854768753052,0.9990310072898865,0.5877782702445984,0.20098412036895752,0.6156574487686157,0.22902649641036987
Custom Bangladeshi E-Waste Image Dataset for Objec/train/images/IMG_20250803_220047_jpg.rf.13ad331e1f469809c4b1ba6f0748d0cf.jpg,Mobile,known,mobile,mobile,1,0.7655526399612427,0.524135947227478,0.9820639491081238,1.0094683170318604,mobile,1,0.7678496837615967,0.675663948059082,0.9012214541435242,0.9870262742042542,0.524135947227478,0.24141669273376465,0.675663948059082,0.09218573570251465
Custom Bangladeshi E-Waste Image Dataset for Objec/train/images/IMG_20250803_220047_jpg.rf.dcce9a993294f06fa6c2078e37f74309.jpg,Mobile,known,mobile,mobile,1,0.7687370777130127,0.5580661296844482,0.9077661037445068,0.9696382284164429,mobile,1,0.8128732442855835,0.6248146295547485,0.9089239835739136,0.991864800453186,0.5580661296844482,0.21067094802856445,0.6248146295547485,0.18805861473083496
Custom Bangladeshi E-Waste Image Dataset for Objec/train/images/IMG_20250803_220047_jpg.rf.f69036399cb844d4fa35545cbe8bf18c.jpg,Mobile,known,mobile,mobile,1,0.733289361000061,0.49049681425094604,0.9571399688720703,1.009552240371704,mobile,1,0.7562013268470764,0.5668320655822754,0.932090163230896,0.9792337417602539,0.49049681425094604,0.242792546749115,0.5668320655822754,0.18936926126480103
Custom Bangladeshi E-Waste Image Dataset for Objec/train/images/IMG_20250803_220053_jpg.rf.143f84f401009a4e0c09c5b7c33c1ea3.jpg,Mobile,known,mobile,mobile,1,0.7197883129119873,0.48108577728271484,0.9364855289459229,1.0379966497421265,mobile,1,0.812342643737793,0.5403060913085938,0.9292383790016174,0.9611682295799255,0.48108577728271484,0.23870253562927246,0.5403060913085938,0.2720365524291992
Custom Bangladeshi E-Waste Image Dataset for Objec/train/images/IMG_20250803_220053_jpg.rf.2aaa4021739cfba02e1bb2e1696ac316.jpg,Mobile,known,mobile,mobile,1,0.8088889718055725,0.49207359552383423,0.9413738250732422,1.0139813423156738,mobile,1,0.8681998252868652,0.46302497386932373,0.9708113074302673,1.034480333328247,0.49207359552383423,0.3168153762817383,0.46302497386932373,0.4051748514175415
Custom Bangladeshi E-Waste Image Dataset for Objec/train/images/IMG_20250803_220053_jpg.rf.56719d3db139b1ca520a8b54447c4abd.jpg,Mobile,known,mobile,mobile,1,0.7515280842781067,0.565591037273407,0.9173658490180969,1.0155812501907349,mobile,1,0.8328464031219482,0.6413050889968872,0.8821399211883545,0.9876199960708618,0.565591037273407,0.1859370470046997,0.6413050889968872,0.19154131412506104
Custom Bangladeshi E-Waste Image Dataset for Objec/train/images/IMG_20250803_220114_jpg.rf.402c2f2a849eda8b99f516509e711de9.jpg,Mobile,known,mobile,mobile,1,0.8677471876144409,0.43776750564575195,0.990556001663208,1.0856037139892578,mobile,1,0.8842952847480774,0.5730214715003967,0.9160866141319275,1.093400239944458,0.43776750564575195,0.42997968196868896,0.5730214715003967,0.31127381324768066
Custom Bangladeshi E-Waste Image Dataset for Objec/train/images/IMG_20250803_220114_jpg.rf.68d25d49b60c21e990f42a77571309d7.jpg,Mobile,known,mobile,mobile,1,0.878435492515564,0.32091474533081055,1.009354829788208,1.0939303636550903,mobile,1,0.8928431272506714,0.5139279365539551,0.993884265422821,1.0613502264022827,0.32091474533081055,0.5575207471847534,0.5139279365539551,0.3789151906967163
Custom Bangladeshi E-Waste Image Dataset for Objec/train/images/IMG_20250803_220114_jpg.rf.b245c7433620d8fc6007ccff153e2fb3.jpg,Mobile,known,mobile,mobile,1,0.8721661567687988,0.5429474115371704,0.9904062747955322,1.0965250730514526,mobile,1,0.9169614315032959,0.7045955657958984,0.9106497764587402,1.0938082933425903,0.5429474115371704,0.3292187452316284,0.7045955657958984,0.2060542106628418
Custom Bangladeshi E-Waste Image Dataset for Objec/train/images/IMG_20250803_220139_jpg.rf.36b05a61cd0dc1dc31f88bba93e1bb4a.jpg,Mobile,known,mobile,mobile,1,0.7597558498382568,0.32817935943603516,1.0128605365753174,0.9989522099494934,mobile,1,0.8050797581672668,0.3723873496055603,1.0808593034744263,1.0307315587997437,0.32817935943603516,0.4315764904022217,0.3723873496055603,0.43269240856170654
Custom Bangladeshi E-Waste Image Dataset for Objec/train/images/IMG_20250803_220139_jpg.rf.b251b658131e5aa6fd0b7b709752795a.jpg,Mobile,known,mobile,mobile,1,0.7769961953163147,0.4368547201156616,1.0233858823776245,0.9590533375740051,mobile,1,0.802580714225769,0.3881567716598511,1.0673643350601196,1.0190298557281494,0.4368547201156616,0.3401414752006531,0.3881567716598511,0.41442394256591797
Custom Bangladeshi E-Waste Image Dataset for Objec/train/images/IMG_20250803_220139_jpg.rf.bd9b54c63814502bd5ac48c1d34207ce.jpg,Mobile,known,mobile,mobile,1,0.771662712097168,0.4303656220436096,1.021104097366333,0.95735102891922,mobile,1,0.808493971824646,0.4365219473838806,1.0498335361480713,1.0258361101150513,0.4303656220436096,0.34129709005355835,0.4365219473838806,0.3719720244407654
Custom Bangladeshi E-Waste Image Dataset for Objec/train/images/IMG_20250803_220207_jpg.rf.0f17df4cec5b7117887884be5ea29430.jpg,Mobile,known,mobile,mobile,1,0.788418710231781,0.2910997271537781,1.0169003009796143,1.1109058856964111,mobile,1,0.7246143221855164,0.28984910249710083,1.0050220489501953,1.1559748649597168,0.2910997271537781,0.49731898307800293,0.28984910249710083,0.4347652196884155
Custom Bangladeshi E-Waste Image Dataset for Objec/train/images/IMG_20250803_220207_jpg.rf.5109122280ff4b0088d809ef5e0ea94a.jpg,Mobile,known,mobile,mobile,1,0.8601112961769104,0.3270535469055176,0.9458664059638977,1.1591455936431885,mobile,1,0.763763427734375,0.35547542572021484,0.8622996807098389,1.1958000659942627,0.3270535469055176,0.5330577492713928,0.35547542572021484,0.40828800201416016
Custom Bangladeshi E-Waste Image Dataset for Objec/train/images/IMG_20250803_220207_jpg.rf.d1f6d01c4257a71048f99fea11ad18d9.jpg,Mobile,known,mobile,mobile,1,0.8076657056808472,0.40760552883148193,0.9220893979072571,1.1640357971191406,mobile,1,0.7392352819442749,0.42985618114471436,0.9011045694351196,1.1566343307495117,0.40760552883148193,0.40006017684936523,0.42985618114471436,0.30937910079956055
Custom Bangladeshi E-Waste Image Dataset for Objec/train/images/IMG_20250803_220226_jpg.rf.b4392a8eca529f4ed6fed45e99eeeb5e.jpg,Mobile,known,mobile,mobile,1,0.832399308681488,0.49958211183547974,1.0741599798202515,1.044204592704773,mobile,1,0.9782657623291016,0.6012147068977356,1.0478016138076782,1.020412564277649,0.49958211183547974,0.3328171968460083,0.6012147068977356,0.37705105543136597
Custom Bangladeshi E-Waste Image Dataset for Objec/train/images/IMG_20250803_220226_jpg.rf.eb9c0141249018f67e7bdc8bf241a8a2.jpg,Mobile,known,mobile,mobile,1,0.8664333820343018,0.5222026705741882,1.0304781198501587,1.0348339080810547,mobile,1,0.9558653831481934,0.6516323089599609,1.0001014471054077,1.0404213666915894,0.5222026705741882,0.3442307114601135,0.6516323089599609,0.3042330741882324
Custom Bangladeshi E-Waste Image Dataset for Objec/train/images/IMG_20250803_220226_jpg.rf.ff911118579e3a71da019d386eb1d7eb.jpg,Mobile,known,mobile,mobile,1,0.8800366520881653,0.4254125952720642,1.1162916421890259,0.9970695972442627,mobile,1,0.973411500453949,0.5429887771606445,1.1133008003234863,1.015116810798645,0.4254125952720642,0.4546240568161011,0.5429887771606445,0.43042272329330444
Custom Bangladeshi E-Waste Image Dataset for Objec/train/images/IMG_20250803_220242_jpg.rf.7522feb05c688af1d5d44ab984f05a1c.jpg,Mobile,known,mobile,mobile,1,0.798822820186615,0.3848470449447632,1.0440925359725952,0.9898505210876465,mobile,1,0.8455423712730408,0.4998670220375061,1.0778577327728271,0.9914503693580627,0.3848470449447632,0.4139757752418518,0.4998670220375061,0.34567534923553467
Custom Bangladeshi E-Waste Image Dataset for Objec/train/images/IMG_20250803_220242_jpg.rf.8d0d22aab4dcc12eed7a126bce99cd55.jpg,Mobile,known,mobile,mobile,1,0.7708824872970581,0.403980016708374,1.0157122611999512,0.9697458148002625,mobile,1,0.8719825744628906,0.4749624729156494,1.0525197982788086,0.9900788068771362,0.403980016708374,0.3669024705886841,0.4749624729156494,0.3970201015472412
Custom Bangladeshi E-Waste Image Dataset for Objec/train/images/IMG_20250803_220242_jpg.rf.c47cf376f90ec8109c0115c6ef00398e.jpg,Mobile,known,mobile,mobile,1,0.7562875747680664,0.3711647391319275,1.0859806537628174,0.9696831703186035,mobile,1,0.8498992919921875,0.45584458112716675,1.1070446968078613,0.9615311026573181,0.3711647391319275,0.3851228356361389,0.45584458112716675,0.39405471086502075
Custom Bangladeshi E-Waste Image Dataset for Objec/train/images/IMG_20250803_220243_jpg.rf.0b0201bb99cd8531e9b7ca91ed720816.jpg,Mobile,known,mobile,mobile,1,0.7799950838088989,0.4055095314979553,1.002785563468933,0.9743945002555847,mobile,1,0.9164606332778931,0.48401641845703125,1.0480363368988037,0.9924654960632324,0.4055095314979553,0.3744855523109436,0.48401641845703125,0.4324442148208618
Custom Bangladeshi E-Waste Image Dataset for Objec/train/images/IMG_20250803_220243_jpg.rf.2b74ac43ae204204eedb898b9845ea08.jpg,Mobile,known,mobile,mobile,1,0.7974953651428223,0.3600941300392151,1.0603142976760864,0.9700369238853455,mobile,1,0.8951172828674316,0.41972649097442627,1.0888874530792236,0.9911539554595947,0.3600941300392151,0.4374012351036072,0.41972649097442627,0.47539079189300537
Custom Bangladeshi E-Waste Image Dataset for Objec/train/images/IMG_20250803_220243_jpg.rf.c17d27aa58b11aa0475d5b41c8ddbd97.jpg,Mobile,known,mobile,mobile,1,0.7623968124389648,0.3509153723716736,1.0853443145751953,0.9894499778747559,mobile,1,0.8495205640792847,0.41835254430770874,1.1084678173065186,0.9701626896858215,0.3509153723716736,0.41148144006729126,0.41835254430770874,0.4311680197715759
Custom Bangladeshi E-Waste Image Dataset for Objec/train/images/IMG_20250803_220255_jpg.rf.0bb096336a37b9aa702cc0e8a429e701.jpg,Mobile,known,mobile,mobile,1,0.9248901605606079,0.4393681287765503,1.073628544807434,0.9894434809684753,mobile,1,0.9824066162109375,0.5274487733840942,1.094071626663208,1.0000052452087402,0.4393681287765503,0.4855220317840576,0.5274487733840942,0.45495784282684326
Custom Bangladeshi E-Waste Image Dataset for Objec/train/images/IMG_20250803_220255_jpg.rf.3511615b828854235bed04fcf894a5f5.jpg,Mobile,known,mobile,mobile,1,0.93751060962677,0.43980759382247925,1.092795729637146,1.018814206123352,mobile,1,0.9727975726127625,0.5496886968612671,1.1138790845870972,1.0181431770324707,0.43980759382247925,0.49770301580429077,0.5496886968612671,0.42310887575149536
Custom Bangladeshi E-Waste Image Dataset for Objec/train/images/IMG_20250803_220255_jpg.rf.4848154bd5d1a0e715eeb042fbeb929b.jpg,Mobile,known,mobile,mobile,1,0.8757559657096863,0.4308435916900635,1.036210060119629,1.0000873804092407,mobile,1,0.9342346787452698,0.5403625965118408,1.071280837059021,0.9968717098236084,0.4308435916900635,0.4449123740196228,0.5403625965118408,0.39387208223342896
Custom Bangladeshi E-Waste Image Dataset for Objec/train/images/IMG_20250803_220312_jpg.rf.07000a53f58fd8b7ca0a0d97613d25f3.jpg,Battery Waste,known,battery,mobile,2,0.6543208956718445,0.5359479188919067,0.909496545791626,1.0456650257110596,mobile,2,0.7484649419784546,0.6143579483032227,0.8974286913871765,0.9981812238693237,0.5359479188919067,0.11837297677993774,0.6143579483032227,0.13410699367523193
Custom Bangladeshi E-Waste Image Dataset for Objec/train/images/IMG_20250803_220312_jpg.rf.8fbb3d0ef325d176bd1eb49c8056621d.jpg,Battery Waste,known,battery,mobile,2,0.6396580934524536,0.6274141073226929,0.8625054359436035,1.0483142137527466,mobile,2,0.7355130314826965,0.7122109532356262,0.9168573021888733,1.036888599395752,0.6274141073226929,0.012243986129760742,0.7122109532356262,0.023302078247070312
Custom Bangladeshi E-Waste Image Dataset for Objec/train/images/IMG_20250803_220312_jpg.rf.c5b01155df012f0543c0ea06f87af29e.jpg,Battery Waste,known,battery,battery,1,0.7177054286003113,0.7319639921188354,0.8523936867713928,1.003689169883728,mobile,2,0.8282272815704346,0.7381106615066528,0.8791765570640564,1.0113109350204468,0.7177054286003113,0.01425856351852417,0.7381106615066528,0.09011662006378174
Custom Bangladeshi E-Waste Image Dataset for Objec/train/images/IMG_20250803_220321_jpg.rf.18be45e7ac54d6c3c9f1bac80e64585e.jpg,Battery Waste,known,battery,battery,1,0.32348424196243286,0.7374675273895264,0.8807892203330994,1.0769985914230347,battery,1,0.16261202096939087,0.7738465666770935,0.9230353236198425,1.068604588508606,0.32348424196243286,0.4139832854270935,0.16261202096939087,0.6112345457077026
Custom Bangladeshi E-Waste Image Dataset for Objec/train/images/IMG_20250803_220321_jpg.rf.25adc2d462f062f4163541ffbcb1da33.jpg,Battery Waste,known,battery,battery,1,0.34775346517562866,0.8132822513580322,0.8038092851638794,1.0731353759765625,battery,1,0.23721367120742798,0.7847219705581665,0.8790863156318665,1.030385971069336,0.34775346517562866,0.45605581998825073,0.23721367120742798,0.5475082993507385
Custom Bangladeshi E-Waste Image Dataset for Objec/train/images/IMG_20250803_220321_jpg.rf.7d603d397b0d570f006ad3ed948b1fd8.jpg,Battery Waste,known,battery,battery,1,0.30625516176223755,0.6270458102226257,0.843984067440033,1.0861008167266846,battery,1,0.1924349069595337,0.7204666137695312,0.921709418296814,1.041953444480896,0.30625516176223755,0.3207906484603882,0.1924349069595337,0.5280317068099976
Custom Bangladeshi E-Waste Image Dataset for Objec/train/images/IMG_20250803_220350_jpg.rf.1f5aa0f107ac49e368b6c16523ac1c14.jpg,Mobile,known,mobile,mobile,1,0.8149181604385376,0.4031140208244324,0.9634393453598022,1.0333738327026367,mobile,1,0.895691454410553,0.4533044695854187,1.0000176429748535,1.0406296253204346,0.4031140208244324,0.4118041396141052,0.4533044695854187,0.4423869848251343
Custom Bangladeshi E-Waste Image Dataset for Objec/train/images/IMG_20250803_220350_jpg.rf.51437498308c9763e0717636cb26c374.jpg,Mobile,known,mobile,mobile,1,0.7921528220176697,0.4110352396965027,0.9566165804862976,1.0128591060638428,mobile,1,0.8704714775085449,0.47208982706069946,1.0004758834838867,1.0054333209991455,0.4110352396965027,0.381117582321167,0.47208982706069946,0.39838165044784546
Custom Bangladeshi E-Waste Image Dataset for Objec/train/images/IMG_20250803_220350_jpg.rf.cc9680936d403e013dd1e8a4863afe8d.jpg,Mobile,known,mobile,mobile,1,0.818078875541687,0.3840416669845581,0.9454044103622437,1.0559853315353394,mobile,1,0.8580681085586548,0.4570320248603821,0.9384642839431763,1.0755828619003296,0.3840416669845581,0.4340372085571289,0.4570320248603821,0.4010360836982727
Custom Bangladeshi E-Waste Image Dataset for Objec/train/images/IMG_20250803_220352_jpg.rf.8d5cd74618268102d6ee8e431e2dc659.jpg,Mobile,known,mobile,mobile,1,0.7987487316131592,0.42778515815734863,0.9252378344535828,1.050652027130127,mobile,1,0.8351409435272217,0.4632148742675781,0.9284274578094482,1.0742542743682861,0.42778515815734863,0.37096357345581055,0.4632148742675781,0.37192606925964355
Custom Bangladeshi E-Waste Image Dataset for Objec/train/images/IMG_20250803_220352_jpg.rf.9962226a88efa23a6ca92f4e4337f01f.jpg,Mobile,known,mobile,mobile,1,0.8832191824913025,0.29931068420410156,1.000232458114624,1.0509110689163208,mobile,1,0.9080175757408142,0.40744495391845703,1.0004864931106567,1.0559433698654175,0.29931068420410156,0.5839084982872009,0.40744495391845703,0.5005726218223572
Custom Bangladeshi E-Waste Image Dataset for Objec/train/images/IMG_20250803_220352_jpg.rf.af73197979f1b112320f3f06a0058c12.jpg,Mobile,known,mobile,mobile,1,0.8044859170913696,0.3986471891403198,0.9736824035644531,1.0292630195617676,mobile,1,0.8854760527610779,0.4233162999153137,1.0257971286773682,1.019949197769165,0.3986471891403198,0.4058387279510498,0.4233162999153137,0.46215975284576416
Custom Bangladeshi E-Waste Image Dataset for Objec/train/images/IMG_20250803_220353_jpg.rf.1a768a733a3016bb320de04418c64568.jpg,Mobile,known,mobile,mobile,1,0.8392034769058228,0.3212684392929077,0.9740016460418701,1.0345966815948486,mobile,1,0.888611912727356,0.3819975256919861,0.9949807524681091,1.0376884937286377,0.3212684392929077,0.517935037612915,0.3819975256919861,0.5066143870353699
Custom Bangladeshi E-Waste Image Dataset for Objec/train/images/IMG_20250803_220353_jpg.rf.38ba2d3b1f3eadc387125573185c1d16.jpg,Mobile,known,mobile,mobile,1,0.8180320262908936,0.37346893548965454,0.9930756688117981,1.0272507667541504,mobile,1,0.9002646803855896,0.4272124171257019,1.0369049310684204,1.0268027782440186,0.37346893548965454,0.444563090801239,0.4272124171257019,0.4730522632598877
Custom Bangladeshi E-Waste Image Dataset for Objec/train/images/IMG_20250803_220353_jpg.rf.ce1bfbf5249837f379ded71315f8e5a0.jpg,Mobile,known,mobile,mobile,1,0.8640297651290894,0.35390758514404297,0.9731318354606628,1.0509068965911865,mobile,1,0.9207876324653625,0.40765178203582764,0.9908773303031921,1.0572785139083862,0.35390758514404297,0.5101221799850464,0.40765178203582764,0.5131358504295349
Custom Bangladeshi E-Waste Image Dataset for Objec/train/images/IMG_20250803_220946_jpg.rf.1ed353d6fee2290258e88fd89d838a42.jpg,Plastic Waste,unknown,,mobile,,0.6588202118873596,0.6385042071342468,0.9480094313621521,0.9275637865066528,mobile,,0.8142328858375549,0.6735652685165405,0.9240986108779907,0.968932032585144,0.6385042071342468,0.020316004753112793,0.6735652685165405,0.1406676173210144
Custom Bangladeshi E-Waste Image Dataset for Objec/train/images/IMG_20250803_220946_jpg.rf.6bb58680ab6d484ef34d4827dc76238f.jpg,Plastic Waste,unknown,,battery,,0.687691330909729,0.7828037142753601,0.902926504611969,0.9425008893013,mobile,,0.8605350852012634,0.8535110950469971,0.9041587114334106,1.0515402555465698,0.687691330909729,0.0951123833656311,0.8535110950469971,0.007023990154266357
Custom Bangladeshi E-Waste Image Dataset for Objec/train/images/IMG_20250803_220946_jpg.rf.cf679d3dc29b07a7eefbeaee68e927d7.jpg,Plastic Waste,unknown,,battery,,0.6830551028251648,0.729872465133667,0.9109500646591187,0.9368633031845093,mobile,,0.8925715684890747,0.8143483400344849,0.8865137100219727,0.9904388785362244,0.6830551028251648,0.0468173623085022,0.8143483400344849,0.07216536998748779
Custom Bangladeshi E-Waste Image Dataset for Objec/train/images/IMG_20250803_220948_jpg.rf.0d066ec1d886de3eb0da539af1cca6b1.jpg,Plastic Waste,unknown,,battery,,0.6575254201889038,0.7290310859680176,0.9097515344619751,0.9369407892227173,mobile,,0.8238258957862854,0.801978349685669,0.8906123638153076,0.9703236818313599,0.6575254201889038,0.07150566577911377,0.801978349685669,0.021847546100616455
Custom Bangladeshi E-Waste Image Dataset for Objec/train/images/IMG_20250803_220948_jpg.rf.826931e7396c07d76ef465ec51203618.jpg,Plastic Waste,unknown,,mobile,,0.7298890352249146,0.6766265630722046,0.9190991520881653,0.9885973930358887,battery,,0.7672038078308105,0.7896236181259155,0.8686321973800659,1.0347257852554321,0.6766265630722046,0.05326247215270996,0.7672038078308105,0.02241981029510498
Custom Bangladeshi E-Waste Image Dataset for Objec/train/images/IMG_20250803_220948_jpg.rf.942bd1dafe403f7179972e2ef03c39ef.jpg,Plastic Waste,unknown,,mobile,,0.6528408527374268,0.6305855512619019,0.9583866000175476,0.9324783086776733,mobile,,0.7885854840278625,0.6420648097991943,0.9481820464134216,0.9597132802009583,0.6305855512619019,0.022255301475524902,0.6420648097991943,0.1465206742286682
Custom Bangladeshi E-Waste Image Dataset for Objec/train/images/IMG_20250803_220955_1_jpg.rf.2f5059105ab908571675fd62b9eef7f0.jpg,Plastic Waste,unknown,,battery,,0.6661913394927979,0.7728428840637207,0.8589633703231812,0.964683473110199,battery,,0.8224564790725708,0.8689858913421631,0.904277503490448,1.0158088207244873,0.6661913394927979,0.10665154457092285,0.8224564790725708,0.046529412269592285
Custom Bangladeshi E-Waste Image Dataset for Objec/train/images/IMG_20250803_220955_1_jpg.rf.5bceeacf4bc5399671f612f1a96c42a6.jpg,Plastic Waste,unknown,,battery,,0.6694115400314331,0.715103030204773,0.8970267176628113,0.9444891214370728,battery,,0.8161406517028809,0.8621819019317627,0.8373275995254517,0.9623270034790039,0.6694115400314331,0.045691490173339844,0.8161406517028809,0.0211869478225708
Custom Bangladeshi E-Waste Image Dataset for Objec/train/images/IMG_20250803_220955_1_jpg.rf.b93bc6a0a879136bb6299165fc7f3c43.jpg,Plastic Waste,unknown,,battery,,0.6544649600982666,0.7497568726539612,0.8744220733642578,0.9761849045753479,battery,,0.8496453762054443,0.8796276450157166,0.9425140619277954,0.998365044593811,0.6544649600982666,0.09529191255569458,0.8496453762054443,0.029982268810272217
Custom Bangladeshi E-Waste Image Dataset for Objec/train/images/IMG_20250803_220956_jpg.rf.3131b747648558d4ede3bc482cf49864.jpg,Plastic Waste,unknown,,battery,,0.6639574766159058,0.7248600721359253,0.8954122066497803,0.9401993155479431,battery,,0.8129284381866455,0.8523653149604797,0.8599802255630493,0.9756152033805847,0.6639574766159058,0.06090259552001953,0.8129284381866455,0.03943687677383423
Custom Bangladeshi E-Waste Image Dataset for Objec/train/images/IMG_20250803_220956_jpg.rf.6aac8a0a38d4f8d8de0a44a3c7a5a7ee.jpg,Plastic Waste,unknown,,battery,,0.7345719337463379,0.7521591782569885,0.8842219710350037,0.9391524195671082,pcb,,0.903100311756134,0.9044292569160461,0.888003945350647,0.9711192846298218,0.7345719337463379,0.017587244510650635,0.888003945350647,0.01509636640548706
Custom Bangladeshi E-Waste Image Dataset for Objec/train/images/IMG_20250803_220956_jpg.rf.ae94a71bd770dad9cfc5f4904fcaa094.jpg,Plastic Waste,unknown,,battery,,0.6925263404846191,0.770431399345398,0.9026356935501099,0.9391193985939026,battery,,0.8163777589797974,0.9188648462295532,0.8470709919929504,1.0144797563552856,0.6925263404846191,0.07790505886077881,0.8163777589797974,0.030693233013153076
Custom Bangladeshi E-Waste Image Dataset for Objec/train/images/IMG_20250803_220958_jpg.rf.02846a3ab02382815ff47af2376043c0.jpg,Plastic Waste,unknown,,battery,,0.6738420724868774,0.7380367517471313,0.896122395992279,0.9519968032836914,battery,,0.8356237411499023,0.8653229475021362,0.8794986009597778,0.9875563979148865,0.6738420724868774,0.0641946792602539,0.8356237411499023,0.029699206352233887
Custom Bangladeshi E-Waste Image Dataset for Objec/train/images/IMG_20250803_220958_jpg.rf.db4983a893ddb3badcd28303ad5ad928.jpg,Plastic Waste,unknown,,battery,,0.7344373464584351,0.8122614026069641,0.9437072277069092,0.9150848984718323,mobile,,0.877955436706543,0.8292643427848816,0.8842947483062744,0.9949319958686829,0.7344373464584351,0.07782405614852905,0.8292643427848816,0.04869109392166138
Custom Bangladeshi E-Waste Image Dataset for Objec/train/images/IMG_20250803_220958_jpg.rf.eba738c23b6db7ad6626a1d305a5bc71.jpg,Plastic Waste,unknown,,battery,,0.6837971210479736,0.7854738235473633,0.8722683787345886,0.9441527724266052,battery,,0.8576520681381226,0.8606415390968323,0.9164474010467529,1.0021947622299194,0.6837971210479736,0.10167670249938965,0.8576520681381226,0.002989470958709717
Custom Bangladeshi E-Waste Image Dataset for Objec/train/images/IMG_20250803_221006_jpg.rf.0c5a61d53abd3756c78ef8e9545e1545.jpg,Plastic Waste,unknown,,mobile,,0.8086259365081787,0.4902753233909607,1.0356345176696777,0.822705864906311,mobile,,0.8883821964263916,0.509185791015625,1.0256623029708862,0.8891208171844482,0.4902753233909607,0.318350613117218,0.509185791015625,0.3791964054107666
Custom Bangladeshi E-Waste Image Dataset for Objec/train/images/IMG_20250803_221006_jpg.rf.6c4a21e56bb01160b3ccd15086edee95.jpg,Plastic Waste,unknown,,mobile,,0.7801627516746521,0.5162054300308228,1.0336506366729736,0.8383766412734985,mobile,,0.8523150086402893,0.5582706332206726,1.0095398426055908,0.8433513045310974,0.5162054300308228,0.26395732164382935,0.5582706332206726,0.2850806713104248
Custom Bangladeshi E-Waste Image Dataset for Objec/train/images/IMG_20250803_221006_jpg.rf.a724271f7fdcfa59d9ad13ec52cd0b04.jpg,Plastic Waste,unknown,,mobile,,0.8017178177833557,0.6277489066123962,1.0134673118591309,0.8367317318916321,input_peripheral,,0.8700499534606934,0.8628789186477661,0.9625813364982605,0.7822859883308411,0.6277489066123962,0.17396891117095947,0.7822859883308411,0.08059293031692505
Custom Bangladeshi E-Waste Image Dataset for Objec/train/images/IMG_20250803_221008_jpg.rf.24aa80e898b745bd985589f57eee71f2.jpg,Plastic Waste,unknown,,mobile,,0.8020749688148499,0.602569043636322,1.0086545944213867,0.857580840587616,mobile,,0.8493205308914185,0.784919023513794,0.9503629207611084,0.8355206251144409,0.602569043636322,0.19950592517852783,0.784919023513794,0.05060160160064697
Custom Bangladeshi E-Waste Image Dataset for Objec/train/images/IMG_20250803_221008_jpg.rf.7ee66cdfcaf32cd7321a437942dab35b.jpg,Plastic Waste,unknown,,mobile,,0.7733259797096252,0.5390653610229492,1.0112617015838623,0.8446936011314392,mobile,,0.8576400279998779,0.6268919706344604,0.9810491800308228,0.8245177268981934,0.5390653610229492,0.23426061868667603,0.6268919706344604,0.1976257562637329
Custom Bangladeshi E-Waste Image Dataset for Objec/train/images/IMG_20250803_221008_jpg.rf.da0a58ab4adc358f295b8346a8f7032e.jpg,Plastic Waste,unknown,,mobile,,0.811683714389801,0.4868491291999817,1.018473505973816,0.8048956990242004,mobile,,0.8886317610740662,0.5392065048217773,1.0243624448776245,0.8768182992935181,0.4868491291999817,0.31804656982421875,0.5392065048217773,0.3376117944717407
Custom Bangladeshi E-Waste Image Dataset for Objec/train/images/IMG_20250803_221013_1_jpg.rf.8d90a2080651170bda1eccdab5239c1b.jpg,Plastic Waste,unknown,,mobile,,0.8011810779571533,0.5479846000671387,1.023668646812439,0.8173948526382446,mobile,,0.8553996682167053,0.7649886012077332,0.951838493347168,0.8018962740898132,0.5479846000671387,0.25319647789001465,0.7649886012077332,0.03690767288208008
Custom Bangladeshi E-Waste Image Dataset for Objec/train/images/IMG_20250803_221013_1_jpg.rf.c6bd580c4f06c10f080494cf92ec50b1.jpg,Plastic Waste,unknown,,mobile,,0.7817533016204834,0.508743405342102,1.0107076168060303,0.8698040843009949,mobile,,0.8737558722496033,0.5553746223449707,1.0147321224212646,0.8835211396217346,0.508743405342102,0.27300989627838135,0.5553746223449707,0.31838124990463257
Custom Bangladeshi E-Waste Image Dataset for Objec/train/images/IMG_20250803_221013_1_jpg.rf.f3fd87152f1a700bfe7f9ee675064d57.jpg,Plastic Waste,unknown,,mobile,,0.7646297812461853,0.486705482006073,1.004051685333252,0.8644970655441284,mobile,,0.8520359992980957,0.502821683883667,1.0144373178482056,0.8836662173271179,0.486705482006073,0.2779242992401123,0.502821683883667,0.3492143154144287
Custom Bangladeshi E-Waste Image Dataset for Objec/train/images/IMG_20250803_221013_jpg.rf.6160a32860e4bcbdbc9c568e46842cea.jpg,Plastic Waste,unknown,,mobile,,0.7997664213180542,0.5524316430091858,1.0220472812652588,0.7997297048568726,mobile,,0.8508161902427673,0.708213210105896,0.9708179831504822,0.7910782694816589,0.5524316430091858,0.24729806184768677,0.708213210105896,0.08286505937576294
Custom Bangladeshi E-Waste Image Dataset for Objec/train/images/IMG_20250803_221013_jpg.rf.71ebfb3548d4fa6452151e6eb585ef04.jpg,Plastic Waste,unknown,,mobile,,0.7927819490432739,0.49823856353759766,1.0029778480529785,0.8472727537155151,mobile,,0.8557762503623962,0.6020597219467163,0.9676520228385925,0.8806135654449463,0.49823856353759766,0.29454338550567627,0.6020597219467163,0.25371652841567993
Custom Bangladeshi E-Waste Image Dataset for Objec/train/images/IMG_20250803_221013_jpg.rf.dd70a37e04d176c512e7ae0117bed82a.jpg,Plastic Waste,unknown,,mobile,,0.7799623012542725,0.5023032426834106,1.0128185749053955,0.8371656537055969,mobile,,0.863385796546936,0.5666601657867432,1.0066754817962646,0.8595419526100159,0.5023032426834106,0.2776590585708618,0.5666601657867432,0.2928817868232727
Custom Bangladeshi E-Waste Image Dataset for Objec/train/images/IMG_20250803_221036_jpg.rf.4ab8602c5a9d026911c1db78089c520f.jpg,Metal Waste,unknown,,pcb,,0.7841346263885498,0.8103995323181152,0.7810562252998352,1.07675302028656,pcb,,0.8782238364219666,0.869189441204071,0.8242058753967285,1.0234801769256592,0.7810562252998352,0.0030784010887145996,0.8242058753967285,0.04498356580734253
Custom Bangladeshi E-Waste Image Dataset for Objec/train/images/IMG_20250803_221036_jpg.rf.8ffaeefa789d76b36c7f3412590814fc.jpg,Metal Waste,unknown,,battery,,0.792580246925354,0.8074571490287781,0.8140627145767212,1.0675151348114014,mobile,,0.9344063401222229,0.8527145385742188,0.8533080816268921,1.0350642204284668,0.792580246925354,0.014876902103424072,0.8527145385742188,0.0005935430526733398
Custom Bangladeshi E-Waste Image Dataset for Objec/train/images/IMG_20250803_221036_jpg.rf.ee7583280dfb467c028359c92214d93f.jpg,Metal Waste,unknown,,mobile,,0.7862204313278198,0.7098065614700317,0.7934780120849609,1.078418254852295,mobile,,0.88511723279953,0.7594151496887207,0.8453957438468933,1.0209705829620361,0.7098065614700317,0.07641386985778809,0.7594151496887207,0.08598059415817261
Custom Bangladeshi E-Waste Image Dataset for Objec/train/images/IMG_20250803_221038_jpg.rf.84a0d91458b125a6bdbda83e8e0e1f69.jpg,Metal Waste,unknown,,mobile,,0.7945142984390259,0.6947441101074219,0.785345196723938,1.0786077976226807,mobile,,0.9374949336051941,0.7639986276626587,0.8511316776275635,1.0240600109100342,0.6947441101074219,0.09060108661651611,0.7639986276626587,0.08713304996490479
Custom Bangladeshi E-Waste Image Dataset for Objec/train/images/IMG_20250803_221038_jpg.rf.8aafc1193f1bbe9afff468a52b55082e.jpg,Metal Waste,unknown,,mobile,,0.8104596138000488,0.7456824779510498,0.8075360655784607,1.0705820322036743,mobile,,0.9061786532402039,0.8257197737693787,0.8285738229751587,1.0354031324386597,0.7456824779510498,0.06185358762741089,0.8257197737693787,0.0028540492057800293
Custom Bangladeshi E-Waste Image Dataset for Objec/train/images/IMG_20250803_221038_jpg.rf.9e99fdfa73d21748f165d47dea03345f.jpg,Metal Waste,unknown,,pcb,,0.8089370131492615,0.8010836243629456,0.7784273624420166,1.0451115369796753,pcb,,0.9151173830032349,0.8467744588851929,0.8293466567993164,1.0139634609222412,0.7784273624420166,0.022656261920928955,0.8293466567993164,0.017427802085876465
Custom Bangladeshi E-Waste Image Dataset for Objec/train/images/IMG_20250803_221102_jpg.rf.a3721f13da5d1913ce3076a07f742356.jpg,Metal Waste,unknown,,pcb,,0.8264796733856201,0.9563113451004028,0.7279151678085327,1.1311382055282593,pcb,,0.8791550993919373,0.912535548210144,0.7731847167015076,1.0788460969924927,0.7279151678085327,0.0985645055770874,0.7731847167015076,0.10597038269042969
Custom Bangladeshi E-Waste Image Dataset for Objec/train/images/IMG_20250803_221102_jpg.rf.aa0c2d0d160bead74fc3328bd2e58dc8.jpg,Metal Waste,unknown,,pcb,,0.8056730031967163,0.9697609543800354,0.6958203911781311,1.1351264715194702,pcb,,0.8766469955444336,0.9272084832191467,0.7614119648933411,1.083418369293213,0.6958203911781311,0.1098526120185852,0.7614119648933411,0.11523503065109253
Custom Bangladeshi E-Waste Image Dataset for Objec/train/images/IMG_20250803_221102_jpg.rf.e50e5307d6d7bf44b55f2936898b80f5.jpg,Metal Waste,unknown,,pcb,,0.7343782186508179,0.9426652789115906,0.684537947177887,1.1381802558898926,pcb,,0.7838824987411499,0.9273415803909302,0.7586361765861511,1.0814433097839355,0.684537947177887,0.04984027147293091,0.7586361765861511,0.02524632215499878
Custom Bangladeshi E-Waste Image Dataset for Objec/train/images/IMG_20250803_221104_jpg.rf.26292a45040c5d1cb7584583423011bc.jpg,Metal Waste,unknown,,pcb,,0.8067834377288818,0.9978647232055664,0.7043306827545166,1.1264524459838867,pcb,,0.8802285194396973,0.9576024413108826,0.7424686551094055,1.0742275714874268,0.7043306827545166,0.10245275497436523,0.7424686551094055,0.13775986433029175
Custom Bangladeshi E-Waste Image Dataset for Objec/train/images/IMG_20250803_221104_jpg.rf.a8a6fdea25b4872458a1645bd22fbc30.jpg,Metal Waste,unknown,,pcb,,0.8203379511833191,0.9612236618995667,0.7550674676895142,1.1087158918380737,pcb,,0.8965020179748535,0.9241447448730469,0.7939425706863403,1.0463712215423584,0.7550674676895142,0.06527048349380493,0.7939425706863403,0.10255944728851318
Custom Bangladeshi E-Waste Image Dataset for Objec/train/images/IMG_20250803_221104_jpg.rf.b6bf007b40dc02785f877fddd2376823.jpg,Metal Waste,unknown,,pcb,,0.7421544790267944,0.9336546063423157,0.6870976090431213,1.13914155960083,battery,,0.766970157623291,0.8871808648109436,0.7862930297851562,1.0688129663467407,0.6870976090431213,0.055056869983673096,0.766970157623291,0.019322872161865234
Custom Bangladeshi E-Waste Image Dataset for Objec/train/images/IMG_20250803_221106_jpg.rf.7c14c4a08299a302f187d6e03c572e32.jpg,Metal Waste,unknown,,pcb,,0.7999942898750305,0.9864673614501953,0.7476317882537842,1.1226845979690552,pcb,,0.8649722933769226,0.9177770614624023,0.7830995917320251,1.064513921737671,0.7476317882537842,0.05236250162124634,0.7830995917320251,0.08187270164489746
Custom Bangladeshi E-Waste Image Dataset for Objec/train/images/IMG_20250803_221106_jpg.rf.7de48675835a442be74006e236c667b5.jpg,Metal Waste,unknown,,pcb,,0.7905714511871338,0.997322678565979,0.7185189723968506,1.1021356582641602,pcb,,0.8731517195701599,0.9134823083877563,0.7815474271774292,1.075029969215393,0.7185189723968506,0.0720524787902832,0.7815474271774292,0.09160429239273071
Custom Bangladeshi E-Waste Image Dataset for Objec/train/images/IMG_20250803_221106_jpg.rf.ec439e996589c9332fd1f6317ce2ea6e.jpg,Metal Waste,unknown,,pcb,,0.7352072596549988,0.9149657487869263,0.6918797492980957,1.128953456878662,pcb,,0.7904981374740601,0.8938742876052856,0.7577704191207886,1.0818543434143066,0.6918797492980957,0.043327510356903076,0.7577704191207886,0.032727718353271484
Custom Bangladeshi E-Waste Image Dataset for Objec/train/images/IMG_20250803_221120_jpg.rf.104471aa0591b3a60ecb747c5e81bc83.jpg,Metal Waste,unknown,,pcb,,0.7541239261627197,0.9215836524963379,0.6650077104568481,1.1332588195800781,pcb,,0.8184562921524048,0.9224567413330078,0.759270429611206,1.0551366806030273,0.6650077104568481,0.08911621570587158,0.759270429611206,0.05918586254119873
Custom Bangladeshi E-Waste Image Dataset for Objec/train/images/IMG_20250803_221120_jpg.rf.42b26195f84b9a7b1b34f18396b85643.jpg,Metal Waste,unknown,,pcb,,0.8121615052223206,0.9828746914863586,0.6853926181793213,1.1182103157043457,pcb,,0.8717281222343445,0.9542189240455627,0.724890410900116,1.0786277055740356,0.6853926181793213,0.12676888704299927,0.724890410900116,0.14683771133422852
Custom Bangladeshi E-Waste Image Dataset for Objec/train/images/IMG_20250803_221120_jpg.rf.909777954b4694ab542d2a49b3e425f5.jpg,Metal Waste,unknown,,pcb,,0.7881416082382202,0.9670291543006897,0.6814228296279907,1.1334229707717896,pcb,,0.8642549514770508,0.9662487506866455,0.7703875303268433,1.064436435699463,0.6814228296279907,0.10671877861022949,0.7703875303268433,0.09386742115020752
Custom Bangladeshi E-Waste Image Dataset for Objec/train/images/IMG_20250803_221121_jpg.rf.71fd5cce1e449cd586fca754d9ffb829.jpg,Metal Waste,unknown,,pcb,,0.8119817972183228,0.9772064685821533,0.675511360168457,1.096513032913208,pcb,,0.8857299089431763,0.9598042964935303,0.7481124997138977,1.0637147426605225,0.675511360168457,0.13647043704986572,0.7481124997138977,0.13761740922927856
Custom Bangladeshi E-Waste Image Dataset for Objec/train/images/IMG_20250803_221121_jpg.rf.9b4f6748898683cccbc355fcfbf56193.jpg,Metal Waste,unknown,,pcb,,0.757124662399292,0.9161710739135742,0.6751204133033752,1.1245331764221191,pcb,,0.8158553838729858,0.8987492918968201,0.7757664918899536,1.0527325868606567,0.6751204133033752,0.08200424909591675,0.7757664918899536,0.04008889198303223
Custom Bangladeshi E-Waste Image Dataset for Objec/train/images/IMG_20250803_221121_jpg.rf.9b55973785184ddf6e3b74ffe5fef149.jpg,Metal Waste,unknown,,pcb,,0.8176634311676025,0.9310697317123413,0.7343577742576599,1.1122552156448364,pcb,,0.9113375544548035,0.9184786081314087,0.8002349734306335,1.0170619487762451,0.7343577742576599,0.08330565690994263,0.8002349734306335,0.11110258102416992
Custom Bangladeshi E-Waste Image Dataset for Objec/train/images/IMG_20250803_221153_jpg.rf.47ea2c9438351d289e370480e399b28c.jpg,Metal Waste,unknown,,battery,,0.6656969785690308,0.8651870489120483,0.752802312374115,1.060815453529358,pcb,,0.7905991673469543,0.9134424924850464,0.7529388070106506,1.0626063346862793,0.6656969785690308,0.08710533380508423,0.7529388070106506,0.03766036033630371
Custom Bangladeshi E-Waste Image Dataset for Objec/train/images/IMG_20250803_221153_jpg.rf.5ae5ec43265643df00a0f4d74fbb8788.jpg,Metal Waste,unknown,,battery,,0.6673647165298462,0.8448849320411682,0.8065643310546875,1.0504136085510254,battery,,0.7505803108215332,0.9209209680557251,0.7810689806938171,1.0343468189239502,0.6673647165298462,0.1391996145248413,0.7505803108215332,0.030488669872283936
Custom Bangladeshi E-Waste Image Dataset for Objec/train/images/IMG_20250803_221153_jpg.rf.c2375dc27c60e8290bfc57a9d0dd10f7.jpg,Metal Waste,unknown,,battery,,0.6849323511123657,0.9383991360664368,0.7485554218292236,1.0719187259674072,pcb,,0.8316699862480164,0.9241104125976562,0.7437610626220703,1.0365177392959595,0.6849323511123657,0.06362307071685791,0.7437610626220703,0.08790892362594604
Custom Bangladeshi E-Waste Image Dataset for Objec/train/images/IMG_20250803_221154_jpg.rf.1a9cb8fb5ed26e26589c032ee70dead6.jpg,Metal Waste,unknown,,battery,,0.6554725170135498,0.8793651461601257,0.7629951238632202,1.0690381526947021,battery,,0.7585914134979248,0.9011080265045166,0.7866930961608887,1.0259140729904175,0.6554725170135498,0.10752260684967041,0.7585914134979248,0.028101682662963867
Custom Bangladeshi E-Waste Image Dataset for Objec/train/images/IMG_20250803_221154_jpg.rf.7302edf914cbcd6a815729f6711fc7d9.jpg,Metal Waste,unknown,,battery,,0.7419202923774719,0.9078377485275269,0.7995111346244812,1.080453634262085,pcb,,0.9274597764015198,0.936246395111084,0.838679313659668,1.0191855430603027,0.7419202923774719,0.05759084224700928,0.838679313659668,0.0887804627418518
Custom Bangladeshi E-Waste Image Dataset for Objec/train/images/IMG_20250803_221154_jpg.rf.9269cc950dddb77a9a31ae2ed2ce8858.jpg,Metal Waste,unknown,,battery,,0.7254040241241455,0.8953238129615784,0.8131880760192871,1.0663666725158691,pcb,,0.891654372215271,0.9288066029548645,0.8055312633514404,1.0552294254302979,0.7254040241241455,0.0877840518951416,0.8055312633514404,0.08612310886383057
Custom Bangladeshi E-Waste Image Dataset for Objec/train/images/IMG_20250803_221214_jpg.rf.0125b6b4990bf6d48511015a7d7458f4.jpg,Metal Waste,unknown,,battery,,0.720439076423645,0.8824824094772339,0.8083334565162659,1.0484756231307983,pcb,,0.8240846395492554,0.9191093444824219,0.8120839595794678,1.0263967514038086,0.720439076423645,0.08789438009262085,0.8120839595794678,0.012000679969787598
Custom Bangladeshi E-Waste Image Dataset for Objec/train/images/IMG_20250803_221214_jpg.rf.6724efdf886813a33ea53b3fd1b6ad66.jpg,Metal Waste,unknown,,battery,,0.7028067708015442,0.8896926641464233,0.7832606434822083,1.0465848445892334,pcb,,0.8333755135536194,0.9155477285385132,0.8042418956756592,1.0053293704986572,0.7028067708015442,0.08045387268066406,0.8042418956756592,0.029133617877960205
Custom Bangladeshi E-Waste Image Dataset for Objec/train/images/IMG_20250803_221214_jpg.rf.8c7db65793967b2b8ef6202ed4b17c09.jpg,Metal Waste,unknown,,battery,,0.6806395053863525,0.770392894744873,0.7853273153305054,1.072089433670044,battery,,0.7610980868339539,0.8308370113372803,0.8049509525299072,1.006291389465332,0.6806395053863525,0.08975338935852051,0.7610980868339539,0.04385286569595337
Custom Bangladeshi E-Waste Image Dataset for Objec/train/images/IMG_20250803_221235_jpg.rf.22288be5e6e5e9f6270208d44f91f2c3.jpg,Metal Waste,unknown,,battery,,0.6911644339561462,0.9848775863647461,0.9598828554153442,0.9669165015220642,battery,,0.8789306879043579,0.9389379620552063,0.9018560647964478,1.0293477773666382,0.6911644339561462,0.268718421459198,0.8789306879043579,0.022925376892089844
Custom Bangladeshi E-Waste Image Dataset for Objec/train/images/IMG_20250803_221235_jpg.rf.6150ed72e76f6b7c617a3c5674efcd36.jpg,Metal Waste,unknown,,battery,,0.6812962293624878,0.9070005416870117,1.0289973020553589,0.988273024559021,battery,,0.8299689888954163,0.8980676531791687,0.9690200090408325,1.0137405395507812,0.6812962293624878,0.22570431232452393,0.8299689888954163,0.06809866428375244
Custom Bangladeshi E-Waste Image Dataset for Objec/train/images/IMG_20250803_221235_jpg.rf.aa3dd7d083ca450d78fb7823c51a0319.jpg,Metal Waste,unknown,,battery,,0.6307955980300903,0.9550987482070923,1.0256552696228027,0.965912401676178,battery,,0.8243119716644287,0.963877260684967,0.9541720151901245,1.011612892150879,0.6307955980300903,0.32430315017700195,0.8243119716644287,0.1298600435256958
Custom Bangladeshi E-Waste Image Dataset for Objec/train/images/IMG_20250803_221303_jpg.rf.2d9c7df123c78d30d21c6e030ee76097.jpg,Metal Waste,unknown,,battery,,0.7721920013427734,0.9202483296394348,0.9765287041664124,0.9616823196411133,pcb,,0.8975344300270081,0.9951596260070801,0.8968763947486877,1.0641976594924927,0.7721920013427734,0.14805632829666138,0.8968763947486877,0.0006580352783203125
Custom Bangladeshi E-Waste Image Dataset for Objec/train/images/IMG_20250803_221303_jpg.rf.521f7eadb33888c773487acfba5c566c.jpg,Metal Waste,unknown,,battery,,0.7854638695716858,0.7958338260650635,0.9908981323242188,0.9721066951751709,mobile,,0.8904170989990234,0.8552932739257812,0.9706547260284424,1.0208702087402344,0.7854638695716858,0.010369956493377686,0.8552932739257812,0.03512382507324219
Custom Bangladeshi E-Waste Image Dataset for Objec/train/images/IMG_20250803_221303_jpg.rf.7e1faba663f8dd5ac1c1a065bb4714a6.jpg,Metal Waste,unknown,,battery,,0.7371191382408142,0.7828640937805176,0.9440104365348816,0.9538374543190002,battery,,0.8160843849182129,0.8353923559188843,0.9459777474403381,0.9993976354598999,0.7371191382408142,0.04574495553970337,0.8160843849182129,0.019307971000671387
Custom Bangladeshi E-Waste Image Dataset for Objec/train/images/IMG_20250803_221335_jpg.rf.0edce33c7aed397695d12897e4b644f6.jpg,Metal Waste,unknown,,mobile,,0.8777258992195129,0.47659724950790405,0.969403088092804,1.0467126369476318,mobile,,0.9088669419288635,0.47722047567367554,0.9435651898384094,1.0141605138778687,0.47659724950790405,0.4011286497116089,0.47722047567367554,0.431646466255188
Custom Bangladeshi E-Waste Image Dataset for Objec/train/images/IMG_20250803_221335_jpg.rf.7aeba3156317d1dcefc47776bc11d796.jpg,Metal Waste,unknown,,mobile,,0.7451153993606567,0.5309354066848755,0.9324849843978882,1.0173320770263672,mobile,,0.8193824291229248,0.5739037990570068,0.9264980554580688,0.9828221797943115,0.5309354066848755,0.21417999267578125,0.5739037990570068,0.24547863006591797
Custom Bangladeshi E-Waste Image Dataset for Objec/train/images/IMG_20250803_221335_jpg.rf.95c744532a8320438e8f4263a53c17a0.jpg,Metal Waste,unknown,,mobile,,0.8157723546028137,0.6000901460647583,0.9243454337120056,1.0112488269805908,mobile,,0.8555225729942322,0.6288398504257202,0.9033085107803345,0.9971500635147095,0.6000901460647583,0.21568220853805542,0.6288398504257202,0.22668272256851196
Custom Bangladeshi E-Waste Image Dataset for Objec/train/images/IMG_20250803_221407_jpg.rf.552f3cffa7a1f9521c69c8f373544d7e.jpg,Plastic Waste,unknown,,battery,,0.6960346698760986,0.9225624203681946,0.9873477220535278,1.0366675853729248,mobile,,0.923969030380249,0.8988942503929138,0.9991376996040344,0.9961099624633789,0.6960346698760986,0.22652775049209595,0.8988942503929138,0.025074779987335205
Custom Bangladeshi E-Waste Image Dataset for Objec/train/images/IMG_20250803_221407_jpg.rf.e81c8efd7d2bea51de2b9a8e63b50afc.jpg,Plastic Waste,unknown,,battery,,0.8101880550384521,0.8874537944793701,1.0456054210662842,1.089463710784912,mobile,,0.9189174175262451,0.8843029737472534,1.0125107765197754,1.029662847518921,0.8101880550384521,0.07726573944091797,0.8843029737472534,0.0346144437789917
Custom Bangladeshi E-Waste Image Dataset for Objec/train/images/IMG_20250803_221407_jpg.rf.f92b64f63e95c08e209471d6926f9913.jpg,Plastic Waste,unknown,,battery,,0.6234800815582275,0.934650182723999,1.0380455255508423,1.0306885242462158,battery,,0.8395442366600037,0.9077947735786438,0.9889360666275024,0.9899619221687317,0.6234800815582275,0.3111701011657715,0.8395442366600037,0.06825053691864014
Custom Bangladeshi E-Waste Image Dataset for Objec/train/images/IMG_20250803_221410_jpg.rf.936a417f340d4e433af968b8bd96621a.jpg,Plastic Waste,unknown,,battery,,0.7142625451087952,0.9109166860580444,0.9738358855247498,1.0492665767669678,battery,,0.9289818406105042,0.9294357299804688,0.9535350203514099,1.0135130882263184,0.7142625451087952,0.19665414094924927,0.9289818406105042,0.0004538893699645996
Custom Bangladeshi E-Waste Image Dataset for Objec/train/images/IMG_20250803_221410_jpg.rf.ad3c805cbc13d358e605e91e50885552.jpg,Plastic Waste,unknown,,battery,,0.6320992708206177,0.9122138023376465,1.0346828699111938,1.0355048179626465,battery,,0.8430808782577515,0.9141674041748047,0.9872654676437378,0.9846615195274353,0.6320992708206177,0.2801145315170288,0.8430808782577515,0.07108652591705322
Custom Bangladeshi E-Waste Image Dataset for Objec/train/images/IMG_20250803_221410_jpg.rf.be97058037ddce441901540ef89f7413.jpg,Plastic Waste,unknown,,battery,,0.6754702925682068,0.9326565265655518,0.9837422966957092,1.0337159633636475,mobile,,0.9102553129196167,0.8968734741210938,1.0085426568984985,1.0098823308944702,0.6754702925682068,0.25718623399734497,0.8968734741210938,0.01338183879852295
Custom Bangladeshi E-Waste Image Dataset for Objec/train/images/IMG_20250803_221411_jpg.rf.cf6c78a51123b9a7b1637da07ef7d623.jpg,Plastic Waste,unknown,,battery,,0.7283115386962891,0.9067184329032898,1.0242122411727905,1.0650765895843506,battery,,0.8960018157958984,0.9088613986968994,0.989332914352417,1.0059218406677246,0.7283115386962891,0.17840689420700073,0.8960018157958984,0.012859582901000977
Custom Bangladeshi E-Waste Image Dataset for Objec/train/images/IMG_20250803_221411_jpg.rf.fc1553fa20007c7c69f887b0033cab47.jpg,Plastic Waste,unknown,,battery,,0.6436936855316162,0.9076173305511475,1.0219972133636475,1.0315383672714233,battery,,0.8506051898002625,0.9062814712524414,0.9965319633483887,0.9937403798103333,0.6436936855316162,0.26392364501953125,0.8506051898002625,0.055676281452178955
Custom Bangladeshi E-Waste Image Dataset for Objec/train/images/IMG_20250803_221411_jpg.rf.fdb47cb297f0b6edcc404ef0ddb5b502.jpg,Plastic Waste,unknown,,battery,,0.6943250894546509,0.9364181756973267,0.9479653835296631,1.0416783094406128,mobile,,0.9243295788764954,0.9188952445983887,0.9633897542953491,0.99363774061203,0.6943250894546509,0.24209308624267578,0.9188952445983887,0.0054343342781066895
Custom Bangladeshi E-Waste Image Dataset for Objec/train/images/IMG_20250803_221420_jpg.rf.2c9b24f436c7893ecb3d6d1eba1c33c4.jpg,Plastic Waste,unknown,,battery,,0.7608388066291809,0.887733519077301,0.9802681803703308,0.901963472366333,mobile,,0.9539647102355957,0.9164106249809265,0.9205701351165771,0.9736611247062683,0.7608388066291809,0.12689471244812012,0.9164106249809265,0.004159510135650635
Custom Bangladeshi E-Waste Image Dataset for Objec/train/images/IMG_20250803_221420_jpg.rf.32a34e738a3fcd49f6c772c089d910a6.jpg,Plastic Waste,unknown,,battery,,0.7463183999061584,0.8650128841400146,1.0180994272232056,0.9820876717567444,mobile,,0.9612346291542053,0.8681186437606812,0.9717233180999756,0.9958693981170654,0.7463183999061584,0.1186944842338562,0.8681186437606812,0.09311598539352417
Custom Bangladeshi E-Waste Image Dataset for Objec/train/images/IMG_20250803_221420_jpg.rf.eeea5b29b3d9d2f4a7ba9cc4643d6168.jpg,Plastic Waste,unknown,,battery,,0.6458688974380493,0.8756760954856873,1.0170296430587769,0.9607275724411011,mobile,,0.893383800983429,0.8826842308044434,0.9790447354316711,0.9915799498558044,0.6458688974380493,0.22980719804763794,0.8826842308044434,0.010699570178985596
Custom Bangladeshi E-Waste Image Dataset for Objec/train/images/IMG_20250803_221438_jpg.rf.0a4f4a262e338930583b9f20c07972ab.jpg,Plastic Waste,unknown,,battery,,0.6283105611801147,0.8902403116226196,0.9544022679328918,0.9681958556175232,battery,,0.8281043171882629,0.9089425206184387,0.9491637945175171,0.9733333587646484,0.6283105611801147,0.2619297504425049,0.8281043171882629,0.08083820343017578
Custom Bangladeshi E-Waste Image Dataset for Objec/train/images/IMG_20250803_221438_jpg.rf.323d9e48a43f48f6547e2dd075f7544d.jpg,Plastic Waste,unknown,,battery,,0.7492409944534302,0.8936455845832825,0.9489086270332336,0.9918460845947266,battery,,0.9393921494483948,0.9416876435279846,0.959571361541748,1.0034842491149902,0.7492409944534302,0.1444045901298523,0.9393921494483948,0.0022954940795898438
Custom Bangladeshi E-Waste Image Dataset for Objec/train/images/IMG_20250803_221438_jpg.rf.adcd1ec9957230e132e727ea5f28aec3.jpg,Plastic Waste,unknown,,battery,,0.6856867074966431,0.8974062204360962,0.9496860504150391,0.9660276770591736,battery,,0.8535654544830322,0.9479817152023315,0.8930940628051758,1.0005561113357544,0.6856867074966431,0.21171951293945312,0.8535654544830322,0.039528608322143555
Custom Bangladeshi E-Waste Image Dataset for Objec/train/images/IMG_20250803_221440_jpg.rf.67297a4dc6b7cab8cb9fad330cce67e7.jpg,Plastic Waste,unknown,,battery,,0.6594743132591248,0.9232292771339417,0.9533690214157104,0.9825611710548401,battery,,0.8302515745162964,0.9712634086608887,0.9002513289451599,0.991843581199646,0.6594743132591248,0.2637549638748169,0.8302515745162964,0.06999975442886353
Custom Bangladeshi E-Waste Image Dataset for Objec/train/images/IMG_20250803_221440_jpg.rf.9a6147209fbbeb12d6f85f9271e50974.jpg,Plastic Waste,unknown,,battery,,0.6352876424789429,0.8941829800605774,0.9642397165298462,0.9706546068191528,battery,,0.863519549369812,0.922336995601654,0.9724351167678833,0.9463416934013367,0.6352876424789429,0.2588953375816345,0.863519549369812,0.05881744623184204
Custom Bangladeshi E-Waste Image Dataset for Objec/train/images/IMG_20250803_221440_jpg.rf.a472dc75bd5fe40e03d3f272a498ef62.jpg,Plastic Waste,unknown,,battery,,0.7253196835517883,0.8419007658958435,0.968287467956543,0.954987108707428,mobile,,0.9226109385490417,0.8946738839149475,0.9940609931945801,0.950742244720459,0.7253196835517883,0.11658108234405518,0.8946738839149475,0.02793705463409424
Custom Bangladeshi E-Waste Image Dataset for Objec/train/images/IMG_20250803_221441_jpg.rf.33f09ec8b59b9a6e60031bd160ae366c.jpg,Plastic Waste,unknown,,battery,,0.7071070671081543,0.8734470009803772,0.9554753303527832,0.9596089124679565,mobile,,0.940121054649353,0.913318932056427,1.007786750793457,0.9208763837814331,0.7071070671081543,0.1663399338722229,0.913318932056427,0.0075574517250061035
Custom Bangladeshi E-Waste Image Dataset for Objec/train/images/IMG_20250803_221441_jpg.rf.45e8b33a2d2b2c42276346bb12243ff6.jpg,Plastic Waste,unknown,,battery,,0.7691478729248047,0.8746392726898193,0.9357172250747681,0.9543234705924988,mobile,,0.9942848682403564,0.9329532980918884,0.9521896243095398,0.9680544137954712,0.7691478729248047,0.10549139976501465,0.9329532980918884,0.019236326217651367
Custom Bangladeshi E-Waste Image Dataset for Objec/train/images/IMG_20250803_221441_jpg.rf.a7fcb9bc02a2a99a231dd4fe2534e65a.jpg,Plastic Waste,unknown,,battery,,0.7087781429290771,0.8581610918045044,0.9926639795303345,0.98741614818573,mobile,,0.9487074613571167,0.8863325715065002,1.0114926099777222,0.956484854221344,0.7087781429290771,0.14938294887542725,0.8863325715065002,0.062374889850616455
Custom Bangladeshi E-Waste Image Dataset for Objec/train/images/IMG_20250803_221505_jpg.rf.581630c4b8a1d2abd627828b2c5815de.jpg,Glass Waste,unknown,,battery,,0.800836443901062,0.8075159192085266,0.9237740635871887,1.0410293340682983,mobile,,0.8859142661094666,0.8055521249771118,0.8753697276115417,1.0345265865325928,0.800836443901062,0.0066794753074646,0.8055521249771118,0.06981760263442993
Custom Bangladeshi E-Waste Image Dataset for Objec/train/images/IMG_20250803_221505_jpg.rf.6e0fed7c295e3ebc6524669b442b08a5.jpg,Glass Waste,unknown,,mobile,,0.7790387272834778,0.7300366163253784,0.955977201461792,1.035501480102539,mobile,,0.8726478815078735,0.802098274230957,0.9031555652618408,1.0221766233444214,0.7300366163253784,0.049002110958099365,0.802098274230957,0.0705496072769165
Custom Bangladeshi E-Waste Image Dataset for Objec/train/images/IMG_20250803_221505_jpg.rf.79cb64a66c043d8ad81bdf5fdcd9ecf1.jpg,Glass Waste,unknown,,mobile,,0.8145685195922852,0.8100333213806152,0.9302762746810913,1.0376925468444824,mobile,,0.8732039332389832,0.8360915184020996,0.864949107170105,1.0282418727874756,0.8100333213806152,0.004535198211669922,0.8360915184020996,0.02885758876800537
Custom Bangladeshi E-Waste Image Dataset for Objec/train/images/IMG_20250803_221506_jpg.rf.4f444aa21d4e7ed0e0e29ba4d838f741.jpg,Glass Waste,unknown,,mobile,,0.7747909426689148,0.7284776568412781,0.9475710988044739,1.0272300243377686,mobile,,0.8697694540023804,0.7976624369621277,0.9044418334960938,1.0121268033981323,0.7284776568412781,0.04631328582763672,0.7976624369621277,0.07210701704025269
Custom Bangladeshi E-Waste Image Dataset for Objec/train/images/IMG_20250803_221506_jpg.rf.fc56c4305680fb3ed5800b5583a6573c.jpg,Glass Waste,unknown,,mobile,,0.7911339402198792,0.7893381714820862,0.9402956366539001,1.0261870622634888,mobile,,0.8735694885253906,0.8570762872695923,0.8939722776412964,1.0287625789642334,0.7893381714820862,0.0017957687377929688,0.8570762872695923,0.01649320125579834
Custom Bangladeshi E-Waste Image Dataset for Objec/train/images/IMG_20250803_221506_jpg.rf.ffe33a77d422fcbc8d46f9a7c67417a6.jpg,Glass Waste,unknown,,mobile,,0.8737122416496277,0.760507345199585,0.9653639793395996,1.0569100379943848,mobile,,0.906488835811615,0.7892139554023743,0.9026920199394226,1.0361634492874146,0.760507345199585,0.11320489645004272,0.7892139554023743,0.11347806453704834
Custom Bangladeshi E-Waste Image Dataset for Objec/train/images/IMG_20250803_221507_jpg.rf.22771914275e4247ab9b1cd039be84eb.jpg,Glass Waste,unknown,,mobile,,0.8268817067146301,0.7752968668937683,0.9464414119720459,1.0631905794143677,mobile,,0.8930703997612,0.8106446266174316,0.8890653252601624,1.0132699012756348,0.7752968668937683,0.051584839820861816,0.8106446266174316,0.07842069864273071
Custom Bangladeshi E-Waste Image Dataset for Objec/train/images/IMG_20250803_221507_jpg.rf.3bed1590e5205fdcc7861fb9b5b57d09.jpg,Glass Waste,unknown,,mobile,,0.8419651389122009,0.8199639320373535,0.9259282350540161,1.0632776021957397,mobile,,0.8740082383155823,0.8688584566116333,0.887965977191925,1.0275523662567139,0.8199639320373535,0.022001206874847412,0.8688584566116333,0.005149781703948975
Custom Bangladeshi E-Waste Image Dataset for Objec/train/images/IMG_20250803_221507_jpg.rf.b301f5fd0b0c84a6945fddf83c096ae3.jpg,Glass Waste,unknown,,mobile,,0.7695378065109253,0.7170776724815369,0.9418308138847351,1.0397347211837769,mobile,,0.8657224774360657,0.7837408185005188,0.8970181345939636,1.021745204925537,0.7170776724815369,0.05246013402938843,0.7837408185005188,0.08198165893554688
Custom Bangladeshi E-Waste Image Dataset for Objec/train/images/IMG_20250803_221520_jpg.rf.5e680193acc4243e38d54cb913e27f42.jpg,Glass Waste,unknown,,battery,,0.762610673904419,0.8659970760345459,0.863228440284729,0.998650312423706,pcb,,0.8689027428627014,0.8695682287216187,0.847526490688324,1.0035320520401,0.762610673904419,0.10061776638031006,0.847526490688324,0.02137625217437744
Custom Bangladeshi E-Waste Image Dataset for Objec/train/images/IMG_20250803_221520_jpg.rf.97058151ba63a519d3e84ac077c759c6.jpg,Glass Waste,unknown,,battery,,0.7556353211402893,0.7618381977081299,0.8873818516731262,1.0128735303878784,mobile,,0.8303436636924744,0.823410153388977,0.8497403264045715,0.9635980725288391,0.7556353211402893,0.006202876567840576,0.823410153388977,0.0069335103034973145
Custom Bangladeshi E-Waste Image Dataset for Objec/train/images/IMG_20250803_221520_jpg.rf.992cfcde5e3105774ce00660dc83a606.jpg,Glass Waste,unknown,,mobile,,0.9444266557693481,0.8721243143081665,0.9440193176269531,1.0832940340042114,mobile,,0.9414354562759399,0.8313938975334167,0.8611770868301392,1.0219181776046753,0.8721243143081665,0.07189500331878662,0.8313938975334167,0.029783189296722412
Custom Bangladeshi E-Waste Image Dataset for Objec/train/images/IMG_20250803_221521_jpg.rf.efaeff2935a809f7933d9f42847d1ee0.jpg,Glass Waste,unknown,,battery,,0.795973539352417,0.8490026593208313,0.9146650433540344,1.001787781715393,pcb,,0.8525692820549011,0.8858538866043091,0.8508067727088928,1.0199956893920898,0.795973539352417,0.05302911996841431,0.8508067727088928,0.0017625093460083008
Custom Bangladeshi E-Waste Image Dataset for Objec/train/images/IMG_20250803_221521_jpg.rf.f3851d3373a9dfbacb58f10ff0bacb7a.jpg,Glass Waste,unknown,,mobile,,0.8634856939315796,0.8422292470932007,0.8925562500953674,1.0356042385101318,pcb,,0.882626473903656,0.8684014678001404,0.7981448173522949,1.0340842008590698,0.8422292470932007,0.021256446838378906,0.7981448173522949,0.07025665044784546
Custom Bangladeshi E-Waste Image Dataset for Objec/train/images/IMG_20250803_221521_jpg.rf.f96c185c63cbe7fb9b2a8b05c1df20df.jpg,Glass Waste,unknown,,mobile,,0.765644907951355,0.7556809186935425,0.9064884185791016,1.0025372505187988,mobile,,0.8518081903457642,0.81392502784729,0.8604171276092529,0.9541624784469604,0.7556809186935425,0.0099639892578125,0.81392502784729,0.03788316249847412
Custom Bangladeshi E-Waste Image Dataset for Objec/train/images/IMG_20250803_221536_jpg.rf.26e05e99bc87190157b9a9301cfa7fa9.jpg,Light Bulb,unknown,,battery,,0.7117568254470825,0.9458603858947754,0.9251635074615479,0.8910361528396606,battery,,0.8372113108634949,0.9740349054336548,0.8420949578285217,0.9518222808837891,0.7117568254470825,0.17927932739257812,0.8372113108634949,0.0048836469650268555
Custom Bangladeshi E-Waste Image Dataset for Objec/train/images/IMG_20250803_221536_jpg.rf.709bb71b98004a3829ab2ad0c19e6c1b.jpg,Light Bulb,unknown,,battery,,0.6841162443161011,0.8802897930145264,0.9459844827651978,0.9016733169555664,battery,,0.790087103843689,0.9494428038597107,0.8632692694664001,0.9093667268753052,0.6841162443161011,0.1961735486984253,0.790087103843689,0.07318216562271118
Custom Bangladeshi E-Waste Image Dataset for Objec/train/images/IMG_20250803_221536_jpg.rf.7fe746cd594681e0da592c0d4fa52456.jpg,Light Bulb,unknown,,battery,,0.756510317325592,0.8887460827827454,0.9101762175559998,0.9156136512756348,battery,,0.8315588235855103,0.9348070621490479,0.8635377883911133,0.9355465769767761,0.756510317325592,0.13223576545715332,0.8315588235855103,0.03197896480560303
Custom Bangladeshi E-Waste Image Dataset for Objec/train/images/IMG_20250803_221537_jpg.rf.6c02f2d1ea96ce9e55e6eeec162acf3f.jpg,Light Bulb,unknown,,battery,,0.786017894744873,0.8800303936004639,0.9070572853088379,0.888547956943512,battery,,0.830555260181427,0.942420482635498,0.8573945164680481,0.9307636022567749,0.786017894744873,0.09401249885559082,0.830555260181427,0.026839256286621094
Custom Bangladeshi E-Waste Image Dataset for Objec/train/images/IMG_20250803_221537_jpg.rf.97320efab0670bf09f6f9fb99989089b.jpg,Light Bulb,unknown,,battery,,0.7718421220779419,0.9009805917739868,0.8934852480888367,0.9447996616363525,battery,,0.8239460587501526,0.9451802968978882,0.8453741073608398,0.9654899835586548,0.7718421220779419,0.12164312601089478,0.8239460587501526,0.021428048610687256
Custom Bangladeshi E-Waste Image Dataset for Objec/train/images/IMG_20250803_221537_jpg.rf.f94a1d39a26e5aacb39cde33918a6f82.jpg,Light Bulb,unknown,,battery,,0.694608747959137,0.8749297857284546,0.9384123682975769,0.9067620635032654,battery,,0.7932707667350769,0.9445865750312805,0.8675430417060852,0.9092581272125244,0.694608747959137,0.18032103776931763,0.7932707667350769,0.0742722749710083
Custom Bangladeshi E-Waste Image Dataset for Objec/train/images/IMG_20250803_221540_jpg.rf.4f9bb25d98be82836fbab60b5db2ec62.jpg,Light Bulb,unknown,,battery,,0.7688673734664917,0.872341513633728,0.9327713847160339,0.8881682753562927,battery,,0.8506863117218018,0.9354543089866638,0.8662352561950684,0.9329922199249268,0.7688673734664917,0.10347414016723633,0.8506863117218018,0.015548944473266602
Custom Bangladeshi E-Waste Image Dataset for Objec/train/images/IMG_20250803_221540_jpg.rf.7c1bf9738f9bc3a5e16edfeb0e65ab3b.jpg,Light Bulb,unknown,,battery,,0.678959310054779,0.8742674589157104,0.9440804123878479,0.9147053360939026,battery,,0.7971259951591492,0.9397861957550049,0.8698810935020447,0.9121926426887512,0.678959310054779,0.1953081488609314,0.7971259951591492,0.07275509834289551
Custom Bangladeshi E-Waste Image Dataset for Objec/train/images/IMG_20250803_221540_jpg.rf.f9b97fe2736a6f96ae51d8ab22f144e5.jpg,Light Bulb,unknown,,battery,,0.7266484498977661,0.8802744150161743,0.9348121285438538,0.902218222618103,pcb,,0.8575436472892761,0.9358289241790771,0.8509567379951477,0.9434055685997009,0.7266484498977661,0.1536259651184082,0.8509567379951477,0.006586909294128418
Custom Bangladeshi E-Waste Image Dataset for Objec/train/images/IMG_20250803_221549_jpg.rf.135769e2e92fd517bad64014f32f9d47.jpg,Light Bulb,unknown,,battery,,0.6385757923126221,0.8071209192276001,0.8422201871871948,1.066866159439087,battery,,0.7669474482536316,0.93326336145401,0.8163487315177917,0.9914053082466125,0.6385757923126221,0.16854512691497803,0.7669474482536316,0.049401283264160156
Custom Bangladeshi E-Waste Image Dataset for Objec/train/images/IMG_20250803_221549_jpg.rf.66274da77e4c02433cd4818ecdcdc5d1.jpg,Light Bulb,unknown,,battery,,0.7198799252510071,0.8181423544883728,0.8318193554878235,1.0657954216003418,pcb,,0.789527952671051,0.8985534906387329,0.7823079824447632,1.0305683612823486,0.7198799252510071,0.09826242923736572,0.7823079824447632,0.007219970226287842
Custom Bangladeshi E-Waste Image Dataset for Objec/train/images/IMG_20250803_221549_jpg.rf.a144c70417f4b67973bd4e05fa9b80c0.jpg,Light Bulb,unknown,,battery,,0.6998350620269775,0.866977870464325,0.8287643790245056,1.0635385513305664,pcb,,0.7945511341094971,0.9414135813713074,0.7230234146118164,1.0228220224380493,0.6998350620269775,0.12892931699752808,0.7230234146118164,0.07152771949768066
Custom Bangladeshi E-Waste Image Dataset for Objec/train/images/IMG_20250803_221616_jpg.rf.7f6c3ecf7c42ca857b8c08fd7a2ad714.jpg,Light Bulb,unknown,,battery,,0.6974043846130371,0.7963377833366394,0.910362720489502,0.9989191889762878,battery,,0.8461835384368896,0.8834767937660217,0.8545128107070923,0.9791224002838135,0.6974043846130371,0.0989333987236023,0.8461835384368896,0.008329272270202637
Custom Bangladeshi E-Waste Image Dataset for Objec/train/images/IMG_20250803_221616_jpg.rf.b118d9a79f1e942505f45d6817d800d3.jpg,Light Bulb,unknown,,battery,,0.6313453316688538,0.9350305795669556,0.8045898675918579,0.9746204018592834,pcb,,0.7565186619758606,0.9403337836265564,0.7424823641777039,1.0150376558303833,0.6313453316688538,0.17324453592300415,0.7424823641777039,0.014036297798156738
Custom Bangladeshi E-Waste Image Dataset for Objec/train/images/IMG_20250803_221616_jpg.rf.c74b311995cc43c196ea245affd1bdf5.jpg,Light Bulb,unknown,,battery,,0.6375257968902588,0.8699448704719543,0.9075844287872314,0.9520775079727173,battery,,0.7600283622741699,0.9123671650886536,0.8750372529029846,0.9446421265602112,0.6375257968902588,0.23241907358169556,0.7600283622741699,0.1150088906288147
Custom Bangladeshi E-Waste Image Dataset for Objec/train/images/IMG_20250803_221617_jpg.rf.18ca7c3cad8949d8e4b6178c404d1fae.jpg,Light Bulb,unknown,,battery,,0.7359933853149414,0.832537055015564,0.8224001526832581,1.0115965604782104,pcb,,0.8287811875343323,0.9026054739952087,0.7284257411956787,1.0223069190979004,0.7359933853149414,0.08640676736831665,0.7284257411956787,0.10035544633865356
Custom Bangladeshi E-Waste Image Dataset for Objec/train/images/IMG_20250803_221617_jpg.rf.71f5043691f61de45c1aa7db9594de32.jpg,Light Bulb,unknown,,battery,,0.635097086429596,0.9017188549041748,0.8600375652313232,0.9545215964317322,battery,,0.7519736289978027,0.9148740768432617,0.8722912669181824,0.9433860778808594,0.635097086429596,0.2249404788017273,0.7519736289978027,0.12031763792037964
Custom Bangladeshi E-Waste Image Dataset for Objec/train/images/IMG_20250803_221617_jpg.rf.ce8a45825b79706cedf08f53b671c608.jpg,Light Bulb,unknown,,battery,,0.6434034109115601,0.9628593921661377,0.7617063522338867,0.9666367769241333,pcb,,0.768670916557312,0.9359774589538574,0.7532116770744324,1.0246670246124268,0.6434034109115601,0.11830294132232666,0.7532116770744324,0.015459239482879639
Custom Bangladeshi E-Waste Image Dataset for Objec/train/images/IMG_20250803_221619_jpg.rf.12b725a56fd72f6896a0fc4d2c8087f4.jpg,Light Bulb,unknown,,battery,,0.7052254676818848,0.882818341255188,0.8774241209030151,0.9792926907539368,pcb,,0.8244295120239258,0.8965089321136475,0.8160991668701172,0.9610296487808228,0.7052254676818848,0.17219865322113037,0.8160991668701172,0.008330345153808594
Custom Bangladeshi E-Waste Image Dataset for Objec/train/images/IMG_20250803_221619_jpg.rf.64b63ed1dc1649179c5d49d89679808d.jpg,Light Bulb,unknown,,battery,,0.6322474479675293,0.8799932599067688,0.8528850674629211,0.9555375576019287,battery,,0.7231552600860596,0.8941062688827515,0.8252360820770264,0.9483935832977295,0.6322474479675293,0.22063761949539185,0.7231552600860596,0.1020808219909668
Custom Bangladeshi E-Waste Image Dataset for Objec/train/images/IMG_20250803_221619_jpg.rf.97808c7a9df0b9f41ea06343905eadf9.jpg,Light Bulb,unknown,,mobile,,0.7415200471878052,0.7261263132095337,0.8854103684425354,0.9882456064224243,mobile,,0.8404169082641602,0.7988073229789734,0.8550937175750732,0.9809844493865967,0.7261263132095337,0.015393733978271484,0.7988073229789734,0.04160958528518677
Custom Bangladeshi E-Waste Image Dataset for Objec/train/images/IMG_20250805_202216_jpg.rf.6a3d9efde491d46af4a0c7eeee386889.jpg,Metal Waste,unknown,,battery,,0.7685854434967041,0.828079104423523,0.8441248536109924,1.0948697328567505,pcb,,0.880778431892395,0.9221174120903015,0.8433515429496765,1.0471079349517822,0.7685854434967041,0.05949366092681885,0.8433515429496765,0.037426888942718506
Custom Bangladeshi E-Waste Image Dataset for Objec/train/images/IMG_20250805_202216_jpg.rf.907e8ca5076d1c14e6c3a6079d83c42b.jpg,Metal Waste,unknown,,battery,,0.6762565970420837,0.7893831729888916,0.7982356548309326,1.0134907960891724,pcb,,0.7790329456329346,0.8269103765487671,0.7670446634292603,1.0029851198196411,0.6762565970420837,0.11312657594680786,0.7670446634292603,0.011988282203674316
Custom Bangladeshi E-Waste Image Dataset for Objec/train/images/IMG_20250805_202216_jpg.rf.e96eca16f71bed3c9bd4f274182430bc.jpg,Metal Waste,unknown,,battery,,0.7385458946228027,0.9233741164207458,0.8600568175315857,1.0391807556152344,pcb,,0.8738653659820557,0.9093931317329407,0.8224584460258484,1.0116219520568848,0.7385458946228027,0.12151092290878296,0.8224584460258484,0.051406919956207275
Custom Bangladeshi E-Waste Image Dataset for Objec/train/images/IMG_20250805_203050_jpg.rf.11f3f2d0172736b048a23f02339c0c7a.jpg,Metal Waste,unknown,,battery,,0.7101545333862305,0.9269907474517822,0.8182640671730042,1.041333556175232,battery,,0.8267537951469421,0.9293878078460693,0.8278375267982483,1.035051941871643,0.7101545333862305,0.10810953378677368,0.8267537951469421,0.0010837316513061523
Custom Bangladeshi E-Waste Image Dataset for Objec/train/images/IMG_20250805_203050_jpg.rf.a96db89769fd747a1819711c04cc40cb.jpg,Metal Waste,unknown,,battery,,0.7349926233291626,0.8135933876037598,0.8251959681510925,1.0561094284057617,pcb,,0.8835440874099731,0.8428841233253479,0.8044490218162537,0.9666398167610168,0.7349926233291626,0.07860076427459717,0.8044490218162537,0.03843510150909424
Custom Bangladeshi E-Waste Image Dataset for Objec/train/images/IMG_20250805_203050_jpg.rf.ddceebff169a39d264eb2541f9a765ba.jpg,Metal Waste,unknown,,battery,,0.7891292572021484,0.8644118905067444,0.8338114619255066,1.0834354162216187,pcb,,0.845508873462677,0.9323596954345703,0.805132269859314,1.0257515907287598,0.7891292572021484,0.044682204723358154,0.805132269859314,0.04037660360336304
Custom Bangladeshi E-Waste Image Dataset for Objec/train/images/IMG_20250805_203121_jpg.rf.5b24e025ccab26de8673b21f1ee6f909.jpg,Metal Waste,unknown,,battery,,0.700264573097229,0.738974928855896,0.7734995484352112,1.045169711112976,mobile,,0.8194469213485718,0.7845730185508728,0.8435840010643005,0.9667943120002747,0.700264573097229,0.03871035575866699,0.7845730185508728,0.034873902797698975
Custom Bangladeshi E-Waste Image Dataset for Objec/train/images/IMG_20250805_203121_jpg.rf.bbf0fd320f97fa1e8abdcb669cef7476.jpg,Metal Waste,unknown,,battery,,0.7817962169647217,0.838330090045929,0.8244867324829102,1.0599100589752197,pcb,,0.8818519711494446,0.8599201440811157,0.8522113561630249,1.0055865049362183,0.7817962169647217,0.04269051551818848,0.8522113561630249,0.00770878791809082
Custom Bangladeshi E-Waste Image Dataset for Objec/train/images/IMG_20250805_203121_jpg.rf.e31375d62004c5da8d8d1ed2bebd1f08.jpg,Metal Waste,unknown,,battery,,0.727051854133606,0.8746762871742249,0.7881873250007629,1.0144857168197632,pcb,,0.8179661631584167,0.8809522390365601,0.8164480924606323,1.0101221799850464,0.727051854133606,0.06113547086715698,0.8164480924606323,0.0015180706977844238
Custom Bangladeshi E-Waste Image Dataset for Objec/train/images/IMG_20250805_203135_jpg.rf.03513d21ba911500417a1a1605ad11bb.jpg,Metal Waste,unknown,,battery,,0.6959314346313477,0.9590616226196289,0.8304116129875183,1.0544028282165527,battery,,0.8569381833076477,0.9011450409889221,0.876899242401123,1.0108988285064697,0.6959314346313477,0.13448017835617065,0.8569381833076477,0.019961059093475342
Custom Bangladeshi E-Waste Image Dataset for Objec/train/images/IMG_20250805_203135_jpg.rf.536c25efe8b906353db44cca577649a9.jpg,Metal Waste,unknown,,battery,,0.6562036275863647,0.7774077653884888,0.844158947467804,1.0921014547348022,mobile,,0.8660945296287537,0.8501113057136536,0.8700597286224365,1.009833574295044,0.6562036275863647,0.12120413780212402,0.8501113057136536,0.015983223915100098
Custom Bangladeshi E-Waste Image Dataset for Objec/train/images/IMG_20250805_203135_jpg.rf.dadf2e80c2d6a3719c3a7c146b89c174.jpg,Metal Waste,unknown,,battery,,0.7149936556816101,0.8743752241134644,0.8569217324256897,1.0594942569732666,battery,,0.828776478767395,0.9440641403198242,0.9112188220024109,1.0122442245483398,0.7149936556816101,0.1419280767440796,0.828776478767395,0.08244234323501587
Custom Bangladeshi E-Waste Image Dataset for Objec/train/images/IMG_20250805_203136_jpg.rf.b40142a3341693db5b3ef75669555182.jpg,Metal Waste,unknown,,mobile,,0.8543078303337097,0.8076313734054565,0.8886275291442871,1.0568139553070068,battery,,0.8828197717666626,0.8845499753952026,0.8846338391304016,1.0309669971466064,0.8076313734054565,0.046676456928253174,0.8828197717666626,0.001730203628540039
Custom Bangladeshi E-Waste Image Dataset for Objec/train/images/IMG_20250805_203136_jpg.rf.c48d98b18009c4f72de8189f7b71fa68.jpg,Metal Waste,unknown,,battery,,0.6723920106887817,0.7731091380119324,0.8209213614463806,1.0595742464065552,mobile,,0.8714267015457153,0.8366408348083496,0.8594112396240234,0.9973560571670532,0.6723920106887817,0.10071712732315063,0.8366408348083496,0.022770404815673828
Custom Bangladeshi E-Waste Image Dataset for Objec/train/images/IMG_20250805_203136_jpg.rf.d9e9c2e0d05e56e7bbdc09579ce15cd9.jpg,Metal Waste,unknown,,battery,,0.7005588412284851,0.9133695960044861,0.8506908416748047,1.0393787622451782,battery,,0.8592829704284668,0.9340388774871826,0.8903992772102356,1.0243991613388062,0.7005588412284851,0.15013200044631958,0.8592829704284668,0.0311163067817688
Custom Bangladeshi E-Waste Image Dataset for Objec/train/images/IMG_20250805_203137_jpg.rf.8ad4f880fa42187ecfdc6871530547ee.jpg,Metal Waste,unknown,,battery,,0.7946358919143677,0.8207662105560303,0.8664543628692627,1.0618239641189575,mobile,,0.8976258635520935,0.8803558349609375,0.8898542523384094,1.024241328239441,0.7946358919143677,0.026130318641662598,0.8803558349609375,0.009498417377471924
Custom Bangladeshi E-Waste Image Dataset for Objec/train/images/IMG_20250805_203137_jpg.rf.adae379a382da377ba8d18d97b749dd9.jpg,Metal Waste,unknown,,battery,,0.7508044242858887,0.8685202598571777,0.8404298424720764,1.0629078149795532,battery,,0.8543469905853271,0.9197033643722534,0.9010487794876099,1.016556739807129,0.7508044242858887,0.08962541818618774,0.8543469905853271,0.046701788902282715
Custom Bangladeshi E-Waste Image Dataset for Objec/train/images/IMG_20250805_203137_jpg.rf.db145d449ed9c3f3a2cea5ac07276ff4.jpg,Metal Waste,unknown,,battery,,0.7164382338523865,0.8003242611885071,0.8279298543930054,1.0820131301879883,mobile,,0.874808132648468,0.827558159828186,0.8692054152488708,0.9934564828872681,0.7164382338523865,0.0838860273361206,0.827558159828186,0.041647255420684814
Custom Bangladeshi E-Waste Image Dataset for Objec/train/images/IMG_20250805_203205_jpg.rf.36d2ade1c366d35790e228b09fbb02df.jpg,Metal Waste,unknown,,battery,,0.8119967579841614,0.8706905841827393,0.8637850284576416,1.0537890195846558,pcb,,0.9308026432991028,0.9025473594665527,0.8944301605224609,1.0371335744857788,0.8119967579841614,0.051788270473480225,0.8944301605224609,0.008117198944091797
Custom Bangladeshi E-Waste Image Dataset for Objec/train/images/IMG_20250805_203205_jpg.rf.b59375b9d86f5e1373d566aeb9121ec7.jpg,Metal Waste,unknown,,battery,,0.78801429271698,0.828538179397583,0.8738617897033691,1.1027170419692993,mobile,,0.9387874007225037,0.8878913521766663,0.9186722040176392,1.0570120811462402,0.78801429271698,0.04052388668060303,0.8878913521766663,0.0307808518409729
Custom Bangladeshi E-Waste Image Dataset for Objec/train/images/IMG_20250805_203205_jpg.rf.dd1bd8fd4bd54ffcc7c3556e93e79ab0.jpg,Metal Waste,unknown,,battery,,0.7574529051780701,0.8021669387817383,0.8220198154449463,1.0577205419540405,mobile,,0.9027343392372131,0.8419696688652039,0.8877419829368591,1.037401556968689,0.7574529051780701,0.04471403360366821,0.8419696688652039,0.04577231407165527
Custom Bangladeshi E-Waste Image Dataset for Objec/train/images/IMG_20250805_203206_jpg.rf.00d99927820254fa753fa91f54c150be.jpg,Metal Waste,unknown,,battery,,0.7780336737632751,0.8088233470916748,0.8118518590927124,1.0691523551940918,mobile,,0.9231451153755188,0.8298898339271545,0.901679277420044,1.033961296081543,0.7780336737632751,0.030789673328399658,0.8298898339271545,0.0717894434928894
Custom Bangladeshi E-Waste Image Dataset for Objec/train/images/IMG_20250805_203206_jpg.rf.6210374925e38f92167022e783d2b810.jpg,Metal Waste,unknown,,battery,,0.8315707445144653,0.9013928771018982,0.8627622127532959,1.0636173486709595,pcb,,0.9639551043510437,0.9361141920089722,0.8943935632705688,1.04193115234375,0.8315707445144653,0.031191468238830566,0.8943935632705688,0.04172062873840332
Custom Bangladeshi E-Waste Image Dataset for Objec/train/images/IMG_20250805_203206_jpg.rf.aca542db5d7314f8391d4dfe6fe585c9.jpg,Metal Waste,unknown,,battery,,0.7896501421928406,0.9599383473396301,0.8774225115776062,1.0419121980667114,pcb,,0.9251202344894409,0.9469324946403503,0.9156546592712402,1.0429364442825317,0.7896501421928406,0.08777236938476562,0.9156546592712402,0.009465575218200684
Custom Bangladeshi E-Waste Image Dataset for Objec/train/images/IMG_20250805_203244_jpg.rf.08fac890a2ca69ac80b23403392d1409.jpg,Metal Waste,unknown,,battery,,0.7328249216079712,1.0293718576431274,0.7390149831771851,1.1195114850997925,pcb,,0.8597863912582397,0.9619833827018738,0.7730191349983215,1.0845177173614502,0.7328249216079712,0.006190061569213867,0.7730191349983215,0.08676725625991821
Custom Bangladeshi E-Waste Image Dataset for Objec/train/images/IMG_20250805_203244_jpg.rf.ec96678dc9cab74b4e632bdf0f889103.jpg,Metal Waste,unknown,,pcb,,0.7217854261398315,1.0148921012878418,0.6908032894134521,1.1554954051971436,pcb,,0.8251283168792725,0.9357791543006897,0.7603809833526611,1.091951847076416,0.6908032894134521,0.030982136726379395,0.7603809833526611,0.06474733352661133
Custom Bangladeshi E-Waste Image Dataset for Objec/train/images/IMG_20250805_203244_jpg.rf.fdc63c5fa8a45b836136f2fea3d199f2.jpg,Metal Waste,unknown,,pcb,,0.7614920139312744,1.05042564868927,0.7122019529342651,1.1316522359848022,pcb,,0.8826403021812439,0.9698390364646912,0.7586641907691956,1.0776509046554565,0.7122019529342651,0.04929006099700928,0.7586641907691956,0.12397611141204834
Custom Bangladeshi E-Waste Image Dataset for Objec/train/images/IMG_20250805_203245_jpg.rf.5862b087c90300427e3cc90b0caecf71.jpg,Plastic Waste,unknown,,pcb,,0.7554328441619873,1.0547515153884888,0.7135931849479675,1.1419605016708374,pcb,,0.8871003985404968,0.9774170517921448,0.7588062286376953,1.0817416906356812,0.7135931849479675,0.041839659214019775,0.7588062286376953,0.1282941699028015
Custom Bangladeshi E-Waste Image Dataset for Objec/train/images/IMG_20250805_203245_jpg.rf.b2db029211a1738ef02b3bfd1fa7fdc8.jpg,Plastic Waste,unknown,,pcb,,0.7501543164253235,1.0623040199279785,0.71440190076828,1.1525412797927856,pcb,,0.8843681216239929,0.9633548259735107,0.7692530751228333,1.080432415008545,0.71440190076828,0.03575241565704346,0.7692530751228333,0.11511504650115967
Custom Bangladeshi E-Waste Image Dataset for Objec/train/images/IMG_20250805_203245_jpg.rf.fbf3f6b29adf1d6008556498efb9e760.jpg,Plastic Waste,unknown,,pcb,,0.7032417058944702,1.0016210079193115,0.699309229850769,1.1522901058197021,pcb,,0.8117043972015381,0.9302860498428345,0.7722014784812927,1.0815954208374023,0.699309229850769,0.003932476043701172,0.7722014784812927,0.03950291872024536
Custom Bangladeshi E-Waste Image Dataset for Objec/train/images/IMG_20250805_203321_jpg.rf.5eee9af99b5e4d1d2a4ee31868b16180.jpg,Mobile,known,mobile,pcb,3,0.8150345683097839,0.9094788432121277,0.7434176206588745,1.1502916812896729,pcb,3,0.8602038621902466,0.9236120581626892,0.7606821656227112,1.0968530178070068,0.7434176206588745,0.07161694765090942,0.7606821656227112,0.0995216965675354
Custom Bangladeshi E-Waste Image Dataset for Objec/train/images/IMG_20250805_203321_jpg.rf.d9ba5210eb68c3c23cb593d8a6d9c888.jpg,Mobile,known,mobile,mobile,1,0.8940726518630981,0.7596818804740906,0.8001667857170105,1.1480196714401245,mobile,1,0.9824100732803345,0.7160277366638184,0.8091461658477783,1.0390405654907227,0.7596818804740906,0.04048490524291992,0.7160277366638184,0.09311842918395996
Custom Bangladeshi E-Waste Image Dataset for Objec/train/images/IMG_20250805_203321_jpg.rf.fda2603315b3ef543f6b3a2d3c796074.jpg,Mobile,known,mobile,pcb,3,0.7770259976387024,0.7845443487167358,0.7403223514556885,1.1555616855621338,pcb,2,0.8555953502655029,0.7831317782402039,0.7777553796768188,1.1003917455673218,0.7403223514556885,0.036703646183013916,0.7777553796768188,0.00537639856338501
Custom Bangladeshi E-Waste Image Dataset for Objec/train/images/IMG_20250805_203337_jpg.rf.619c09a827a0821443b40ad63fcaba9c.jpg,Mobile,known,mobile,pcb,2,0.8313746452331543,0.7267204523086548,0.7109660506248474,1.1892235279083252,mobile,1,0.88229900598526,0.7343882322311401,0.801154613494873,1.1181482076644897,0.7109660506248474,0.015754401683807373,0.7343882322311401,0.06676638126373291
Custom Bangladeshi E-Waste Image Dataset for Objec/train/images/IMG_20250805_203337_jpg.rf.6ce280063c439dcff00dc47da971944f.jpg,Mobile,known,mobile,pcb,3,0.8060904741287231,0.8550232648849487,0.7112659215927124,1.185590147972107,pcb,2,0.8839506506919861,0.8199013471603394,0.797018826007843,1.1214497089385986,0.7112659215927124,0.09482455253601074,0.797018826007843,0.022882521152496338
Custom Bangladeshi E-Waste Image Dataset for Objec/train/images/IMG_20250805_203337_jpg.rf.6da83fbcfaa0da8d3a9211eba95e434d.jpg,Mobile,known,mobile,pcb,2,0.8484818339347839,0.7552969455718994,0.739995002746582,1.1857284307479858,mobile,1,0.8837487697601318,0.7643610239028931,0.8250001668930054,1.0900671482086182,0.739995002746582,0.015301942825317383,0.7643610239028931,0.060639142990112305
Custom Bangladeshi E-Waste Image Dataset for Objec/train/images/IMG_20250805_203338_jpg.rf.29bc49ddc66d6aeb9a9b51d1b216f1ec.jpg,Mobile,known,mobile,pcb,2,0.8184057474136353,0.7878562211990356,0.7409237027168274,1.1847481727600098,mobile,1,0.8661301732063293,0.7419854402542114,0.8164123892784119,1.1129993200302124,0.7409237027168274,0.04693251848220825,0.7419854402542114,0.07442694902420044
Custom Bangladeshi E-Waste Image Dataset for Objec/train/images/IMG_20250805_203338_jpg.rf.68cadbff708a1a27b20e57a030073a53.jpg,Mobile,known,mobile,pcb,2,0.8122913241386414,0.7764046788215637,0.7003748416900635,1.184991478919983,mobile,1,0.8687351942062378,0.7778511047363281,0.7887074947357178,1.1209335327148438,0.7003748416900635,0.07602983713150024,0.7778511047363281,0.010856389999389648
Custom Bangladeshi E-Waste Image Dataset for Objec/train/images/IMG_20250805_203338_jpg.rf.967c7c7b3f77ddf047ed91906ea0686d.jpg,Mobile,known,mobile,pcb,2,0.8184800744056702,0.7962675094604492,0.7346195578575134,1.1975840330123901,mobile,1,0.8635252714157104,0.786128044128418,0.8198230266571045,1.0992313623428345,0.7346195578575134,0.06164795160293579,0.786128044128418,0.03369498252868652
Custom Bangladeshi E-Waste Image Dataset for Objec/train/images/IMG_20250805_203631_jpg.rf.1657f6333a95106b19ae986bab71732d.jpg,PCB,known,pcb,pcb,1,0.7656015157699585,0.9580255746841431,0.609035849571228,1.1211206912994385,pcb,1,0.899414598941803,0.9287251234054565,0.7465411424636841,1.041283130645752,0.609035849571228,0.15656566619873047,0.7465411424636841,0.1528734564781189
Custom Bangladeshi E-Waste Image Dataset for Objec/train/images/IMG_20250805_203631_jpg.rf.678c6dafbdeeb0aa3472251b455af101.jpg,PCB,known,pcb,pcb,1,0.7810132503509521,1.03071928024292,0.5605677366256714,1.137096643447876,pcb,1,0.836000382900238,1.0661510229110718,0.41527241468429565,1.1280453205108643,0.5605677366256714,0.22044551372528076,0.41527241468429565,0.4207279682159424
Custom Bangladeshi E-Waste Image Dataset for Objec/train/images/IMG_20250805_203631_jpg.rf.e3f68e5933daaea04eb8b422de352598.jpg,PCB,known,pcb,pcb,1,0.7939389944076538,1.0263583660125732,0.626474916934967,1.1431540250778198,pcb,1,0.871863603591919,1.0317505598068237,0.6890451908111572,1.0882461071014404,0.626474916934967,0.16746407747268677,0.6890451908111572,0.18281841278076172
Custom Bangladeshi E-Waste Image Dataset for Objec/train/images/IMG_20250805_203632_jpg.rf.40ed0549cea3e717eb754cfcc931f2ea.jpg,PCB,known,pcb,pcb,1,0.8568228483200073,0.9032622575759888,0.7140578627586365,1.1243096590042114,pcb,1,0.955146849155426,0.9158399105072021,0.8053349256515503,1.05011785030365,0.7140578627586365,0.14276498556137085,0.8053349256515503,0.11050498485565186
Custom Bangladeshi E-Waste Image Dataset for Objec/train/images/IMG_20250805_203632_jpg.rf.ecbe7898d2f1d45e0f505f74366651a3.jpg,PCB,known,pcb,pcb,1,0.8362181186676025,0.9504453539848328,0.6709624528884888,1.116258978843689,pcb,1,0.9117684364318848,0.9907607436180115,0.6772198677062988,1.010850191116333,0.6709624528884888,0.16525566577911377,0.6772198677062988,0.23454856872558594
Custom Bangladeshi E-Waste Image Dataset for Objec/train/images/IMG_20250805_203632_jpg.rf.f162f98659b16d5060fc3a9c0dda1bdf.jpg,PCB,known,pcb,pcb,1,0.7569602131843567,0.9616779685020447,0.5938045978546143,1.118301272392273,pcb,1,0.9064741134643555,0.9224675893783569,0.7628373503684998,1.0280195474624634,0.5938045978546143,0.16315561532974243,0.7628373503684998,0.1436367630958557
Custom Bangladeshi E-Waste Image Dataset for Objec/train/images/IMG_20250805_203702_jpg.rf.22c59755b274c9d8e13e458bc5a81223.jpg,PCB,known,pcb,pcb,1,0.7708501815795898,0.9309383034706116,0.5648664236068726,1.0227601528167725,pcb,1,0.8337421417236328,0.9067418575286865,0.5504019260406494,1.0652254819869995,0.5648664236068726,0.20598375797271729,0.5504019260406494,0.2833402156829834
Custom Bangladeshi E-Waste Image Dataset for Objec/train/images/IMG_20250805_203702_jpg.rf.2997e07f585cda914efdd301a1bd237b.jpg,PCB,known,pcb,pcb,1,0.7549566030502319,0.9323553442955017,0.6063759326934814,1.0161468982696533,pcb,1,0.7987531423568726,0.9261448979377747,0.49666327238082886,1.0299700498580933,0.6063759326934814,0.1485806703567505,0.49666327238082886,0.3020898699760437
Custom Bangladeshi E-Waste Image Dataset for Objec/train/images/IMG_20250805_203702_jpg.rf.56db0b8ab84d5446f012137d6083a495.jpg,PCB,known,pcb,pcb,1,0.6909831762313843,0.85957932472229,0.5484999418258667,0.9799451231956482,pcb,1,0.7684932947158813,0.9468127489089966,0.4425026774406433,0.9316348433494568,0.5484999418258667,0.14248323440551758,0.4425026774406433,0.32599061727523804
Custom Bangladeshi E-Waste Image Dataset for Objec/train/images/IMG_20250805_203703_jpg.rf.7c272dea552068b70e7282b48d259fbb.jpg,PCB,known,pcb,pcb,1,0.6928583383560181,0.8544034957885742,0.5445228815078735,0.9933309555053711,pcb,1,0.7696090936660767,0.929589569568634,0.43166017532348633,0.9693475365638733,0.5445228815078735,0.14833545684814453,0.43166017532348633,0.33794891834259033
Custom Bangladeshi E-Waste Image Dataset for Objec/train/images/IMG_20250805_203703_jpg.rf.835731ce0f85a809685efacd6894618f.jpg,PCB,known,pcb,pcb,1,0.7638824582099915,0.920725405216217,0.5724884867668152,1.001395583152771,pcb,1,0.8336285352706909,0.9793550968170166,0.45482075214385986,1.0022870302200317,0.5724884867668152,0.19139397144317627,0.45482075214385986,0.37880778312683105
Custom Bangladeshi E-Waste Image Dataset for Objec/train/images/IMG_20250805_203703_jpg.rf.e1e5004370d3edbf32cff2ef041e310e.jpg,PCB,known,pcb,pcb,1,0.7612090110778809,0.9645290374755859,0.539628267288208,1.0254120826721191,pcb,1,0.8450638651847839,0.9521164894104004,0.45348095893859863,1.0337638854980469,0.539628267288208,0.22158074378967285,0.45348095893859863,0.3915829062461853
Custom Bangladeshi E-Waste Image Dataset for Objec/train/images/IMG_20250805_203804_jpg.rf.23acd615013748d7bdd3d547bb50935a.jpg,Mobile,known,mobile,mobile,1,0.9009247422218323,0.5926790237426758,1.0754526853561401,1.0391676425933838,mobile,1,0.94377201795578,0.6761448383331299,1.014710545539856,1.0243077278137207,0.5926790237426758,0.3082457184791565,0.6761448383331299,0.26762717962265015
Custom Bangladeshi E-Waste Image Dataset for Objec/train/images/IMG_20250805_203804_jpg.rf.2aa2f4ad307106ebef06541aae137975.jpg,Mobile,known,mobile,mobile,1,0.9294833540916443,0.5500140190124512,1.072676420211792,0.9927301406860352,mobile,1,0.990979015827179,0.6648563146591187,1.0329906940460205,1.0258424282073975,0.5500140190124512,0.3794693350791931,0.6648563146591187,0.3261227011680603
Custom Bangladeshi E-Waste Image Dataset for Objec/train/images/IMG_20250805_203804_jpg.rf.d0d25dd17b163cc60b1a269ea27346dd.jpg,Mobile,known,mobile,mobile,1,0.9175935387611389,0.49180543422698975,1.121291160583496,0.9969419240951538,mobile,1,0.9895874261856079,0.5871406197547913,1.108813762664795,0.980214536190033,0.49180543422698975,0.42578810453414917,0.5871406197547913,0.3930739164352417
Custom Bangladeshi E-Waste Image Dataset for Objec/train/images/IMG_20250805_203806_jpg.rf.34c678b8361cf794b5af0e3b63a58a07.jpg,Mobile,known,mobile,mobile,1,0.9280815720558167,0.49535131454467773,1.095599889755249,1.0231492519378662,mobile,1,0.9950551390647888,0.6025271415710449,1.1003036499023438,0.9884527325630188,0.49535131454467773,0.4327302575111389,0.6025271415710449,0.3859255909919739
Custom Bangladeshi E-Waste Image Dataset for Objec/train/images/IMG_20250805_203806_jpg.rf.7fd019ac3a6efc21e4b37227c5bb73e1.jpg,Mobile,known,mobile,mobile,1,0.9191321730613708,0.4943675398826599,1.127480387687683,1.0067522525787354,mobile,1,0.9918128252029419,0.5974082946777344,1.1065315008163452,0.9930903911590576,0.4943675398826599,0.42476463317871094,0.5974082946777344,0.3944045305252075
Custom Bangladeshi E-Waste Image Dataset for Objec/train/images/IMG_20250805_203806_jpg.rf.a88c5e5ff1cddfe7235a919241c54687.jpg,Mobile,known,mobile,mobile,1,0.8899716138839722,0.5197365283966064,1.0762282609939575,1.021239995956421,mobile,1,0.9669224619865417,0.6413652896881104,1.0270150899887085,1.0211091041564941,0.5197365283966064,0.3702350854873657,0.6413652896881104,0.3255571722984314
Custom Bangladeshi E-Waste Image Dataset for Objec/train/images/IMG_20250805_203809_jpg.rf.8369f309373ddafa37f990cc84d96df6.jpg,Mobile,known,mobile,mobile,1,0.757101833820343,0.5738335847854614,1.012652039527893,0.9359590411186218,mobile,1,0.8786039352416992,0.631930947303772,0.9831827282905579,0.8261810541152954,0.5738335847854614,0.1832682490348816,0.631930947303772,0.19425010681152344
Custom Bangladeshi E-Waste Image Dataset for Objec/train/images/IMG_20250805_203809_jpg.rf.d485d98923b15ece68c49e6175f4a60c.jpg,Mobile,known,mobile,mobile,1,0.7385796308517456,0.4461653232574463,1.0199131965637207,0.9152839779853821,mobile,1,0.8610768914222717,0.5471518039703369,1.0518213510513306,0.8496098518371582,0.4461653232574463,0.2924143075942993,0.5471518039703369,0.3024580478668213
Custom Bangladeshi E-Waste Image Dataset for Objec/train/images/IMG_20250805_203809_jpg.rf.f06f5be1cc7487eb12962a962b35eff3.jpg,Mobile,known,mobile,mobile,1,0.781934380531311,0.48562806844711304,0.9946695566177368,0.8961913585662842,mobile,1,0.9119356870651245,0.5792542695999146,0.9658035635948181,0.9011430740356445,0.48562806844711304,0.296306312084198,0.5792542695999146,0.32188880443573
Custom Bangladeshi E-Waste Image Dataset for Objec/train/images/IMG_20250805_203810_jpg.rf.5dea20372f68da2fdbd452fec56b22e4.jpg,Mobile,known,mobile,mobile,1,0.7082499265670776,0.6730217933654785,0.9964869022369385,0.8903560638427734,mobile,1,0.8789859414100647,0.770044207572937,0.9141631126403809,0.8181553483009338,0.6730217933654785,0.03522813320159912,0.770044207572937,0.048111140727996826
Custom Bangladeshi E-Waste Image Dataset for Objec/train/images/IMG_20250805_203810_jpg.rf.a2d06f67c179d20800e307f90c6fc2b4.jpg,Mobile,known,mobile,mobile,1,0.7282355427742004,0.4685627818107605,1.0301543474197388,0.8979573249816895,mobile,1,0.8869777321815491,0.46653586626052856,1.0871747732162476,0.8722971081733704,0.4685627818107605,0.25967276096343994,0.46653586626052856,0.4057612419128418
Custom Bangladeshi E-Waste Image Dataset for Objec/train/images/IMG_20250805_203810_jpg.rf.be30c1ef7d353b90ba6f83aacd045063.jpg,Mobile,known,mobile,mobile,1,0.773793637752533,0.7452224493026733,1.0090452432632446,0.9903552532196045,mobile,1,0.8815773725509644,0.8412719368934631,0.8976353406906128,0.8526365160942078,0.7452224493026733,0.02857118844985962,0.8412719368934631,0.011364579200744629
Custom Bangladeshi E-Waste Image Dataset for Objec/train/images/IMG_20250805_203811_jpg.rf.3aea3cdfa197fc1c8c2597ab337d7345.jpg,Mobile,known,mobile,battery,2,0.6906852722167969,0.7451204061508179,0.973408043384552,0.8826128244400024,mobile,1,0.8444234132766724,0.764209508895874,0.9212985038757324,0.8293496370315552,0.6906852722167969,0.054435133934020996,0.764209508895874,0.06514012813568115
Custom Bangladeshi E-Waste Image Dataset for Objec/train/images/IMG_20250805_203811_jpg.rf.699b0103080853f83b5e914cd660a1b6.jpg,Mobile,known,mobile,mobile,1,0.7036044001579285,0.48483753204345703,1.010526418685913,0.8931515216827393,mobile,1,0.8423229455947876,0.5295270681381226,1.0491830110549927,0.85417640209198,0.48483753204345703,0.21876686811447144,0.5295270681381226,0.31279587745666504
Custom Bangladeshi E-Waste Image Dataset for Objec/train/images/IMG_20250805_203811_jpg.rf.cacd2c991eef295d45f4243e2a06b1c9.jpg,Mobile,known,mobile,battery,2,0.6959333419799805,0.728523850440979,0.9352626800537109,0.8838704824447632,mobile,1,0.8683005571365356,0.7669750452041626,0.8667867183685303,0.8379957675933838,0.6959333419799805,0.032590508460998535,0.7669750452041626,0.07102072238922119
Custom Bangladeshi E-Waste Image Dataset for Objec/train/images/IMG_20250805_203846_jpg.rf.66d7b40dd70798c0e6a723d0bdc26269.jpg,Mobile,known,mobile,mobile,1,0.879751443862915,0.4492183327674866,1.0855296850204468,0.9898735284805298,mobile,1,0.8957392573356628,0.6030642986297607,1.0503970384597778,0.9579328894615173,0.4492183327674866,0.43053311109542847,0.6030642986297607,0.2926749587059021
Custom Bangladeshi E-Waste Image Dataset for Objec/train/images/IMG_20250805_203846_jpg.rf.9e943104abcc04412073581826afec4d.jpg,Mobile,known,mobile,mobile,1,0.824383556842804,0.5844962000846863,0.977641224861145,0.9975367784500122,mobile,1,0.8990392684936523,0.682140052318573,0.9389520287513733,1.029278039932251,0.5844962000846863,0.23988735675811768,0.682140052318573,0.21689921617507935
Custom Bangladeshi E-Waste Image Dataset for Objec/train/images/IMG_20250805_203846_jpg.rf.cfa5e7649e94c6cde734514ca4acd259.jpg,Mobile,known,mobile,mobile,1,0.8586878776550293,0.5682385563850403,0.9804196357727051,0.992321789264679,mobile,1,0.9149941802024841,0.6787592172622681,0.9731485247612,1.0314115285873413,0.5682385563850403,0.290449321269989,0.6787592172622681,0.23623496294021606
Custom Bangladeshi E-Waste Image Dataset for Objec/train/images/IMG_20250805_203849_jpg.rf.03ad7178d8c57eaa9a3f7c594e4e47bc.jpg,Mobile,known,mobile,mobile,1,0.8986301422119141,0.4944838285446167,1.079599142074585,0.9725362658500671,mobile,1,0.9758238792419434,0.5743370652198792,1.0790249109268188,0.9962207078933716,0.4944838285446167,0.40414631366729736,0.5743370652198792,0.4014868140220642
Custom Bangladeshi E-Waste Image Dataset for Objec/train/images/IMG_20250805_203849_jpg.rf.839689c3cfa9fe4484b49c220997a6f1.jpg,Mobile,known,mobile,mobile,1,0.9247090816497803,0.5201939940452576,1.005011796951294,1.002238154411316,mobile,1,0.9866594076156616,0.6562028527259827,1.037102222442627,1.0101984739303589,0.5201939940452576,0.4045150876045227,0.6562028527259827,0.33045655488967896
Custom Bangladeshi E-Waste Image Dataset for Objec/train/images/IMG_20250805_203849_jpg.rf.d31bf4530028b764a92ed062e7127dad.jpg,Mobile,known,mobile,mobile,1,0.8853187561035156,0.4287252426147461,1.0785843133926392,0.9776591658592224,mobile,1,0.9694506525993347,0.5407737493515015,1.0812989473342896,0.9898059368133545,0.4287252426147461,0.45659351348876953,0.5407737493515015,0.42867690324783325
Custom Bangladeshi E-Waste Image Dataset for Objec/train/images/IMG_20250805_203902_jpg.rf.327b0dd828626fc4dc5867660d12285a.jpg,Mobile,known,mobile,mobile,1,0.8900865316390991,0.5713419914245605,1.0562994480133057,0.9781811833381653,mobile,1,0.9990000128746033,0.6151999831199646,1.0261310338974,1.0183429718017578,0.5713419914245605,0.3187445402145386,0.6151999831199646,0.38380002975463867
Custom Bangladeshi E-Waste Image Dataset for Objec/train/images/IMG_20250805_203902_jpg.rf.a23fe3b1c30257e8947ef9b1f48a0746.jpg,Mobile,known,mobile,mobile,1,0.9065442085266113,0.4520375728607178,1.1074628829956055,0.9800213575363159,mobile,1,0.9975906610488892,0.5338507890701294,1.1085433959960938,0.9988813996315002,0.4520375728607178,0.45450663566589355,0.5338507890701294,0.46373987197875977
Custom Bangladeshi E-Waste Image Dataset for Objec/train/images/IMG_20250805_203902_jpg.rf.bb8f8213eb4744ef892e1fd9c46edc8d.jpg,Mobile,known,mobile,mobile,1,0.9025776386260986,0.5353187322616577,1.056086540222168,1.0171445608139038,mobile,1,0.9929523468017578,0.6205941438674927,1.0253591537475586,1.0447241067886353,0.5353187322616577,0.3672589063644409,0.6205941438674927,0.37235820293426514
Custom Bangladeshi E-Waste Image Dataset for Objec/train/images/IMG_20250805_203903_1_jpg.rf.a847a14922cb7973b83d4e2f3c655fb5.jpg,Mobile,known,mobile,mobile,1,0.8935759663581848,0.4517589807510376,1.1294664144515991,0.9736143946647644,mobile,1,0.9891325235366821,0.5453137159347534,1.1237568855285645,1.002277135848999,0.4517589807510376,0.4418169856071472,0.5453137159347534,0.4438188076019287
Custom Bangladeshi E-Waste Image Dataset for Objec/train/images/IMG_20250805_203903_1_jpg.rf.e6eac1f51cfb25d40b34be0a5ec6f1d5.jpg,Mobile,known,mobile,mobile,1,0.9178075790405273,0.49411606788635254,1.0810658931732178,1.0237966775894165,mobile,1,1.0236941576004028,0.5963259935379028,1.047102689743042,1.0239163637161255,0.49411606788635254,0.4236915111541748,0.5963259935379028,0.4273681640625
Custom Bangladeshi E-Waste Image Dataset for Objec/train/images/IMG_20250805_203903_1_jpg.rf.f5cee8b017104a9e8573eb4524f0ff98.jpg,Mobile,known,mobile,mobile,1,1.0161800384521484,0.4705303907394409,1.1109670400619507,1.047569751739502,mobile,1,0.9984397292137146,0.6316009759902954,1.0346312522888184,1.0427716970443726,0.4705303907394409,0.5456496477127075,0.6316009759902954,0.3668387532234192
Custom Bangladeshi E-Waste Image Dataset for Objec/train/images/IMG_20250805_203903_jpg.rf.8f402e3b8d9da9885fbbcabec1f42576.jpg,Mobile,known,mobile,mobile,1,0.9352632164955139,0.4634917974472046,1.079577922821045,0.9934992790222168,mobile,1,0.9915919303894043,0.5161924362182617,1.0924577713012695,1.027275562286377,0.4634917974472046,0.4717714190483093,0.5161924362182617,0.4753994941711426
Custom Bangladeshi E-Waste Image Dataset for Objec/train/images/IMG_20250805_203903_jpg.rf.e34bfc57526f72ced179b5397bc93f15.jpg,Mobile,known,mobile,mobile,1,0.9066353440284729,0.46525269746780396,1.1141265630722046,0.9780123233795166,mobile,1,0.9973033666610718,0.5299261808395386,1.1110382080078125,1.000929594039917,0.46525269746780396,0.44138264656066895,0.5299261808395386,0.4673771858215332
Custom Bangladeshi E-Waste Image Dataset for Objec/train/images/IMG_20250805_203903_jpg.rf.f23b1a96ab603bb4dbb0d5dc1b359a97.jpg,Mobile,known,mobile,mobile,1,0.9436262845993042,0.43692243099212646,1.0937085151672363,1.0196396112442017,mobile,1,0.9990634918212891,0.5369055867195129,1.1165387630462646,1.0080509185791016,0.43692243099212646,0.5067038536071777,0.5369055867195129,0.4621579051017761
Custom Bangladeshi E-Waste Image Dataset for Objec/train/images/IMG_20250805_203907_jpg.rf.842e4fc0cf7a9464305766b439d364c5.jpg,Mobile,known,mobile,mobile,1,0.830295741558075,0.34292852878570557,1.1248598098754883,0.9430180191993713,mobile,1,0.8947287201881409,0.3981066346168518,1.144898772239685,0.9402685165405273,0.34292852878570557,0.4873672127723694,0.3981066346168518,0.49662208557128906
Custom Bangladeshi E-Waste Image Dataset for Objec/train/images/IMG_20250805_203907_jpg.rf.bfe8f9064ad57b8bfa2534f603f5300f.jpg,Mobile,known,mobile,mobile,1,0.8645552396774292,0.3919762969017029,1.0820540189743042,0.921339750289917,mobile,1,0.9103789329528809,0.4949573278427124,1.1048846244812012,0.9215125441551208,0.3919762969017029,0.4725789427757263,0.4949573278427124,0.41542160511016846
Custom Bangladeshi E-Waste Image Dataset for Objec/train/images/IMG_20250805_203907_jpg.rf.dd69ee28911b2c95d949c538ac5799d4.jpg,Mobile,known,mobile,mobile,1,0.8075563907623291,0.4593525528907776,1.0384631156921387,0.9290532469749451,mobile,1,0.8922531604766846,0.5969428420066833,1.0244240760803223,0.9179083108901978,0.4593525528907776,0.3482038378715515,0.5969428420066833,0.2953103184700012
Custom Bangladeshi E-Waste Image Dataset for Objec/train/images/IMG_20250805_203908_jpg.rf.4c4645aca4c09485234d7bb650187ba9.jpg,Mobile,known,mobile,mobile,1,0.8254633545875549,0.41519731283187866,1.0638680458068848,0.9150427579879761,mobile,1,0.9007145166397095,0.4776383638381958,1.0785022974014282,0.9541687369346619,0.41519731283187866,0.41026604175567627,0.4776383638381958,0.42307615280151367
Custom Bangladeshi E-Waste Image Dataset for Objec/train/images/IMG_20250805_203908_jpg.rf.eda7b9d24b1a975e131ef6c9b7f43fe2.jpg,Mobile,known,mobile,mobile,1,0.8483561277389526,0.40914982557296753,1.0731419324874878,0.9395168423652649,mobile,1,0.9181020259857178,0.5133233070373535,1.0949407815933228,0.8985200524330139,0.40914982557296753,0.4392063021659851,0.5133233070373535,0.3851967453956604
Custom Bangladeshi E-Waste Image Dataset for Objec/train/images/IMG_20250805_203908_jpg.rf.f30f1e3780a6cd716c1f2a3b2f984f8b.jpg,Mobile,known,mobile,mobile,1,0.8152095675468445,0.3502351641654968,1.1247220039367676,0.9465593695640564,mobile,1,0.8502399325370789,0.45640963315963745,1.1180198192596436,0.8907279968261719,0.3502351641654968,0.46497440338134766,0.45640963315963745,0.3938302993774414
Custom Bangladeshi E-Waste Image Dataset for Objec/train/images/IMG_20250805_203917_jpg.rf.3512fa1899ab4b236c8abd34a2e32b74.jpg,Mobile,known,mobile,mobile,1,0.8133329153060913,0.6034373044967651,1.0330836772918701,1.0131266117095947,mobile,1,0.9450923800468445,0.682092547416687,0.9680340886116028,1.030185341835022,0.6034373044967651,0.20989561080932617,0.682092547416687,0.26299983263015747
Custom Bangladeshi E-Waste Image Dataset for Objec/train/images/IMG_20250805_203917_jpg.rf.41ede18eba5e4814a68b0143d4b637b7.jpg,Mobile,known,mobile,mobile,1,0.8875647187232971,0.47565436363220215,1.08692467212677,1.0141091346740723,mobile,1,0.9479258060455322,0.5815424919128418,1.0834271907806396,1.0229970216751099,0.47565436363220215,0.41191035509109497,0.5815424919128418,0.36638331413269043
Custom Bangladeshi E-Waste Image Dataset for Objec/train/images/IMG_20250805_203917_jpg.rf.cfecadfe8ec76d0786a7fb3ac71b33db.jpg,Mobile,known,mobile,mobile,1,0.8378778100013733,0.5355970859527588,1.073610544204712,1.0251593589782715,mobile,1,0.943096399307251,0.6325191259384155,1.0221859216690063,1.003895878791809,0.5355970859527588,0.3022807240486145,0.6325191259384155,0.31057727336883545
Custom Bangladeshi E-Waste Image Dataset for Objec/train/images/IMG_20250805_203922_jpg.rf.9772c2edbd0d2281767d124674a04042.jpg,Mobile,known,mobile,mobile,1,0.7667791247367859,0.432918906211853,1.0377389192581177,0.9687677025794983,mobile,1,0.8740249276161194,0.5085619688034058,1.0645406246185303,0.9712167978286743,0.432918906211853,0.33386021852493286,0.5085619688034058,0.3654629588127136
Custom Bangladeshi E-Waste Image Dataset for Objec/train/images/IMG_20250805_203922_jpg.rf.b747b03d920d3d0c33908474edce093c.jpg,Mobile,known,mobile,mobile,1,0.8007426261901855,0.3631480932235718,1.043766975402832,0.9765489101409912,mobile,1,0.8890549540519714,0.4622787833213806,1.066622257232666,0.9890415072441101,0.3631480932235718,0.43759453296661377,0.4622787833213806,0.4267761707305908
Custom Bangladeshi E-Waste Image Dataset for Objec/train/images/IMG_20250805_203922_jpg.rf.fbc486f138d29a49b1f3de783c184c12.jpg,Mobile,known,mobile,mobile,1,0.8165449500083923,0.28522753715515137,1.100327730178833,0.9807151556015015,mobile,1,0.8792917728424072,0.3759165406227112,1.1263465881347656,0.9707450866699219,0.28522753715515137,0.531317412853241,0.3759165406227112,0.503375232219696
Custom Bangladeshi E-Waste Image Dataset for Objec/train/images/IMG_20250805_203923_jpg.rf.5c6fc3c85b160812cf0a3d80250b24d1.jpg,Mobile,known,mobile,mobile,1,0.7961337566375732,0.3155530095100403,1.0946027040481567,0.9781036972999573,mobile,1,0.8720004558563232,0.3769826292991638,1.1275742053985596,0.9781328439712524,0.3155530095100403,0.48058074712753296,0.3769826292991638,0.4950178265571594
Custom Bangladeshi E-Waste Image Dataset for Objec/train/images/IMG_20250805_203923_jpg.rf.c391e7c791e4efc10d2f5cd5e5ffabea.jpg,Mobile,known,mobile,mobile,1,0.8120421171188354,0.33014118671417236,1.0624018907546997,1.0019631385803223,mobile,1,0.9117767810821533,0.4278796315193176,1.0719581842422485,1.005549430847168,0.33014118671417236,0.4819009304046631,0.4278796315193176,0.4838971495628357
Custom Bangladeshi E-Waste Image Dataset for Objec/train/images/IMG_20250805_203923_jpg.rf.d38a90effba05a5b6fd5e7ac1cef65ec.jpg,Mobile,known,mobile,mobile,1,0.7788691520690918,0.41402125358581543,1.0204719305038452,0.9592403769493103,mobile,1,0.7897364497184753,0.5545111894607544,1.0302270650863647,0.91864413022995,0.41402125358581543,0.36484789848327637,0.5545111894607544,0.23522526025772095
Custom Bangladeshi E-Waste Image Dataset for Objec/train/images/IMG_20250805_204014_1_jpg.rf.a0927620ab1df0ce2f95851ee32a046d.jpg,Paper Waste,unknown,,battery,,0.564515233039856,0.8184690475463867,0.8812798261642456,1.0822193622589111,battery,,0.7464655041694641,0.8615645170211792,0.8995397090911865,1.0235203504562378,0.564515233039856,0.25395381450653076,0.7464655041694641,0.11509901285171509
Custom Bangladeshi E-Waste Image Dataset for Objec/train/images/IMG_20250805_204014_1_jpg.rf.cb1109c5e3bfb76fb133f366971c8396.jpg,Paper Waste,unknown,,battery,,0.6425677537918091,0.9331471920013428,0.8710640072822571,1.054213285446167,battery,,0.7614392042160034,0.9474018812179565,0.889967679977417,1.0398597717285156,0.6425677537918091,0.228496253490448,0.7614392042160034,0.12852847576141357
Custom Bangladeshi E-Waste Image Dataset for Objec/train/images/IMG_20250805_204014_1_jpg.rf.ec4d812a7d2c0df5e2a1c1b76b13ab54.jpg,Paper Waste,unknown,,battery,,0.6413815021514893,0.8893188238143921,0.8771319389343262,1.0485771894454956,battery,,0.7356035709381104,0.9136978983879089,0.9158418774604797,1.0186041593551636,0.6413815021514893,0.23575043678283691,0.7356035709381104,0.17809432744979858
Custom Bangladeshi E-Waste Image Dataset for Objec/train/images/IMG_20250805_204019_jpg.rf.a1138392577e0d1a720ec8de3ecb8d37.jpg,Paper Waste,unknown,,battery,,0.5884779691696167,0.9166632890701294,0.9027503132820129,1.0451605319976807,battery,,0.7270801663398743,0.9616389870643616,0.8950952291488647,1.0305713415145874,0.5884779691696167,0.31427234411239624,0.7270801663398743,0.16801506280899048
Custom Bangladeshi E-Waste Image Dataset for Objec/train/images/IMG_20250805_204019_jpg.rf.a610dfdd41bbeb7bc9fe18c88c70ba13.jpg,Paper Waste,unknown,,battery,,0.5465946793556213,0.7577654719352722,0.9208744764328003,1.029314637184143,battery,,0.6169289350509644,0.8942537903785706,0.9175421595573425,0.9887139797210693,0.5465946793556213,0.21117079257965088,0.6169289350509644,0.2773248553276062
Custom Bangladeshi E-Waste Image Dataset for Objec/train/images/IMG_20250805_204019_jpg.rf.fa0f780fb76b48106357a9a582586e05.jpg,Paper Waste,unknown,,battery,,0.6235500574111938,0.8010631203651428,0.9248213171958923,1.017199993133545,battery,,0.7375725507736206,0.919752836227417,0.9096964597702026,0.9975922107696533,0.6235500574111938,0.17751306295394897,0.7375725507736206,0.17212390899658203
Custom Bangladeshi E-Waste Image Dataset for Objec/train/images/IMG_20250805_204020_jpg.rf.b59d5e51f6ecab5f5bdb9fc97c4e9a63.jpg,Paper Waste,unknown,,battery,,0.5757540464401245,0.7429065704345703,0.9133069515228271,1.0373427867889404,battery,,0.6632900238037109,0.8645996451377869,0.9225742816925049,0.9922670722007751,0.5757540464401245,0.1671525239944458,0.6632900238037109,0.20130962133407593
Custom Bangladeshi E-Waste Image Dataset for Objec/train/images/IMG_20250805_204020_jpg.rf.fbcd98f1c51538b12e4a04bda5daf749.jpg,Paper Waste,unknown,,battery,,0.6384252905845642,0.8722368478775024,0.877034068107605,1.0174254179000854,battery,,0.7633687257766724,0.9273484945297241,0.8825842142105103,1.0196276903152466,0.6384252905845642,0.23381155729293823,0.7633687257766724,0.11921548843383789
Custom Bangladeshi E-Waste Image Dataset for Objec/train/images/IMG_20250805_204020_jpg.rf.ffe980c4ce002cc13096541ee42cca1c.jpg,Paper Waste,unknown,,battery,,0.6027688980102539,0.888939380645752,0.9055483341217041,1.0349016189575195,battery,,0.7287888526916504,0.9193228483200073,0.8973221778869629,1.0337855815887451,0.6027688980102539,0.28617048263549805,0.7287888526916504,0.1685333251953125
Custom Bangladeshi E-Waste Image Dataset for Objec/train/images/IMG_20250805_204022_jpg.rf.08e12e8931e96133ade9276e797f8696.jpg,Paper Waste,unknown,,battery,,0.5597530603408813,0.7646428346633911,0.9223073720932007,1.0329172611236572,battery,,0.6102690696716309,0.8741871118545532,0.8884870409965515,0.9990777373313904,0.5597530603408813,0.20488977432250977,0.6102690696716309,0.26391804218292236
Custom Bangladeshi E-Waste Image Dataset for Objec/train/images/IMG_20250805_204022_jpg.rf.541a336f35ed8d4a596f4f78055c59b4.jpg,Paper Waste,unknown,,battery,,0.6404236555099487,0.85870361328125,0.8921379446983337,1.0231361389160156,battery,,0.7458217144012451,0.9072307348251343,0.8944606781005859,1.002689003944397,0.6404236555099487,0.21827995777130127,0.7458217144012451,0.14863896369934082
Custom Bangladeshi E-Waste Image Dataset for Objec/train/images/IMG_20250805_204022_jpg.rf.b1bcc4bebb4c28f1b0a2b144c11f6192.jpg,Paper Waste,unknown,,battery,,0.5870070457458496,0.8541281223297119,0.9033635854721069,1.0342592000961304,battery,,0.7047237157821655,0.935613214969635,0.8886595368385315,1.0157511234283447,0.5870070457458496,0.2671210765838623,0.7047237157821655,0.18393582105636597
Custom Bangladeshi E-Waste Image Dataset for Objec/train/images/IMG_20250805_204028_1_jpg.rf.5c24b5123fecf20c31642b52fe0b55c4.jpg,Paper Waste,unknown,,battery,,0.5700879096984863,0.8493092656135559,0.8777493834495544,1.0603300333023071,battery,,0.6794428825378418,0.8950909376144409,0.8745324015617371,1.0555062294006348,0.5700879096984863,0.2792213559150696,0.6794428825378418,0.19508951902389526
Custom Bangladeshi E-Waste Image Dataset for Objec/train/images/IMG_20250805_204028_1_jpg.rf.97ec107dd22d40a5a90a8f412a4c4bec.jpg,Paper Waste,unknown,,battery,,0.6413578987121582,0.8092350363731384,0.8616904616355896,1.069284439086914,battery,,0.759194016456604,0.9157896637916565,0.8425827026367188,1.041674256324768,0.6413578987121582,0.16787713766098022,0.759194016456604,0.08338868618011475
Custom Bangladeshi E-Waste Image Dataset for Objec/train/images/IMG_20250805_204028_1_jpg.rf.ea70f142f4fb074bd33c716d6f2f6300.jpg,Paper Waste,unknown,,battery,,0.5460399985313416,0.7389602065086365,0.9093244671821594,1.086469054222107,battery,,0.6558447480201721,0.8198015093803406,0.9396097660064697,1.0370389223098755,0.5460399985313416,0.19292020797729492,0.6558447480201721,0.16395676136016846
Custom Bangladeshi E-Waste Image Dataset for Objec/train/images/IMG_20250805_204028_jpg.rf.56cb5adaf3658888f1766c56918fcb16.jpg,Paper Waste,unknown,,battery,,0.534941554069519,0.7503942251205444,0.9061259627342224,1.0927362442016602,battery,,0.6593347787857056,0.8210204243659973,0.932554304599762,1.043113350868225,0.534941554069519,0.2154526710510254,0.6593347787857056,0.16168564558029175
Custom Bangladeshi E-Waste Image Dataset for Objec/train/images/IMG_20250805_204028_jpg.rf.7960556c98120789a9032a374252a6ba.jpg,Paper Waste,unknown,,battery,,0.578385591506958,0.883827269077301,0.8403357267379761,1.0553516149520874,battery,,0.7504246234893799,0.901664674282074,0.8751493692398071,1.0447471141815186,0.578385591506958,0.26195013523101807,0.7504246234893799,0.12472474575042725
Custom Bangladeshi E-Waste Image Dataset for Objec/train/images/IMG_20250805_204028_jpg.rf.aa81bc648508edfd92dc54217b3c01d7.jpg,Paper Waste,unknown,,battery,,0.5947823524475098,0.8190487027168274,0.8855160474777222,1.0657902956008911,battery,,0.71238112449646,0.8726134896278381,0.8826372623443604,1.0529717206954956,0.5947823524475098,0.22426635026931763,0.71238112449646,0.16023236513137817
Custom Bangladeshi E-Waste Image Dataset for Objec/train/images/IMG_20250805_204038_jpg.rf.00e363bc40e50b03bfa7b05993b6efd9.jpg,Paper Waste,unknown,,battery,,0.5579147934913635,0.7554985284805298,0.9669263362884521,1.0452873706817627,battery,,0.7366102337837219,0.780744194984436,0.9805561304092407,1.025444507598877,0.5579147934913635,0.19758373498916626,0.7366102337837219,0.04413396120071411
Custom Bangladeshi E-Waste Image Dataset for Objec/train/images/IMG_20250805_204038_jpg.rf.3bb41027c705b110f4b5bad4cbb42ebd.jpg,Paper Waste,unknown,,battery,,0.5568556785583496,0.8052856922149658,0.9050155878067017,1.0498965978622437,battery,,0.7864185571670532,0.9242221117019653,0.8924528360366821,1.020015835762024,0.5568556785583496,0.2484300136566162,0.7864185571670532,0.1060342788696289
Custom Bangladeshi E-Waste Image Dataset for Objec/train/images/IMG_20250805_204038_jpg.rf.62ac2bf40d16b3fc0964b6589dc655b0.jpg,Paper Waste,unknown,,battery,,0.5622835159301758,0.8171324133872986,0.9466570615768433,1.0395246744155884,battery,,0.7515570521354675,0.9141652584075928,0.9117252826690674,1.027793526649475,0.5622835159301758,0.2548488974571228,0.7515570521354675,0.16016823053359985
Custom Bangladeshi E-Waste Image Dataset for Objec/train/images/IMG_20250805_204042_jpg.rf.105245aefc106ae8b225957ec872f6ee.jpg,Paper Waste,unknown,,battery,,0.5842372179031372,0.8379415273666382,0.893713653087616,1.039950966835022,battery,,0.7515712976455688,0.9160314798355103,0.8921201825141907,1.0312894582748413,0.5842372179031372,0.253704309463501,0.7515712976455688,0.14054888486862183
Custom Bangladeshi E-Waste Image Dataset for Objec/train/images/IMG_20250805_204042_jpg.rf.b68eb28882f282c1d25d037f0c727fcf.jpg,Paper Waste,unknown,,battery,,0.6239428520202637,0.7765223979949951,0.9493365287780762,1.0212537050247192,battery,,0.7789160013198853,0.8831512331962585,0.9215871691703796,1.0120420455932617,0.6239428520202637,0.15257954597473145,0.7789160013198853,0.10423523187637329
Custom Bangladeshi E-Waste Image Dataset for Objec/train/images/IMG_20250805_204042_jpg.rf.b6ceb5e75f0065f76c9dafccd8412617.jpg,Paper Waste,unknown,,battery,,0.5894817113876343,0.7300795316696167,0.9874707460403442,1.0244369506835938,battery,,0.7542023658752441,0.7670178413391113,0.9744848608970642,0.9895378351211548,0.5894817113876343,0.14059782028198242,0.7542023658752441,0.012815475463867188
Custom Bangladeshi E-Waste Image Dataset for Objec/train/images/IMG_20250805_204048_jpg.rf.aed1a6cd8c8552b65da4033cd8a8d03e.jpg,Paper Waste,unknown,,battery,,0.5512900948524475,0.6783343553543091,0.9007943868637085,1.0319509506225586,battery,,0.6973490715026855,0.7165225744247437,0.895248532295227,1.0064464807510376,0.5512900948524475,0.12704426050186157,0.6973490715026855,0.019173502922058105
Custom Bangladeshi E-Waste Image Dataset for Objec/train/images/IMG_20250805_204048_jpg.rf.e9f9bd3dddfafe360d1cbaf3f65f47e2.jpg,Paper Waste,unknown,,battery,,0.5922383069992065,0.7554398775100708,0.8686665296554565,1.0246919393539429,battery,,0.747475266456604,0.8360926508903503,0.9050001502037048,1.0111771821975708,0.5922383069992065,0.16320157051086426,0.747475266456604,0.08861738443374634
Custom Bangladeshi E-Waste Image Dataset for Objec/train/images/IMG_20250805_204048_jpg.rf.f447714dfcd6736d49e1301cee3ee8c7.jpg,Paper Waste,unknown,,battery,,0.5613415241241455,0.5913031101226807,0.928688108921051,1.0297014713287354,battery,,0.6402206420898438,0.6671955585479736,0.9678114652633667,0.9764121174812317,0.5613415241241455,0.029961585998535156,0.6402206420898438,0.026974916458129883
Custom Bangladeshi E-Waste Image Dataset for Objec/train/images/IMG_20250805_204134_jpg.rf.4af4e850fe7af5bb90ac3e97000d36c6.jpg,Plastic Waste,unknown,,battery,,0.614133358001709,0.8441882133483887,1.0031582117080688,0.9613152146339417,battery,,0.7999250292778015,0.9223266839981079,1.0054898262023926,0.8862789273262024,0.614133358001709,0.2300548553466797,0.7999250292778015,0.08635389804840088
Custom Bangladeshi E-Waste Image Dataset for Objec/train/images/IMG_20250805_204134_jpg.rf.7fe7ccc7b7358e325456ee597d01fd16.jpg,Plastic Waste,unknown,,battery,,0.6988195180892944,0.7902741432189941,0.989890456199646,0.9538437128067017,battery,,0.7865695357322693,0.8860828280448914,1.0348458290100098,0.862669825553894,0.6988195180892944,0.09145462512969971,0.7865695357322693,0.07610028982162476
Custom Bangladeshi E-Waste Image Dataset for Objec/train/images/IMG_20250805_204134_jpg.rf.b008bb5f98d7941d9e712f0ee4be0056.jpg,Plastic Waste,unknown,,battery,,0.5757083296775818,0.8313326835632324,0.9646210074424744,1.0490100383758545,battery,,0.7282973527908325,0.8374120593070984,0.9716629981994629,0.9931172132492065,0.5757083296775818,0.25562435388565063,0.7282973527908325,0.10911470651626587
Custom Bangladeshi E-Waste Image Dataset for Objec/train/images/IMG_20250805_204135_jpg.rf.0bacfba14385e79e2184e54c877cae52.jpg,Plastic Waste,unknown,,battery,,0.6601603031158447,0.780139684677124,0.9748833775520325,1.0279052257537842,battery,,0.7909278869628906,0.8307424783706665,0.9652878642082214,0.9475811719894409,0.6601603031158447,0.1199793815612793,0.7909278869628906,0.03981459140777588
Custom Bangladeshi E-Waste Image Dataset for Objec/train/images/IMG_20250805_204135_jpg.rf.bf48f20f68ee47cdeb19ff037671125a.jpg,Plastic Waste,unknown,,battery,,0.5857094526290894,0.8287799954414368,0.9833586812019348,1.0324199199676514,battery,,0.7375411987304688,0.829623281955719,0.9831635355949402,0.9765795469284058,0.5857094526290894,0.2430705428123474,0.7375411987304688,0.09208208322525024
Custom Bangladeshi E-Waste Image Dataset for Objec/train/images/IMG_20250805_204135_jpg.rf.e8d896d91041e679b1bedd98bda017b2.jpg,Plastic Waste,unknown,,battery,,0.6483155488967896,0.8099337816238403,0.9706212878227234,1.008951187133789,battery,,0.788174569606781,0.8731074333190918,0.9996896386146545,0.9130169153213501,0.6483155488967896,0.16161823272705078,0.788174569606781,0.08493286371231079
Custom Bangladeshi E-Waste Image Dataset for Objec/train/images/IMG_20250805_204158_jpg.rf.83f1e8426c72186415b229cf61e3ec7f.jpg,Metal Waste,unknown,,battery,,0.45145678520202637,0.8156166672706604,0.990512490272522,1.015049695968628,battery,,0.6155636310577393,0.9130373001098633,0.9176700711250305,1.0079662799835205,0.45145678520202637,0.36415988206863403,0.6155636310577393,0.297473669052124
Custom Bangladeshi E-Waste Image Dataset for Objec/train/images/IMG_20250805_204158_jpg.rf.94a28a097b0c82695b7da53b1b5e7752.jpg,Metal Waste,unknown,,battery,,0.5145446062088013,0.9060143828392029,0.9721943140029907,0.9991154074668884,battery,,0.7154839038848877,0.9386139512062073,0.8736270070075989,1.0457825660705566,0.5145446062088013,0.3914697766304016,0.7154839038848877,0.15814310312271118
Custom Bangladeshi E-Waste Image Dataset for Objec/train/images/IMG_20250805_204158_jpg.rf.d37e968bba1cfc83cd24b0cb461424e3.jpg,Metal Waste,unknown,,battery,,0.4032149314880371,0.8650808334350586,0.891977846622467,1.0419940948486328,battery,,0.5513641834259033,0.9347742199897766,0.9020372629165649,1.0571757555007935,0.4032149314880371,0.4618659019470215,0.5513641834259033,0.3506730794906616
Custom Bangladeshi E-Waste Image Dataset for Objec/train/images/IMG_20250805_204201_jpg.rf.17c04d0bf2d37637a93e683c1924b151.jpg,Metal Waste,unknown,,battery,,0.4699772000312805,0.8711836338043213,0.8946658968925476,1.0292760133743286,battery,,0.6521552801132202,0.9642104506492615,0.8801369071006775,1.0505614280700684,0.4699772000312805,0.40120643377304077,0.6521552801132202,0.22798162698745728
Custom Bangladeshi E-Waste Image Dataset for Objec/train/images/IMG_20250805_204201_jpg.rf.7718d5d121d636eaf4db939222e72c7a.jpg,Metal Waste,unknown,,battery,,0.5260961055755615,0.8142780661582947,0.9200164675712585,0.993374228477478,battery,,0.683138370513916,0.9293237924575806,0.8998145461082458,1.0276305675506592,0.5260961055755615,0.28818196058273315,0.683138370513916,0.21667617559432983
Custom Bangladeshi E-Waste Image Dataset for Objec/train/images/IMG_20250805_204201_jpg.rf.fe50310e7c717c6d3db53f4c90abfdfe.jpg,Metal Waste,unknown,,battery,,0.4797906279563904,0.8063666224479675,1.025477409362793,1.0151365995407104,battery,,0.6728766560554504,0.8925451040267944,0.9726427793502808,0.9881993532180786,0.4797906279563904,0.32657599449157715,0.6728766560554504,0.219668447971344
Custom Bangladeshi E-Waste Image Dataset for Objec/train/images/IMG_20250805_204215_jpg.rf.4025e8c48c1bf9a5986aaac0404fd70e.jpg,Plastic Waste,unknown,,battery,,0.7835894823074341,0.7965876460075378,1.0324811935424805,1.003217101097107,mobile,,0.8765428066253662,0.8168155550956726,0.9797705411911011,0.982230544090271,0.7835894823074341,0.01299816370010376,0.8168155550956726,0.059727251529693604
Custom Bangladeshi E-Waste Image Dataset for Objec/train/images/IMG_20250805_204215_jpg.rf.88eb2de496e894ade4564f886b58d2a8.jpg,Plastic Waste,unknown,,battery,,0.7427829504013062,0.8217994570732117,0.9937958121299744,0.9776231646537781,battery,,0.8196927905082703,0.8862632513046265,0.9466087818145752,0.9953805804252625,0.7427829504013062,0.07901650667190552,0.8196927905082703,0.0665704607963562
Custom Bangladeshi E-Waste Image Dataset for Objec/train/images/IMG_20250805_204215_jpg.rf.90b775a4472c8ddc3587ebc4fa69dec2.jpg,Plastic Waste,unknown,,battery,,0.7454730868339539,0.7544307112693787,1.0403847694396973,0.9975789785385132,mobile,,0.8648861050605774,0.7995161414146423,1.0074433088302612,0.960822582244873,0.7454730868339539,0.008957624435424805,0.7995161414146423,0.06536996364593506
Custom Bangladeshi E-Waste Image Dataset for Objec/train/images/IMG_20250805_204229_jpg.rf.8018bfdf212eb4100ca58e6df1b4092b.jpg,Metal Waste,unknown,,battery,,0.61722731590271,0.8960311412811279,1.0337615013122559,1.0160962343215942,battery,,0.7671154737472534,0.8197423219680786,0.9970093369483948,1.0181808471679688,0.61722731590271,0.27880382537841797,0.7671154737472534,0.052626848220825195
Custom Bangladeshi E-Waste Image Dataset for Objec/train/images/IMG_20250805_204229_jpg.rf.82858ac2219765cb8892a43f1f88eafe.jpg,Metal Waste,unknown,,battery,,0.6611320972442627,0.9307748675346375,1.0160765647888184,1.0010063648223877,battery,,0.7871438264846802,0.8644487857818604,0.9531475901603699,1.0219769477844238,0.6611320972442627,0.26964277029037476,0.7871438264846802,0.07730495929718018
Custom Bangladeshi E-Waste Image Dataset for Objec/train/images/IMG_20250805_204229_jpg.rf.9b6eeeaa4b93d3784f7f8b033d508249.jpg,Metal Waste,unknown,,battery,,0.6278834342956543,0.9352595210075378,0.9938247799873352,1.0025500059127808,battery,,0.7853605151176453,0.9211584329605103,0.9444817900657654,0.9966807961463928,0.6278834342956543,0.30737608671188354,0.7853605151176453,0.135797917842865
Custom Bangladeshi E-Waste Image Dataset for Objec/train/images/IMG_20250805_204235_jpg.rf.5d5783c15fbc7236326f2e8e0968a8fe.jpg,Metal Waste,unknown,,battery,,0.4971235990524292,0.9359328150749207,0.9911053776741028,1.0296710729599,battery,,0.6995398998260498,0.9242672920227051,0.912655234336853,1.0509840250015259,0.4971235990524292,0.43880921602249146,0.6995398998260498,0.21311533451080322
Custom Bangladeshi E-Waste Image Dataset for Objec/train/images/IMG_20250805_204235_jpg.rf.6626b51fc37fc6d32b5ab51633d7e6a1.jpg,Metal Waste,unknown,,battery,,0.4737545847892761,0.8965092301368713,1.0252912044525146,1.0546585321426392,battery,,0.643052339553833,0.8627773523330688,0.9582380056381226,1.0392658710479736,0.4737545847892761,0.4227546453475952,0.643052339553833,0.21972501277923584
Custom Bangladeshi E-Waste Image Dataset for Objec/train/images/IMG_20250805_204235_jpg.rf.8fe5cfe2bf8ff3ab8ea0093bc82b0d75.jpg,Metal Waste,unknown,,battery,,0.46826308965682983,0.9100721478462219,0.9812306761741638,1.039340615272522,battery,,0.6519596576690674,0.9262970685958862,0.9435387849807739,1.0461177825927734,0.46826308965682983,0.4418090581893921,0.6519596576690674,0.27433741092681885
Custom Bangladeshi E-Waste Image Dataset for Objec/train/images/IMG_20250805_204240_jpg.rf.7e587e2ac6a2c2f665104bda1915bbf6.jpg,Metal Waste,unknown,,battery,,0.5182111263275146,0.863971471786499,0.9906516671180725,1.1018325090408325,battery,,0.6457165479660034,0.872288703918457,0.9556645154953003,1.0862032175064087,0.5182111263275146,0.3457603454589844,0.6457165479660034,0.2265721559524536
Custom Bangladeshi E-Waste Image Dataset for Objec/train/images/IMG_20250805_204240_jpg.rf.e448688e8c263e6d4cc4c2876f023f14.jpg,Metal Waste,unknown,,battery,,0.531509518623352,0.8758779764175415,0.968942403793335,1.032772421836853,battery,,0.6902756690979004,0.8944541811943054,0.8957598209381104,1.071818232536316,0.531509518623352,0.34436845779418945,0.6902756690979004,0.20417851209640503
Custom Bangladeshi E-Waste Image Dataset for Objec/train/images/IMG_20250805_204240_jpg.rf.eb698695bfc2e063c66a3629867f5058.jpg,Metal Waste,unknown,,battery,,0.4816357493400574,0.9465534090995789,0.9816204905509949,1.0290273427963257,battery,,0.6361121535301208,0.9395507574081421,0.9243403077125549,1.0694270133972168,0.4816357493400574,0.4649176597595215,0.6361121535301208,0.2882281541824341
Custom Bangladeshi E-Waste Image Dataset for Objec/train/images/IMG_20250805_204241_jpg.rf.6f6b3df4d4bd9f7c0ddf7a4f4f8bee53.jpg,Metal Waste,unknown,,battery,,0.47825151681900024,0.9131722450256348,0.9689076542854309,1.032356858253479,battery,,0.6370071768760681,0.9315091967582703,0.9131017327308655,1.0764377117156982,0.47825151681900024,0.4349207282066345,0.6370071768760681,0.27609455585479736
Custom Bangladeshi E-Waste Image Dataset for Objec/train/images/IMG_20250805_204241_jpg.rf.8c3704f64d7cd9886b07a98cd79ca356.jpg,Metal Waste,unknown,,battery,,0.5593358278274536,0.8823859095573425,0.9670231342315674,1.0678458213806152,battery,,0.6712733507156372,0.9343671202659607,0.9151992201805115,1.080008864402771,0.5593358278274536,0.3230500817298889,0.6712733507156372,0.24392586946487427
Custom Bangladeshi E-Waste Image Dataset for Objec/train/images/IMG_20250805_204241_jpg.rf.950a1bc71bc8459f09e364d8e52baaf3.jpg,Metal Waste,unknown,,battery,,0.5483776330947876,0.9012409448623657,0.9425982236862183,1.0483285188674927,battery,,0.7298351526260376,0.8973761200904846,0.8875991106033325,1.063392996788025,0.5483776330947876,0.3528633117675781,0.7298351526260376,0.15776395797729492
Custom Bangladeshi E-Waste Image Dataset for Objec/train/images/IMG_20250805_204242_jpg.rf.954bdd581387fcb523d672277e062514.jpg,Metal Waste,unknown,,battery,,0.5006942749023438,0.8995293378829956,0.9768067598342896,1.0457112789154053,battery,,0.6894862651824951,0.947212278842926,0.9055006504058838,1.0862317085266113,0.5006942749023438,0.39883506298065186,0.6894862651824951,0.21601438522338867
Custom Bangladeshi E-Waste Image Dataset for Objec/train/images/IMG_20250805_204242_jpg.rf.d3213f14ae5c979a8d3e152a0f75754b.jpg,Metal Waste,unknown,,battery,,0.5188525319099426,0.8822558522224426,0.9498347043991089,1.0720757246017456,battery,,0.7171363830566406,0.8733937740325928,0.9285449981689453,1.0537488460540771,0.5188525319099426,0.3634033203125,0.7171363830566406,0.15625739097595215
Custom Bangladeshi E-Waste Image Dataset for Objec/train/images/IMG_20250805_204242_jpg.rf.ea24d69a343d670177e310f7ef85814c.jpg,Metal Waste,unknown,,battery,,0.491840124130249,0.9071750044822693,0.9895034432411194,1.0312471389770508,battery,,0.6563009023666382,0.9077051877975464,0.9194555282592773,1.0691213607788086,0.491840124130249,0.41533488035202026,0.6563009023666382,0.2514042854309082
Custom Bangladeshi E-Waste Image Dataset for Objec/train/images/IMG_20250805_204305_jpg.rf.419f7bd13360aabc5aa9635a5f36a478.jpg,Plastic Waste,unknown,,battery,,0.7505130171775818,0.8376948833465576,0.9436068534851074,0.9874935150146484,battery,,0.8532795906066895,0.9218337535858154,0.9196957349777222,0.9869336485862732,0.7505130171775818,0.08718186616897583,0.8532795906066895,0.06641614437103271
Custom Bangladeshi E-Waste Image Dataset for Objec/train/images/IMG_20250805_204305_jpg.rf.905bc4a4c245689aa36ad6480324f0a5.jpg,Plastic Waste,unknown,,battery,,0.6822724342346191,0.8500279188156128,0.9384514689445496,0.942421555519104,battery,,0.810299813747406,0.935356855392456,0.904000997543335,0.9614964127540588,0.6822724342346191,0.16775548458099365,0.810299813747406,0.09370118379592896
Custom Bangladeshi E-Waste Image Dataset for Objec/train/images/IMG_20250805_204305_jpg.rf.d096412b5f2bf1b6d56c5131884c4297.jpg,Plastic Waste,unknown,,battery,,0.7236815690994263,0.8331391215324402,0.9606291055679321,0.9807323217391968,battery,,0.8361206650733948,0.91424959897995,0.9484756588935852,0.9707008600234985,0.7236815690994263,0.10945755243301392,0.8361206650733948,0.07812893390655518
Custom Bangladeshi E-Waste Image Dataset for Objec/train/images/IMG_20250805_204330_1_jpg.rf.35eede58f02c43ece9c45e1aac1ecf9c.jpg,Paper Waste,unknown,,battery,,0.6054196357727051,0.9254297018051147,0.8787722587585449,1.0490233898162842,battery,,0.8447566628456116,0.9239006042480469,0.8897806406021118,1.032332420349121,0.6054196357727051,0.27335262298583984,0.8447566628456116,0.045023977756500244
Custom Bangladeshi E-Waste Image Dataset for Objec/train/images/IMG_20250805_204330_1_jpg.rf.b464f78aaf13a3ddd8effb7c378763dd.jpg,Paper Waste,unknown,,battery,,0.6330852508544922,0.8894703984260559,0.8397150635719299,1.029453992843628,battery,,0.8099470138549805,0.8919877409934998,0.854891300201416,1.0269372463226318,0.6330852508544922,0.20662981271743774,0.8099470138549805,0.04494428634643555
Custom Bangladeshi E-Waste Image Dataset for Objec/train/images/IMG_20250805_204330_1_jpg.rf.bb520caf2619a0bbd97ade1cfeffac4a.jpg,Paper Waste,unknown,,battery,,0.605075478553772,0.8531049489974976,0.8367341160774231,1.0408374071121216,mobile,,0.8389647603034973,0.8384611010551453,0.8622643947601318,1.0076055526733398,0.605075478553772,0.23165863752365112,0.8384611010551453,0.0005036592483520508
Custom Bangladeshi E-Waste Image Dataset for Objec/train/images/IMG_20250805_204338_jpg.rf.5735a422054492acdaecb0203a5a2136.jpg,Paper Waste,unknown,,battery,,0.7072175741195679,0.8706299066543579,0.9363257884979248,1.0255930423736572,battery,,0.8374110460281372,0.9154805541038513,0.9107237458229065,1.015972375869751,0.7072175741195679,0.16341233253479004,0.8374110460281372,0.07331269979476929
Custom Bangladeshi E-Waste Image Dataset for Objec/train/images/IMG_20250805_204338_jpg.rf.9947fa246e581cbcfe30bbdea9b85ba2.jpg,Paper Waste,unknown,,battery,,0.6903417110443115,0.7902990579605103,0.9750037789344788,1.0225319862365723,battery,,0.8168436884880066,0.8369836211204529,0.940431535243988,1.0003113746643066,0.6903417110443115,0.09995734691619873,0.8168436884880066,0.02013993263244629
Custom Bangladeshi E-Waste Image Dataset for Objec/train/images/IMG_20250805_204338_jpg.rf.995ff114ea8f2657564846127d0c9af4.jpg,Paper Waste,unknown,,battery,,0.7097960710525513,0.8273302316665649,0.9150567650794983,1.0340291261672974,battery,,0.8324715495109558,0.9088003635406494,0.8486323356628418,1.0162005424499512,0.7097960710525513,0.11753416061401367,0.8324715495109558,0.016160786151885986
Custom Bangladeshi E-Waste Image Dataset for Objec/train/images/IMG_20250805_204402_jpg.rf.465d41e416f1a3f4c310d124f6a20394.jpg,Paper Waste,unknown,,battery,,0.5474454760551453,0.9162734150886536,0.899522066116333,1.0795234441757202,battery,,0.7045036554336548,0.9503920674324036,0.9382477402687073,1.0245616436004639,0.5474454760551453,0.35207659006118774,0.7045036554336548,0.2337440848350525
Custom Bangladeshi E-Waste Image Dataset for Objec/train/images/IMG_20250805_204402_jpg.rf.d269ecf60d1be8342d3eba7460cb2363.jpg,Paper Waste,unknown,,battery,,0.4753965139389038,0.9144991040229797,0.9532055854797363,1.0696839094161987,battery,,0.658979058265686,0.9157559871673584,0.9963284134864807,1.026201844215393,0.4753965139389038,0.4391025900840759,0.658979058265686,0.25677692890167236
Custom Bangladeshi E-Waste Image Dataset for Objec/train/images/IMG_20250805_204402_jpg.rf.f4ceb7fe4c8eb0c82dbc037ec7b831c7.jpg,Paper Waste,unknown,,battery,,0.5225218534469604,0.9309996962547302,0.888606071472168,1.0436598062515259,battery,,0.7379352450370789,0.9484201669692993,0.9446461200714111,1.0137877464294434,0.5225218534469604,0.3660842180252075,0.7379352450370789,0.20671087503433228
Custom Bangladeshi E-Waste Image Dataset for Objec/train/images/IMG_20250805_204403_1_jpg.rf.2b6c8113c9835325069714f6fb87e350.jpg,Paper Waste,unknown,,battery,,0.47171729803085327,0.8730646371841431,0.9269905686378479,1.0749629735946655,battery,,0.6418495178222656,0.920483410358429,0.9668017625808716,1.028871774673462,0.47171729803085327,0.4013473391532898,0.6418495178222656,0.27863389253616333
Custom Bangladeshi E-Waste Image Dataset for Objec/train/images/IMG_20250805_204403_1_jpg.rf.382583bcdbc5e53b2d2ca25df623ac57.jpg,Paper Waste,unknown,,battery,,0.5479682683944702,0.9428213238716125,0.9087896347045898,1.0550570487976074,battery,,0.7294411659240723,0.9561032056808472,0.9228476881980896,1.035415530204773,0.5479682683944702,0.36082136631011963,0.7294411659240723,0.19340652227401733
Custom Bangladeshi E-Waste Image Dataset for Objec/train/images/IMG_20250805_204403_1_jpg.rf.d48b2c991fff5aef30ecb5a5a223dc63.jpg,Paper Waste,unknown,,battery,,0.5446248054504395,0.9580281972885132,0.8926874995231628,1.0463799238204956,battery,,0.7367838025093079,0.9554842710494995,0.9365301132202148,1.0201077461242676,0.5446248054504395,0.3480626940727234,0.7367838025093079,0.19974631071090698
Custom Bangladeshi E-Waste Image Dataset for Objec/train/images/IMG_20250805_204403_jpg.rf.18c2fb5925cb92d259429fe11c328a57.jpg,Paper Waste,unknown,,battery,,0.4714699387550354,0.8845279216766357,0.9394068121910095,1.0708624124526978,battery,,0.6670148372650146,0.9191904067993164,0.9965264201164246,1.0251866579055786,0.4714699387550354,0.41305798292160034,0.6670148372650146,0.25217556953430176
Custom Bangladeshi E-Waste Image Dataset for Objec/train/images/IMG_20250805_204403_jpg.rf.47391ac46de2a994f2f2f99ff97e45bb.jpg,Paper Waste,unknown,,battery,,0.5162029266357422,0.9094757437705994,0.9191397428512573,1.0683863162994385,battery,,0.7197107076644897,0.9575153589248657,0.9544814825057983,1.03305184841156,0.5162029266357422,0.3932728171348572,0.7197107076644897,0.2347707748413086
Custom Bangladeshi E-Waste Image Dataset for Objec/train/images/IMG_20250805_204403_jpg.rf.7907fbb3d9cee8e3d0d3ae3a4ff21f49.jpg,Paper Waste,unknown,,battery,,0.5534230470657349,0.9502385854721069,0.9121588468551636,1.0549277067184448,battery,,0.7366812229156494,0.9493082165718079,0.9324823021888733,1.0259168148040771,0.5534230470657349,0.3587357997894287,0.7366812229156494,0.19580107927322388
Custom Bangladeshi E-Waste Image Dataset for Objec/train/images/IMG_20250805_204414_1_jpg.rf.1c92b483abd6acf96410802b6375dd9c.jpg,Glass Waste,unknown,,pcb,,0.8123605847358704,0.8098046183586121,0.8076068162918091,1.0672907829284668,mobile,,0.8730685710906982,0.7889696955680847,0.854022204875946,1.0777256488800049,0.8076068162918091,0.0021978020668029785,0.7889696955680847,0.06505250930786133
Custom Bangladeshi E-Waste Image Dataset for Objec/train/images/IMG_20250805_204414_1_jpg.rf.64180a311b561afbb9a15f6eb4007570.jpg,Glass Waste,unknown,,mobile,,0.7967909574508667,0.6420508027076721,0.7922030091285706,1.0685505867004395,mobile,,0.8820311427116394,0.7315456867218018,0.8180842399597168,1.0673203468322754,0.6420508027076721,0.15015220642089844,0.7315456867218018,0.08653855323791504
Custom Bangladeshi E-Waste Image Dataset for Objec/train/images/IMG_20250805_204414_1_jpg.rf.854bf1ac3c1aae5d14fe9199fb80f10b.jpg,Glass Waste,unknown,,pcb,,0.810309648513794,0.8163813948631287,0.7492622137069702,1.0699964761734009,pcb,,0.8810372948646545,0.8422688245773315,0.8292183876037598,1.0718307495117188,0.7492622137069702,0.06104743480682373,0.8292183876037598,0.013050436973571777
Custom Bangladeshi E-Waste Image Dataset for Objec/train/images/IMG_20250805_204414_jpg.rf.8e0501fb661b006e1c73b2208239a0b1.jpg,Glass Waste,unknown,,mobile,,0.8329802751541138,0.7901171445846558,0.8060491681098938,1.0656079053878784,mobile,,0.9102253913879395,0.8105701208114624,0.8260174989700317,1.080768346786499,0.7901171445846558,0.015932023525238037,0.8105701208114624,0.015447378158569336
Custom Bangladeshi E-Waste Image Dataset for Objec/train/images/IMG_20250805_204414_jpg.rf.c18b726fbd9645915ceb7b5e1fc50799.jpg,Glass Waste,unknown,,mobile,,0.8206599354743958,0.8156388401985168,0.8420156836509705,1.070446252822876,mobile,,0.9075727462768555,0.8628314137458801,0.8771618008613586,1.0770732164382935,0.8156388401985168,0.005021095275878906,0.8628314137458801,0.014330387115478516
Custom Bangladeshi E-Waste Image Dataset for Objec/train/images/IMG_20250805_204414_jpg.rf.ecaa76e7dad96f8cfadbfabe72151ee8.jpg,Glass Waste,unknown,,mobile,,0.7930150032043457,0.657633900642395,0.7938585877418518,1.069866418838501,mobile,,0.90381920337677,0.7450932860374451,0.7526019215583801,1.0768382549285889,0.657633900642395,0.13538110256195068,0.7450932860374451,0.007508635520935059
Custom Bangladeshi E-Waste Image Dataset for Objec/train/images/IMG_20250805_204415_jpg.rf.05424b694b36a670da98f926322acc7f.jpg,Glass Waste,unknown,,mobile,,0.8501219153404236,0.6468968987464905,0.8260506987571716,1.0652985572814941,mobile,,0.9024881720542908,0.7163910865783691,0.8387644290924072,1.0707062482833862,0.6468968987464905,0.17915380001068115,0.7163910865783691,0.12237334251403809
Custom Bangladeshi E-Waste Image Dataset for Objec/train/images/IMG_20250805_204415_jpg.rf.2136abe30fc32576f2de57bf8ca3a18b.jpg,Glass Waste,unknown,,battery,,0.8027150630950928,0.8326264023780823,0.8347005844116211,1.0529749393463135,pcb,,0.8869661092758179,0.812851071357727,0.8071110248565674,1.079329490661621,0.8027150630950928,0.029911339282989502,0.8071110248565674,0.005740046501159668
Custom Bangladeshi E-Waste Image Dataset for Objec/train/images/IMG_20250805_204415_jpg.rf.7a6b459ecec732af109c99637ff42206.jpg,Glass Waste,unknown,,mobile,,0.8040233850479126,0.6541832685470581,0.8143683075904846,1.0766726732254028,mobile,,0.8981109857559204,0.7278341054916382,0.846304178237915,1.060428500175476,0.6541832685470581,0.1498401165008545,0.7278341054916382,0.11847007274627686
Custom Bangladeshi E-Waste Image Dataset for Objec/train/images/IMG_20250805_204427_jpg.rf.3e3dfa132e7aeb8375be3686b23cc7d4.jpg,Plastic Waste,unknown,,battery,,0.36751705408096313,0.6881096363067627,0.8883115649223328,1.00066339969635,battery,,0.2734382748603821,0.8002654910087585,0.9406003355979919,1.0143680572509766,0.36751705408096313,0.32059258222579956,0.2734382748603821,0.5268272161483765
Custom Bangladeshi E-Waste Image Dataset for Objec/train/images/IMG_20250805_204427_jpg.rf.44d416a4e07cfdd3a95570b6f34b1567.jpg,Plastic Waste,unknown,,battery,,0.4136698842048645,0.6975312232971191,0.8639405369758606,1.0310083627700806,battery,,0.30245864391326904,0.803240180015564,0.882718563079834,1.0524615049362183,0.4136698842048645,0.28386133909225464,0.30245864391326904,0.5007815361022949
Custom Bangladeshi E-Waste Image Dataset for Objec/train/images/IMG_20250805_204427_jpg.rf.a06f359f07d041d534e28ebda41e5ab3.jpg,Plastic Waste,unknown,,battery,,0.4243956208229065,0.6780898571014404,0.8603206872940063,1.0116420984268188,battery,,0.30181562900543213,0.8000214695930481,0.8546805381774902,1.0524561405181885,0.4243956208229065,0.25369423627853394,0.30181562900543213,0.49820584058761597
Custom Bangladeshi E-Waste Image Dataset for Objec/train/images/IMG_20250805_204445_jpg.rf.076c6bfa002b8f0b2596c48b856315cb.jpg,Plastic Waste,unknown,,pcb,,0.8860874176025391,0.9832240343093872,0.7469518184661865,1.0539464950561523,pcb,,0.9262791275978088,0.9707096219062805,0.7958768606185913,0.9969277381896973,0.7469518184661865,0.13913559913635254,0.7958768606185913,0.13040226697921753
Custom Bangladeshi E-Waste Image Dataset for Objec/train/images/IMG_20250805_204445_jpg.rf.2d27044804cc7673eb272ebb4b5340b5.jpg,Plastic Waste,unknown,,pcb,,0.9104846715927124,0.981032133102417,0.742734432220459,1.051957607269287,pcb,,0.9373503923416138,0.9752452373504639,0.7705144286155701,1.002325415611267,0.742734432220459,0.16775023937225342,0.7705144286155701,0.1668359637260437
Custom Bangladeshi E-Waste Image Dataset for Objec/train/images/IMG_20250805_204445_jpg.rf.b0a492f04c310f5fb2fadb191bab295c.jpg,Plastic Waste,unknown,,pcb,,0.832628607749939,0.9074240922927856,0.7573157548904419,0.9953270554542542,pcb,,0.9047302007675171,0.9145774841308594,0.8011848330497742,0.9676477909088135,0.7573157548904419,0.07531285285949707,0.8011848330497742,0.10354536771774292
Custom Bangladeshi E-Waste Image Dataset for Objec/train/images/IMG_20250805_204446_jpg.rf.01383612ea7fc6716d8f2ef8af10fd0f.jpg,Plastic Waste,unknown,,pcb,,0.838660478591919,0.9139328598976135,0.7542113661766052,0.9979569315910339,pcb,,0.9101668000221252,0.9145281314849854,0.7910690307617188,0.9688796997070312,0.7542113661766052,0.08444911241531372,0.7910690307617188,0.1190977692604065
Custom Bangladeshi E-Waste Image Dataset for Objec/train/images/IMG_20250805_204446_jpg.rf.80d93ca71488224d1cb636a2a0911d5f.jpg,Plastic Waste,unknown,,pcb,,0.9190281629562378,0.9995990991592407,0.729811429977417,1.0355452299118042,pcb,,0.9505787491798401,0.9748713970184326,0.7742466330528259,0.9782569408416748,0.729811429977417,0.1892167329788208,0.7742466330528259,0.17633211612701416
Custom Bangladeshi E-Waste Image Dataset for Objec/train/images/IMG_20250805_204446_jpg.rf.e21f86bd197cbe16e984e7edfe1c44fe.jpg,Plastic Waste,unknown,,pcb,,0.9103822112083435,0.957045316696167,0.7358606457710266,1.0744075775146484,pcb,,0.9381292462348938,0.946900486946106,0.7849639058113098,1.000464916229248,0.7358606457710266,0.1745215654373169,0.7849639058113098,0.15316534042358398
Custom Bangladeshi E-Waste Image Dataset for Objec/train/images/IMG_20250805_204447_jpg.rf.4b90d1463143b7ed2ecccba85ac391d1.jpg,Plastic Waste,unknown,,pcb,,0.8361764550209045,0.9096957445144653,0.7503002882003784,1.0009573698043823,pcb,,0.891170084476471,0.9076590538024902,0.7897005677223206,0.9792609214782715,0.7503002882003784,0.08587616682052612,0.7897005677223206,0.10146951675415039
Custom Bangladeshi E-Waste Image Dataset for Objec/train/images/IMG_20250805_204447_jpg.rf.628c3b5527dd62e045977acffdddad2c.jpg,Plastic Waste,unknown,,pcb,,0.875095009803772,0.9439586400985718,0.7456352710723877,1.0356825590133667,pcb,,0.9285949468612671,0.9476949572563171,0.7848062515258789,0.9863166213035583,0.7456352710723877,0.12945973873138428,0.7848062515258789,0.14378869533538818
Custom Bangladeshi E-Waste Image Dataset for Objec/train/images/IMG_20250805_204447_jpg.rf.63ab6b791bd241e8005bed2f85be13c4.jpg,Plastic Waste,unknown,,pcb,,0.9276615381240845,0.9456912279129028,0.7587306499481201,1.0378419160842896,pcb,,0.9647582769393921,0.9518293738365173,0.7921872138977051,0.99589604139328,0.7587306499481201,0.16893088817596436,0.7921872138977051,0.15964215993881226
Custom Bangladeshi E-Waste Image Dataset for Objec/train/images/IMG_20250805_204448_jpg.rf.0aaedbdc458d90e14493d2247028f185.jpg,Plastic Waste,unknown,,pcb,,0.8753103017807007,0.9597256183624268,0.7416478991508484,1.0469344854354858,pcb,,0.9043304324150085,0.9464820623397827,0.7781774997711182,0.9683257937431335,0.7416478991508484,0.1336624026298523,0.7781774997711182,0.12615293264389038
Custom Bangladeshi E-Waste Image Dataset for Objec/train/images/IMG_20250805_204448_jpg.rf.b45a834ca392b140453e1cf4ca143dee.jpg,Plastic Waste,unknown,,pcb,,0.8374098539352417,0.9092046022415161,0.7416973114013672,0.9967769980430603,pcb,,0.8930658102035522,0.9102986454963684,0.8000432848930359,0.9597575068473816,0.7416973114013672,0.09571254253387451,0.8000432848930359,0.09302252531051636
Custom Bangladeshi E-Waste Image Dataset for Objec/train/images/IMG_20250805_204448_jpg.rf.d2bd792c0d600eb883a2e00acab9a495.jpg,Plastic Waste,unknown,,pcb,,0.8956283926963806,0.9698102474212646,0.7554420828819275,1.0581309795379639,pcb,,0.9400038123130798,0.9413134455680847,0.7829606533050537,0.9956663846969604,0.7554420828819275,0.14018630981445312,0.7829606533050537,0.15704315900802612
Custom Bangladeshi E-Waste Image Dataset for Objec/train/images/IMG_20250805_204508_jpg.rf.deb1069525d54bb22e66a1eec9abc5df.jpg,Plastic Waste,unknown,,battery,,0.7317643165588379,0.7601251602172852,0.9147652387619019,0.9935694336891174,mobile,,0.8818540573120117,0.844322144985199,0.8989327549934387,0.9573341608047485,0.7317643165588379,0.028360843658447266,0.844322144985199,0.037531912326812744
Custom Bangladeshi E-Waste Image Dataset for Objec/train/images/IMG_20250805_204508_jpg.rf.f20816cec453b10be1f7e64c66116bee.jpg,Plastic Waste,unknown,,battery,,0.6890556216239929,0.7081162929534912,0.943923830986023,1.030863881111145,mobile,,0.8060296773910522,0.7490055561065674,0.9640082716941833,0.94236159324646,0.6890556216239929,0.01906067132949829,0.7490055561065674,0.05702412128448486
Custom Bangladeshi E-Waste Image Dataset for Objec/train/images/IMG_20250805_204508_jpg.rf.f8e0699e0f90354379408b75a8e6f6e0.jpg,Plastic Waste,unknown,,battery,,0.6949055790901184,0.8382347822189331,0.9155395030975342,0.9766460657119751,battery,,0.7953895330429077,0.8994686603546143,0.9079400300979614,1.0094178915023804,0.6949055790901184,0.1433292031288147,0.7953895330429077,0.10407912731170654
Custom Bangladeshi E-Waste Image Dataset for Objec/train/images/IMG_20250805_204510_jpg.rf.68cd7514cdffd79fb1345a3738ba2d40.jpg,Plastic Waste,unknown,,mobile,,0.7209044098854065,0.6794177889823914,0.9346647262573242,1.0264931917190552,mobile,,0.8383052349090576,0.6704938411712646,0.9372230768203735,0.9853824377059937,0.6794177889823914,0.04148662090301514,0.6704938411712646,0.16781139373779297
Custom Bangladeshi E-Waste Image Dataset for Objec/train/images/IMG_20250805_204510_jpg.rf.802686fae7a7cc86027a32e2c9a9848d.jpg,Plastic Waste,unknown,,battery,,0.7024715542793274,0.8086774349212646,0.9182568788528442,1.0094497203826904,battery,,0.8274828195571899,0.8799480199813843,0.9460517764091492,0.9596216082572937,0.7024715542793274,0.10620588064193726,0.8274828195571899,0.052465200424194336
Custom Bangladeshi E-Waste Image Dataset for Objec/train/images/IMG_20250805_204510_jpg.rf.9bc454a6736da53f1041c52a72f7b045.jpg,Plastic Waste,unknown,,battery,,0.7279795408248901,0.7563649415969849,0.9151096343994141,0.9523581266403198,battery,,0.7998879551887512,0.8806711435317993,0.8819540143013,0.9613490700721741,0.7279795408248901,0.028385400772094727,0.7998879551887512,0.0807831883430481
Custom Bangladeshi E-Waste Image Dataset for Objec/train/images/IMG_20250805_204512_jpg.rf.6295200fd3f9c12a5cc1911aa35e5375.jpg,Plastic Waste,unknown,,battery,,0.7358576059341431,0.7626739740371704,0.9198116064071655,0.975287675857544,battery,,0.8120326399803162,0.8572484254837036,0.9127485752105713,1.0053623914718628,0.7358576059341431,0.026816368103027344,0.8120326399803162,0.04521578550338745
Custom Bangladeshi E-Waste Image Dataset for Objec/train/images/IMG_20250805_204512_jpg.rf.943da8c1dd4bfd55e55f5020df917874.jpg,Plastic Waste,unknown,,battery,,0.6986258625984192,0.7020134925842285,0.9690526127815247,1.0141019821166992,mobile,,0.8326120376586914,0.7911764979362488,1.0396488904953003,0.9298285245895386,0.6986258625984192,0.003387629985809326,0.7911764979362488,0.04143553972244263
Custom Bangladeshi E-Waste Image Dataset for Objec/train/images/IMG_20250805_204512_jpg.rf.c586b3ec7aea6f4ccb59ecefd36a2c10.jpg,Plastic Waste,unknown,,mobile,,0.8045300245285034,0.7409764528274536,0.9482141733169556,1.0210880041122437,battery,,0.8597913980484009,0.8614994883537292,0.9387105107307434,1.003926157951355,0.7409764528274536,0.0635535717010498,0.8597913980484009,0.0017080903053283691
Custom Bangladeshi E-Waste Image Dataset for Objec/train/images/IMG_20250805_204532_jpg.rf.2610299573b864ef204ab0fbe6a2d602.jpg,Metal Waste,unknown,,battery,,0.6302481889724731,0.8280951976776123,1.064314842224121,0.9578778147697449,battery,,0.8050844669342041,0.8889539837837219,0.9973227977752686,0.974079430103302,0.6302481889724731,0.19784700870513916,0.8050844669342041,0.08386951684951782
Custom Bangladeshi E-Waste Image Dataset for Objec/train/images/IMG_20250805_204532_jpg.rf.55030444a2d0aaa6419c8b538bd3df43.jpg,Metal Waste,unknown,,battery,,0.62642502784729,0.7897078990936279,1.0751795768737793,0.969488263130188,battery,,0.7305048704147339,0.8202635049819946,0.9951863884925842,0.9608182907104492,0.62642502784729,0.1632828712463379,0.7305048704147339,0.08975863456726074
Custom Bangladeshi E-Waste Image Dataset for Objec/train/images/IMG_20250805_204532_jpg.rf.d7b75555bb39b68e14e11a06a48fc99f.jpg,Metal Waste,unknown,,battery,,0.6531978249549866,0.8092655539512634,1.0283504724502563,0.9911733269691467,battery,,0.7867577075958252,0.9005744457244873,0.9411395788192749,1.0134904384613037,0.6531978249549866,0.15606772899627686,0.7867577075958252,0.11381673812866211
Custom Bangladeshi E-Waste Image Dataset for Objec/train/images/IMG_20250805_204602_jpg.rf.46126897b0ce94667462e96af8c74250.jpg,Plastic Waste,unknown,,battery,,0.6573554277420044,0.7701665163040161,0.98930823802948,1.058447003364563,mobile,,0.8215124607086182,0.7905371785163879,0.9836565852165222,1.0031213760375977,0.6573554277420044,0.11281108856201172,0.7905371785163879,0.030975282192230225
Custom Bangladeshi E-Waste Image Dataset for Objec/train/images/IMG_20250805_204602_jpg.rf.ca39c7f17f268eee945155a3c03eb96b.jpg,Plastic Waste,unknown,,battery,,0.6906294822692871,0.8764384388923645,0.9067322611808777,1.0178754329681396,battery,,0.8129492998123169,0.8952604532241821,0.9306076169013977,0.9851136803627014,0.6906294822692871,0.1858089566230774,0.8129492998123169,0.08231115341186523
Custom Bangladeshi E-Waste Image Dataset for Objec/train/images/IMG_20250805_204602_jpg.rf.e71be67a5e7b6075a037f1f07c5a4bac.jpg,Plastic Waste,unknown,,battery,,0.6580891609191895,0.9060894846916199,0.9084059000015259,1.0279459953308105,battery,,0.7638644576072693,0.9101285338401794,0.91147780418396,1.0212513208389282,0.6580891609191895,0.24800032377243042,0.7638644576072693,0.14626407623291016
Custom Bangladeshi E-Waste Image Dataset for Objec/train/images/IMG_20250805_204624_jpg.rf.3e89ed15b0d9a009e9df3621fedf1fc3.jpg,Glass Waste,unknown,,battery,,0.7436032295227051,0.7881097793579102,0.9077792763710022,0.9730474352836609,battery,,0.8199253678321838,0.8392811417579651,0.9144442081451416,0.982995867729187,0.7436032295227051,0.04450654983520508,0.8199253678321838,0.01935577392578125
Custom Bangladeshi E-Waste Image Dataset for Objec/train/images/IMG_20250805_204624_jpg.rf.b7dc7fb6761992e61b767a05d4d5e943.jpg,Glass Waste,unknown,,battery,,0.8636519312858582,0.8794241547584534,0.9085190892219543,1.0026668310165405,battery,,0.851203441619873,0.9083631038665771,0.9060381650924683,1.0129508972167969,0.8636519312858582,0.015772223472595215,0.851203441619873,0.054834723472595215
Custom Bangladeshi E-Waste Image Dataset for Objec/train/images/IMG_20250805_204624_jpg.rf.cd82f799c7a45719813497aa0888cf07.jpg,Glass Waste,unknown,,battery,,0.7966083288192749,0.8313713073730469,0.9122229814529419,1.0092262029647827,mobile,,0.8837202191352844,0.8780974745750427,0.9165017008781433,1.022613286972046,0.7966083288192749,0.03476297855377197,0.8780974745750427,0.005622744560241699
Custom Bangladeshi E-Waste Image Dataset for Objec/train/images/IMG_20250805_204647_1_jpg.rf.0206367acab39045e533eed492559cb6.jpg,Plastic Waste,unknown,,battery,,0.6582509279251099,0.8334475755691528,1.1152089834213257,0.9949386119842529,battery,,0.8332318067550659,0.8455835580825806,1.0793087482452393,0.9353580474853516,0.6582509279251099,0.17519664764404297,0.8332318067550659,0.012351751327514648
Custom Bangladeshi E-Waste Image Dataset for Objec/train/images/IMG_20250805_204647_1_jpg.rf.1be1593a9626758c4a2540e5346f9379.jpg,Plastic Waste,unknown,,battery,,0.7094142436981201,0.8737033009529114,1.0370030403137207,1.0276695489883423,battery,,0.9003559350967407,0.9457534551620483,0.9690700769424438,0.9855577945709229,0.7094142436981201,0.16428905725479126,0.9003559350967407,0.04539752006530762
Custom Bangladeshi E-Waste Image Dataset for Objec/train/images/IMG_20250805_204647_1_jpg.rf.5d04c4e8997984e77325fee5359f43a9.jpg,Plastic Waste,unknown,,battery,,0.705856442451477,0.8583774566650391,1.0065799951553345,0.9737062454223633,battery,,0.8756716251373291,0.928383469581604,0.9642335176467896,0.9251939058303833,0.705856442451477,0.152521014213562,0.8756716251373291,0.0495222806930542
Custom Bangladeshi E-Waste Image Dataset for Objec/train/images/IMG_20250805_204648_jpg.rf.0aed1e4ca276302afc1113df678e573a.jpg,Plastic Waste,unknown,,battery,,0.698094367980957,0.8709937334060669,1.0645076036453247,1.0240017175674438,battery,,0.8699625730514526,0.9160802960395813,0.9710032343864441,0.9953701496124268,0.698094367980957,0.17289936542510986,0.8699625730514526,0.04611772298812866
Custom Bangladeshi E-Waste Image Dataset for Objec/train/images/IMG_20250805_204648_jpg.rf.1d2d4cf3db04e23f4ffb947c31f715cd.jpg,Plastic Waste,unknown,,battery,,0.6820715665817261,0.8943342566490173,1.062993049621582,1.0216792821884155,battery,,0.8691670298576355,0.9330445528030396,0.992542028427124,0.9520617723464966,0.6820715665817261,0.21226269006729126,0.8691670298576355,0.06387752294540405
Custom Bangladeshi E-Waste Image Dataset for Objec/train/images/IMG_20250805_204648_jpg.rf.afbf5a91e3960de354bc56ac224426f6.jpg,Plastic Waste,unknown,,battery,,0.6232388019561768,0.8353056907653809,1.1206318140029907,1.0113030672073364,battery,,0.8158491849899292,0.8357933163642883,1.0781939029693604,0.9516612887382507,0.6232388019561768,0.2120668888092041,0.8158491849899292,0.01994413137435913
Custom Bangladeshi E-Waste Image Dataset for Objec/train/images/IMG_20250805_204649_jpg.rf.196cca7c431b5988d76533032bab04db.jpg,Plastic Waste,unknown,,battery,,0.6414797306060791,0.8237690925598145,1.1293333768844604,1.0003570318222046,battery,,0.8100082278251648,0.8292640447616577,1.0902962684631348,0.9505427479743958,0.6414797306060791,0.18228936195373535,0.8100082278251648,0.01925581693649292
Custom Bangladeshi E-Waste Image Dataset for Objec/train/images/IMG_20250805_204649_jpg.rf.648e177ee3ea580214826f98b0f4e031.jpg,Plastic Waste,unknown,,battery,,0.7288307547569275,0.8711336851119995,1.02923583984375,1.0171728134155273,battery,,0.8981032967567444,0.9412504434585571,0.9509949088096619,0.9753578305244446,0.7288307547569275,0.14230293035507202,0.8981032967567444,0.043147146701812744
Custom Bangladeshi E-Waste Image Dataset for Objec/train/images/IMG_20250805_204649_jpg.rf.d176eb8ee77c419eefbc4de3efe54763.jpg,Plastic Waste,unknown,,battery,,0.7620128393173218,0.8681049346923828,0.9530152678489685,1.00991952419281,battery,,0.839093029499054,0.9259328842163086,0.8937385082244873,0.9463348984718323,0.7620128393173218,0.10609209537506104,0.839093029499054,0.05464547872543335
Custom Bangladeshi E-Waste Image Dataset for Objec/train/images/IMG_20250805_204652_jpg.rf.03dc1af6ae479cd64eb2e3b9aa4b0256.jpg,Plastic Waste,unknown,,battery,,0.6643866300582886,0.8350568413734436,1.012304425239563,0.9976517558097839,battery,,0.8342471718788147,0.8974390029907227,0.9274664521217346,0.9967584609985352,0.6643866300582886,0.17067021131515503,0.8342471718788147,0.06319183111190796
Custom Bangladeshi E-Waste Image Dataset for Objec/train/images/IMG_20250805_204652_jpg.rf.6213782d7dfc6c03ce7d2837dfece6b6.jpg,Plastic Waste,unknown,,battery,,0.6031385660171509,0.7498812675476074,1.0762919187545776,1.0072835683822632,battery,,0.7576977610588074,0.795340895652771,1.0492504835128784,0.9256025552749634,0.6031385660171509,0.14674270153045654,0.7576977610588074,0.03764313459396362
Custom Bangladeshi E-Waste Image Dataset for Objec/train/images/IMG_20250805_204652_jpg.rf.ca65f300923a53f870cd47176cc88be0.jpg,Plastic Waste,unknown,,battery,,0.6473546624183655,0.8489496111869812,1.0282337665557861,1.0112085342407227,battery,,0.8353914022445679,0.916090190410614,0.9330089688301086,0.979963481426239,0.6473546624183655,0.20159494876861572,0.8353914022445679,0.08069878816604614
Custom Bangladeshi E-Waste Image Dataset for Objec/train/images/IMG_20250805_204653_jpg.rf.0b1193822bd50c3c5ca362f3521280fd.jpg,Plastic Waste,unknown,,battery,,0.6198678016662598,0.7423254251480103,1.0807636976242065,1.0064504146575928,battery,,0.7440721988677979,0.7911273837089539,1.0550111532211304,0.9238539338111877,0.6198678016662598,0.12245762348175049,0.7440721988677979,0.047055184841156006
Custom Bangladeshi E-Waste Image Dataset for Objec/train/images/IMG_20250805_204653_jpg.rf.2881ca67cf54e9a07dc3942209d2c2de.jpg,Plastic Waste,unknown,,battery,,0.6491705179214478,0.8306975960731506,1.005115032196045,1.0138643980026245,battery,,0.8197900652885437,0.9084904789924622,0.977833092212677,0.9263328909873962,0.6491705179214478,0.18152707815170288,0.8197900652885437,0.08870041370391846
Custom Bangladeshi E-Waste Image Dataset for Objec/train/images/IMG_20250805_204653_jpg.rf.5545395b0d2de8b38783fa6c56342568.jpg,Plastic Waste,unknown,,battery,,0.7213506698608398,0.9017612934112549,0.9805548191070557,1.058695912361145,battery,,0.8746691942214966,0.9880272150039673,0.9202286601066589,1.0374823808670044,0.7213506698608398,0.18041062355041504,0.8746691942214966,0.045559465885162354
Custom Bangladeshi E-Waste Image Dataset for Objec/train/images/IMG_20250805_204654_jpg.rf.1b5287f35ded5bb717ad0bf3478514dc.jpg,Plastic Waste,unknown,,battery,,0.6989132761955261,0.8345354199409485,1.0081868171691895,0.987957775592804,battery,,0.866228461265564,0.9074063301086426,0.9604045748710632,0.9646531343460083,0.6989132761955261,0.13562214374542236,0.866228461265564,0.04117786884307861
Custom Bangladeshi E-Waste Image Dataset for Objec/train/images/IMG_20250805_204654_jpg.rf.27a0fc92c4dd256c055e35e903ddcbc3.jpg,Plastic Waste,unknown,,battery,,0.6078482270240784,0.7593395709991455,1.0787733793258667,1.0034708976745605,battery,,0.7317532300949097,0.8114125728607178,1.027161717414856,0.9152818918228149,0.6078482270240784,0.15149134397506714,0.7317532300949097,0.0796593427658081
Custom Bangladeshi E-Waste Image Dataset for Objec/train/images/IMG_20250805_204654_jpg.rf.78ee798b177e9fa9b4f4ecf48386d3a0.jpg,Plastic Waste,unknown,,battery,,0.6672751903533936,0.7936887145042419,0.9893723130226135,0.9823002815246582,battery,,0.814972996711731,0.8641977310180664,0.9994074106216431,0.8832946419715881,0.6672751903533936,0.1264135241508484,0.814972996711731,0.04922473430633545
Custom Bangladeshi E-Waste Image Dataset for Objec/train/images/IMG_20250805_204715_jpg.rf.2ae08241e78da2b3298f8ea042ddb27d.jpg,Plastic Waste,unknown,,battery,,0.6687102913856506,0.8164392113685608,1.048413634300232,0.9486222863197327,battery,,0.8741797208786011,0.8813313245773315,1.0695667266845703,0.9165564775466919,0.6687102913856506,0.14772891998291016,0.8741797208786011,0.007151603698730469
Custom Bangladeshi E-Waste Image Dataset for Objec/train/images/IMG_20250805_204715_jpg.rf.a51d9af630fec8443b4d8a3ce221460f.jpg,Plastic Waste,unknown,,battery,,0.7313730120658875,0.9372065663337708,1.001062273979187,0.9924921989440918,battery,,0.8908737897872925,0.9738380312919617,0.9735443592071533,0.9799317717552185,0.7313730120658875,0.2058335542678833,0.8908737897872925,0.08267056941986084
Custom Bangladeshi E-Waste Image Dataset for Objec/train/images/IMG_20250805_204715_jpg.rf.cb138fe16b23f290b9ed1d8410668484.jpg,Plastic Waste,unknown,,battery,,0.7166532874107361,0.8659543991088867,1.0666072368621826,0.9669495820999146,battery,,0.8652737140655518,0.9618761539459229,1.0200022459030151,0.9342783093452454,0.7166532874107361,0.14930111169815063,0.8652737140655518,0.0690045952796936
Custom Bangladeshi E-Waste Image Dataset for Objec/train/images/IMG_20250805_204725_jpg.rf.962bbedcf6a042a17217ccea4d6fe1c6.jpg,Plastic Waste,unknown,,battery,,0.6349003911018372,0.8971431255340576,1.0717099905014038,0.9569322466850281,battery,,0.9051421880722046,0.9177963733673096,1.061901569366455,0.9403815269470215,0.6349003911018372,0.26224273443222046,0.9051421880722046,0.01265418529510498
Custom Bangladeshi E-Waste Image Dataset for Objec/train/images/IMG_20250805_204725_jpg.rf.cd3b787f6193a18fc9ec7d6f2cc0895b.jpg,Plastic Waste,unknown,,battery,,0.6544226408004761,0.9041906595230103,1.0952428579330444,0.9481222629547119,battery,,0.8730176687240601,0.9039601683616638,1.1182808876037598,0.9311248064041138,0.6544226408004761,0.24976801872253418,0.8730176687240601,0.03094249963760376
Custom Bangladeshi E-Waste Image Dataset for Objec/train/images/IMG_20250805_204725_jpg.rf.d7758c9a43eace4a40b703432f19c134.jpg,Plastic Waste,unknown,,battery,,0.6525478363037109,0.8705752491950989,1.0997569561004639,0.9436206221580505,battery,,0.8794984817504883,0.9092021584510803,1.0678880214691162,0.9483505487442017,0.6525478363037109,0.21802741289138794,0.8794984817504883,0.02970367670059204
Custom Bangladeshi E-Waste Image Dataset for Objec/train/images/IMG_20250805_204726_jpg.rf.2a6333e7076ff32c5722945aab38a9b8.jpg,Plastic Waste,unknown,,battery,,0.6510649919509888,0.8730325698852539,1.095298171043396,0.9362238049507141,battery,,0.8701249361038208,0.9318456053733826,1.1105482578277588,0.9307678937911987,0.6510649919509888,0.22196757793426514,0.8701249361038208,0.06064295768737793
Custom Bangladeshi E-Waste Image Dataset for Objec/train/images/IMG_20250805_204726_jpg.rf.896f63f7eb134814f6fd0165a87b9f86.jpg,Plastic Waste,unknown,,battery,,0.6334468126296997,0.9186714887619019,1.0780898332595825,0.8802040219306946,battery,,0.9016542434692383,0.9297474026679993,1.0673283338546753,0.9093236327171326,0.6334468126296997,0.24675720930099487,0.9016542434692383,0.007669389247894287
Custom Bangladeshi E-Waste Image Dataset for Objec/train/images/IMG_20250805_204726_jpg.rf.b507905638f48b3e8f6385cc8e0e411f.jpg,Plastic Waste,unknown,,battery,,0.6497635841369629,0.9012118577957153,1.0974631309509277,0.9451470375061035,battery,,0.8683310747146606,0.9095730781555176,1.126946210861206,0.9166654348373413,0.6497635841369629,0.25144827365875244,0.8683310747146606,0.041242003440856934
Custom Bangladeshi E-Waste Image Dataset for Objec/train/images/IMG_20250805_204802_jpg.rf.2e1e466e5b45bdf29c11992a064e2c35.jpg,Organic Waste,unknown,,pcb,,0.8818302154541016,0.9078083634376526,0.8173379302024841,1.079613447189331,pcb,,0.9740039110183716,0.9035466313362122,0.7806153297424316,0.9954871535301208,0.8173379302024841,0.06449228525161743,0.7806153297424316,0.12293130159378052
Custom Bangladeshi E-Waste Image Dataset for Objec/train/images/IMG_20250805_204802_jpg.rf.bc0097749492eccc3ee7ce39fabe580d.jpg,Organic Waste,unknown,,pcb,,0.8593958616256714,0.9115139245986938,0.7444096207618713,1.0294861793518066,pcb,,0.9883772134780884,0.8544102907180786,0.7591111660003662,1.001133680343628,0.7444096207618713,0.11498624086380005,0.7591111660003662,0.0952991247177124
Custom Bangladeshi E-Waste Image Dataset for Objec/train/images/IMG_20250805_204802_jpg.rf.ee67044eef47ae7cd58aca2173fcafa2.jpg,Organic Waste,unknown,,mobile,,0.8434615135192871,0.7878175377845764,0.7949799299240112,1.0353360176086426,mobile,,0.9521198272705078,0.7932049036026001,0.7949827313423157,0.9463450312614441,0.7878175377845764,0.0071623921394348145,0.7932049036026001,0.0017778277397155762
Custom Bangladeshi E-Waste Image Dataset for Objec/train/images/IMG_20250805_204804_jpg.rf.31107b7bf80c9ff43d6d199b14380725.jpg,Organic Waste,unknown,,battery,,0.8141924738883972,0.9148246645927429,0.8165901899337769,1.0230858325958252,pcb,,0.9778130650520325,0.884799063205719,0.823756217956543,0.976857602596283,0.8141924738883972,0.0023977160453796387,0.823756217956543,0.061042845249176025
Custom Bangladeshi E-Waste Image Dataset for Objec/train/images/IMG_20250805_204804_jpg.rf.67b326e2ad2e27e2f7a12499b6d81f98.jpg,Organic Waste,unknown,,mobile,,0.8341427445411682,0.8024008870124817,0.8052296042442322,1.0435242652893066,pcb,,0.9598690271377563,0.800348162651062,0.7869986891746521,0.9460803866386414,0.8024008870124817,0.0028287172317504883,0.7869986891746521,0.013349473476409912
Custom Bangladeshi E-Waste Image Dataset for Objec/train/images/IMG_20250805_204804_jpg.rf.fff3ade934a434634ce689212ffbddc1.jpg,Organic Waste,unknown,,pcb,,1.0006844997406006,0.8684977889060974,0.866386890411377,1.0968279838562012,pcb,,1.0200793743133545,0.8722420334815979,0.8046161532402039,1.020254373550415,0.866386890411377,0.002110898494720459,0.8046161532402039,0.06762588024139404
Custom Bangladeshi E-Waste Image Dataset for Objec/train/images/IMG_20250805_204817_jpg.rf.1d03f89219f3332ecf4b085adcf0e0de.jpg,Organic Waste,unknown,,mobile,,0.8514046669006348,0.7677521109580994,0.8263967037200928,1.040974497795105,mobile,,0.9388898611068726,0.7796869277954102,0.9004939198493958,0.9740440845489502,0.7677521109580994,0.05864459276199341,0.7796869277954102,0.1208069920539856
Custom Bangladeshi E-Waste Image Dataset for Objec/train/images/IMG_20250805_204817_jpg.rf.89c6d9b6c53e5350765428a7a04aa078.jpg,Organic Waste,unknown,,pcb,,0.8659572601318359,0.8480245471000671,0.7982657551765442,1.031053900718689,mobile,,0.9813175797462463,0.8302883505821228,0.8774971961975098,1.006731629371643,0.7982657551765442,0.04975879192352295,0.8302883505821228,0.04720884561538696
Custom Bangladeshi E-Waste Image Dataset for Objec/train/images/IMG_20250805_204817_jpg.rf.fde267932dad4649473d3b3b15c78236.jpg,Organic Waste,unknown,,mobile,,0.8698620200157166,0.8252556324005127,0.8401908278465271,1.019440770149231,mobile,,0.9740614891052246,0.8366109728813171,0.8640756607055664,0.9961312413215637,0.8252556324005127,0.014935195446014404,0.8366109728813171,0.027464687824249268
Custom Bangladeshi E-Waste Image Dataset for Objec/train/images/IMG_20250805_204855_jpg.rf.0aff6682a72494fb8dd291d2a26ac637.jpg,Mouse,known,input_peripheral,input_peripheral,1,1.0871100425720215,0.9710984230041504,1.1030522584915161,0.1346314549446106,input_peripheral,1,1.0644333362579346,1.0500142574310303,1.0652875900268555,0.1944718360900879,0.1346314549446106,0.8364669680595398,0.1944718360900879,0.8555424213409424
Custom Bangladeshi E-Waste Image Dataset for Objec/train/images/IMG_20250805_204855_jpg.rf.8c71e4a52fb3f629b6021c3e1ed0fe3e.jpg,Mouse,known,input_peripheral,input_peripheral,1,1.088510513305664,1.0784239768981934,1.0709052085876465,0.15019363164901733,input_peripheral,1,1.0808323621749878,1.1061726808547974,1.014229416847229,0.24537545442581177,0.15019363164901733,0.9207115769386292,0.24537545442581177,0.7688539624214172
Custom Bangladeshi E-Waste Image Dataset for Objec/train/images/IMG_20250805_204855_jpg.rf.cd746920b4ab6721cc2120e7a1ecef0f.jpg,Mouse,known,input_peripheral,input_peripheral,1,1.0996623039245605,1.0134310722351074,1.0607513189315796,0.204461932182312,input_peripheral,1,1.092699646949768,1.0618277788162231,1.0514636039733887,0.20443063974380493,0.204461932182312,0.8089691400527954,0.20443063974380493,0.8470329642295837
Custom Bangladeshi E-Waste Image Dataset for Objec/train/images/IMG_20250805_204856_jpg.rf.12965a47deed1f631b0ae71724ee2c79.jpg,Mouse,known,input_peripheral,input_peripheral,1,1.0954933166503906,1.020951747894287,1.0664324760437012,0.17372065782546997,input_peripheral,1,1.077202558517456,1.065193772315979,1.0455870628356934,0.20313960313796997,0.17372065782546997,0.8472310900688171,0.20313960313796997,0.8424474596977234
Custom Bangladeshi E-Waste Image Dataset for Objec/train/images/IMG_20250805_204856_jpg.rf.44c3a08862dc9c78a19bbbc2542480e8.jpg,Mouse,known,input_peripheral,input_peripheral,1,1.0693551301956177,1.0752910375595093,1.0444539785385132,0.16794878244400024,input_peripheral,1,1.0606894493103027,1.0872870683670044,0.9773752093315125,0.33644866943359375,0.16794878244400024,0.8765051960945129,0.33644866943359375,0.6409265398979187
Custom Bangladeshi E-Waste Image Dataset for Objec/train/images/IMG_20250805_204856_jpg.rf.e08888e70fa869a6e775c5e234cb481d.jpg,Mouse,known,input_peripheral,input_peripheral,1,1.0850149393081665,0.9793913960456848,1.1046557426452637,0.12978357076644897,input_peripheral,1,1.0627778768539429,1.0466663837432861,1.063442349433899,0.2046864628791809,0.12978357076644897,0.8496078252792358,0.2046864628791809,0.8419799208641052
Custom Bangladeshi E-Waste Image Dataset for Objec/train/images/IMG_20250805_204857_jpg.rf.4d75171ac4457b75cd1625816a1913cd.jpg,Mouse,known,input_peripheral,input_peripheral,1,1.1467766761779785,1.0207797288894653,1.0871165990829468,0.2240614891052246,input_peripheral,1,1.0892853736877441,1.056008219718933,1.0604864358901978,0.21354150772094727,0.2240614891052246,0.7967182397842407,0.21354150772094727,0.8424667119979858
Custom Bangladeshi E-Waste Image Dataset for Objec/train/images/IMG_20250805_204857_jpg.rf.77d0b4deb2ea3e9d8b47b81ba4210644.jpg,Mouse,known,input_peripheral,input_peripheral,1,1.102439284324646,1.0269558429718018,1.0728590488433838,0.15938842296600342,input_peripheral,1,1.0773837566375732,1.072880506515503,1.0114095211029053,0.2746025323867798,0.15938842296600342,0.8675674200057983,0.2746025323867798,0.7368069887161255
Custom Bangladeshi E-Waste Image Dataset for Objec/train/images/IMG_20250805_204857_jpg.rf.d1d4c2762a0c4654fb4a19e3354f884e.jpg,Mouse,known,input_peripheral,input_peripheral,1,1.0818747282028198,0.9747087955474854,1.1089496612548828,0.13207226991653442,input_peripheral,1,1.0607662200927734,1.035843014717102,1.075421929359436,0.2043159008026123,0.13207226991653442,0.8426365256309509,0.2043159008026123,0.8315271139144897
Custom Bangladeshi E-Waste Image Dataset for Objec/train/images/IMG_20250805_204904_jpg.rf.26c3c769979b6631f4634cda07d3f1d8.jpg,Mouse,known,input_peripheral,input_peripheral,1,0.721828818321228,0.7632802128791809,0.926469624042511,0.5570869445800781,input_peripheral,1,0.8744000196456909,0.8366745114326477,0.9694339036941528,0.6458832025527954,0.5570869445800781,0.1647418737411499,0.6458832025527954,0.1907913088798523
Custom Bangladeshi E-Waste Image Dataset for Objec/train/images/IMG_20250805_204904_jpg.rf.5e74e0ef60ecaef19c8265d85520a2c5.jpg,Mouse,known,input_peripheral,input_peripheral,1,0.7891591787338257,0.8192802667617798,0.9074116349220276,0.5127694606781006,input_peripheral,1,0.8885272741317749,0.9170769453048706,0.960117757320404,0.48776471614837646,0.5127694606781006,0.2763897180557251,0.48776471614837646,0.40076255798339844
Custom Bangladeshi E-Waste Image Dataset for Objec/train/images/IMG_20250805_204904_jpg.rf.bdc17d24a1113d6accaee3e599438454.jpg,Mouse,known,input_peripheral,input_peripheral,1,0.8467383980751038,0.8493784666061401,0.9614782333374023,0.41527605056762695,input_peripheral,1,0.8941339254379272,0.9794483780860901,0.9869065880775452,0.3456665873527527,0.41527605056762695,0.4314623475074768,0.3456665873527527,0.5484673380851746
Custom Bangladeshi E-Waste Image Dataset for Objec/train/images/IMG_20250805_205014_jpg.rf.27bf09f507a0550ea39e9abb58e0c3e3.jpg,Plastic Waste,unknown,,battery,,0.7802203893661499,0.9353068470954895,0.7894763946533203,1.091898798942566,pcb,,0.9293915629386902,0.9010087847709656,0.8891987800598145,1.08530592918396,0.7802203893661499,0.00925600528717041,0.8891987800598145,0.011810004711151123
Custom Bangladeshi E-Waste Image Dataset for Objec/train/images/IMG_20250805_205014_jpg.rf.492cbdc32f5247d5515f1b543afe2493.jpg,Plastic Waste,unknown,,pcb,,0.8593313097953796,1.0207509994506836,0.7812521457672119,1.0750025510787964,pcb,,0.9907808303833008,0.9627198576927185,0.8409432172775269,1.086352825164795,0.7812521457672119,0.07807916402816772,0.8409432172775269,0.12177664041519165
Custom Bangladeshi E-Waste Image Dataset for Objec/train/images/IMG_20250805_205014_jpg.rf.5fff209e92dd3448de7402176e522bae.jpg,Plastic Waste,unknown,,pcb,,0.8283411860466003,0.9994295835494995,0.8007699251174927,1.104400873184204,pcb,,0.9372226595878601,0.9356848001480103,0.873609185218811,1.073760747909546,0.8007699251174927,0.027571260929107666,0.873609185218811,0.06207561492919922
Custom Bangladeshi E-Waste Image Dataset for Objec/train/images/IMG_20250805_205025_jpg.rf.53a864f62786ea02d777340ce1bc882d.jpg,Metal Waste,unknown,,pcb,,0.7773233652114868,0.970635175704956,0.7565435767173767,1.1656054258346558,pcb,,0.8952908515930176,0.943682849407196,0.8106718063354492,1.1086708307266235,0.7565435767173767,0.020779788494110107,0.8106718063354492,0.08461904525756836
Custom Bangladeshi E-Waste Image Dataset for Objec/train/images/IMG_20250805_205025_jpg.rf.c08a95785cdfe2588fd5253a3660315b.jpg,Metal Waste,unknown,,pcb,,0.8021324872970581,1.029694676399231,0.7387715578079224,1.1219110488891602,pcb,,0.9043278694152832,0.975430965423584,0.7803218364715576,1.087081789970398,0.7387715578079224,0.06336092948913574,0.7803218364715576,0.12400603294372559
Custom Bangladeshi E-Waste Image Dataset for Objec/train/images/IMG_20250805_205025_jpg.rf.fe2b62a6028f0c4d7372bcd406a9b8ce.jpg,Metal Waste,unknown,,pcb,,0.7220057249069214,0.9664660096168518,0.7031840085983276,1.1409721374511719,pcb,,0.8753656148910522,0.9056643843650818,0.7980824112892151,1.1019375324249268,0.7031840085983276,0.01882171630859375,0.7980824112892151,0.07728320360183716
Custom Bangladeshi E-Waste Image Dataset for Objec/train/images/IMG_20250805_205038_jpg.rf.12507d829665c562176b1e321ed187ee.jpg,Plastic Waste,unknown,,pcb,,0.8432426452636719,0.9827433824539185,0.7822276949882507,1.1235193014144897,pcb,,0.9617716670036316,0.984614372253418,0.8055827617645264,1.0956456661224365,0.7822276949882507,0.06101495027542114,0.8055827617645264,0.15618890523910522
Custom Bangladeshi E-Waste Image Dataset for Objec/train/images/IMG_20250805_205038_jpg.rf.dd22270b401131cb537ada8d3d1cdc50.jpg,Plastic Waste,unknown,,pcb,,0.8242719173431396,1.0674083232879639,0.7857857942581177,1.1279761791229248,pcb,,0.8896048665046692,1.0312529802322388,0.8129816651344299,1.1076363325119019,0.7857857942581177,0.03848612308502197,0.8129816651344299,0.07662320137023926
Custom Bangladeshi E-Waste Image Dataset for Objec/train/images/IMG_20250805_205038_jpg.rf.f2ae810542dafc092fa79ce7f1e04572.jpg,Plastic Waste,unknown,,pcb,,0.7875388860702515,0.98133385181427,0.7524235248565674,1.1163835525512695,pcb,,0.9217561483383179,0.9612093567848206,0.8206745386123657,1.08173668384552,0.7524235248565674,0.03511536121368408,0.8206745386123657,0.10108160972595215
Custom Bangladeshi E-Waste Image Dataset for Objec/train/images/IMG_20250805_205102_jpg.rf.4901133fb4210567b51b1fa4dba1799b.jpg,Plastic Waste,unknown,,pcb,,0.7779565453529358,1.05587637424469,0.7469544410705566,1.1262484788894653,pcb,,0.921802282333374,0.9841040372848511,0.8390852212905884,1.070047378540039,0.7469544410705566,0.03100210428237915,0.8390852212905884,0.08271706104278564
Custom Bangladeshi E-Waste Image Dataset for Objec/train/images/IMG_20250805_205102_jpg.rf.67317ca5269d67c2af3ee1a067db2f3c.jpg,Plastic Waste,unknown,,pcb,,0.7834541201591492,1.02915358543396,0.7272371649742126,1.129408836364746,pcb,,0.9322638511657715,0.9284645915031433,0.8167368769645691,1.088503360748291,0.7272371649742126,0.05621695518493652,0.8167368769645691,0.11172771453857422
Custom Bangladeshi E-Waste Image Dataset for Objec/train/images/IMG_20250805_205102_jpg.rf.724a33c1a972ec7984875ad3afcfffff.jpg,Plastic Waste,unknown,,pcb,,0.7398905754089355,1.017146348953247,0.7152420282363892,1.1467407941818237,pcb,,0.8428001999855042,0.9246643781661987,0.8111749291419983,1.0950006246566772,0.7152420282363892,0.024648547172546387,0.8111749291419983,0.03162527084350586
Custom Bangladeshi E-Waste Image Dataset for Objec/train/images/IMG_20250805_205125_jpg.rf.9c86fe141bdde374eb32ae2b9590ad30.jpg,Plastic Waste,unknown,,battery,,0.724115252494812,0.8306812644004822,0.918825089931488,1.0416947603225708,mobile,,0.9113212823867798,0.8172997832298279,0.9531739950180054,1.0574102401733398,0.724115252494812,0.10656601190567017,0.8172997832298279,0.0940214991569519
Custom Bangladeshi E-Waste Image Dataset for Objec/train/images/IMG_20250805_205125_jpg.rf.e47a89addf29be847cf6858b27cd7617.jpg,Plastic Waste,unknown,,battery,,0.8084155917167664,0.9162703156471252,0.9047504663467407,1.0204659700393677,pcb,,0.9560335874557495,0.9212076663970947,0.894016683101654,1.0133532285690308,0.8084155917167664,0.09633487462997437,0.894016683101654,0.027190983295440674
Custom Bangladeshi E-Waste Image Dataset for Objec/train/images/IMG_20250805_205125_jpg.rf.f34b5cf887927c527db163e3f3c16caa.jpg,Plastic Waste,unknown,,mobile,,0.8623954057693481,0.8620855808258057,0.9442406892776489,1.0643998384475708,mobile,,0.9365928173065186,0.8861820101737976,0.9047695994377136,1.0280029773712158,0.8620855808258057,0.00030982494354248047,0.8861820101737976,0.018587589263916016
Custom Bangladeshi E-Waste Image Dataset for Objec/train/images/IMG_20250805_205135_jpg.rf.023f451a84c86959e60cafa18f9fac37.jpg,Plastic Waste,unknown,,battery,,0.7678787112236023,0.8708087801933289,0.9255170822143555,1.0932291746139526,battery,,0.7945223450660706,0.8950858116149902,0.9115654230117798,1.054364800453186,0.7678787112236023,0.10293006896972656,0.7945223450660706,0.10056346654891968
Custom Bangladeshi E-Waste Image Dataset for Objec/train/images/IMG_20250805_205135_jpg.rf.15d0b8b4ea65e21f30e1dd07f5975579.jpg,Plastic Waste,unknown,,battery,,0.580675482749939,0.7883668541908264,0.924737811088562,1.0672459602355957,battery,,0.7144622802734375,0.8419919013977051,0.9437050819396973,1.0338249206542969,0.580675482749939,0.20769137144088745,0.7144622802734375,0.12752962112426758
Custom Bangladeshi E-Waste Image Dataset for Objec/train/images/IMG_20250805_205135_jpg.rf.cb3ea9baee4cffa66b920af7232ca731.jpg,Plastic Waste,unknown,,battery,,0.6512324213981628,0.8807372450828552,0.878035843372345,1.0739468336105347,battery,,0.7980570197105408,0.8733804225921631,0.8799659013748169,1.0565167665481567,0.6512324213981628,0.22680342197418213,0.7980570197105408,0.07532340288162231
Custom Bangladeshi E-Waste Image Dataset for Objec/train/images/IMG_20250805_205136_jpg.rf.5f101f2d3a48a86d5630851478c72d8b.jpg,Plastic Waste,unknown,,battery,,0.6803194880485535,0.8948146104812622,0.8690879344940186,1.044382095336914,battery,,0.7743310332298279,0.9149584770202637,0.875664472579956,1.0580246448516846,0.6803194880485535,0.1887684464454651,0.7743310332298279,0.10133343935012817
Custom Bangladeshi E-Waste Image Dataset for Objec/train/images/IMG_20250805_205136_jpg.rf.8f1b833777e66855aebff752f75d9149.jpg,Plastic Waste,unknown,,battery,,0.6894590854644775,0.8590947985649109,0.8867818117141724,1.0463842153549194,battery,,0.7954467535018921,0.8789685368537903,0.9008111357688904,1.0310651063919067,0.6894590854644775,0.16963571310043335,0.7954467535018921,0.0835217833518982
Custom Bangladeshi E-Waste Image Dataset for Objec/train/images/IMG_20250805_205136_jpg.rf.b0345da797e4dae039c5175a3de96b7b.jpg,Plastic Waste,unknown,,battery,,0.597963809967041,0.7978035807609558,0.8897722363471985,1.0523426532745361,battery,,0.7085905075073242,0.8446909785270691,0.9153319001197815,1.0262160301208496,0.597963809967041,0.1998397707939148,0.7085905075073242,0.13610047101974487
Custom Bangladeshi E-Waste Image Dataset for Objec/train/images/IMG_20250805_205137_jpg.rf.2f71d8f89e139da0aa5733723417d93d.jpg,Plastic Waste,unknown,,battery,,0.7352445125579834,0.872634768486023,0.9222568273544312,1.0824908018112183,battery,,0.7808308005332947,0.9116158485412598,0.9161872267723083,1.0509270429611206,0.7352445125579834,0.13739025592803955,0.7808308005332947,0.1307850480079651
Custom Bangladeshi E-Waste Image Dataset for Objec/train/images/IMG_20250805_205137_jpg.rf.6e56b482d3ef3e3d1aa469dbd199a5ee.jpg,Plastic Waste,unknown,,battery,,0.6723145246505737,0.8666301369667053,0.9125129580497742,1.0473521947860718,battery,,0.8108969926834106,0.9112144708633423,0.895334780216217,1.0482807159423828,0.6723145246505737,0.1943156123161316,0.8108969926834106,0.0844377875328064
Custom Bangladeshi E-Waste Image Dataset for Objec/train/images/IMG_20250805_205137_jpg.rf.bb675580c63a1a0ce96f6d3a6caf081a.jpg,Plastic Waste,unknown,,battery,,0.6452702283859253,0.7824187278747559,0.8906257748603821,1.0605229139328003,battery,,0.7513144016265869,0.830771803855896,0.9210285544395447,1.0411577224731445,0.6452702283859253,0.13714849948883057,0.7513144016265869,0.07945740222930908
Custom Bangladeshi E-Waste Image Dataset for Objec/train/images/IMG_20250805_205143_jpg.rf.8e2375c8c295b2f6e0258e38f5fb68c4.jpg,Plastic Waste,unknown,,battery,,0.7565737962722778,0.9415014982223511,0.8276277780532837,1.0092904567718506,pcb,,0.8666060566902161,0.971097469329834,0.8344022035598755,1.0763497352600098,0.7565737962722778,0.07105398178100586,0.8344022035598755,0.032203853130340576
Custom Bangladeshi E-Waste Image Dataset for Objec/train/images/IMG_20250805_205143_jpg.rf.aefcc90f62c9f9cc7ae8e623fcf78c1f.jpg,Plastic Waste,unknown,,battery,,0.7609233856201172,0.8835299015045166,0.8263689875602722,1.046553611755371,battery,,0.8060564994812012,0.8812189102172852,0.8644048571586609,1.0574283599853516,0.7609233856201172,0.06544560194015503,0.8060564994812012,0.05834835767745972
Custom Bangladeshi E-Waste Image Dataset for Objec/train/images/IMG_20250805_205143_jpg.rf.b2e5ad72494430e386b8bda06095dfe2.jpg,Plastic Waste,unknown,,battery,,0.6763656735420227,0.8199501633644104,0.8567308187484741,1.0197656154632568,battery,,0.7532174587249756,0.8728526830673218,0.8758827447891235,1.038002848625183,0.6763656735420227,0.1435844898223877,0.7532174587249756,0.11963522434234619
Custom Bangladeshi E-Waste Image Dataset for Objec/train/images/IMG_20250805_205144_jpg.rf.1b0d9c4908a6e65dd5a7de614f31d184.jpg,Plastic Waste,unknown,,battery,,0.7774571180343628,0.8901457190513611,0.8540533185005188,1.000613808631897,battery,,0.835157036781311,0.9283715486526489,0.8690640926361084,1.0551657676696777,0.7774571180343628,0.076596200466156,0.835157036781311,0.03390705585479736
Custom Bangladeshi E-Waste Image Dataset for Objec/train/images/IMG_20250805_205144_jpg.rf.8e49950a7a80aa6f28c8ef86f6319355.jpg,Plastic Waste,unknown,,battery,,0.6614593863487244,0.7920827269554138,0.8691174387931824,1.0238640308380127,battery,,0.7684048414230347,0.8294923305511475,0.8737714290618896,1.031909704208374,0.6614593863487244,0.13062334060668945,0.7684048414230347,0.06108748912811279
Custom Bangladeshi E-Waste Image Dataset for Objec/train/images/IMG_20250805_205144_jpg.rf.ad0541bb7d94af3ba8e6663b9c965631.jpg,Plastic Waste,unknown,,battery,,0.7320189476013184,0.895000159740448,0.8153917789459229,1.0290416479110718,battery,,0.8165944814682007,0.9123259782791138,0.8270521759986877,1.0673165321350098,0.7320189476013184,0.08337283134460449,0.8165944814682007,0.01045769453048706
Custom Bangladeshi E-Waste Image Dataset for Objec/train/images/IMG_20250805_205154_jpg.rf.9d8d462d5dfc63b0a9ffb366024d8a96.jpg,Plastic Waste,unknown,,battery,,0.6601108312606812,0.9153141975402832,0.8090626001358032,1.0798965692520142,battery,,0.7724278569221497,0.9031034111976624,0.8890514373779297,1.0532032251358032,0.6601108312606812,0.14895176887512207,0.7724278569221497,0.11662358045578003
Custom Bangladeshi E-Waste Image Dataset for Objec/train/images/IMG_20250805_205154_jpg.rf.c126dc3d902cd58c0ebb42a210ddbd54.jpg,Plastic Waste,unknown,,battery,,0.630638837814331,0.777438759803772,0.7710587978363037,1.089679479598999,battery,,0.719039797782898,0.8015317916870117,0.8760440349578857,1.0334241390228271,0.630638837814331,0.14041996002197266,0.719039797782898,0.08249199390411377
Custom Bangladeshi E-Waste Image Dataset for Objec/train/images/IMG_20250805_205154_jpg.rf.ca9caf1e967a61f8c9fdff145c2dfbd4.jpg,Plastic Waste,unknown,,battery,,0.6343288421630859,0.8568729162216187,0.7835337519645691,1.0746262073516846,battery,,0.7520300149917603,0.8511065244674683,0.874625563621521,1.0402584075927734,0.6343288421630859,0.14920490980148315,0.7520300149917603,0.09907650947570801
Custom Bangladeshi E-Waste Image Dataset for Objec/train/images/IMG_20250805_205159_jpg.rf.583c0509a6f19bd4339c3a24847a4a51.jpg,Plastic Waste,unknown,,pcb,,0.9815012216567993,0.9634374976158142,0.9132665395736694,1.104513168334961,pcb,,0.9926870465278625,0.9278093576431274,0.9214178919792175,1.043803334236145,0.9132665395736694,0.050170958042144775,0.9214178919792175,0.006391465663909912
Custom Bangladeshi E-Waste Image Dataset for Objec/train/images/IMG_20250805_205159_jpg.rf.5c6a6384fe0fba7871a74dff83653f1d.jpg,Plastic Waste,unknown,,pcb,,0.8784241080284119,0.8631352186203003,0.8279498219490051,1.012281060218811,pcb,,0.9465440511703491,0.8957464098930359,0.8614097833633423,0.9790402054786682,0.8279498219490051,0.035185396671295166,0.8614097833633423,0.034336626529693604
Custom Bangladeshi E-Waste Image Dataset for Objec/train/images/IMG_20250805_205159_jpg.rf.cdcd7fad406762304f32fda91e2adee9.jpg,Plastic Waste,unknown,,mobile,,0.7905553579330444,0.7905222177505493,0.8490641713142395,1.004059076309204,mobile,,0.9463725686073303,0.7836984395980835,0.9048701524734497,0.9566235542297363,0.7905222177505493,3.314018249511719e-05,0.7836984395980835,0.12117171287536621
Custom Bangladeshi E-Waste Image Dataset for Objec/train/images/IMG_20250805_205244_jpg.rf.8295fd5449aa1e8126dcde737e1d4ed4.jpg,Paper Waste,unknown,,battery,,0.5245967507362366,0.8050413727760315,0.9760197997093201,1.059227705001831,battery,,0.7306140661239624,0.835523247718811,0.9885103702545166,0.9575163722038269,0.5245967507362366,0.2804446220397949,0.7306140661239624,0.10490918159484863
Custom Bangladeshi E-Waste Image Dataset for Objec/train/images/IMG_20250805_205244_jpg.rf.a72da6225f2b3652b61d8b33d2b26196.jpg,Paper Waste,unknown,,battery,,0.5635522603988647,0.825822114944458,0.9740890264511108,1.030343770980835,battery,,0.7734689116477966,0.8360567092895508,0.9693662524223328,0.983414888381958,0.5635522603988647,0.26226985454559326,0.7734689116477966,0.06258779764175415
Custom Bangladeshi E-Waste Image Dataset for Objec/train/images/IMG_20250805_205244_jpg.rf.b2696b7c5ef724cfe3787c027af471b9.jpg,Paper Waste,unknown,,battery,,0.5832037925720215,0.8930251002311707,0.9399134516716003,1.0073857307434082,battery,,0.7512534856796265,0.9132757782936096,0.9356062412261963,1.0182781219482422,0.5832037925720215,0.30982130765914917,0.7512534856796265,0.16202229261398315
Custom Bangladeshi E-Waste Image Dataset for Objec/train/images/IMG_20250805_205246_jpg.rf.032c4b659925079662b191153a6f30c1.jpg,Paper Waste,unknown,,battery,,0.5119878053665161,0.8014315366744995,0.9702326655387878,1.0696958303451538,battery,,0.7157876491546631,0.821244478225708,0.9687706828117371,0.9711134433746338,0.5119878053665161,0.2894437313079834,0.7157876491546631,0.10545682907104492
Custom Bangladeshi E-Waste Image Dataset for Objec/train/images/IMG_20250805_205246_jpg.rf.42d180c38057950db4bc6318c952d667.jpg,Paper Waste,unknown,,battery,,0.6168686747550964,0.9092327356338501,0.9560686945915222,1.0568300485610962,battery,,0.7792628407478333,0.930444598197937,0.916310727596283,1.0072218179702759,0.6168686747550964,0.29236406087875366,0.7792628407478333,0.1370478868484497
Custom Bangladeshi E-Waste Image Dataset for Objec/train/images/IMG_20250805_205246_jpg.rf.b8d7457a2f51812e1be6daf2a9895241.jpg,Paper Waste,unknown,,battery,,0.5738905072212219,0.9206124544143677,0.9523687958717346,1.0337872505187988,battery,,0.7528518438339233,0.929097056388855,0.9515069723129272,1.0048637390136719,0.5738905072212219,0.34672194719314575,0.7528518438339233,0.17624521255493164
Custom Bangladeshi E-Waste Image Dataset for Objec/train/images/IMG_20250805_205256_jpg.rf.0a7d298633b622f2685437abe3252894.jpg,Paper Waste,unknown,,battery,,0.5710534453392029,0.9123586416244507,0.9325406551361084,0.996286153793335,battery,,0.78448486328125,0.9157565832138062,0.9516260623931885,0.9915476441383362,0.5710534453392029,0.3413051962852478,0.78448486328125,0.13127171993255615
Custom Bangladeshi E-Waste Image Dataset for Objec/train/images/IMG_20250805_205256_jpg.rf.2c0356bb9a44145c5c4680e94fea7799.jpg,Paper Waste,unknown,,battery,,0.5986851453781128,0.8838618397712708,0.9254840016365051,1.0175297260284424,battery,,0.765898585319519,0.9437861442565918,0.9503679871559143,1.0216562747955322,0.5986851453781128,0.28517669439315796,0.765898585319519,0.17788755893707275
Custom Bangladeshi E-Waste Image Dataset for Objec/train/images/IMG_20250805_205256_jpg.rf.9ba84e73b70e355772bde93c4fc1a1f8.jpg,Paper Waste,unknown,,battery,,0.5103960037231445,0.8179311752319336,0.9539356231689453,1.0345314741134644,battery,,0.6966444253921509,0.8117822408676147,0.9690357446670532,0.9736295342445374,0.5103960037231445,0.30753517150878906,0.6966444253921509,0.11513781547546387
Custom Bangladeshi E-Waste Image Dataset for Objec/train/images/IMG_20250805_205258_jpg.rf.9a63e1dc02bbcc711ca5965a03ed14f4.jpg,Paper Waste,unknown,,battery,,0.5725827217102051,0.8145577311515808,0.9194495677947998,0.9795793294906616,battery,,0.8184139132499695,0.8886021971702576,0.9064120650291443,1.0215975046157837,0.5725827217102051,0.24197500944137573,0.8184139132499695,0.07018828392028809
Custom Bangladeshi E-Waste Image Dataset for Objec/train/images/IMG_20250805_205258_jpg.rf.f025fafd4eee069eadda2f065571eacc.jpg,Paper Waste,unknown,,battery,,0.6363010406494141,0.8505919575691223,0.8939862847328186,1.0076898336410522,battery,,0.8415393233299255,0.895866334438324,0.9059925079345703,1.0161564350128174,0.6363010406494141,0.21429091691970825,0.8415393233299255,0.05432701110839844
Custom Bangladeshi E-Waste Image Dataset for Objec/train/images/IMG_20250805_205258_jpg.rf.f4e6c0bde6433f39161faa77bb39c8e5.jpg,Paper Waste,unknown,,battery,,0.4734698534011841,0.7644380331039429,0.9580841660499573,0.995227575302124,battery,,0.6362297534942627,0.8327764272689819,0.9429411888122559,0.9620990753173828,0.4734698534011841,0.2909681797027588,0.6362297534942627,0.19654667377471924
Custom Bangladeshi E-Waste Image Dataset for Objec/train/images/IMG_20250805_205259_jpg.rf.1fbf551f6a211742c90bc713819746fc.jpg,Paper Waste,unknown,,battery,,0.4897899627685547,0.7522618174552917,0.9569841623306274,1.0023024082183838,battery,,0.6559958457946777,0.8050893545150757,0.9283220767974854,0.9875755310058594,0.4897899627685547,0.26247185468673706,0.6559958457946777,0.14909350872039795
Custom Bangladeshi E-Waste Image Dataset for Objec/train/images/IMG_20250805_205259_jpg.rf.36b335f43bb94636d1cd5bde6fa4481a.jpg,Paper Waste,unknown,,battery,,0.6123089790344238,0.75102698802948,0.9025135636329651,0.9982997179031372,battery,,0.7630153894424438,0.8241257071495056,0.9047412276268005,1.0039982795715332,0.6123089790344238,0.13871800899505615,0.7630153894424438,0.06111031770706177
Custom Bangladeshi E-Waste Image Dataset for Objec/train/images/IMG_20250805_205259_jpg.rf.ba8ed9bd2698eb1db93e4c37933b2f3e.jpg,Paper Waste,unknown,,battery,,0.5728476047515869,0.7850016355514526,0.8977402448654175,1.0288347005844116,battery,,0.7249478101730347,0.8703627586364746,0.8867461085319519,1.0331135988235474,0.5728476047515869,0.21215403079986572,0.7249478101730347,0.14541494846343994
Custom Bangladeshi E-Waste Image Dataset for Objec/train/images/IMG_20250805_205307_jpg.rf.46452ed47adeb2daa5729d3770d89abb.jpg,Plastic Waste,unknown,,battery,,0.6275745034217834,0.8632572889328003,0.9936038851737976,1.0278359651565552,battery,,0.7363731861114502,0.8514227867126465,0.9705777168273926,1.0301405191421509,0.6275745034217834,0.23568278551101685,0.7363731861114502,0.11504960060119629
Custom Bangladeshi E-Waste Image Dataset for Objec/train/images/IMG_20250805_205307_jpg.rf.61ee1ecc6594de15ae69851fe5a5fdb1.jpg,Plastic Waste,unknown,,battery,,0.6299878358840942,0.8699389696121216,0.9734095335006714,1.0382084846496582,battery,,0.7678408622741699,0.8219331502914429,0.9169816970825195,1.0700639486312866,0.6299878358840942,0.23995113372802734,0.7678408622741699,0.05409228801727295
Custom Bangladeshi E-Waste Image Dataset for Objec/train/images/IMG_20250805_205307_jpg.rf.dff6bbd6a01591fe83f31e56bfe38185.jpg,Plastic Waste,unknown,,battery,,0.6574569940567017,0.8999406099319458,0.9691022038459778,1.018436312675476,battery,,0.8220239877700806,0.8690520524978638,0.952803909778595,1.069565773010254,0.6574569940567017,0.24248361587524414,0.8220239877700806,0.0470280647277832
Custom Bangladeshi E-Waste Image Dataset for Objec/train/images/IMG_20250805_205308_jpg.rf.62d3597f805efd59bdf8d37907d7d5c4.jpg,Plastic Waste,unknown,,battery,,0.6933457255363464,0.8675006628036499,0.964443564414978,1.0312223434448242,battery,,0.8020498752593994,0.851023256778717,0.9584997296333313,1.048829436302185,0.6933457255363464,0.17415493726730347,0.8020498752593994,0.04897338151931763
Custom Bangladeshi E-Waste Image Dataset for Objec/train/images/IMG_20250805_205308_jpg.rf.6c3340ca5a04fba593e341bf6cee3d5f.jpg,Plastic Waste,unknown,,battery,,0.6131464838981628,0.8537372350692749,0.9840937852859497,1.0385974645614624,battery,,0.7539772987365723,0.8264766931533813,0.9575111865997314,1.057102084159851,0.6131464838981628,0.24059075117111206,0.7539772987365723,0.07249939441680908
Custom Bangladeshi E-Waste Image Dataset for Objec/train/images/IMG_20250805_205308_jpg.rf.90762cdbdd372ea2a536a98fe3d1823c.jpg,Plastic Waste,unknown,,battery,,0.6609697341918945,0.8396779298782349,0.962349534034729,1.0371018648147583,battery,,0.7717574834823608,0.8323380351066589,0.9249193668365479,1.0471744537353516,0.6609697341918945,0.17870819568634033,0.7717574834823608,0.060580551624298096
Custom Bangladeshi E-Waste Image Dataset for Objec/train/images/IMG_20250805_205309_jpg.rf.16500fa4baf00d47008f3e29320ddfe5.jpg,Plastic Waste,unknown,,battery,,0.6729664206504822,0.889704704284668,0.965419590473175,1.0070316791534424,battery,,0.8281038403511047,0.8782904148101807,0.9406003952026367,1.0625184774398804,0.6729664206504822,0.2167382836341858,0.8281038403511047,0.05018657445907593
Custom Bangladeshi E-Waste Image Dataset for Objec/train/images/IMG_20250805_205309_jpg.rf.c9d582b273885372bf0ede58d77639c6.jpg,Plastic Waste,unknown,,battery,,0.6940913200378418,0.878537118434906,0.9623281359672546,1.014867901802063,battery,,0.8302645683288574,0.8607999086380005,0.9303796291351318,1.0479774475097656,0.6940913200378418,0.1844457983970642,0.8302645683288574,0.030535340309143066
Custom Bangladeshi E-Waste Image Dataset for Objec/train/images/IMG_20250805_205309_jpg.rf.e2132d4b9c1c7f2f72150dcbd1ac5610.jpg,Plastic Waste,unknown,,battery,,0.6252883672714233,0.8521962761878967,0.9815362095832825,1.032485008239746,battery,,0.7463657855987549,0.8202317357063293,0.9544268250465393,1.0501604080200195,0.6252883672714233,0.2269079089164734,0.7463657855987549,0.07386595010757446
Custom Bangladeshi E-Waste Image Dataset for Objec/train/images/IMG_20250805_205314_jpg.rf.2fb6fd4be72209e109b9ed77b6ea0bbc.jpg,Plastic Waste,unknown,,battery,,0.6777088046073914,0.8304257392883301,0.9246188402175903,1.068103313446045,battery,,0.7905099391937256,0.8217138051986694,0.8998284339904785,1.0622615814208984,0.6777088046073914,0.15271693468093872,0.7905099391937256,0.031203866004943848
Custom Bangladeshi E-Waste Image Dataset for Objec/train/images/IMG_20250805_205314_jpg.rf.4ea33b37bc08aa92c9552cb7b3da6608.jpg,Plastic Waste,unknown,,battery,,0.6326322555541992,0.8937065601348877,0.9722452759742737,1.0587983131408691,battery,,0.7725854516029358,0.8628652691841125,0.8932923674583435,1.0651023387908936,0.6326322555541992,0.2610743045806885,0.7725854516029358,0.09027981758117676
Custom Bangladeshi E-Waste Image Dataset for Objec/train/images/IMG_20250805_205314_jpg.rf.767fceca27058f2e43845c2002f6d844.jpg,Plastic Waste,unknown,,battery,,0.6153819561004639,0.814170241355896,0.9499093294143677,1.0604630708694458,battery,,0.7478508949279785,0.8150264024734497,0.9325698614120483,1.0557910203933716,0.6153819561004639,0.19878828525543213,0.7478508949279785,0.06717550754547119
Custom Bangladeshi E-Waste Image Dataset for Objec/train/images/IMG_20250805_205336_jpg.rf.d8650d78758b357786f0a39b141e2bfe.jpg,Plastic Waste,unknown,,battery,,0.7657886147499084,0.8976618051528931,0.9670944809913635,1.0929197072982788,battery,,0.8996566534042358,0.9313327074050903,0.9329010844230652,1.0199302434921265,0.7657886147499084,0.13187319040298462,0.8996566534042358,0.03167605400085449
Custom Bangladeshi E-Waste Image Dataset for Objec/train/images/IMG_20250805_205336_jpg.rf.db34a7839edac621c6b3380da7d6f3c1.jpg,Plastic Waste,unknown,,battery,,0.635060727596283,0.8032276630401611,0.9971132278442383,0.9836307168006897,battery,,0.8124731779098511,0.826392650604248,1.004656195640564,0.9116155505180359,0.635060727596283,0.16816693544387817,0.8124731779098511,0.013919472694396973
Custom Bangladeshi E-Waste Image Dataset for Objec/train/images/IMG_20250805_205336_jpg.rf.f97d4a0da5fa0bd5964fa023e76acdcf.jpg,Plastic Waste,unknown,,battery,,0.6626273393630981,0.8683356046676636,0.9315614104270935,1.0227982997894287,battery,,0.8306938409805298,0.940622091293335,0.9348689317703247,0.9971731305122375,0.6626273393630981,0.20570826530456543,0.8306938409805298,0.10417509078979492
Custom Bangladeshi E-Waste Image Dataset for Objec/train/images/IMG_20250805_205352_jpg.rf.1578c47a1dd31f97cfb439471548d3f1.jpg,Plastic Waste,unknown,,battery,,0.773822009563446,0.8790225982666016,0.9830009937286377,0.9556661248207092,battery,,0.8699904680252075,0.8964536786079407,0.9398268461227417,0.9814662933349609,0.773822009563446,0.10520058870315552,0.8699904680252075,0.026463210582733154
Custom Bangladeshi E-Waste Image Dataset for Objec/train/images/IMG_20250805_205352_jpg.rf.940c6e4f3313b95a8219f52f71378930.jpg,Plastic Waste,unknown,,battery,,0.8397936224937439,0.8845053315162659,0.9647493958473206,1.0184495449066162,mobile,,0.9871560335159302,0.8840705156326294,0.951003909111023,1.004891276359558,0.8397936224937439,0.04471170902252197,0.8840705156326294,0.06693339347839355
Custom Bangladeshi E-Waste Image Dataset for Objec/train/images/IMG_20250805_205352_jpg.rf.e793599063e8548d66dacf47cf3b89c3.jpg,Plastic Waste,unknown,,battery,,0.730225682258606,0.8537963628768921,0.9706954956054688,1.0127992630004883,mobile,,0.9056311845779419,0.8834603428840637,0.9377003908157349,0.9917324781417847,0.730225682258606,0.12357068061828613,0.8834603428840637,0.022170841693878174
Custom Bangladeshi E-Waste Image Dataset for Objec/train/images/IMG_20250805_205402_jpg.rf.1dbf2217905b58de972eeee23b80a74c.jpg,Plastic Waste,unknown,,battery,,0.6604735255241394,0.9420263171195984,1.1433039903640747,1.0183045864105225,battery,,0.8188915252685547,0.9403608441352844,1.105411171913147,1.011229157447815,0.6604735255241394,0.281552791595459,0.8188915252685547,0.12146931886672974
Custom Bangladeshi E-Waste Image Dataset for Objec/train/images/IMG_20250805_205402_jpg.rf.85d3620b6f281db79de4d7a23ef13cb0.jpg,Plastic Waste,unknown,,battery,,0.7520824670791626,0.8779956102371216,1.149492621421814,1.0383341312408447,battery,,0.8526971340179443,0.8877567648887634,1.080294132232666,1.027766227722168,0.7520824670791626,0.12591314315795898,0.8526971340179443,0.03505963087081909
Custom Bangladeshi E-Waste Image Dataset for Objec/train/images/IMG_20250805_205402_jpg.rf.f4367e89c2dc22da5e354b83286dfe67.jpg,Plastic Waste,unknown,,battery,,0.7013396620750427,0.9295403957366943,1.1048825979232788,1.0033817291259766,battery,,0.8440266847610474,0.9294452667236328,1.0925006866455078,0.9718081951141357,0.7013396620750427,0.2282007336616516,0.8440266847610474,0.08541858196258545
Custom Bangladeshi E-Waste Image Dataset for Objec/train/images/IMG_20250805_205408_jpg.rf.4a5f20d7614373b0b183150dbe4c7cc2.jpg,Plastic Waste,unknown,,battery,,0.6523890495300293,0.8007908463478088,0.9962753653526306,0.9489781856536865,battery,,0.7753862142562866,0.8506714701652527,0.9575172066688538,0.9605817198753357,0.6523890495300293,0.14840179681777954,0.7753862142562866,0.07528525590896606
Custom Bangladeshi E-Waste Image Dataset for Objec/train/images/IMG_20250805_205408_jpg.rf.ab417e00b6a6784b970deade29e300e3.jpg,Plastic Waste,unknown,,battery,,0.6420191526412964,0.8555344343185425,0.9402546882629395,0.9109963178634644,battery,,0.7581512928009033,0.9212673306465149,0.9070240259170532,0.8856216073036194,0.6420191526412964,0.2135152816772461,0.7581512928009033,0.12747031450271606
Custom Bangladeshi E-Waste Image Dataset for Objec/train/images/IMG_20250805_205408_jpg.rf.c1bed1418d4622b5e15625b352f17b96.jpg,Plastic Waste,unknown,,battery,,0.605004072189331,0.8189389109611511,0.9994609951972961,0.9422101974487305,battery,,0.7374929189682007,0.8568111658096313,0.970063328742981,0.9185898303985596,0.605004072189331,0.21393483877182007,0.7374929189682007,0.11931824684143066
Custom Bangladeshi E-Waste Image Dataset for Objec/train/images/IMG_20250805_205409_jpg.rf.1138725a386772c2d9cb6d8ae2052903.jpg,Plastic Waste,unknown,,battery,,0.6492565274238586,0.9082926511764526,0.9766445755958557,0.9090069532394409,battery,,0.7899548411369324,0.9603198170661926,0.9161370992660522,0.9396539926528931,0.6492565274238586,0.259036123752594,0.7899548411369324,0.12618225812911987
Custom Bangladeshi E-Waste Image Dataset for Objec/train/images/IMG_20250805_205409_jpg.rf.4a33c57b0d0f287d30bd094fab89500f.jpg,Plastic Waste,unknown,,battery,,0.6015943288803101,0.8125383257865906,1.005185842514038,0.9693151116371155,battery,,0.7317402362823486,0.8824883699417114,0.9809669852256775,0.9115808010101318,0.6015943288803101,0.21094399690628052,0.7317402362823486,0.1507481336593628
Custom Bangladeshi E-Waste Image Dataset for Objec/train/images/IMG_20250805_205409_jpg.rf.c8f386f0c1621415dd53ff8b5ed0547a.jpg,Plastic Waste,unknown,,battery,,0.6473150253295898,0.8440364599227905,0.9448637962341309,0.97097247838974,battery,,0.8107132911682129,0.8785961270332336,0.9329301118850708,0.9699425101280212,0.6473150253295898,0.19672143459320068,0.8107132911682129,0.06788283586502075
Custom Bangladeshi E-Waste Image Dataset for Objec/train/images/IMG_20250805_205430_jpg.rf.b91231c07dd3342720eff98ace34198e.jpg,Plastic Waste,unknown,,battery,,0.7467954754829407,0.8808667659759521,0.9042787551879883,1.0118350982666016,pcb,,0.8922369480133057,0.9373626708984375,0.8659008741378784,0.9564898014068604,0.7467954754829407,0.13407129049301147,0.8659008741378784,0.026336073875427246
Custom Bangladeshi E-Waste Image Dataset for Objec/train/images/IMG_20250805_205430_jpg.rf.d8863fc6a81de62568ce4e1bcd7c5686.jpg,Plastic Waste,unknown,,battery,,0.7628276348114014,0.7754707336425781,0.9023386836051941,1.0093470811843872,mobile,,0.9246485829353333,0.8689932823181152,0.9014668464660645,0.9208492636680603,0.7628276348114014,0.012643098831176758,0.8689932823181152,0.03247356414794922
Custom Bangladeshi E-Waste Image Dataset for Objec/train/images/IMG_20250805_205430_jpg.rf.e58e3dc1e4f0ae646da759006a6d1a7f.jpg,Plastic Waste,unknown,,battery,,0.7653447389602661,0.8426739573478699,0.8930820822715759,1.0229402780532837,pcb,,0.9094434976577759,0.9326047897338867,0.8810486793518066,0.9634810090065002,0.7653447389602661,0.07732921838760376,0.8810486793518066,0.02839481830596924
Custom Bangladeshi E-Waste Image Dataset for Objec/train/images/IMG_20250819_235826_jpg.rf.b2d7a1c6a7e91964d06337b719db27de.jpg,PCB,known,pcb,pcb,1,0.7919524312019348,1.0811983346939087,0.1923985481262207,1.0756442546844482,pcb,1,0.8607020378112793,1.1139286756515503,0.17869943380355835,1.0953925848007202,0.1923985481262207,0.5995538830757141,0.17869943380355835,0.682002604007721
Custom Bangladeshi E-Waste Image Dataset for Objec/train/images/IMG_20250819_235826_jpg.rf.e1cda6acd15acc46d9b606b3643a9d78.jpg,PCB,known,pcb,pcb,1,0.8571805953979492,1.0266149044036865,0.22529160976409912,1.0902575254440308,pcb,1,0.87152498960495,1.0865951776504517,0.19909393787384033,1.1173416376113892,0.22529160976409912,0.6318889856338501,0.19909393787384033,0.6724310517311096
Custom Bangladeshi E-Waste Image Dataset for Objec/train/images/IMG_20250819_235826_jpg.rf.e20e7d149a403fde5e6f612c0d3e4de2.jpg,PCB,known,pcb,pcb,1,0.8419200778007507,1.0512473583221436,0.2276768684387207,1.0907388925552368,pcb,1,0.8702235817909241,1.0833523273468018,0.18796348571777344,1.0931305885314941,0.2276768684387207,0.61424320936203,0.18796348571777344,0.6822600960731506
Custom Bangladeshi E-Waste Image Dataset for Objec/train/images/IMG_20250819_235827_jpg.rf.327889f36d8a3ce465f7c81f2cde3b3d.jpg,PCB,known,pcb,pcb,1,0.7961004972457886,1.0705753564834595,0.19605809450149536,1.055440068244934,pcb,1,0.8589836359024048,1.0916852951049805,0.17471420764923096,1.0721513032913208,0.19605809450149536,0.6000424027442932,0.17471420764923096,0.6842694282531738
Custom Bangladeshi E-Waste Image Dataset for Objec/train/images/IMG_20250819_235827_jpg.rf.872fd4cc67ccc22252dd31bc56dbe9d2.jpg,PCB,known,pcb,pcb,1,0.8327682614326477,1.0359818935394287,0.2230704426765442,1.0935888290405273,pcb,1,0.8765377998352051,1.081726312637329,0.18254029750823975,1.102450966835022,0.2230704426765442,0.6096978187561035,0.18254029750823975,0.6939975023269653
Custom Bangladeshi E-Waste Image Dataset for Objec/train/images/IMG_20250819_235827_jpg.rf.b56beb717cc4d883b3a5437bb3522ea2.jpg,PCB,known,pcb,pcb,1,0.8250075578689575,1.050018548965454,0.285148024559021,1.0815420150756836,pcb,1,0.8657755255699158,1.0924313068389893,0.2200150489807129,1.0756181478500366,0.285148024559021,0.5398595333099365,0.2200150489807129,0.6457604765892029
Custom Bangladeshi E-Waste Image Dataset for Objec/train/images/IMG_20250819_235833_1_jpg.rf.9337aaa6e20a1cb461c56ca7363fb3c6.jpg,PCB,known,pcb,pcb,1,0.8180517554283142,1.1210325956344604,0.178968608379364,1.0943373441696167,pcb,1,0.873588502407074,1.1573413610458374,0.20428484678268433,1.1330605745315552,0.178968608379364,0.6390831470489502,0.20428484678268433,0.6693036556243896
Custom Bangladeshi E-Waste Image Dataset for Objec/train/images/IMG_20250819_235833_1_jpg.rf.dcef1a3f0a7eda0b3c290505ce1f908e.jpg,PCB,known,pcb,pcb,1,0.8050252199172974,1.1132054328918457,0.15761321783065796,1.1219007968902588,pcb,1,0.912361741065979,1.1604669094085693,0.17124521732330322,1.1457717418670654,0.15761321783065796,0.6474120020866394,0.17124521732330322,0.7411165237426758
Custom Bangladeshi E-Waste Image Dataset for Objec/train/images/IMG_20250819_235833_1_jpg.rf.f6c48dee6875446d95bacd72dcbb6e8d.jpg,PCB,known,pcb,pcb,1,0.8377001285552979,1.1324671506881714,0.14771056175231934,1.1121227741241455,pcb,1,0.8772920966148376,1.1665470600128174,0.1760205626487732,1.1305615901947021,0.14771056175231934,0.6899895668029785,0.1760205626487732,0.7012715339660645
Custom Bangladeshi E-Waste Image Dataset for Objec/train/images/IMG_20250819_235833_jpg.rf.2409897b6612a6a4e525868cd4cadd98.jpg,PCB,known,pcb,pcb,1,0.8205921649932861,1.126150131225586,0.17823487520217896,1.0904436111450195,pcb,1,0.8768924474716187,1.1569725275039673,0.22253572940826416,1.1329225301742554,0.17823487520217896,0.6423572897911072,0.22253572940826416,0.6543567180633545
Custom Bangladeshi E-Waste Image Dataset for Objec/train/images/IMG_20250819_235833_jpg.rf.24f599bfd1785a8d2b210fd2e588adda.jpg,PCB,known,pcb,pcb,1,0.8240699768066406,1.1295497417449951,0.15315604209899902,1.103102207183838,pcb,1,0.870607852935791,1.1743848323822021,0.19561994075775146,1.1396580934524536,0.15315604209899902,0.6709139347076416,0.19561994075775146,0.6749879121780396
Custom Bangladeshi E-Waste Image Dataset for Objec/train/images/IMG_20250819_235833_jpg.rf.6d464dfdc463efdd8691b50eb965a8a9.jpg,PCB,known,pcb,pcb,1,0.8186441659927368,1.1258667707443237,0.1555999517440796,1.1265920400619507,pcb,1,0.8953022956848145,1.1681312322616577,0.1982455849647522,1.155355453491211,0.1555999517440796,0.6630442142486572,0.1982455849647522,0.6970567107200623
Custom Bangladeshi E-Waste Image Dataset for Objec/train/images/IMG_20250819_235841_jpg.rf.5cc56590068da32c0381ac61fc1da53c.jpg,PCB,known,pcb,pcb,1,0.8296988606452942,1.1546356678009033,0.13940393924713135,1.0946717262268066,pcb,1,0.8749139308929443,1.1568634510040283,0.13420379161834717,1.1327931880950928,0.13940393924713135,0.6902949213981628,0.13420379161834717,0.7407101392745972
Custom Bangladeshi E-Waste Image Dataset for Objec/train/images/IMG_20250819_235841_jpg.rf.b9ad0db1b6e9f309483ae53a0c248caf.jpg,PCB,known,pcb,pcb,1,0.8197547793388367,1.1460204124450684,0.13780665397644043,1.0945996046066284,pcb,1,0.8548955917358398,1.1616413593292236,0.15043038129806519,1.126908540725708,0.13780665397644043,0.6819481253623962,0.15043038129806519,0.7044652104377747
Custom Bangladeshi E-Waste Image Dataset for Objec/train/images/IMG_20250819_235841_jpg.rf.f33515ea53b3bc14a2f71a2f9d40979f.jpg,PCB,known,pcb,pcb,1,0.8197422623634338,1.133556604385376,0.13508689403533936,1.0989887714385986,pcb,1,0.8833385109901428,1.1501879692077637,0.12331050634384155,1.1348519325256348,0.13508689403533936,0.6846553683280945,0.12331050634384155,0.7600280046463013
Custom Bangladeshi E-Waste Image Dataset for Objec/train/images/IMG_20250819_235853_jpg.rf.5f0155bba8eee5c25be2d8a8268ff930.jpg,PCB,known,pcb,pcb,1,0.894633948802948,1.0156898498535156,0.24570804834365845,1.0473828315734863,pcb,1,0.9188024997711182,1.0340062379837036,0.19756942987442017,1.0614500045776367,0.24570804834365845,0.6489259004592896,0.19756942987442017,0.721233069896698
Custom Bangladeshi E-Waste Image Dataset for Objec/train/images/IMG_20250819_235853_jpg.rf.984063f06b8407e53c598e7d03212546.jpg,PCB,known,pcb,pcb,1,0.8156017065048218,0.9970645308494568,0.22933554649353027,1.0428528785705566,pcb,1,0.9195545315742493,1.0656133890151978,0.17760157585144043,1.0739420652389526,0.22933554649353027,0.5862661600112915,0.17760157585144043,0.7419529557228088
Custom Bangladeshi E-Waste Image Dataset for Objec/train/images/IMG_20250819_235853_jpg.rf.e95c8d2b451c6f2c57a329213addcc46.jpg,PCB,known,pcb,pcb,1,0.7900657057762146,0.9997081160545349,0.20479649305343628,1.059483528137207,pcb,1,0.8996777534484863,1.0252810716629028,0.16718381643295288,1.0776796340942383,0.20479649305343628,0.5852692127227783,0.16718381643295288,0.7324939370155334
Custom Bangladeshi E-Waste Image Dataset for Objec/train/images/IMG_20250819_235900_1_jpg.rf.4f228b35a40657a9d4044001db65e10b.jpg,PCB,known,pcb,pcb,1,0.8228124380111694,0.9995546936988831,0.22544610500335693,0.9583392143249512,pcb,1,0.9176284074783325,1.064791202545166,0.179826021194458,1.0333682298660278,0.22544610500335693,0.5973663330078125,0.179826021194458,0.7378023862838745
Custom Bangladeshi E-Waste Image Dataset for Objec/train/images/IMG_20250819_235900_1_jpg.rf.57a2a1ee0bc5a191af8768b4ba08b10b.jpg,PCB,known,pcb,pcb,1,0.858421266078949,1.0048307180404663,0.2691718339920044,0.8935354351997375,pcb,1,0.919855535030365,1.0610668659210205,0.16484975814819336,1.0112855434417725,0.2691718339920044,0.5892494320869446,0.16484975814819336,0.7550057768821716
Custom Bangladeshi E-Waste Image Dataset for Objec/train/images/IMG_20250819_235900_1_jpg.rf.7352d4ef616661ac2a4bad6eae3a3f54.jpg,PCB,known,pcb,pcb,1,0.907716691493988,1.0430474281311035,0.24962276220321655,0.9286714792251587,pcb,1,0.9675353765487671,1.0630558729171753,0.19164615869522095,0.9597273468971252,0.24962276220321655,0.6580939292907715,0.19164615869522095,0.7680811882019043
Custom Bangladeshi E-Waste Image Dataset for Objec/train/images/IMG_20250819_235900_jpg.rf.5c3de33bdc0b69b007d1023306ba07d8.jpg,PCB,known,pcb,pcb,1,0.8238410949707031,1.0172839164733887,0.23501956462860107,0.9400838017463684,pcb,1,0.9448238611221313,1.0605847835540771,0.18563467264175415,1.025378942489624,0.23501956462860107,0.588821530342102,0.18563467264175415,0.7591891884803772
Custom Bangladeshi E-Waste Image Dataset for Objec/train/images/IMG_20250819_235900_jpg.rf.6a52ed16b3e904dbb37cf87a33d579db.jpg,PCB,known,pcb,pcb,1,0.8965315818786621,1.0395687818527222,0.29602283239364624,0.8973656892776489,pcb,1,0.97748863697052,1.0608577728271484,0.2204686403274536,0.9078623056411743,0.29602283239364624,0.6005087494850159,0.2204686403274536,0.6873936653137207
Custom Bangladeshi E-Waste Image Dataset for Objec/train/images/IMG_20250819_235900_jpg.rf.b4277f1586a60855f09b0696d171fdf2.jpg,PCB,known,pcb,pcb,1,0.8680797815322876,1.023405909538269,0.2283083200454712,0.94874507188797,pcb,1,0.9389608502388,1.0679829120635986,0.16782903671264648,1.028074860572815,0.2283083200454712,0.6397714614868164,0.16782903671264648,0.7711318135261536
Custom Bangladeshi E-Waste Image Dataset for Objec/train/images/IMG_20250819_235907_jpg.rf.7ae45ca7af4b7827d2d24fba32dcdbf0.jpg,PCB,known,pcb,pcb,1,0.8249714970588684,1.094032883644104,0.13442569971084595,1.0824321508407593,pcb,1,0.8802527785301208,1.1060881614685059,0.12186294794082642,1.1062525510787964,0.13442569971084595,0.6905457973480225,0.12186294794082642,0.7583898305892944
Custom Bangladeshi E-Waste Image Dataset for Objec/train/images/IMG_20250819_235907_jpg.rf.7d73c55c193ae7f68b0884b679a6a5f0.jpg,PCB,known,pcb,pcb,1,0.8430607318878174,1.0956822633743286,0.13537853956222534,1.1045782566070557,pcb,1,0.8858522176742554,1.1319609880447388,0.14062637090682983,1.1370999813079834,0.13537853956222534,0.707682192325592,0.14062637090682983,0.7452258467674255
Custom Bangladeshi E-Waste Image Dataset for Objec/train/images/IMG_20250819_235907_jpg.rf.d63aaf136cd0322154184382e639011a.jpg,PCB,known,pcb,pcb,1,0.8125032186508179,1.1033774614334106,0.13378393650054932,1.0881123542785645,pcb,1,0.8683393597602844,1.1282542943954468,0.1388838291168213,1.109938383102417,0.13378393650054932,0.6787192821502686,0.1388838291168213,0.7294555306434631
Custom Bangladeshi E-Waste Image Dataset for Objec/train/images/IMG_20250819_235925_jpg.rf.91c6765f10574f255077172d89d2caae.jpg,PCB,known,pcb,pcb,1,0.8081005215644836,1.0770854949951172,0.18292784690856934,1.079447627067566,pcb,1,0.8782419562339783,1.1310957670211792,0.16908931732177734,1.105613112449646,0.18292784690856934,0.6251726746559143,0.16908931732177734,0.7091526389122009
Custom Bangladeshi E-Waste Image Dataset for Objec/train/images/IMG_20250819_235925_jpg.rf.c85cb13fba72e1f692229736e1c9cbdc.jpg,PCB,known,pcb,pcb,1,0.8403153419494629,1.0873339176177979,0.16301113367080688,1.0917634963989258,pcb,1,0.8977981209754944,1.0935627222061157,0.16630804538726807,1.0961992740631104,0.16301113367080688,0.677304208278656,0.16630804538726807,0.7314900755882263
Custom Bangladeshi E-Waste Image Dataset for Objec/train/images/IMG_20250819_235925_jpg.rf.e0154f001c0f26be286c2cc093aaabdf.jpg,PCB,known,pcb,pcb,1,0.8366489410400391,1.1123988628387451,0.1634526252746582,1.0967625379562378,pcb,1,0.8910890221595764,1.1335910558700562,0.1574554443359375,1.086583137512207,0.1634526252746582,0.6731963157653809,0.1574554443359375,0.7336335778236389
Custom Bangladeshi E-Waste Image Dataset for Objec/train/images/IMG_20250819_235926_jpg.rf.5983903af53dce51a327cc7540eb58e3.jpg,PCB,known,pcb,pcb,1,0.8195805549621582,1.114065170288086,0.15902775526046753,1.1049761772155762,pcb,1,0.8853163719177246,1.1270605325698853,0.1865045428276062,1.0865050554275513,0.15902775526046753,0.6605527997016907,0.1865045428276062,0.6988118290901184
Custom Bangladeshi E-Waste Image Dataset for Objec/train/images/IMG_20250819_235926_jpg.rf.ac67185bc562c73e91f11d0bfa925857.jpg,PCB,known,pcb,pcb,1,0.8258258104324341,1.0695260763168335,0.1755855679512024,1.0981488227844238,pcb,1,0.8696510791778564,1.0857410430908203,0.1658831238746643,1.0707346200942993,0.1755855679512024,0.6502402424812317,0.1658831238746643,0.7037679553031921
Custom Bangladeshi E-Waste Image Dataset for Objec/train/images/IMG_20250819_235926_jpg.rf.ffb7712672f76f98dee67b1df8d7b8ab.jpg,PCB,known,pcb,pcb,1,0.8075220584869385,1.0796633958816528,0.18504029512405396,1.0818240642547607,pcb,1,0.8773816227912903,1.1301443576812744,0.16755938529968262,1.0888113975524902,0.18504029512405396,0.6224817633628845,0.16755938529968262,0.7098222374916077
Custom Bangladeshi E-Waste Image Dataset for Objec/train/images/IMG_20250819_235927_1_jpg.rf.7e9741f402fcea1372755cb7cd6649b7.jpg,PCB,known,pcb,pcb,1,0.8070048093795776,1.0783522129058838,0.17849183082580566,1.0761830806732178,pcb,1,0.8787623047828674,1.1259597539901733,0.15564745664596558,1.075640320777893,0.17849183082580566,0.628512978553772,0.15564745664596558,0.7231148481369019
Custom Bangladeshi E-Waste Image Dataset for Objec/train/images/IMG_20250819_235927_1_jpg.rf.ed18264df4db0cae5795751ce944d39c.jpg,PCB,known,pcb,pcb,1,0.8018003106117249,1.092822551727295,0.1656901240348816,1.1001523733139038,pcb,1,0.8806443810462952,1.11449134349823,0.1820802092552185,1.0807552337646484,0.1656901240348816,0.6361101865768433,0.1820802092552185,0.6985641717910767
Custom Bangladeshi E-Waste Image Dataset for Objec/train/images/IMG_20250819_235927_1_jpg.rf.f8a0e7f49a44c4a4a79aa60ead7189e9.jpg,PCB,known,pcb,pcb,1,0.8108262419700623,1.0850322246551514,0.18144840002059937,1.0872693061828613,pcb,1,0.8780983686447144,1.1133314371109009,0.1802031397819519,1.0806523561477661,0.18144840002059937,0.6293778419494629,0.1802031397819519,0.6978952288627625
Custom Bangladeshi E-Waste Image Dataset for Objec/train/images/IMG_20250819_235928_jpg.rf.36d5ec7eefbc6efec833554b1d4ac641.jpg,PCB,known,pcb,pcb,1,0.8165286779403687,1.0412342548370361,0.19576787948608398,1.082776665687561,pcb,1,0.8846151232719421,1.0880072116851807,0.1716809868812561,1.0880540609359741,0.19576787948608398,0.6207607984542847,0.1716809868812561,0.712934136390686
Custom Bangladeshi E-Waste Image Dataset for Objec/train/images/IMG_20250819_235928_jpg.rf.b3dbf770a072f44ac84db5bdc8dc64cf.jpg,PCB,known,pcb,pcb,1,0.7880258560180664,1.0912270545959473,0.1838342547416687,1.0922534465789795,pcb,1,0.8830097913742065,1.1031965017318726,0.17075598239898682,1.0804696083068848,0.1838342547416687,0.6041916012763977,0.17075598239898682,0.7122538089752197
Custom Bangladeshi E-Waste Image Dataset for Objec/train/images/IMG_20250819_235928_jpg.rf.f8dcbd7206160ff642fdc452991acfba.jpg,PCB,known,pcb,pcb,1,0.8142617344856262,1.0756385326385498,0.1773166060447693,1.087401270866394,pcb,1,0.8813127875328064,1.1245450973510742,0.1519039273262024,1.0802760124206543,0.1773166060447693,0.6369451284408569,0.1519039273262024,0.729408860206604
Custom Bangladeshi E-Waste Image Dataset for Objec/train/images/IMG_20250819_235931_1_jpg.rf.1c5ef6e9426591451e46158830a6e8ff.jpg,PCB,known,pcb,pcb,1,0.8320735692977905,1.0808769464492798,0.1451670527458191,1.1044158935546875,pcb,1,0.9100892543792725,1.1209235191345215,0.15884065628051758,1.096520185470581,0.1451670527458191,0.6869065165519714,0.15884065628051758,0.7512485980987549
Custom Bangladeshi E-Waste Image Dataset for Objec/train/images/IMG_20250819_235931_1_jpg.rf.48aad5803e90f0cad1e763779e117869.jpg,PCB,known,pcb,pcb,1,0.8103269338607788,1.1012872457504272,0.13342636823654175,1.0843807458877563,pcb,1,0.8816176056861877,1.1008973121643066,0.14385586977005005,1.0714988708496094,0.13342636823654175,0.6769005656242371,0.14385586977005005,0.7377617359161377
Custom Bangladeshi E-Waste Image Dataset for Objec/train/images/IMG_20250819_235931_1_jpg.rf.b9de271e4f49e0e8ee11c9abbdbd0963.jpg,PCB,known,pcb,pcb,1,0.8361669778823853,1.1191800832748413,0.14915025234222412,1.1007310152053833,pcb,1,0.8766703605651855,1.145841360092163,0.16325163841247559,1.0821936130523682,0.14915025234222412,0.6870167255401611,0.16325163841247559,0.71341872215271
Custom Bangladeshi E-Waste Image Dataset for Objec/train/images/IMG_20250819_235931_2_jpg.rf.13a2291cd8f07b383435a932bbcc4e6a.jpg,PCB,known,pcb,pcb,1,0.8197315335273743,1.1080677509307861,0.1344704031944275,1.090714454650879,pcb,1,0.892425000667572,1.1297036409378052,0.16407179832458496,1.0870137214660645,0.1344704031944275,0.6852611303329468,0.16407179832458496,0.7283532023429871
Custom Bangladeshi E-Waste Image Dataset for Objec/train/images/IMG_20250819_235931_2_jpg.rf.1da186201cc0134a95c319f5bd461506.jpg,PCB,known,pcb,pcb,1,0.8158403038978577,1.0954231023788452,0.13137942552566528,1.0898785591125488,pcb,1,0.8806108832359314,1.0912513732910156,0.1415075659751892,1.0801889896392822,0.13137942552566528,0.6844608783721924,0.1415075659751892,0.7391033172607422
Custom Bangladeshi E-Waste Image Dataset for Objec/train/images/IMG_20250819_235931_2_jpg.rf.1e335b9ccf7afd458984a2f39e40d4d4.jpg,PCB,known,pcb,pcb,1,0.8381326198577881,1.1030641794204712,0.15410912036895752,1.0855005979537964,pcb,1,0.8890546560287476,1.114335536956787,0.15690737962722778,1.1186021566390991,0.15410912036895752,0.6840234994888306,0.15690737962722778,0.7321472764015198
Custom Bangladeshi E-Waste Image Dataset for Objec/train/images/IMG_20250819_235931_jpg.rf.3cb170679607c57b460bd88ead86fbcf.jpg,PCB,known,pcb,pcb,1,0.8066763877868652,1.1152536869049072,0.14980804920196533,1.0989089012145996,pcb,1,0.8820477724075317,1.1174514293670654,0.16794836521148682,1.0787864923477173,0.14980804920196533,0.6568683385848999,0.16794836521148682,0.7140994071960449
Custom Bangladeshi E-Waste Image Dataset for Objec/train/images/IMG_20250819_235931_jpg.rf.77d23c98f55860087e7fd7f473a589c3.jpg,PCB,known,pcb,pcb,1,0.8189974427223206,1.0965811014175415,0.1306554675102234,1.0880720615386963,pcb,1,0.8910197615623474,1.1116750240325928,0.14671140909194946,1.0837769508361816,0.1306554675102234,0.6883419752120972,0.14671140909194946,0.744308352470398
Custom Bangladeshi E-Waste Image Dataset for Objec/train/images/IMG_20250819_235931_jpg.rf.d5ced1897ee4346a1e8c2150e1b361c7.jpg,PCB,known,pcb,pcb,1,0.8014445304870605,1.10468590259552,0.13969671726226807,1.0911095142364502,pcb,1,0.8898587822914124,1.136813759803772,0.1543174386024475,1.102104902267456,0.13969671726226807,0.6617478132247925,0.1543174386024475,0.7355413436889648
Custom Bangladeshi E-Waste Image Dataset for Objec/train/images/IMG_20250819_235932_jpg.rf.3f13693d20c0bace735a8339d587b81d.jpg,PCB,known,pcb,pcb,1,0.8265058994293213,1.0825353860855103,0.14305508136749268,1.0797045230865479,pcb,1,0.8814157843589783,1.1115243434906006,0.15616315603256226,1.0517984628677368,0.14305508136749268,0.6834508180618286,0.15616315603256226,0.725252628326416
Custom Bangladeshi E-Waste Image Dataset for Objec/train/images/IMG_20250819_235932_jpg.rf.5cea6e7ea1f13d753518611d4d2efce0.jpg,PCB,known,pcb,pcb,1,0.816692590713501,1.0907046794891357,0.13599705696105957,1.0885242223739624,pcb,1,0.8837869763374329,1.105906367301941,0.15895074605941772,1.0663124322891235,0.13599705696105957,0.6806955337524414,0.15895074605941772,0.7248362302780151
Custom Bangladeshi E-Waste Image Dataset for Objec/train/images/IMG_20250819_235932_jpg.rf.7eb413a2a0ebac74c1082b29663c9f10.jpg,PCB,known,pcb,pcb,1,0.8216378688812256,1.0919411182403564,0.1548306941986084,1.0917303562164307,pcb,1,0.8954095244407654,1.1252501010894775,0.16382473707199097,1.0949124097824097,0.1548306941986084,0.6668071746826172,0.16382473707199097,0.7315847873687744
Custom Bangladeshi E-Waste Image Dataset for Objec/train/images/IMG_20250819_235933_jpg.rf.6843a58d482baffde8f245b0070b7d10.jpg,PCB,known,pcb,pcb,1,0.8048846125602722,1.1054534912109375,0.1314324140548706,1.086348056793213,pcb,1,0.8749681711196899,1.1075440645217896,0.15469402074813843,1.0829170942306519,0.1314324140548706,0.6734521985054016,0.15469402074813843,0.7202741503715515
Custom Bangladeshi E-Waste Image Dataset for Objec/train/images/IMG_20250819_235933_jpg.rf.e5df846d7a280a73e7dff66e92c9c839.jpg,PCB,known,pcb,pcb,1,0.8197016716003418,1.1148558855056763,0.16805577278137207,1.0978833436965942,pcb,1,0.8999876976013184,1.134312629699707,0.16434377431869507,1.1057333946228027,0.16805577278137207,0.6516458988189697,0.16434377431869507,0.7356439232826233
Custom Bangladeshi E-Waste Image Dataset for Objec/train/images/IMG_20250819_235933_jpg.rf.ea620f92da408fc1883707f83850fd16.jpg,PCB,known,pcb,pcb,1,0.8310527801513672,1.1198996305465698,0.15065592527389526,1.0833073854446411,pcb,1,0.8841993808746338,1.1360564231872559,0.1529209017753601,1.0894367694854736,0.15065592527389526,0.6803968548774719,0.1529209017753601,0.7312784790992737
Custom Bangladeshi E-Waste Image Dataset for Objec/train/images/IMG_20250819_235935_jpg.rf.302fc296b598bd7c3675df7aa6046f12.jpg,PCB,known,pcb,pcb,1,0.8367215394973755,1.0834996700286865,0.1546541452407837,1.0981403589248657,pcb,1,0.8812030553817749,1.118518590927124,0.1657359004020691,1.0623085498809814,0.1546541452407837,0.6820673942565918,0.1657359004020691,0.7154671549797058
Custom Bangladeshi E-Waste Image Dataset for Objec/train/images/IMG_20250819_235935_jpg.rf.947c7d6abb2bfdea2afc1c8723d0650c.jpg,PCB,known,pcb,pcb,1,0.8076171875,1.0677080154418945,0.15412014722824097,1.0852278470993042,pcb,1,0.8922522068023682,1.076883316040039,0.15148723125457764,1.0672674179077148,0.15412014722824097,0.653497040271759,0.15148723125457764,0.7407649755477905
Custom Bangladeshi E-Waste Image Dataset for Objec/train/images/IMG_20250819_235935_jpg.rf.f880e81c4de3ff8371c019cf04ebbbc2.jpg,PCB,known,pcb,pcb,1,0.8397835493087769,1.055466890335083,0.17158687114715576,1.1034516096115112,pcb,1,0.878263533115387,1.1102409362792969,0.1617676019668579,1.0758005380630493,0.17158687114715576,0.6681966781616211,0.1617676019668579,0.716495931148529
Custom Bangladeshi E-Waste Image Dataset for Objec/train/images/IMG_20250819_235939_1_jpg.rf.6b3ceff1f99e5d0f9c0da48d741dc194.jpg,PCB,known,pcb,pcb,1,0.856195867061615,1.1760624647140503,0.12061220407485962,1.0937496423721313,pcb,1,0.8799661993980408,1.1484076976776123,0.12726062536239624,1.0864531993865967,0.12061220407485962,0.7355836629867554,0.12726062536239624,0.7527055740356445
Custom Bangladeshi E-Waste Image Dataset for Objec/train/images/IMG_20250819_235939_1_jpg.rf.931ed695627484bca0104b1f555a917c.jpg,PCB,known,pcb,pcb,1,0.842496931552887,1.13899827003479,0.128290593624115,1.0790252685546875,pcb,1,0.8804231882095337,1.1321189403533936,0.13512879610061646,1.0673189163208008,0.128290593624115,0.714206337928772,0.13512879610061646,0.7452943921089172
Custom Bangladeshi E-Waste Image Dataset for Objec/train/images/IMG_20250819_235939_1_jpg.rf.b710cd6cd3eb0effdb1af8f40c76cd0d.jpg,PCB,known,pcb,pcb,1,0.8239848017692566,1.1353129148483276,0.13553166389465332,1.0770310163497925,pcb,1,0.8794967532157898,1.1229758262634277,0.12462717294692993,1.0932807922363281,0.13553166389465332,0.6884531378746033,0.12462717294692993,0.7548695802688599
Custom Bangladeshi E-Waste Image Dataset for Objec/train/images/IMG_20250819_235940_jpg.rf.3b87b043167b40d19d7a004562e01afd.jpg,PCB,known,pcb,pcb,1,0.8226299285888672,1.1385738849639893,0.13701587915420532,1.0802853107452393,pcb,1,0.8694407939910889,1.1424496173858643,0.1530664563179016,1.0936613082885742,0.13701587915420532,0.6856140494346619,0.1530664563179016,0.7163743376731873
Custom Bangladeshi E-Waste Image Dataset for Objec/train/images/IMG_20250819_235940_jpg.rf.54817df1e3cd5ced4cf7c53fe2af04ee.jpg,PCB,known,pcb,pcb,1,0.8040862083435059,1.1496244668960571,0.12659138441085815,1.075008749961853,pcb,1,0.8680989146232605,1.152694582939148,0.16138017177581787,1.0783350467681885,0.12659138441085815,0.6774948239326477,0.16138017177581787,0.7067187428474426
Custom Bangladeshi E-Waste Image Dataset for Objec/train/images/IMG_20250819_235940_jpg.rf.a146ae24a8868a71bc834274714dec21.jpg,PCB,known,pcb,pcb,1,0.8245116472244263,1.1354765892028809,0.138994038105011,1.0886412858963013,pcb,1,0.8841091990470886,1.1187736988067627,0.12689071893692017,1.103622317314148,0.138994038105011,0.6855176091194153,0.12689071893692017,0.7572184801101685
Custom Bangladeshi E-Waste Image Dataset for Objec/train/images/IMG_20250819_235941_jpg.rf.00fbb35093f27895819dcdc665799546.jpg,PCB,known,pcb,pcb,1,0.8231520652770996,1.1305564641952515,0.13801103830337524,1.063906192779541,pcb,1,0.8740462064743042,1.154859185218811,0.16154766082763672,1.075859785079956,0.13801103830337524,0.6851410269737244,0.16154766082763672,0.7124985456466675
Custom Bangladeshi E-Waste Image Dataset for Objec/train/images/IMG_20250819_235941_jpg.rf.750bdd0e08434174a181f8664f603ec3.jpg,PCB,known,pcb,pcb,1,0.8181647658348083,1.1377023458480835,0.13541269302368164,1.0887342691421509,pcb,1,0.8720843195915222,1.1240003108978271,0.13042038679122925,1.09563410282135,0.13541269302368164,0.6827520728111267,0.13042038679122925,0.741663932800293
Custom Bangladeshi E-Waste Image Dataset for Objec/train/images/IMG_20250819_235941_jpg.rf.b308d64ae965a701bbdd93a07173b8fb.jpg,PCB,known,pcb,pcb,1,0.8150724768638611,1.146782636642456,0.1279996633529663,1.0653164386749268,pcb,1,0.8738178610801697,1.1402478218078613,0.16258656978607178,1.0794529914855957,0.1279996633529663,0.6870728135108948,0.16258656978607178,0.7112312912940979
Custom Bangladeshi E-Waste Image Dataset for Objec/train/images/IMG_20250819_235945_1_jpg.rf.0540c766a891daaa8892e63bbe6e9a33.jpg,PCB,known,pcb,pcb,1,0.8217369318008423,1.0827010869979858,0.16510474681854248,1.1138739585876465,pcb,1,0.881391167640686,1.1051898002624512,0.1681116223335266,1.115498423576355,0.16510474681854248,0.6566321849822998,0.1681116223335266,0.7132795453071594
Custom Bangladeshi E-Waste Image Dataset for Objec/train/images/IMG_20250819_235945_1_jpg.rf.1c9d068686309f2a2e0fb9b20fd7105b.jpg,PCB,known,pcb,pcb,1,0.8373495936393738,1.0712164640426636,0.1559150218963623,1.1338040828704834,pcb,1,0.8949786424636841,1.0996382236480713,0.15487152338027954,1.1137257814407349,0.1559150218963623,0.6814345717430115,0.15487152338027954,0.7401071190834045
Custom Bangladeshi E-Waste Image Dataset for Objec/train/images/IMG_20250819_235945_1_jpg.rf.248beef281bf4f880d9226c3f526e422.jpg,PCB,known,pcb,pcb,1,0.8215181827545166,1.0620719194412231,0.16831165552139282,1.1008538007736206,pcb,1,0.8563067317008972,1.0991971492767334,0.1677241325378418,1.1015007495880127,0.16831165552139282,0.6532065272331238,0.1677241325378418,0.6885825991630554
Custom Bangladeshi E-Waste Image Dataset for Objec/train/images/IMG_20250819_235945_jpg.rf.4b18a9226a923f8ab01e2acb3b4d2e8e.jpg,PCB,known,pcb,pcb,1,0.8162583112716675,1.063660979270935,0.1706385612487793,1.1078928709030151,pcb,1,0.8561866283416748,1.1168757677078247,0.1771649718284607,1.1107324361801147,0.1706385612487793,0.6456197500228882,0.1771649718284607,0.6790216565132141
Custom Bangladeshi E-Waste Image Dataset for Objec/train/images/IMG_20250819_235945_jpg.rf.89889dbac90f64bbc06f8e46f062f8f8.jpg,PCB,known,pcb,pcb,1,0.813534140586853,1.0839239358901978,0.1579744815826416,1.0922397375106812,pcb,1,0.8699122667312622,1.072684407234192,0.16649115085601807,1.1037030220031738,0.1579744815826416,0.6555596590042114,0.16649115085601807,0.7034211158752441
Custom Bangladeshi E-Waste Image Dataset for Objec/train/images/IMG_20250819_235945_jpg.rf.e5d00926f86ea5152329881800d64f7c.jpg,PCB,known,pcb,pcb,1,0.8415601849555969,1.0676937103271484,0.13765674829483032,1.1156970262527466,pcb,1,0.891120433807373,1.115035891532898,0.16160833835601807,1.1079440116882324,0.13765674829483032,0.7039034366607666,0.16160833835601807,0.729512095451355
Custom Bangladeshi E-Waste Image Dataset for Objec/train/images/IMG_20250819_235951_1_jpg.rf.1e45ae423970c119d47ae780d5daf4f7.jpg,PCB,known,pcb,pcb,1,0.8242104053497314,1.0212839841842651,0.21818721294403076,1.0573419332504272,pcb,1,0.9176391363143921,1.0690935850143433,0.1673833727836609,1.0804991722106934,0.21818721294403076,0.6060231924057007,0.1673833727836609,0.7502557635307312
Custom Bangladeshi E-Waste Image Dataset for Objec/train/images/IMG_20250819_235951_1_jpg.rf.506960f993e62d4d9e69e10eb46ee6f5.jpg,PCB,known,pcb,pcb,1,0.8567773103713989,0.9776795506477356,0.19912809133529663,1.0717494487762451,pcb,1,0.935255765914917,1.0389797687530518,0.18097054958343506,1.088289499282837,0.19912809133529663,0.6576492190361023,0.18097054958343506,0.7542852163314819
Custom Bangladeshi E-Waste Image Dataset for Objec/train/images/IMG_20250819_235951_1_jpg.rf.7ec4c0884282019772b2aa077bdc3dda.jpg,PCB,known,pcb,pcb,1,0.828417956829071,0.976996123790741,0.19285356998443604,1.0562783479690552,pcb,1,0.909172773361206,1.0289710760116577,0.1764211654663086,1.0900447368621826,0.19285356998443604,0.635564386844635,0.1764211654663086,0.7327516078948975
Custom Bangladeshi E-Waste Image Dataset for Objec/train/images/IMG_20250819_235951_jpg.rf.4de6acc3d1063ed79d9edf34a855ce99.jpg,PCB,known,pcb,pcb,1,0.815045177936554,0.9678679704666138,0.20100969076156616,1.0436707735061646,pcb,1,0.9219832420349121,1.0058516263961792,0.19255685806274414,1.0801182985305786,0.20100969076156616,0.6140354871749878,0.19255685806274414,0.729426383972168
Custom Bangladeshi E-Waste Image Dataset for Objec/train/images/IMG_20250819_235951_jpg.rf.642d1d6a5778449ced86c743deeca8e0.jpg,PCB,known,pcb,pcb,1,0.8336284160614014,0.9583160877227783,0.2017415165901184,1.0704569816589355,pcb,1,0.9169641137123108,1.0364614725112915,0.16418874263763428,1.0921777486801147,0.2017415165901184,0.631886899471283,0.16418874263763428,0.7527753710746765
Custom Bangladeshi E-Waste Image Dataset for Objec/train/images/IMG_20250819_235951_jpg.rf.819c8a8c9521476d3a654acbe6663e87.jpg,PCB,known,pcb,pcb,1,0.8651904463768005,0.9855042099952698,0.20640987157821655,1.055898904800415,pcb,1,0.9187097549438477,1.04762601852417,0.1861433982849121,1.054835319519043,0.20640987157821655,0.658780574798584,0.1861433982849121,0.7325663566589355
Custom Bangladeshi E-Waste Image Dataset for Objec/train/images/IMG_20250819_235952_jpg.rf.e3da93e10bebcefb29b3999f41eb70d5.jpg,PCB,known,pcb,pcb,1,0.8062343001365662,0.9665794968605042,0.20966321229934692,1.0466243028640747,pcb,1,0.9155020117759705,1.0153164863586426,0.19243568181991577,1.0749831199645996,0.20966321229934692,0.5965710878372192,0.19243568181991577,0.7230663299560547
Custom Bangladeshi E-Waste Image Dataset for Objec/train/images/IMG_20250819_235952_jpg.rf.f156bc4e90be2bff0d8fe517c83eff24.jpg,PCB,known,pcb,pcb,1,0.8449866771697998,0.9726038575172424,0.2085546851158142,1.0646299123764038,pcb,1,0.9378339052200317,1.055287480354309,0.18841755390167236,1.053559422492981,0.2085546851158142,0.6364319920539856,0.18841755390167236,0.7494163513183594
Custom Bangladeshi E-Waste Image Dataset for Objec/train/images/IMG_20250819_235952_jpg.rf.f8a465c32a96181a730c7bd89678b4b0.jpg,PCB,known,pcb,pcb,1,0.8323450684547424,0.990967333316803,0.2244197130203247,1.0756760835647583,pcb,1,0.9286273121833801,1.0282065868377686,0.1836732029914856,1.0811735391616821,0.2244197130203247,0.6079253554344177,0.1836732029914856,0.7449541091918945
Custom Bangladeshi E-Waste Image Dataset for Objec/train/images/IMG_20250819_235957_1_jpg.rf.2f4957b01fefb6be31e70b169bc81d6e.jpg,PCB,known,pcb,pcb,1,0.8551183938980103,0.9694554805755615,0.24498695135116577,1.0408575534820557,pcb,1,0.9389382004737854,1.0347743034362793,0.20417368412017822,1.0633379220962524,0.24498695135116577,0.6101314425468445,0.20417368412017822,0.7347645163536072
Custom Bangladeshi E-Waste Image Dataset for Objec/train/images/IMG_20250819_235957_1_jpg.rf.8395b3c2109ab1b121449f163cf7c81d.jpg,PCB,known,pcb,pcb,1,0.7881453037261963,0.9576989412307739,0.21602338552474976,1.0262839794158936,pcb,1,0.9136186838150024,1.0300841331481934,0.1853840947151184,1.0488470792770386,0.21602338552474976,0.5721219182014465,0.1853840947151184,0.728234589099884
Custom Bangladeshi E-Waste Image Dataset for Objec/train/images/IMG_20250819_235957_1_jpg.rf.d2c71ed5ccdafcea226d07a1c0390fdc.jpg,PCB,known,pcb,pcb,1,0.8318502306938171,0.9803496599197388,0.2358264923095703,1.007595419883728,pcb,1,0.937079906463623,1.043465495109558,0.18579834699630737,1.0384427309036255,0.2358264923095703,0.5960237383842468,0.18579834699630737,0.7512815594673157
Custom Bangladeshi E-Waste Image Dataset for Objec/train/images/IMG_20250819_235957_jpg.rf.345331a30acb0ffa13d29caa63e79ac6.jpg,PCB,known,pcb,pcb,1,0.7972416877746582,0.9704702496528625,0.2087017297744751,1.0240497589111328,pcb,1,0.9261024594306946,1.032712459564209,0.1904112696647644,1.0472486019134521,0.2087017297744751,0.5885399580001831,0.1904112696647644,0.7356911897659302
Custom Bangladeshi E-Waste Image Dataset for Objec/train/images/IMG_20250819_235957_jpg.rf.633a6accb649850c5f9f815dd2daf693.jpg,PCB,known,pcb,pcb,1,0.8331171870231628,0.9646703600883484,0.23237872123718262,1.0130174160003662,pcb,1,0.9070620536804199,1.005643606185913,0.20048463344573975,1.0521700382232666,0.23237872123718262,0.6007384657859802,0.20048463344573975,0.7065774202346802
Custom Bangladeshi E-Waste Image Dataset for Objec/train/images/IMG_20250819_235957_jpg.rf.fe2e10aa65fb879923c8a5661ee81f51.jpg,PCB,known,pcb,pcb,1,0.8341948986053467,0.9532932043075562,0.25880134105682373,1.014008641242981,pcb,1,0.9197087287902832,1.0233967304229736,0.193112313747406,1.0695195198059082,0.25880134105682373,0.575393557548523,0.193112313747406,0.7265964150428772
Custom Bangladeshi E-Waste Image Dataset for Objec/train/images/IMG_20250820_000046_jpg.rf.5a78b1a77621f1e7dac1468cc20e4a1d.jpg,PCB,known,pcb,pcb,1,0.811923623085022,0.9804036021232605,0.2539057731628418,0.9775577783584595,pcb,1,0.8395494222640991,1.0379343032836914,0.22092193365097046,1.0339590311050415,0.2539057731628418,0.5580178499221802,0.22092193365097046,0.6186274886131287
Custom Bangladeshi E-Waste Image Dataset for Objec/train/images/IMG_20250820_000046_jpg.rf.d24becf76d739c4f3e297b3e2e31aeab.jpg,PCB,known,pcb,pcb,1,0.7914676666259766,0.995317816734314,0.25209134817123413,0.9386412501335144,pcb,1,0.8121225833892822,1.0086957216262817,0.24024194478988647,1.0245906114578247,0.25209134817123413,0.5393763184547424,0.24024194478988647,0.5718806385993958
Custom Bangladeshi E-Waste Image Dataset for Objec/train/images/IMG_20250820_000046_jpg.rf.f2ae0e6c88435d107cfe009e23548707.jpg,PCB,known,pcb,pcb,1,0.7856955528259277,0.9886662364006042,0.2763795852661133,1.0005285739898682,pcb,1,0.8444923162460327,1.04359769821167,0.2358805537223816,1.047997236251831,0.2763795852661133,0.5093159675598145,0.2358805537223816,0.6086117625236511
Custom Bangladeshi E-Waste Image Dataset for Objec/train/images/IMG_20250820_000048_1_jpg.rf.86ca16facaf2ab9f3a1c33299292646c.jpg,PCB,known,pcb,pcb,1,0.7886222004890442,1.0037528276443481,0.2521643042564392,0.9374061822891235,pcb,1,0.8313335180282593,1.0312635898590088,0.2180771827697754,1.0307217836380005,0.2521643042564392,0.536457896232605,0.2180771827697754,0.6132563352584839
Custom Bangladeshi E-Waste Image Dataset for Objec/train/images/IMG_20250820_000048_1_jpg.rf.aa13921058012471c45bdeda08c55dd6.jpg,PCB,known,pcb,pcb,1,0.7868218421936035,1.0165568590164185,0.26997703313827515,1.0098925828933716,pcb,1,0.8334878087043762,1.0546389818191528,0.22509896755218506,1.0417379140853882,0.26997703313827515,0.5168448090553284,0.22509896755218506,0.6083888411521912
Custom Bangladeshi E-Waste Image Dataset for Objec/train/images/IMG_20250820_000048_1_jpg.rf.b37aba09cd0709aaf55cc7ea3c02a6b3.jpg,PCB,known,pcb,pcb,1,0.7581824660301208,1.0189599990844727,0.2680927515029907,0.9813026785850525,pcb,1,0.8321521878242493,1.056746482849121,0.21776741743087769,1.0434021949768066,0.2680927515029907,0.4900897145271301,0.21776741743087769,0.6143847703933716
Custom Bangladeshi E-Waste Image Dataset for Objec/train/images/IMG_20250820_000048_jpg.rf.6a99fa63000cac5c466630531a0a9129.jpg,PCB,known,pcb,pcb,1,0.7860480546951294,1.0118145942687988,0.23841100931167603,0.9501052498817444,pcb,1,0.8331544399261475,1.0429019927978516,0.21456009149551392,1.0278242826461792,0.23841100931167603,0.5476370453834534,0.21456009149551392,0.6185943484306335
Custom Bangladeshi E-Waste Image Dataset for Objec/train/images/IMG_20250820_000048_jpg.rf.7f6cb14db6467f137cd5dd0c9b6d5d66.jpg,PCB,known,pcb,pcb,1,0.8429232835769653,0.9957690834999084,0.2517240643501282,0.9825645685195923,pcb,1,0.8353375196456909,1.0451511144638062,0.20690882205963135,1.0432730913162231,0.2517240643501282,0.5911992192268372,0.20690882205963135,0.6284286975860596
Custom Bangladeshi E-Waste Image Dataset for Objec/train/images/IMG_20250820_000048_jpg.rf.cd693d74c403a7625022385e3d5a6538.jpg,PCB,known,pcb,pcb,1,0.8431795835494995,1.0032806396484375,0.26405370235443115,0.9946517944335938,pcb,1,0.8446029424667358,1.0307021141052246,0.2348608374595642,1.043896198272705,0.26405370235443115,0.5791258811950684,0.2348608374595642,0.6097421050071716
Custom Bangladeshi E-Waste Image Dataset for Objec/train/images/IMG_20250820_000049_jpg.rf.26540d406f184ae32723acd4561ef80d.jpg,PCB,known,pcb,pcb,1,0.7387145757675171,0.9606100916862488,0.27897030115127563,0.9855972528457642,pcb,1,0.8322628736495972,1.047016978263855,0.24041539430618286,1.020742416381836,0.27897030115127563,0.45974427461624146,0.24041539430618286,0.5918474793434143
Custom Bangladeshi E-Waste Image Dataset for Objec/train/images/IMG_20250820_000049_jpg.rf.80b6d289f5e0b8c6e35ca7223f0cb605.jpg,PCB,known,pcb,pcb,1,0.769180178642273,1.0113203525543213,0.24463868141174316,0.9347940683364868,pcb,1,0.8179624676704407,1.0095020532608032,0.22383087873458862,1.026663064956665,0.24463868141174316,0.5245414972305298,0.22383087873458862,0.594131588935852
Custom Bangladeshi E-Waste Image Dataset for Objec/train/images/IMG_20250820_000049_jpg.rf.cd093257660b9cf0d8d43b7de34d0540.jpg,PCB,known,pcb,pcb,1,0.8215827345848083,1.0090134143829346,0.2479609251022339,0.9426642656326294,pcb,1,0.8772895336151123,1.050752878189087,0.21101611852645874,1.0265872478485107,0.2479609251022339,0.5736218094825745,0.21101611852645874,0.6662734150886536
Custom Bangladeshi E-Waste Image Dataset for Objec/train/images/IMG_20250820_000054_1_jpg.rf.80d1ae2beb041addbdbdbc47644b8d1d.jpg,PCB,known,pcb,pcb,1,0.8447416424751282,1.116019606590271,0.1887277364730835,1.0537645816802979,pcb,1,0.8630825877189636,1.1402809619903564,0.18499523401260376,1.131799578666687,0.1887277364730835,0.6560139060020447,0.18499523401260376,0.6780873537063599
Custom Bangladeshi E-Waste Image Dataset for Objec/train/images/IMG_20250820_000054_1_jpg.rf.9e9b4eeb4faf247b3ec77298b1b4ffe4.jpg,PCB,known,pcb,pcb,1,0.8165097236633301,1.0881730318069458,0.21619153022766113,1.08419930934906,pcb,1,0.8250130414962769,1.1310391426086426,0.21284711360931396,1.1271493434906006,0.21619153022766113,0.600318193435669,0.21284711360931396,0.6121659278869629
Custom Bangladeshi E-Waste Image Dataset for Objec/train/images/IMG_20250820_000054_1_jpg.rf.b962b0e7852494c5a31aa83ebae357d6.jpg,PCB,known,pcb,pcb,1,0.8161322474479675,1.1023685932159424,0.2190588116645813,1.0955201387405396,pcb,1,0.8341805934906006,1.1386854648590088,0.21422350406646729,1.1396877765655518,0.2190588116645813,0.5970734357833862,0.21422350406646729,0.6199570894241333
Custom Bangladeshi E-Waste Image Dataset for Objec/train/images/IMG_20250820_000059_jpg.rf.6adc5dc6f10c99459626fb574c520246.jpg,PCB,known,pcb,pcb,1,0.820041298866272,1.0901166200637817,0.21884185075759888,1.0884180068969727,pcb,1,0.8452581763267517,1.1331313848495483,0.23490947484970093,1.1341025829315186,0.21884185075759888,0.6011994481086731,0.23490947484970093,0.6103487014770508
Custom Bangladeshi E-Waste Image Dataset for Objec/train/images/IMG_20250820_000059_jpg.rf.93fd6de806faa21919d0afb5896d77bd.jpg,PCB,known,pcb,pcb,1,0.8076187968254089,1.076345443725586,0.21712547540664673,1.0479512214660645,pcb,1,0.8429332971572876,1.1367913484573364,0.2200385332107544,1.1190245151519775,0.21712547540664673,0.5904933214187622,0.2200385332107544,0.6228947639465332
Custom Bangladeshi E-Waste Image Dataset for Objec/train/images/IMG_20250820_000059_jpg.rf.9a84d4801ec388c2f04bebc3f932a724.jpg,PCB,known,pcb,pcb,1,0.8171820044517517,1.0790274143218994,0.21751314401626587,1.0558853149414062,pcb,1,0.8375510573387146,1.1357522010803223,0.21922636032104492,1.1291495561599731,0.21751314401626587,0.5996688604354858,0.21922636032104492,0.6183246970176697
Custom Bangladeshi E-Waste Image Dataset for Objec/train/images/IMG_20250820_000102_jpg.rf.0109ff5146c49cc5304123753ac02049.jpg,PCB,known,pcb,pcb,1,0.8081672191619873,1.077510952949524,0.20296317338943481,1.0581029653549194,pcb,1,0.8407353162765503,1.1390103101730347,0.18704211711883545,1.1046879291534424,0.20296317338943481,0.6052040457725525,0.18704211711883545,0.6536931991577148
Custom Bangladeshi E-Waste Image Dataset for Objec/train/images/IMG_20250820_000102_jpg.rf.047465f2a37585d7120c630340744e4b.jpg,PCB,known,pcb,pcb,1,0.8235330581665039,1.0861055850982666,0.2158861756324768,1.04868483543396,pcb,1,0.835658073425293,1.1356005668640137,0.20917248725891113,1.1124911308288574,0.2158861756324768,0.6076468825340271,0.20917248725891113,0.6264855861663818
Custom Bangladeshi E-Waste Image Dataset for Objec/train/images/IMG_20250820_000102_jpg.rf.0745bc5223417da97575c6571b7dea9c.jpg,PCB,known,pcb,pcb,1,0.8078603148460388,1.0849597454071045,0.22052842378616333,1.0585367679595947,pcb,1,0.8245871663093567,1.1426537036895752,0.21118158102035522,1.1102901697158813,0.22052842378616333,0.5873318910598755,0.21118158102035522,0.6134055852890015
Custom Bangladeshi E-Waste Image Dataset for Objec/train/images/IMG_20250820_000124_1_jpg.rf.1e490acb1f4ec7a74e5b206a58dc97de.jpg,PCB,known,pcb,pcb,1,0.7866299748420715,1.020390272140503,0.20829641819000244,1.0476096868515015,pcb,1,0.767554759979248,1.0633035898208618,0.2007896900177002,1.106597900390625,0.20829641819000244,0.5783335566520691,0.2007896900177002,0.5667650699615479
Custom Bangladeshi E-Waste Image Dataset for Objec/train/images/IMG_20250820_000124_1_jpg.rf.589bacae602642c1f219722e859112bb.jpg,PCB,known,pcb,pcb,1,0.8408277034759521,1.0357826948165894,0.21154159307479858,1.060656189918518,pcb,1,0.8557254076004028,1.0740841627120972,0.20901721715927124,1.0600945949554443,0.21154159307479858,0.6292861104011536,0.20901721715927124,0.6467081904411316
Custom Bangladeshi E-Waste Image Dataset for Objec/train/images/IMG_20250820_000124_1_jpg.rf.6c7d06e69245ff12a1f8943bec247158.jpg,PCB,known,pcb,pcb,1,0.8267745971679688,1.06343412399292,0.20726794004440308,1.0413644313812256,pcb,1,0.8546765446662903,1.0960440635681152,0.20883184671401978,1.1063034534454346,0.20726794004440308,0.6195066571235657,0.20883184671401978,0.6458446979522705
Custom Bangladeshi E-Waste Image Dataset for Objec/train/images/IMG_20250820_000127_jpg.rf.1cd11b1b49dea06042f3597002d6027f.jpg,PCB,known,pcb,pcb,1,0.7575882077217102,1.0183104276657104,0.22375041246414185,1.0240442752838135,pcb,1,0.7412077784538269,1.0773241519927979,0.2108096480369568,1.0586249828338623,0.22375041246414185,0.5338377952575684,0.2108096480369568,0.5303981304168701
Custom Bangladeshi E-Waste Image Dataset for Objec/train/images/IMG_20250820_000127_jpg.rf.31d53463012a14d67f26f317d0c7d044.jpg,PCB,known,pcb,pcb,1,0.7842706441879272,1.0201671123504639,0.23887908458709717,1.0531197786331177,pcb,1,0.7777844667434692,1.072040319442749,0.2388451099395752,1.0733754634857178,0.23887908458709717,0.5453915596008301,0.2388451099395752,0.538939356803894
Custom Bangladeshi E-Waste Image Dataset for Objec/train/images/IMG_20250820_000127_jpg.rf.73821a43e2c8e80ca521764e9643f033.jpg,PCB,known,pcb,pcb,1,0.783169686794281,1.0423352718353271,0.230726957321167,1.0489693880081177,pcb,1,0.8241228461265564,1.0872647762298584,0.2173900008201599,1.0805457830429077,0.230726957321167,0.552442729473114,0.2173900008201599,0.6067328453063965
Custom Bangladeshi E-Waste Image Dataset for Objec/train/images/IMG_20250820_000135_1_jpg.rf.41cfa405ba92c8ae4133bb3c53223e8a.jpg,PCB,known,pcb,pcb,1,0.8410232067108154,1.0383878946304321,0.17519718408584595,1.0265300273895264,pcb,1,0.858883261680603,1.0765460729599,0.18125838041305542,1.080392599105835,0.17519718408584595,0.6658260226249695,0.18125838041305542,0.6776248812675476
Custom Bangladeshi E-Waste Image Dataset for Objec/train/images/IMG_20250820_000135_1_jpg.rf.625d55dbe1b4800c41a3b569498a17a0.jpg,PCB,known,pcb,pcb,1,0.8365817070007324,1.0621142387390137,0.14965301752090454,1.0325629711151123,pcb,1,0.8359476923942566,1.070673942565918,0.15123170614242554,1.0789340734481812,0.14965301752090454,0.6869286894798279,0.15123170614242554,0.684715986251831
Custom Bangladeshi E-Waste Image Dataset for Objec/train/images/IMG_20250820_000135_1_jpg.rf.a4a9ecde57c74a7f1c0f2a58ee8066a9.jpg,PCB,known,pcb,pcb,1,0.850314199924469,1.044928789138794,0.18247562646865845,1.0377254486083984,pcb,1,0.8479110598564148,1.0819118022918701,0.1533922553062439,1.0844286680221558,0.18247562646865845,0.6678385734558105,0.1533922553062439,0.6945188045501709
Custom Bangladeshi E-Waste Image Dataset for Objec/train/images/IMG_20250820_000154_jpg.rf.1c700361f1c7746d1c142524ef9c0953.jpg,PCB,known,pcb,pcb,1,0.8384073972702026,1.1548161506652832,0.1038285493850708,1.108114242553711,pcb,1,0.8610957860946655,1.1565967798233032,0.13724511861801147,1.1087121963500977,0.1038285493850708,0.7345788478851318,0.13724511861801147,0.723850667476654
Custom Bangladeshi E-Waste Image Dataset for Objec/train/images/IMG_20250820_000154_jpg.rf.8a835b299a537975ce82fcc0ed4b4355.jpg,PCB,known,pcb,pcb,1,0.865333616733551,1.1625137329101562,0.10645794868469238,1.1094083786010742,pcb,1,0.8963163495063782,1.1530277729034424,0.1360880732536316,1.0801209211349487,0.10645794868469238,0.7588756680488586,0.1360880732536316,0.7602282762527466
Custom Bangladeshi E-Waste Image Dataset for Objec/train/images/IMG_20250820_000154_jpg.rf.da9c2af097efe3461cc4fce1af31a1d3.jpg,PCB,known,pcb,pcb,1,0.8266572952270508,1.1261173486709595,0.12011617422103882,1.0954909324645996,pcb,1,0.8296623229980469,1.1230695247650146,0.1438172459602356,1.0831564664840698,0.12011617422103882,0.706541121006012,0.1438172459602356,0.6858450770378113
Custom Bangladeshi E-Waste Image Dataset for Objec/train/images/IMG_20250820_000155_jpg.rf.cb812c03e1c86a693abd27705504de2d.jpg,PCB,known,pcb,pcb,1,0.8247088193893433,1.1416631937026978,0.10546737909317017,1.1120201349258423,pcb,1,0.8474673628807068,1.1552767753601074,0.13929057121276855,1.112327218055725,0.10546737909317017,0.7192414402961731,0.13929057121276855,0.7081767916679382
Custom Bangladeshi E-Waste Image Dataset for Objec/train/images/IMG_20250820_000155_jpg.rf.d616a606eb3cff60e26b416fe3b4f7f5.jpg,PCB,known,pcb,pcb,1,0.8471531271934509,1.167546272277832,0.11465346813201904,1.095248818397522,pcb,1,0.8643403053283691,1.1567062139511108,0.14431703090667725,1.098537564277649,0.11465346813201904,0.7324996590614319,0.14431703090667725,0.7200232744216919
Custom Bangladeshi E-Waste Image Dataset for Objec/train/images/IMG_20250820_000155_jpg.rf.defc61bfca3b7459653578a0a9fa4dea.jpg,PCB,known,pcb,pcb,1,0.849381685256958,1.1326922178268433,0.11272400617599487,1.1001421213150024,pcb,1,0.8729642629623413,1.1451833248138428,0.1703498363494873,1.0619746446609497,0.11272400617599487,0.7366576790809631,0.1703498363494873,0.702614426612854
Custom Bangladeshi E-Waste Image Dataset for Objec/train/images/IMG_20250820_000208_1_jpg.rf.6791bf4947a150f3df5c8d26df930c64.jpg,PCB,known,pcb,pcb,1,0.8293488621711731,1.0653491020202637,0.14928585290908813,1.080959439277649,pcb,1,0.844708263874054,1.1009913682937622,0.18306481838226318,1.0560455322265625,0.14928585290908813,0.680063009262085,0.18306481838226318,0.6616434454917908
Custom Bangladeshi E-Waste Image Dataset for Objec/train/images/IMG_20250820_000208_1_jpg.rf.6ceaf7d2f001f1886c48bf6138d06a77.jpg,PCB,known,pcb,pcb,1,0.8168392777442932,1.084742546081543,0.14005541801452637,1.092279076576233,pcb,1,0.8727587461471558,1.1189602613449097,0.15433454513549805,1.0866843461990356,0.14005541801452637,0.6767838597297668,0.15433454513549805,0.7184242010116577
Custom Bangladeshi E-Waste Image Dataset for Objec/train/images/IMG_20250820_000208_1_jpg.rf.ab380142c7dec1bf20a763ba6d75c2ec.jpg,PCB,known,pcb,pcb,1,0.8440988659858704,1.1022995710372925,0.1132512092590332,1.0926330089569092,pcb,1,0.896174967288971,1.1081297397613525,0.17136919498443604,1.1159896850585938,0.1132512092590332,0.7308476567268372,0.17136919498443604,0.7248057723045349
Custom Bangladeshi E-Waste Image Dataset for Objec/train/images/IMG_20250820_000209_jpg.rf.45c69cf62f02485203a8869889acba69.jpg,PCB,known,pcb,pcb,1,0.8386067152023315,1.0967228412628174,0.11631417274475098,1.0859439373016357,pcb,1,0.8728208541870117,1.0985503196716309,0.16881293058395386,1.0869418382644653,0.11631417274475098,0.7222925424575806,0.16881293058395386,0.7040079236030579
Custom Bangladeshi E-Waste Image Dataset for Objec/train/images/IMG_20250820_000209_jpg.rf.9103d79f5c6998ae0a627fcd72aef0b3.jpg,PCB,known,pcb,pcb,1,0.8352695107460022,1.0847864151000977,0.12927621603012085,1.1189608573913574,pcb,1,0.9059785008430481,1.1080513000488281,0.16218888759613037,1.1019920110702515,0.12927621603012085,0.7059932947158813,0.16218888759613037,0.7437896132469177
Custom Bangladeshi E-Waste Image Dataset for Objec/train/images/IMG_20250820_000209_jpg.rf.e8261b5aacc66c644aafc67272b4aa84.jpg,PCB,known,pcb,pcb,1,0.8478729128837585,1.114311695098877,0.122372567653656,1.0924155712127686,pcb,1,0.8929997682571411,1.11946702003479,0.15241855382919312,1.1054184436798096,0.122372567653656,0.7255003452301025,0.15241855382919312,0.740581214427948
Custom Bangladeshi E-Waste Image Dataset for Objec/train/images/IMG_20250820_000213_jpg.rf.1a56b635f17ef13185a7c09da1ac606a.jpg,PCB,known,pcb,pcb,1,0.9529094696044922,1.159763216972351,0.09119200706481934,1.0514986515045166,pcb,1,0.9334778785705566,1.152109146118164,0.08980077505111694,1.094162940979004,0.09119200706481934,0.8617174625396729,0.08980077505111694,0.8436771035194397
Custom Bangladeshi E-Waste Image Dataset for Objec/train/images/IMG_20250820_000213_jpg.rf.843769caab6e80c29add98c60ba32f3f.jpg,PCB,known,pcb,pcb,1,0.9415514469146729,1.146849274635315,0.08217531442642212,1.09249746799469,pcb,1,0.9410615563392639,1.1636706590652466,0.11336636543273926,1.0759272575378418,0.08217531442642212,0.8593761324882507,0.11336636543273926,0.8276951909065247
Custom Bangladeshi E-Waste Image Dataset for Objec/train/images/IMG_20250820_000213_jpg.rf.cbc7f714cbc1bce9a15355249ee162c4.jpg,PCB,known,pcb,pcb,1,0.9184956550598145,1.15056574344635,0.0787925124168396,1.0870492458343506,pcb,1,0.9400031566619873,1.1278254985809326,0.07651811838150024,1.1150003671646118,0.0787925124168396,0.8397031426429749,0.07651811838150024,0.8634850382804871
Custom Bangladeshi E-Waste Image Dataset for Objec/train/images/IMG_20250820_000312_jpg.rf.111687e36475489d13bd59aade902037.jpg,Plastic Waste,unknown,,battery,,0.7253555059432983,0.89559406042099,0.9903754591941833,1.0268248319625854,battery,,0.824384868144989,0.9124534130096436,0.9740251302719116,1.054738998413086,0.7253555059432983,0.17023855447769165,0.824384868144989,0.08806854486465454
Custom Bangladeshi E-Waste Image Dataset for Objec/train/images/IMG_20250820_000312_jpg.rf.33f36d20d9842b8334ec44764bc8d57b.jpg,Plastic Waste,unknown,,battery,,0.7860832214355469,0.9340049028396606,0.9682849645614624,1.0506318807601929,pcb,,0.9352182149887085,0.9700995683670044,0.9246435165405273,1.106583595275879,0.7860832214355469,0.14792168140411377,0.9246435165405273,0.010574698448181152
Custom Bangladeshi E-Waste Image Dataset for Objec/train/images/IMG_20250820_000312_jpg.rf.6e037cc067dfb04b8fbf8c5621e06737.jpg,Plastic Waste,unknown,,battery,,0.7706538438796997,0.9182152152061462,0.9899610877037048,1.030499815940857,battery,,0.9246571660041809,0.9536972641944885,0.938819944858551,1.0956497192382812,0.7706538438796997,0.14756137132644653,0.9246571660041809,0.014162778854370117
Custom Bangladeshi E-Waste Image Dataset for Objec/train/images/IMG_20250820_000313_jpg.rf.042c90369793ccb8f96a6115045df5dd.jpg,Plastic Waste,unknown,,battery,,0.7757472395896912,0.9227960705757141,0.9550443291664124,1.0463756322860718,mobile,,0.9459837079048157,0.9154160618782043,0.9244341254234314,1.1123367547988892,0.7757472395896912,0.14704883098602295,0.9154160618782043,0.00901806354522705
Custom Bangladeshi E-Waste Image Dataset for Objec/train/images/IMG_20250820_000313_jpg.rf.90f8514d86ea7c191f26ebebb000e75e.jpg,Plastic Waste,unknown,,battery,,0.7245310544967651,0.8907248377799988,0.969162106513977,1.025118350982666,battery,,0.8717973232269287,0.9113379716873169,0.9773668050765991,1.0642873048782349,0.7245310544967651,0.16619378328323364,0.8717973232269287,0.039540648460388184
Custom Bangladeshi E-Waste Image Dataset for Objec/train/images/IMG_20250820_000313_jpg.rf.d17bfbcdcd7138b5572ac00c550b5d22.jpg,Plastic Waste,unknown,,battery,,0.81034916639328,0.9240766763687134,0.9622632265090942,1.0517206192016602,pcb,,0.9267064332962036,0.9567515850067139,0.9191799163818359,1.0804497003555298,0.81034916639328,0.11372750997543335,0.9191799163818359,0.007526516914367676
Custom Bangladeshi E-Waste Image Dataset for Objec/train/images/IMG_20250820_000314_jpg.rf.28173877bb675ddab162f5d1f1749411.jpg,Plastic Waste,unknown,,battery,,0.825029194355011,0.8936261534690857,0.9807079434394836,1.0394392013549805,battery,,0.8871586918830872,0.9081628322601318,0.954271137714386,1.0662778615951538,0.825029194355011,0.06859695911407471,0.8871586918830872,0.021004140377044678
Custom Bangladeshi E-Waste Image Dataset for Objec/train/images/IMG_20250820_000314_jpg.rf.300267c36c643a8cce30f25e35cad777.jpg,Plastic Waste,unknown,,battery,,0.7649532556533813,0.9305894374847412,0.9388376474380493,1.0515978336334229,pcb,,0.9336750507354736,0.9166775941848755,0.9146079421043396,1.1005864143371582,0.7649532556533813,0.16563618183135986,0.9146079421043396,0.0020696520805358887
Custom Bangladeshi E-Waste Image Dataset for Objec/train/images/IMG_20250820_000314_jpg.rf.8a268f105867fc687ee5d5b228cab616.jpg,Plastic Waste,unknown,,battery,,0.7242807149887085,0.8832389116287231,1.0032216310501099,1.0276330709457397,battery,,0.8720677495002747,0.9131125211715698,0.9818875193595886,1.0559947490692139,0.7242807149887085,0.15895819664001465,0.8720677495002747,0.041044771671295166
Custom Bangladeshi E-Waste Image Dataset for Objec/train/images/IMG_20250820_000317_jpg.rf.442af243b247e7f005b5f475364293fa.jpg,Plastic Waste,unknown,,battery,,0.7808368802070618,0.9196983575820923,0.9365301728248596,1.0171915292739868,mobile,,0.945020318031311,0.9035077691078186,0.9348257184028625,1.0891261100769043,0.7808368802070618,0.13886147737503052,0.9035077691078186,0.031317949295043945
Custom Bangladeshi E-Waste Image Dataset for Objec/train/images/IMG_20250820_000317_jpg.rf.497b0ac65f9cb2a0a569ed84d604a2f4.jpg,Plastic Waste,unknown,,battery,,0.7173377275466919,0.8994508981704712,1.0061832666397095,1.0354030132293701,battery,,0.8639950752258301,0.9071086645126343,0.9730939269065857,1.0661571025848389,0.7173377275466919,0.1821131706237793,0.8639950752258301,0.0431135892868042
Custom Bangladeshi E-Waste Image Dataset for Objec/train/images/IMG_20250820_000317_jpg.rf.6a196ef5a6230e11dc7f370a00745d4d.jpg,Plastic Waste,unknown,,battery,,0.800003707408905,0.8827880024909973,0.9437699913978577,1.0600483417510986,mobile,,0.9281666278839111,0.9121362566947937,0.9224448204040527,1.1103342771530151,0.800003707408905,0.08278429508209229,0.9121362566947937,0.010308563709259033
Custom Bangladeshi E-Waste Image Dataset for Objec/train/images/IMG_20250820_000320_1_jpg.rf.44377f232bab184a1993e261ca42f88d.jpg,Plastic Waste,unknown,,battery,,0.7105441689491272,0.9070353507995605,0.9604595303535461,1.005656123161316,battery,,0.8355923891067505,0.8848974704742432,0.9591071009635925,1.043469786643982,0.7105441689491272,0.19649118185043335,0.8355923891067505,0.049305081367492676
Custom Bangladeshi E-Waste Image Dataset for Objec/train/images/IMG_20250820_000320_1_jpg.rf.7c5d2d1123b0221a689a7ef51026c761.jpg,Plastic Waste,unknown,,battery,,0.7662959694862366,0.942358672618866,0.9729625582695007,1.0093023777008057,battery,,0.9127853512763977,0.9295849800109863,0.9561206102371216,1.060116171836853,0.7662959694862366,0.1760627031326294,0.9127853512763977,0.016799628734588623
Custom Bangladeshi E-Waste Image Dataset for Objec/train/images/IMG_20250820_000320_1_jpg.rf.d15fe99ba344f294bc0a0bae4e4cdd40.jpg,Plastic Waste,unknown,,battery,,0.7846661806106567,0.9258455038070679,0.978908896446228,1.0165189504623413,mobile,,0.9142693877220154,0.887749195098877,0.9737224578857422,1.0643999576568604,0.7846661806106567,0.14117932319641113,0.887749195098877,0.026520192623138428
Custom Bangladeshi E-Waste Image Dataset for Objec/train/images/IMG_20250820_000320_jpg.rf.34cdcfd04a9536ab8fbbe3f6e0338369.jpg,Plastic Waste,unknown,,battery,,0.7511128187179565,0.9501951932907104,0.9973579049110413,1.01035475730896,battery,,0.8468993902206421,0.9197088479995728,0.9832515120506287,1.0465184450149536,0.7511128187179565,0.1990823745727539,0.8468993902206421,0.07280945777893066
Custom Bangladeshi E-Waste Image Dataset for Objec/train/images/IMG_20250820_000320_jpg.rf.aff249f5f2b6f4069203e776e2fd4e56.jpg,Plastic Waste,unknown,,battery,,0.7586013674736023,0.9439959526062012,0.9912275075912476,1.0258209705352783,mobile,,0.9043036699295044,0.8977777361869812,0.9552738666534424,1.0879573822021484,0.7586013674736023,0.18539458513259888,0.8977777361869812,0.006525933742523193
Custom Bangladeshi E-Waste Image Dataset for Objec/train/images/IMG_20250820_000320_jpg.rf.f3ece3b078f51ea0928b4369c1efd63b.jpg,Plastic Waste,unknown,,battery,,0.7212254405021667,0.9321533441543579,0.9517943859100342,1.0118274688720703,battery,,0.810519278049469,0.8936429023742676,0.9596664905548096,1.049970030784607,0.7212254405021667,0.21092790365219116,0.810519278049469,0.08312362432479858
Custom Bangladeshi E-Waste Image Dataset for Objec/train/images/IMG_20250820_000324_jpg.rf.3a24afeb0cfc9fb8a07ae7dcf2c1015c.jpg,Plastic Waste,unknown,,battery,,0.7255724668502808,0.8898292183876038,0.9386960864067078,1.0561655759811401,battery,,0.8835946321487427,0.9000644087791443,0.9545559287071228,1.0887571573257446,0.7255724668502808,0.164256751537323,0.8835946321487427,0.01646977663040161
Custom Bangladeshi E-Waste Image Dataset for Objec/train/images/IMG_20250820_000324_jpg.rf.822ed8dd127a3dd7c189de0798c6cdb9.jpg,Plastic Waste,unknown,,battery,,0.6864380836486816,0.915058434009552,0.9964884519577026,1.063071608543396,battery,,0.7931419610977173,0.9263765811920166,1.0282741785049438,1.0684235095977783,0.6864380836486816,0.22862035036087036,0.7931419610977173,0.13323462009429932
Custom Bangladeshi E-Waste Image Dataset for Objec/train/images/IMG_20250820_000324_jpg.rf.8e39aabb4264306db676681fffa41e22.jpg,Plastic Waste,unknown,,battery,,0.7353477478027344,0.8882206678390503,0.9509229063987732,1.059854507446289,battery,,0.8555800914764404,0.9060161709785461,0.9721596240997314,1.096179485321045,0.7353477478027344,0.15287292003631592,0.8555800914764404,0.05043607950210571
Custom Bangladeshi E-Waste Image Dataset for Objec/train/images/IMG_20250820_000325_jpg.rf.14478c6d8b03b324db0fb86c4b341b75.jpg,Plastic Waste,unknown,,battery,,0.7480358481407166,0.9266653060913086,0.9615725874900818,1.0811841487884521,battery,,0.8639864325523376,0.9317213892936707,0.9620844125747681,1.0951234102249146,0.7480358481407166,0.17862945795059204,0.8639864325523376,0.06773495674133301
Custom Bangladeshi E-Waste Image Dataset for Objec/train/images/IMG_20250820_000325_jpg.rf.5fb063538bd113b6aef801cc161436ac.jpg,Plastic Waste,unknown,,battery,,0.7676196694374084,0.8790518045425415,1.0179117918014526,1.0749906301498413,battery,,0.8389922380447388,0.9157668352127075,1.0287116765975952,1.0889418125152588,0.7676196694374084,0.11143213510513306,0.8389922380447388,0.07677459716796875
Custom Bangladeshi E-Waste Image Dataset for Objec/train/images/IMG_20250820_000325_jpg.rf.d8ef42a30f4f5d5128fcbe5180870cbc.jpg,Plastic Waste,unknown,,battery,,0.6937493085861206,0.9148217439651489,1.0021440982818604,1.0630552768707275,battery,,0.8026266694068909,0.9254468679428101,1.0365098714828491,1.0821266174316406,0.6937493085861206,0.22107243537902832,0.8026266694068909,0.12282019853591919
Custom Bangladeshi E-Waste Image Dataset for Objec/train/images/IMG_20250820_000326_jpg.rf.90d9675991b991431f8f2f4b9571f403.jpg,Plastic Waste,unknown,,battery,,0.7122868299484253,0.8954269886016846,0.9879446625709534,1.0673447847366333,battery,,0.8235898017883301,0.9014227986335754,1.030747890472412,1.0759438276290894,0.7122868299484253,0.18314015865325928,0.8235898017883301,0.07783299684524536
Custom Bangladeshi E-Waste Image Dataset for Objec/train/images/IMG_20250820_000326_jpg.rf.9b74fb4bd64bd3e89322b6d9dcd6efe3.jpg,Plastic Waste,unknown,,battery,,0.776300311088562,0.896678626537323,0.9809198379516602,1.0638545751571655,battery,,0.8761073350906372,0.9184384942054749,1.0071429014205933,1.0815359354019165,0.776300311088562,0.12037831544876099,0.8761073350906372,0.042331159114837646
Custom Bangladeshi E-Waste Image Dataset for Objec/train/images/IMG_20250820_000326_jpg.rf.e4e550993bc9c0a19a2bba7b7e9a7299.jpg,Plastic Waste,unknown,,battery,,0.734946608543396,0.9531806707382202,0.9148418307304382,1.0461832284927368,battery,,0.9047040343284607,0.9246392250061035,0.9325032830238342,1.0904417037963867,0.734946608543396,0.17989522218704224,0.9047040343284607,0.019935190677642822
Custom Bangladeshi E-Waste Image Dataset for Objec/train/images/IMG_20250820_000327_1_jpg.rf.555589c310f170b43ac629e295f897dc.jpg,Plastic Waste,unknown,,battery,,0.8142594695091248,0.8903624415397644,0.9769212603569031,1.090562343597412,battery,,0.889631450176239,0.9206247329711914,0.9718186259269714,1.0897525548934937,0.8142594695091248,0.07610297203063965,0.889631450176239,0.030993282794952393
Custom Bangladeshi E-Waste Image Dataset for Objec/train/images/IMG_20250820_000327_1_jpg.rf.b9e8b025817a070cc33ee3a4eedf799d.jpg,Plastic Waste,unknown,,battery,,0.7217845916748047,0.9022078514099121,0.9832139015197754,1.0584971904754639,battery,,0.8417460918426514,0.9108628630638123,1.0189285278320312,1.069494605064392,0.7217845916748047,0.18042325973510742,0.8417460918426514,0.06911677122116089
Custom Bangladeshi E-Waste Image Dataset for Objec/train/images/IMG_20250820_000327_1_jpg.rf.cc83043509fdfa35794d9a4a44b02c56.jpg,Plastic Waste,unknown,,battery,,0.743485152721405,0.9277733564376831,0.9396147131919861,1.0511035919189453,battery,,0.9151502847671509,0.9245347380638123,0.9286041259765625,1.0974856615066528,0.743485152721405,0.18428820371627808,0.9151502847671509,0.009384453296661377
Custom Bangladeshi E-Waste Image Dataset for Objec/train/images/IMG_20250820_000328_jpg.rf.22207c9fef07ed17f735be4abf634af2.jpg,Plastic Waste,unknown,,battery,,0.753616452217102,0.889154851436615,0.9891017079353333,1.0640901327133179,battery,,0.8719861507415771,0.9191544055938721,0.9791358709335327,1.0778791904449463,0.753616452217102,0.13553839921951294,0.8719861507415771,0.04716825485229492
Custom Bangladeshi E-Waste Image Dataset for Objec/train/images/IMG_20250820_000328_jpg.rf.28336d498601789e12a5fb4e06e36096.jpg,Plastic Waste,unknown,,battery,,0.7323867082595825,0.9025954604148865,0.9910941123962402,1.054601788520813,battery,,0.8301005959510803,0.9161708950996399,1.0390808582305908,1.0747789144515991,0.7323867082595825,0.17020875215530396,0.8301005959510803,0.08607029914855957
Custom Bangladeshi E-Waste Image Dataset for Objec/train/images/IMG_20250820_000328_jpg.rf.74b23f559538750c3b27b9f3a09440d2.jpg,Plastic Waste,unknown,,mobile,,0.8104487061500549,0.808230459690094,0.9843101501464844,1.0924566984176636,mobile,,0.8950569033622742,0.8831934332847595,0.9841973185539246,1.0931928157806396,0.808230459690094,0.0022182464599609375,0.8831934332847595,0.011863470077514648
Custom Bangladeshi E-Waste Image Dataset for Objec/train/images/IMG_20250820_000329_1_jpg.rf.559b722a3d12aa984bcc096a13b1e44f.jpg,Plastic Waste,unknown,,battery,,0.7770040035247803,0.8880795836448669,1.0026761293411255,1.054594874382019,battery,,0.8658208250999451,0.9135386347770691,1.0191357135772705,1.0833066701889038,0.7770040035247803,0.11107558012008667,0.8658208250999451,0.04771780967712402
Custom Bangladeshi E-Waste Image Dataset for Objec/train/images/IMG_20250820_000329_1_jpg.rf.7626d9567087cf71b3f02e425e821d54.jpg,Plastic Waste,unknown,,battery,,0.7244669795036316,0.8951293230056763,0.9666264653205872,1.0651450157165527,battery,,0.8326188325881958,0.9131220579147339,1.0175151824951172,1.0843263864517212,0.7244669795036316,0.17066234350204468,0.8326188325881958,0.08050322532653809
Custom Bangladeshi E-Waste Image Dataset for Objec/train/images/IMG_20250820_000329_1_jpg.rf.95312a7a05868d82da8f09f635e1490a.jpg,Plastic Waste,unknown,,battery,,0.7618719339370728,0.8913652300834656,0.9807179570198059,1.038173794746399,mobile,,0.9179984331130981,0.9115296006202698,0.9503347873687744,1.1130939722061157,0.7618719339370728,0.12949329614639282,0.9115296006202698,0.006468832492828369
Custom Bangladeshi E-Waste Image Dataset for Objec/train/images/IMG_20250820_000335_1_jpg.rf.050c007eed9a1a424e871c33937bcf72.jpg,Plastic Waste,unknown,,battery,,0.7945601344108582,0.8785600066184998,0.9114983677864075,1.0383327007293701,pcb,,0.925517737865448,0.9193092584609985,0.9034056067466736,1.097065806388855,0.7945601344108582,0.0839998722076416,0.9034056067466736,0.01590365171432495
Custom Bangladeshi E-Waste Image Dataset for Objec/train/images/IMG_20250820_000335_1_jpg.rf.052f948c75885d653a286d136e581cbf.jpg,Plastic Waste,unknown,,battery,,0.7805919647216797,0.8773380517959595,0.9577866792678833,1.0415469408035278,mobile,,0.899485170841217,0.8982396721839905,0.932845950126648,1.0945003032684326,0.7805919647216797,0.09674608707427979,0.8982396721839905,0.0012454986572265625
Custom Bangladeshi E-Waste Image Dataset for Objec/train/images/IMG_20250820_000335_1_jpg.rf.ff22b9861989d50974b4921d7d2cefcd.jpg,Plastic Waste,unknown,,battery,,0.778311550617218,0.9183489084243774,0.9187562465667725,1.0241167545318604,battery,,0.8948206901550293,0.8951897025108337,0.9347772598266602,1.0897789001464844,0.778311550617218,0.14003735780715942,0.8948206901550293,0.00036901235580444336
Custom Bangladeshi E-Waste Image Dataset for Objec/train/images/IMG_20250820_000347_1_jpg.rf.3b54f0f480220f77c136ffa0aafba5ca.jpg,Plastic Waste,unknown,,battery,,0.7730246186256409,0.9025537371635437,0.9786179065704346,1.0142513513565063,battery,,0.9139218926429749,0.9181011319160461,0.9465459585189819,1.087928056716919,0.7730246186256409,0.12952911853790283,0.9139218926429749,0.004179239273071289
Custom Bangladeshi E-Waste Image Dataset for Objec/train/images/IMG_20250820_000347_1_jpg.rf.94489190eb1363224e88b2b0960f9117.jpg,Plastic Waste,unknown,,battery,,0.7396022081375122,0.8888506889343262,1.0367827415466309,1.038177728652954,battery,,0.8243322372436523,0.9053645133972168,1.0673770904541016,1.0639556646347046,0.7396022081375122,0.14924848079681396,0.8243322372436523,0.08103227615356445
Custom Bangladeshi E-Waste Image Dataset for Objec/train/images/IMG_20250820_000347_1_jpg.rf.efd0660801665bea051d71cf4f5387ba.jpg,Plastic Waste,unknown,,battery,,0.8162134885787964,0.8758885264396667,1.0419459342956543,1.0342029333114624,battery,,0.882810115814209,0.8952910304069519,1.0462878942489624,1.0603573322296143,0.8162134885787964,0.05967503786087036,0.882810115814209,0.01248091459274292
Custom Bangladeshi E-Waste Image Dataset for Objec/train/images/IMG_20250820_000349_jpg.rf.13584e3bc0ad38c3c0f5c688ba8da87e.jpg,Plastic Waste,unknown,,battery,,0.8389814496040344,0.8855293393135071,1.031428337097168,1.0368515253067017,battery,,0.9027050733566284,0.9482061266899109,0.9787694215774536,1.0780963897705078,0.8389814496040344,0.046547889709472656,0.9027050733566284,0.04550105333328247
Custom Bangladeshi E-Waste Image Dataset for Objec/train/images/IMG_20250820_000349_jpg.rf.aadf6d5e07e938f79a82cced253219b6.jpg,Plastic Waste,unknown,,battery,,0.8219043016433716,0.9012344479560852,1.006555438041687,1.0241003036499023,mobile,,0.9444434642791748,0.9031318426132202,0.959392786026001,1.0805293321609497,0.8219043016433716,0.07933014631271362,0.9031318426132202,0.04131162166595459
Custom Bangladeshi E-Waste Image Dataset for Objec/train/images/IMG_20250820_000349_jpg.rf.ce920126cd906d46b89ab95c1d3b9cd1.jpg,Plastic Waste,unknown,,battery,,0.8006765246391296,0.8600404858589172,1.0240321159362793,0.9970831871032715,mobile,,0.8874430656433105,0.8697021007537842,1.0333348512649536,1.055851936340332,0.8006765246391296,0.0593639612197876,0.8697021007537842,0.017740964889526367
Custom Bangladeshi E-Waste Image Dataset for Objec/train/images/IMG_20250820_000350_jpg.rf.2b55e370fa25553ed2b557eb44728f82.jpg,Plastic Waste,unknown,,battery,,0.8640439510345459,0.8737876415252686,1.0009748935699463,1.0367028713226318,mobile,,0.9402562975883484,0.8881776928901672,0.991206169128418,1.079420804977417,0.8640439510345459,0.009743690490722656,0.8881776928901672,0.05207860469818115
Custom Bangladeshi E-Waste Image Dataset for Objec/train/images/IMG_20250820_000350_jpg.rf.4c811de8525c6e1efa9ed859175a99bd.jpg,Plastic Waste,unknown,,battery,,0.7983047366142273,0.8626599907875061,1.042415738105774,1.0054094791412354,mobile,,0.9033733010292053,0.8665884733200073,1.0403425693511963,1.0526080131530762,0.7983047366142273,0.06435525417327881,0.8665884733200073,0.036784827709198
Custom Bangladeshi E-Waste Image Dataset for Objec/train/images/IMG_20250820_000350_jpg.rf.c0e18ff13980d3ca7080cce6fabe4629.jpg,Plastic Waste,unknown,,battery,,0.8416642546653748,0.9255110621452332,1.0160599946975708,1.0057018995285034,mobile,,0.9648535847663879,0.9236242175102234,0.9774163961410522,1.054953932762146,0.8416642546653748,0.0838468074798584,0.9236242175102234,0.04122936725616455
Custom Bangladeshi E-Waste Image Dataset for Objec/train/images/IMG_20250820_000359_jpg.rf.121203122a6137cb187216f6bcf9c978.jpg,Plastic Waste,unknown,,battery,,0.7785731554031372,0.990868091583252,0.9332351684570312,1.0611494779586792,pcb,,0.918214738368988,0.9820729494094849,0.9009854197502136,1.1261905431747437,0.7785731554031372,0.15466201305389404,0.9009854197502136,0.017229318618774414
Custom Bangladeshi E-Waste Image Dataset for Objec/train/images/IMG_20250820_000359_jpg.rf.53ca7709045200b5df40ac79649b87bb.jpg,Plastic Waste,unknown,,battery,,0.8144580125808716,0.9102835655212402,0.9472894668579102,1.0871992111206055,mobile,,0.9530494213104248,0.9162777066230774,0.9262111186981201,1.1198428869247437,0.8144580125808716,0.09582555294036865,0.9162777066230774,0.009933412075042725
Custom Bangladeshi E-Waste Image Dataset for Objec/train/images/IMG_20250820_000359_jpg.rf.8c5e990ab0f481aab61529c7a03c85cd.jpg,Plastic Waste,unknown,,battery,,0.7640090584754944,0.9452932476997375,0.9316723346710205,1.0733999013900757,mobile,,0.9024389982223511,0.89787757396698,0.9754204154014587,1.1166322231292725,0.7640090584754944,0.16766327619552612,0.89787757396698,0.004561424255371094
Custom Bangladeshi E-Waste Image Dataset for Objec/train/images/IMG_20250820_000400_jpg.rf.08419e745dda4291cb77cc7f381e6b29.jpg,Plastic Waste,unknown,,battery,,0.81753009557724,0.931418240070343,0.9209247827529907,1.0703229904174805,pcb,,0.9466756582260132,0.9231473207473755,0.9132335782051086,1.1366759538650513,0.81753009557724,0.10339468717575073,0.9132335782051086,0.009913742542266846
Custom Bangladeshi E-Waste Image Dataset for Objec/train/images/IMG_20250820_000400_jpg.rf.110894f67fa3e61b01b5b54d8bb14484.jpg,Plastic Waste,unknown,,battery,,0.7724103927612305,0.9537634253501892,0.9195648431777954,1.0761650800704956,mobile,,0.9194395542144775,0.8965737223625183,0.9673151969909668,1.1129660606384277,0.7724103927612305,0.14715445041656494,0.8965737223625183,0.02286583185195923
Custom Bangladeshi E-Waste Image Dataset for Objec/train/images/IMG_20250820_000400_jpg.rf.9dfc1e7b2c458ca9f435cc1beae14b08.jpg,Plastic Waste,unknown,,battery,,0.7762288451194763,0.9601410031318665,0.9354913830757141,1.056560754776001,battery,,0.8691558837890625,0.9749080538749695,0.8932175636291504,1.1055294275283813,0.7762288451194763,0.1592625379562378,0.8691558837890625,0.02406167984008789
Custom Bangladeshi E-Waste Image Dataset for Objec/train/images/IMG_20250820_000401_1_jpg.rf.0bbe35f01fcbfe7d80a5c95a43eb0ff1.jpg,Plastic Waste,unknown,,battery,,0.8302008509635925,0.9241769313812256,0.9479694366455078,1.0759203433990479,mobile,,0.9287802577018738,0.9226380586624146,0.9390174150466919,1.1251373291015625,0.8302008509635925,0.09397608041763306,0.9226380586624146,0.0061421990394592285
Custom Bangladeshi E-Waste Image Dataset for Objec/train/images/IMG_20250820_000401_1_jpg.rf.19f8f0f9ac1522d21ec263b1fed74c10.jpg,Plastic Waste,unknown,,battery,,0.817924439907074,0.9697050452232361,0.9457687735557556,1.088341474533081,pcb,,0.9376426935195923,0.9360593557357788,0.9346588253974915,1.115812063217163,0.817924439907074,0.12784433364868164,0.9346588253974915,0.0014005303382873535
Custom Bangladeshi E-Waste Image Dataset for Objec/train/images/IMG_20250820_000401_1_jpg.rf.689d1e3ff52832fc8c1d29a54d1998a2.jpg,Plastic Waste,unknown,,battery,,0.764704704284668,0.9397518038749695,0.9287279844284058,1.0687506198883057,mobile,,0.9055417776107788,0.8935494422912598,0.979931652545929,1.118472695350647,0.764704704284668,0.1640232801437378,0.8935494422912598,0.011992335319519043
Custom Bangladeshi E-Waste Image Dataset for Objec/train/images/IMG_20250820_000402_jpg.rf.37c627449659a7f958facfef260f6a1f.jpg,Plastic Waste,unknown,,battery,,0.7817287445068359,0.9386788606643677,0.9296465516090393,1.0668655633926392,mobile,,0.9162909984588623,0.901445746421814,0.9689192175865173,1.120573878288269,0.7817287445068359,0.14791780710220337,0.901445746421814,0.01484525203704834
Custom Bangladeshi E-Waste Image Dataset for Objec/train/images/IMG_20250820_000402_jpg.rf.7e2c25c717c92c35a00c0d3d19e554a1.jpg,Plastic Waste,unknown,,battery,,0.8643224239349365,0.9169790148735046,0.9381846189498901,1.0972962379455566,mobile,,0.9573407173156738,0.91948002576828,0.9420029520988464,1.113538146018982,0.8643224239349365,0.052656590938568115,0.91948002576828,0.022522926330566406
Custom Bangladeshi E-Waste Image Dataset for Objec/train/images/IMG_20250820_000402_jpg.rf.809037ac3f7d007477269c9cb36381c4.jpg,Plastic Waste,unknown,,battery,,0.8137699365615845,0.9357251524925232,0.9452885985374451,1.0557671785354614,mobile,,0.9186856746673584,0.9067815542221069,0.9672730565071106,1.118977665901184,0.8137699365615845,0.12195521593093872,0.9067815542221069,0.011904120445251465
Custom Bangladeshi E-Waste Image Dataset for Objec/train/images/IMG_20250822_135858_jpg.rf.6fef6bce27ad1bc4cc43ec098061a9fe.jpg,Keyboard,known,input_peripheral,input_peripheral,1,1.1922434568405151,1.1845626831054688,1.0713096857070923,0.1431618332862854,input_peripheral,1,1.200282335281372,1.2210683822631836,1.052302598953247,0.2463586926460266,0.1431618332862854,0.9281478524208069,0.2463586926460266,0.8059439063072205
Custom Bangladeshi E-Waste Image Dataset for Objec/train/images/IMG_20250822_135858_jpg.rf.cc4979236edf1bd23c0fb7da7e015eed.jpg,Keyboard,known,input_peripheral,input_peripheral,1,1.1653573513031006,1.182206153869629,1.046654462814331,0.14864593744277954,input_peripheral,1,1.1801624298095703,1.2069542407989502,1.0321240425109863,0.2365279197692871,0.14864593744277954,0.8980085253715515,0.2365279197692871,0.7955961227416992
Custom Bangladeshi E-Waste Image Dataset for Objec/train/images/IMG_20250822_135858_jpg.rf.d0baa8748bd751f6a85e520f5555735c.jpg,Keyboard,known,input_peripheral,input_peripheral,1,1.1300394535064697,1.1355688571929932,1.095415711402893,0.1514926552772522,input_peripheral,1,1.1531188488006592,1.1841905117034912,1.0772663354873657,0.18997788429260254,0.1514926552772522,0.9439230561256409,0.18997788429260254,0.8872884511947632
Custom Bangladeshi E-Waste Image Dataset for Objec/train/images/IMG_20250822_135902_jpg.rf.28d0c524f8d7eeaf10878a58f85a159c.jpg,Keyboard,known,input_peripheral,input_peripheral,1,1.1673274040222168,1.191259503364563,1.0065940618515015,0.18696165084838867,input_peripheral,1,1.1582810878753662,1.1937613487243652,0.9928232431411743,0.2894197702407837,0.18696165084838867,0.8196324110031128,0.2894197702407837,0.7034034729003906
Custom Bangladeshi E-Waste Image Dataset for Objec/train/images/IMG_20250822_135902_jpg.rf.74d747b6bf4265df472619033ad67b14.jpg,Keyboard,known,input_peripheral,input_peripheral,1,1.1628694534301758,1.0976879596710205,1.0895086526870728,0.14750617742538452,input_peripheral,1,1.1628954410552979,1.1815906763076782,1.0610698461532593,0.19442355632781982,0.14750617742538452,0.9420024752616882,0.19442355632781982,0.8666462898254395
Custom Bangladeshi E-Waste Image Dataset for Objec/train/images/IMG_20250822_135902_jpg.rf.bc8ab69e5cb5074ac4c4f9313147a695.jpg,Keyboard,known,input_peripheral,input_peripheral,1,1.1491109132766724,1.1976571083068848,1.0145790576934814,0.2037205696105957,input_peripheral,1,1.122722864151001,1.1727361679077148,0.9721922278404236,0.33884572982788086,0.2037205696105957,0.8108584880828857,0.33884572982788086,0.6333464980125427
Custom Bangladeshi E-Waste Image Dataset for Objec/train/images/IMG_20250822_135911_jpg.rf.19d82328828d08b4ab3938370554b2ad.jpg,Keyboard,known,input_peripheral,input_peripheral,1,1.1844592094421387,1.1781038045883179,1.0483027696609497,0.17298799753189087,input_peripheral,1,1.1763720512390137,1.1989259719848633,1.0263488292694092,0.21597939729690552,0.17298799753189087,0.8753147721290588,0.21597939729690552,0.8103694319725037
Custom Bangladeshi E-Waste Image Dataset for Objec/train/images/IMG_20250822_135911_jpg.rf.267733e05cf43b965f3414443be7d673.jpg,Keyboard,known,input_peripheral,input_peripheral,1,1.178147554397583,1.2136014699935913,1.043529748916626,0.1871599555015564,input_peripheral,1,1.1750519275665283,1.208526372909546,1.005749225616455,0.27660030126571655,0.1871599555015564,0.8563697934150696,0.27660030126571655,0.7291489243507385
Custom Bangladeshi E-Waste Image Dataset for Objec/train/images/IMG_20250822_135911_jpg.rf.3c17a94c830285c2baab6a963f036a2a.jpg,Keyboard,known,input_peripheral,input_peripheral,1,1.1852766275405884,1.1528708934783936,1.0418119430541992,0.17285537719726562,input_peripheral,1,1.1680796146392822,1.1568936109542847,1.0561732053756714,0.23940956592559814,0.17285537719726562,0.8689565658569336,0.23940956592559814,0.8167636394500732
Custom Bangladeshi E-Waste Image Dataset for Objec/train/images/IMG_20250822_135913_jpg.rf.1a2398d375a8d8737469f91847530138.jpg,Keyboard,known,input_peripheral,input_peripheral,1,1.1773791313171387,1.1520020961761475,1.0465189218521118,0.16935503482818604,input_peripheral,1,1.1602563858032227,1.168306589126587,1.0558207035064697,0.20882916450500488,0.16935503482818604,0.8771638870239258,0.20882916450500488,0.8469915390014648
Custom Bangladeshi E-Waste Image Dataset for Objec/train/images/IMG_20250822_135913_jpg.rf.6c33485360beb75a8c693d889aece589.jpg,Keyboard,known,input_peripheral,input_peripheral,1,1.2027531862258911,1.1941957473754883,1.0119950771331787,0.21820956468582153,input_peripheral,1,1.1764718294143677,1.1941070556640625,1.0081571340560913,0.3528556823730469,0.21820956468582153,0.7937855124473572,0.3528556823730469,0.6553014516830444
Custom Bangladeshi E-Waste Image Dataset for Objec/train/images/IMG_20250822_135913_jpg.rf.eeb184938e08fe6393c77546ccb4a8b2.jpg,Keyboard,known,input_peripheral,input_peripheral,1,1.2242857217788696,1.1675583124160767,1.0309174060821533,0.19754689931869507,input_peripheral,1,1.1800355911254883,1.1843827962875366,0.9922221899032593,0.28090929985046387,0.19754689931869507,0.8333705067634583,0.28090929985046387,0.7113128900527954
Custom Bangladeshi E-Waste Image Dataset for Objec/train/images/IMG_20250822_135915_jpg.rf.3b7680f58909d651fd5920b1daaa6aad.jpg,Keyboard,known,input_peripheral,input_peripheral,1,1.1771913766860962,1.1534314155578613,1.050437569618225,0.17377883195877075,input_peripheral,1,1.1613163948059082,1.1660706996917725,1.0548806190490723,0.23620057106018066,0.17377883195877075,0.8766587376594543,0.23620057106018066,0.8186800479888916
Custom Bangladeshi E-Waste Image Dataset for Objec/train/images/IMG_20250822_135915_jpg.rf.6e39a8c1794d1e6d744237aa6d00f4fc.jpg,Keyboard,known,input_peripheral,input_peripheral,1,1.1788407564163208,1.1922941207885742,1.051513433456421,0.1814737319946289,input_peripheral,1,1.1614055633544922,1.2173689603805542,0.9864747524261475,0.28463512659072876,0.1814737319946289,0.870039701461792,0.28463512659072876,0.7018396258354187
Custom Bangladeshi E-Waste Image Dataset for Objec/train/images/IMG_20250822_135915_jpg.rf.ba271776cfea93d2958463296ac9479a.jpg,Keyboard,known,input_peripheral,input_peripheral,1,1.1809440851211548,1.1866536140441895,1.0440075397491455,0.1648157835006714,input_peripheral,1,1.1499598026275635,1.1827696561813354,1.003035068511963,0.28068381547927856,0.1648157835006714,0.8791917562484741,0.28068381547927856,0.7223512530326843
Custom Bangladeshi E-Waste Image Dataset for Objec/train/images/IMG_20250822_135925_jpg.rf.04443fe2e82a23db600b84c069b411e2.jpg,Keyboard,known,input_peripheral,pcb,2,0.8168330788612366,0.9264012575149536,0.7643534541130066,0.7726713418960571,input_peripheral,1,0.8211702704429626,1.021341323852539,0.7289522886276245,0.6592194437980652,0.7643534541130066,0.008317887783050537,0.6592194437980652,0.06973284482955933
Custom Bangladeshi E-Waste Image Dataset for Objec/train/images/IMG_20250822_135925_jpg.rf.82db4dff3831ae794b7739e124b1d6ce.jpg,Keyboard,known,input_peripheral,pcb,2,0.8215704560279846,0.9519590139389038,0.690045952796936,0.7791255712509155,pcb,3,0.8483983874320984,0.9808980822563171,0.6633153557777405,0.9004062414169312,0.690045952796936,0.08907961845397949,0.6633153557777405,0.1850830316543579
Custom Bangladeshi E-Waste Image Dataset for Objec/train/images/IMG_20250822_135925_jpg.rf.e68eec7945eb5e0eef3868278f617976.jpg,Keyboard,known,input_peripheral,pcb,3,0.7204090356826782,0.9156027436256409,0.6367495059967041,0.7829779386520386,pcb,2,0.8037012815475464,0.9875741004943848,0.6584932804107666,0.7994077801704407,0.6367495059967041,0.08365952968597412,0.6584932804107666,0.14091449975967407
Custom Bangladeshi E-Waste Image Dataset for Objec/train/images/IMG_20250822_135926_1_jpg.rf.49e382ff8d6056bb91eb8a655f476da9.jpg,Keyboard,known,input_peripheral,pcb,3,0.7139443159103394,0.8994489908218384,0.6340154409408569,0.8038407564163208,pcb,3,0.7922782301902771,0.9748357534408569,0.6338202953338623,0.8299024701118469,0.6340154409408569,0.07992887496948242,0.6338202953338623,0.1584579348564148
Custom Bangladeshi E-Waste Image Dataset for Objec/train/images/IMG_20250822_135926_1_jpg.rf.7a925c578dbf9baa260ba0ef8197731b.jpg,Keyboard,known,input_peripheral,pcb,2,0.801611602306366,0.919985294342041,0.741724967956543,0.7805323004722595,pcb,3,0.8387099504470825,0.952061116695404,0.7233765721321106,0.8423190712928772,0.741724967956543,0.03880733251571655,0.7233765721321106,0.11533337831497192
Custom Bangladeshi E-Waste Image Dataset for Objec/train/images/IMG_20250822_135926_1_jpg.rf.8e7642dca56f35155ff9397829ec2ce5.jpg,Keyboard,known,input_peripheral,pcb,3,0.7469611167907715,0.9407197833061218,0.7288230657577515,0.8367633819580078,pcb,3,0.7791359424591064,0.9802234172821045,0.6661190986633301,0.927584171295166,0.7288230657577515,0.01813805103302002,0.6661190986633301,0.11301684379577637
Custom Bangladeshi E-Waste Image Dataset for Objec/train/images/IMG_20250822_135930_jpg.rf.52e0302c2faac0d942d1bcebe89fea8b.jpg,Keyboard,known,input_peripheral,pcb,3,0.728809118270874,0.9340881109237671,0.6902586221694946,0.8203285932540894,pcb,2,0.8302978277206421,1.0200914144515991,0.6549804210662842,0.7703372240066528,0.6902586221694946,0.038550496101379395,0.6549804210662842,0.11535680294036865
Custom Bangladeshi E-Waste Image Dataset for Objec/train/images/IMG_20250822_135930_jpg.rf.d59eb34474a070386781f4c4ceeb15a3.jpg,Keyboard,known,input_peripheral,pcb,3,0.738382875919342,0.9305052161216736,0.6633093357086182,0.7460490465164185,pcb,2,0.7927858829498291,0.9965028762817383,0.6553785800933838,0.7848796248435974,0.6633093357086182,0.07507354021072388,0.6553785800933838,0.12950104475021362
Custom Bangladeshi E-Waste Image Dataset for Objec/train/images/IMG_20250822_135930_jpg.rf.f7fbdf58672b10613baf63480a8ad2b6.jpg,Keyboard,known,input_peripheral,pcb,3,0.7406197190284729,0.8808845281600952,0.6999465227127075,0.7794699668884277,pcb,3,0.8238363265991211,0.9876617193222046,0.6699881553649902,0.8684382438659668,0.6999465227127075,0.04067319631576538,0.6699881553649902,0.15384817123413086
Custom Bangladeshi E-Waste Image Dataset for Objec/train/images/IMG_20250822_135932_jpg.rf.13653e8291d1c070d16796382e0684ac.jpg,Keyboard,known,input_peripheral,battery,3,0.7432106733322144,0.9429226517677307,0.7456175684928894,0.7786540985107422,pcb,2,0.8390918374061584,0.9966393709182739,0.7111724019050598,0.8063254356384277,0.7432106733322144,0.002406895160675049,0.7111724019050598,0.09515303373336792
Custom Bangladeshi E-Waste Image Dataset for Objec/train/images/IMG_20250822_135932_jpg.rf.2345fa521af36542f31f81d8c9c874da.jpg,Keyboard,known,input_peripheral,pcb,3,0.7224797010421753,0.9260987043380737,0.6480914354324341,0.7647327184677124,pcb,2,0.8015750646591187,1.0004781484603882,0.6616700291633606,0.7790945768356323,0.6480914354324341,0.07438826560974121,0.6616700291633606,0.11742454767227173
Custom Bangladeshi E-Waste Image Dataset for Objec/train/images/IMG_20250822_135932_jpg.rf.ecda9a2591832abc296c9b5bee74230f.jpg,Keyboard,known,input_peripheral,pcb,3,0.7247109413146973,0.9281953573226929,0.7118879556655884,0.7891960740089417,pcb,2,0.8136918544769287,1.0364904403686523,0.6816434264183044,0.7944959998130798,0.7118879556655884,0.012822985649108887,0.6816434264183044,0.11285257339477539
Custom Bangladeshi E-Waste Image Dataset for Objec/train/images/IMG_20250822_135941_jpg.rf.0f849286b56295d86dfac80004043e70.jpg,Keyboard,known,input_peripheral,input_peripheral,1,1.1551629304885864,1.0938665866851807,1.0487511157989502,0.14183127880096436,input_peripheral,1,1.1445393562316895,1.1704741716384888,1.0447124242782593,0.18178772926330566,0.14183127880096436,0.9069198369979858,0.18178772926330566,0.8629246950149536
Custom Bangladeshi E-Waste Image Dataset for Objec/train/images/IMG_20250822_135941_jpg.rf.6c9f4213072cd4fb3f130e103aa4b935.jpg,Keyboard,known,input_peripheral,input_peripheral,1,1.1858566999435425,1.127647042274475,1.0451797246932983,0.15560752153396606,input_peripheral,1,1.1673624515533447,1.1825261116027832,1.036575198173523,0.17652302980422974,0.15560752153396606,0.8895722031593323,0.17652302980422974,0.8600521683692932
Custom Bangladeshi E-Waste Image Dataset for Objec/train/images/IMG_20250822_135941_jpg.rf.b39c996ced2e67dc1020a7a64d1ca943.jpg,Keyboard,known,input_peripheral,input_peripheral,1,1.2246912717819214,1.1324526071548462,1.0371073484420776,0.1612909436225891,input_peripheral,1,1.1803380250930786,1.1868621110916138,1.0250346660614014,0.19792866706848145,0.1612909436225891,0.8758164048194885,0.19792866706848145,0.8271059989929199
Custom Bangladeshi E-Waste Image Dataset for Objec/train/images/IMG_20250822_135947_jpg.rf.3de7e5999050f8b8f3cce938cfe9c1ce.jpg,Keyboard,known,input_peripheral,input_peripheral,1,1.2141073942184448,1.0924395322799683,1.0701038837432861,0.16725397109985352,input_peripheral,1,1.180215835571289,1.1381876468658447,1.0470237731933594,0.236456036567688,0.16725397109985352,0.9028499126434326,0.236456036567688,0.8105677366256714
Custom Bangladeshi E-Waste Image Dataset for Objec/train/images/IMG_20250822_135947_jpg.rf.db95a059a2f57fa95d1d44c7c0574851.jpg,Keyboard,known,input_peripheral,input_peripheral,1,1.1979196071624756,1.1652919054031372,1.0365867614746094,0.18234401941299438,input_peripheral,1,1.1369149684906006,1.1818666458129883,0.9723374843597412,0.3253713846206665,0.18234401941299438,0.854242742061615,0.3253713846206665,0.6469660997390747
Custom Bangladeshi E-Waste Image Dataset for Objec/train/images/IMG_20250822_135947_jpg.rf.f7d0e15b4604f2859e29fc28c5051ba2.jpg,Keyboard,known,input_peripheral,input_peripheral,1,1.2620909214019775,1.1326298713684082,1.0309265851974487,0.23482733964920044,input_peripheral,1,1.1998127698898315,1.1481666564941406,1.0020751953125,0.2605710029602051,0.23482733964920044,0.7960992455482483,0.2605710029602051,0.7415041923522949
Custom Bangladeshi E-Waste Image Dataset for Objec/train/images/IMG_20250822_135949_jpg.rf.0263345d8c2dd414a4e8e7d736839830.jpg,Keyboard,known,input_peripheral,input_peripheral,1,1.2025543451309204,1.0883097648620605,1.0608388185501099,0.17271322011947632,input_peripheral,1,1.1752643585205078,1.1213619709014893,1.0384553670883179,0.2572358250617981,0.17271322011947632,0.8881255984306335,0.2572358250617981,0.7812195420265198
Custom Bangladeshi E-Waste Image Dataset for Objec/train/images/IMG_20250822_135949_jpg.rf.4aeac769aec7e849bdb0efe1978cc76b.jpg,Keyboard,known,input_peripheral,input_peripheral,1,1.2014219760894775,1.1265579462051392,1.0496512651443481,0.16605031490325928,input_peripheral,1,1.169870376586914,1.171489953994751,0.9945913553237915,0.24308067560195923,0.16605031490325928,0.8836009502410889,0.24308067560195923,0.7515106797218323
Custom Bangladeshi E-Waste Image Dataset for Objec/train/images/IMG_20250822_135949_jpg.rf.a29c2107f57fe17fadfbbc24f0224a9a.jpg,Keyboard,known,input_peripheral,input_peripheral,1,1.196687936782837,1.1802536249160767,1.0078293085098267,0.20447129011154175,input_peripheral,1,1.1745185852050781,1.1773673295974731,0.964564323425293,0.33059918880462646,0.20447129011154175,0.8033580183982849,0.33059918880462646,0.6339651346206665
Custom Bangladeshi E-Waste Image Dataset for Objec/train/images/IMG_20250822_135957_jpg.rf.13e2326857ec937b9229ce60ed079db9.jpg,Keyboard,known,input_peripheral,input_peripheral,1,1.1653790473937988,1.1091399192810059,1.0637309551239014,0.1501767635345459,input_peripheral,1,1.1451956033706665,1.1646490097045898,1.0611392259597778,0.18764513731002808,0.1501767635345459,0.9135541915893555,0.18764513731002808,0.8734940886497498
Custom Bangladeshi E-Waste Image Dataset for Objec/train/images/IMG_20250822_135957_jpg.rf.552703d26fd874843df52e2b99122951.jpg,Keyboard,known,input_peripheral,input_peripheral,1,1.1903362274169922,1.1571446657180786,1.0439856052398682,0.19134265184402466,input_peripheral,1,1.1770142316818237,1.2067034244537354,0.9944286942481995,0.3053065538406372,0.19134265184402466,0.8526429533958435,0.3053065538406372,0.6891221404075623
Custom Bangladeshi E-Waste Image Dataset for Objec/train/images/IMG_20250822_135957_jpg.rf.55875c1763d4c1622ad4f4f9c07514c7.jpg,Keyboard,known,input_peripheral,input_peripheral,1,1.1993805170059204,1.197081208229065,0.9930601119995117,0.22505903244018555,input_peripheral,1,1.1420667171478271,1.1714956760406494,0.9629760384559631,0.3749297261238098,0.22505903244018555,0.7680010795593262,0.3749297261238098,0.5880463123321533
Custom Bangladeshi E-Waste Image Dataset for Objec/train/images/IMG_20250822_140003_jpg.rf.123e21ac79c68cb181225a8681341aea.jpg,Keyboard,known,input_peripheral,input_peripheral,1,1.148118257522583,1.1071991920471191,1.0325669050216675,0.1364695429801941,input_peripheral,1,1.1092491149902344,1.1686285734176636,1.031455159187317,0.23979532718658447,0.1364695429801941,0.8960973620414734,0.23979532718658447,0.7916598320007324
Custom Bangladeshi E-Waste Image Dataset for Objec/train/images/IMG_20250822_140003_jpg.rf.5edba9ff39edcefc667ddea9729b33ab.jpg,Keyboard,known,input_peripheral,input_peripheral,1,1.1604431867599487,1.0964133739471436,1.0657494068145752,0.12479698657989502,input_peripheral,1,1.1298043727874756,1.1191338300704956,1.059240698814392,0.15345865488052368,0.12479698657989502,0.9409524202346802,0.15345865488052368,0.9057820439338684
Custom Bangladeshi E-Waste Image Dataset for Objec/train/images/IMG_20250822_140003_jpg.rf.9208533ecb7a20c8011f5a414cc74270.jpg,Keyboard,known,input_peripheral,input_peripheral,1,1.1226853132247925,1.114974021911621,1.0540151596069336,0.14015686511993408,input_peripheral,1,1.074820637702942,1.148716688156128,1.0704679489135742,0.16916555166244507,0.14015686511993408,0.9138582944869995,0.16916555166244507,0.9013023972511292
Custom Bangladeshi E-Waste Image Dataset for Objec/train/images/IMG_20250822_140005_jpg.rf.195b765a30d0cfd96916154243033d3e.jpg,Keyboard,known,input_peripheral,input_peripheral,1,1.1218855381011963,1.0881261825561523,1.0730854272842407,0.1492740511894226,input_peripheral,1,1.0867159366607666,1.1235977411270142,1.080379605293274,0.1908724308013916,0.1492740511894226,0.9238113760948181,0.1908724308013916,0.8895071744918823
Custom Bangladeshi E-Waste Image Dataset for Objec/train/images/IMG_20250822_140005_jpg.rf.34cbccf05c7d2c3210ae88cc32a7f1b2.jpg,Keyboard,known,input_peripheral,input_peripheral,1,1.1619982719421387,1.1338876485824585,1.042989730834961,0.15808123350143433,input_peripheral,1,1.1465740203857422,1.1784440279006958,1.0388931035995483,0.26302570104599,0.15808123350143433,0.8849084973335266,0.26302570104599,0.7758674025535583
Custom Bangladeshi E-Waste Image Dataset for Objec/train/images/IMG_20250822_140005_jpg.rf.450043366d25170482adf2df1dd6d8ae.jpg,Keyboard,known,input_peripheral,input_peripheral,1,1.1468055248260498,1.097341775894165,1.0509141683578491,0.14439421892166138,input_peripheral,1,1.1362032890319824,1.1650524139404297,1.05012047290802,0.21391534805297852,0.14439421892166138,0.9065199494361877,0.21391534805297852,0.8362051248550415
Custom Bangladeshi E-Waste Image Dataset for Objec/train/images/IMG_20250822_140011_jpg.rf.4ba817efa7531784cd457e7370eee615.jpg,Keyboard,known,input_peripheral,input_peripheral,1,1.212751865386963,1.1663001775741577,1.0348654985427856,0.16473472118377686,input_peripheral,1,1.2118867635726929,1.1966296434402466,1.0198760032653809,0.27044641971588135,0.16473472118377686,0.8701307773590088,0.27044641971588135,0.7494295835494995
Custom Bangladeshi E-Waste Image Dataset for Objec/train/images/IMG_20250822_140011_jpg.rf.80cf1016d9e81cc80f1b423f75dc363e.jpg,Keyboard,known,input_peripheral,input_peripheral,1,1.2014063596725464,1.1748449802398682,1.043010950088501,0.12647271156311035,input_peripheral,1,1.1521358489990234,1.214042067527771,1.0416951179504395,0.15376752614974976,0.12647271156311035,0.9165382385253906,0.15376752614974976,0.8879275918006897
Custom Bangladeshi E-Waste Image Dataset for Objec/train/images/IMG_20250822_140011_jpg.rf.c87057932ae26d9b856788ef8b3956e1.jpg,Keyboard,known,input_peripheral,input_peripheral,1,1.1551835536956787,1.132467269897461,1.0440516471862793,0.13449454307556152,input_peripheral,1,1.1200884580612183,1.1816390752792358,1.036240577697754,0.1641666293144226,0.13449454307556152,0.9095571041107178,0.1641666293144226,0.8720739483833313
Custom Bangladeshi E-Waste Image Dataset for Objec/train/images/IMG_20250822_140129_jpg.rf.505bb3d99a26a207e71a195c5bf9ed82.jpg,Keyboard,known,input_peripheral,input_peripheral,1,1.096602201461792,1.085657000541687,1.0299737453460693,0.14713740348815918,input_peripheral,1,1.1068936586380005,1.1779954433441162,1.041191816329956,0.16287410259246826,0.14713740348815918,0.8828363418579102,0.16287410259246826,0.8783177137374878
Custom Bangladeshi E-Waste Image Dataset for Objec/train/images/IMG_20250822_140129_jpg.rf.dec69a666a20dc2067f260a86fef5c8e.jpg,Keyboard,known,input_peripheral,input_peripheral,1,1.1538876295089722,1.0934785604476929,1.0041552782058716,0.15069091320037842,input_peripheral,1,1.119598388671875,1.1733852624893188,1.0045695304870605,0.16827207803726196,0.15069091320037842,0.8534643650054932,0.16827207803726196,0.8362974524497986
Custom Bangladeshi E-Waste Image Dataset for Objec/train/images/IMG_20250822_140129_jpg.rf.ebabbd5f925b8274a50fc0c2c3ff279f.jpg,Keyboard,known,input_peripheral,input_peripheral,1,1.1434024572372437,1.1388715505599976,0.9788705110549927,0.1674431562423706,input_peripheral,1,1.1213594675064087,1.1765332221984863,0.9978518486022949,0.17855089902877808,0.1674431562423706,0.8114273548126221,0.17855089902877808,0.8193009495735168
Custom Bangladeshi E-Waste Image Dataset for Objec/train/images/IMG_20250822_140202_jpg.rf.c0a630e65cc7b8642eff38483bc89ebc.jpg,Keyboard,known,input_peripheral,input_peripheral,1,1.127358078956604,1.1227738857269287,0.9953157305717468,0.1510569453239441,input_peripheral,1,1.1111866235733032,1.2037135362625122,0.9828153848648071,0.18327075242996216,0.1510569453239441,0.8442587852478027,0.18327075242996216,0.799544632434845
Custom Bangladeshi E-Waste Image Dataset for Objec/train/images/IMG_20250822_140202_jpg.rf.d759572e9dd7370e19527cfe9802bd80.jpg,Keyboard,known,input_peripheral,input_peripheral,1,1.097524881362915,1.1059179306030273,1.0228520631790161,0.14734047651290894,input_peripheral,1,1.1114370822906494,1.1662167310714722,1.0485684871673584,0.1565496325492859,0.14734047651290894,0.8755115866661072,0.1565496325492859,0.8920188546180725
Custom Bangladeshi E-Waste Image Dataset for Objec/train/images/IMG_20250822_140202_jpg.rf.e796daa4eb60ba47be53f0d32ac84a45.jpg,Keyboard,known,input_peripheral,input_peripheral,1,1.1375830173492432,1.1026767492294312,1.0296822786331177,0.15324848890304565,input_peripheral,1,1.1419873237609863,1.1772546768188477,1.0005985498428345,0.2023940086364746,0.15324848890304565,0.876433789730072,0.2023940086364746,0.7982045412063599
Custom Bangladeshi E-Waste Image Dataset for Objec/train/images/IMG_20250822_140208_jpg.rf.56c420fec3a0651d4c6c50df49405659.jpg,Keyboard,known,input_peripheral,input_peripheral,1,1.1686980724334717,1.0925663709640503,0.9636667966842651,0.2094721794128418,input_peripheral,1,1.1331610679626465,1.1819183826446533,0.9979618787765503,0.1723034381866455,0.2094721794128418,0.7541946172714233,0.1723034381866455,0.8256584405899048
Custom Bangladeshi E-Waste Image Dataset for Objec/train/images/IMG_20250822_140208_jpg.rf.7ce01b155d47798216aaebd83d3b1879.jpg,Keyboard,known,input_peripheral,input_peripheral,1,1.1404321193695068,1.0761080980300903,1.0156724452972412,0.14294767379760742,input_peripheral,1,1.0877256393432617,1.1530323028564453,1.036539077758789,0.1383274793624878,0.14294767379760742,0.8727247714996338,0.1383274793624878,0.8982115983963013
Custom Bangladeshi E-Waste Image Dataset for Objec/train/images/IMG_20250822_140208_jpg.rf.e99f9f8c7325cd974749b65b0198473f.jpg,Keyboard,known,input_peripheral,input_peripheral,1,1.156114935874939,1.109459638595581,0.9758279919624329,0.17037981748580933,input_peripheral,1,1.1208546161651611,1.1710995435714722,1.0097997188568115,0.14865785837173462,0.17037981748580933,0.8054481744766235,0.14865785837173462,0.8611418604850769
Custom Bangladeshi E-Waste Image Dataset for Objec/train/images/IMG_20250822_140212_jpg.rf.0301ae90c82083c5bd7138fe4b15c596.jpg,Keyboard,known,input_peripheral,input_peripheral,1,1.1616740226745605,1.1676368713378906,0.9695348739624023,0.17524570226669312,input_peripheral,1,1.1516757011413574,1.2031128406524658,0.956489086151123,0.2154676914215088,0.17524570226669312,0.7942891716957092,0.2154676914215088,0.7410213947296143
Custom Bangladeshi E-Waste Image Dataset for Objec/train/images/IMG_20250822_140212_jpg.rf.05f9b5242fe29d37373d1d16ef831ed4.jpg,Keyboard,known,input_peripheral,input_peripheral,1,1.1587183475494385,1.1356449127197266,0.9726666212081909,0.1561833620071411,input_peripheral,1,1.1368072032928467,1.1699892282485962,0.9682289361953735,0.23459875583648682,0.1561833620071411,0.8164832592010498,0.23459875583648682,0.7336301803588867
Custom Bangladeshi E-Waste Image Dataset for Objec/train/images/IMG_20250822_140212_jpg.rf.fb67ee0228e62c11d02b776fd9189b60.jpg,Keyboard,known,input_peripheral,input_peripheral,1,1.208632469177246,1.1656144857406616,0.9743741750717163,0.15983808040618896,input_peripheral,1,1.1544525623321533,1.2053287029266357,0.9502328038215637,0.19463974237442017,0.15983808040618896,0.8145360946655273,0.19463974237442017,0.7555930614471436
Custom Bangladeshi E-Waste Image Dataset for Objec/train/images/IMG_20250822_140213_jpg.rf.00a3618fa12ce90614ebe8f486a8d9f5.jpg,Keyboard,known,input_peripheral,input_peripheral,1,1.2083812952041626,1.1020996570587158,0.947397768497467,0.18744486570358276,input_peripheral,1,1.1727417707443237,1.1932258605957031,0.9299486875534058,0.2760201692581177,0.18744486570358276,0.7599529027938843,0.2760201692581177,0.6539285182952881
Custom Bangladeshi E-Waste Image Dataset for Objec/train/images/IMG_20250822_140213_jpg.rf.43c77f39ac1219a1ba0f0b24cc951baf.jpg,Keyboard,known,input_peripheral,input_peripheral,1,1.1583062410354614,1.158236026763916,0.9497284889221191,0.18253803253173828,input_peripheral,1,1.1620891094207764,1.219185471534729,0.9403690099716187,0.2593122124671936,0.18253803253173828,0.7671904563903809,0.2593122124671936,0.681056797504425
Custom Bangladeshi E-Waste Image Dataset for Objec/train/images/IMG_20250822_140213_jpg.rf.77476117d4d8887ab39102b5110ee86e.jpg,Keyboard,known,input_peripheral,input_peripheral,1,1.1517966985702515,1.1575270891189575,0.9769010543823242,0.16561144590377808,input_peripheral,1,1.1434683799743652,1.1733571290969849,0.9891975522041321,0.229184091091156,0.16561144590377808,0.8112896084785461,0.229184091091156,0.7600134611129761
Custom Bangladeshi E-Waste Image Dataset for Objec/train/images/IMG_20250822_140214_jpg.rf.8b972f6e40c86bc90fb83bd116fc17aa.jpg,Keyboard,known,input_peripheral,input_peripheral,1,1.1607120037078857,1.135461688041687,0.9697846174240112,0.1609792709350586,input_peripheral,1,1.1360609531402588,1.1867493391036987,0.9730544090270996,0.22821849584579468,0.1609792709350586,0.8088053464889526,0.22821849584579468,0.7448359131813049
Custom Bangladeshi E-Waste Image Dataset for Objec/train/images/IMG_20250822_140214_jpg.rf.8dddbf74805927908a50b0038856927a.jpg,Keyboard,known,input_peripheral,input_peripheral,1,1.1719093322753906,1.1406739950180054,0.9475008845329285,0.1853216290473938,input_peripheral,1,1.1605734825134277,1.230032205581665,0.9622093439102173,0.18734753131866455,0.1853216290473938,0.7621792554855347,0.18734753131866455,0.7748618125915527
Custom Bangladeshi E-Waste Image Dataset for Objec/train/images/IMG_20250822_140214_jpg.rf.b5f702fcd1ac987b28b6aa3068cccb0b.jpg,Keyboard,known,input_peripheral,input_peripheral,1,1.1916948556900024,1.186423897743225,0.9181311130523682,0.2707793712615967,input_peripheral,1,1.178473711013794,1.176116943359375,0.922019362449646,0.3983169198036194,0.2707793712615967,0.6473517417907715,0.3983169198036194,0.5237024426460266
Custom Bangladeshi E-Waste Image Dataset for Objec/train/images/IMG_20250822_140218_jpg.rf.62b8084437ec79482ea652792d8bd9a3.jpg,Keyboard,known,input_peripheral,input_peripheral,1,1.1037371158599854,1.0884840488433838,1.0131791830062866,0.15013450384140015,input_peripheral,1,1.1141332387924194,1.1499927043914795,1.0107513666152954,0.19893419742584229,0.15013450384140015,0.8630446791648865,0.19893419742584229,0.8118171691894531
Custom Bangladeshi E-Waste Image Dataset for Objec/train/images/IMG_20250822_140218_jpg.rf.7a5ac6a375ef2a8546b3fbb42418377c.jpg,Keyboard,known,input_peripheral,input_peripheral,1,1.166743278503418,1.1452157497406006,0.9585418105125427,0.19778960943222046,input_peripheral,1,1.1553089618682861,1.2137001752853394,0.9547615051269531,0.26046043634414673,0.19778960943222046,0.7607522010803223,0.26046043634414673,0.6943010687828064
Custom Bangladeshi E-Waste Image Dataset for Objec/train/images/IMG_20250822_140218_jpg.rf.d10bf360ede53ae2e2cf370ab4292a79.jpg,Keyboard,known,input_peripheral,input_peripheral,1,1.1268681287765503,1.1326688528060913,0.9949280023574829,0.15728187561035156,input_peripheral,1,1.1133580207824707,1.223082423210144,0.9821887016296387,0.2008482813835144,0.15728187561035156,0.8376461267471313,0.2008482813835144,0.7813404202461243
Custom Bangladeshi E-Waste Image Dataset for Objec/train/images/IMG_20250822_140220_jpg.rf.01fed77ba94ca02e647f7279da326857.jpg,Keyboard,known,input_peripheral,input_peripheral,1,1.1545360088348389,1.1124632358551025,1.0043097734451294,0.16315031051635742,input_peripheral,1,1.122913122177124,1.202446699142456,0.9995883107185364,0.1766766905784607,0.16315031051635742,0.841159462928772,0.1766766905784607,0.8229116201400757
Custom Bangladeshi E-Waste Image Dataset for Objec/train/images/IMG_20250822_140220_jpg.rf.4766af5207c8659378563f9540ead3f3.jpg,Keyboard,known,input_peripheral,input_peripheral,1,1.102691411972046,1.0996766090393066,1.0211801528930664,0.14100295305252075,input_peripheral,1,1.1194230318069458,1.1675242185592651,1.0142180919647217,0.18075960874557495,0.14100295305252075,0.8801771998405457,0.18075960874557495,0.8334584832191467
Custom Bangladeshi E-Waste Image Dataset for Objec/train/images/IMG_20250822_140220_jpg.rf.98dba5b23e2ef3c72807ea20ecf0379a.jpg,Keyboard,known,input_peripheral,input_peripheral,1,1.1491538286209106,1.162665605545044,0.9922223687171936,0.1953640580177307,input_peripheral,1,1.159286618232727,1.1957874298095703,0.9694717526435852,0.27421605587005615,0.1953640580177307,0.7968583106994629,0.27421605587005615,0.695255696773529
Custom Bangladeshi E-Waste Image Dataset for Objec/train/images/IMG_20250822_140232_jpg.rf.72c3ae9ebcf86f7950084bdd83d2e204.jpg,Keyboard,known,input_peripheral,battery,2,0.7479549646377563,0.8672545552253723,0.834951639175415,0.787327766418457,input_peripheral,1,0.8296694755554199,0.9722253084182739,0.8786615133285522,0.801474928855896,0.7479549646377563,0.039372801780700684,0.801474928855896,0.028194546699523926
Custom Bangladeshi E-Waste Image Dataset for Objec/train/images/IMG_20250822_140232_jpg.rf.b8e6690e64e731dcec15bfaf3f89e96e.jpg,Keyboard,known,input_peripheral,battery,2,0.6925802826881409,0.8232392072677612,0.8173390030860901,0.7995108962059021,input_peripheral,1,0.837665319442749,1.0220102071762085,0.9273415803909302,0.7259844541549683,0.6925802826881409,0.10693061351776123,0.7259844541549683,0.11168086528778076
Custom Bangladeshi E-Waste Image Dataset for Objec/train/images/IMG_20250822_140232_jpg.rf.d848031ee798ec860d4d058368e0f3cd.jpg,Keyboard,known,input_peripheral,battery,3,0.7151567339897156,0.8551912903785706,0.82136070728302,0.8487042188644409,battery,3,0.8187604546546936,0.9992378950119019,0.8381562232971191,0.8747272491455078,0.7151567339897156,0.10620397329330444,0.8187604546546936,0.019395768642425537
Custom Bangladeshi E-Waste Image Dataset for Objec/train/images/IMG_20250822_140234_jpg.rf.453ac610042d83512884dd5332701e4f.jpg,Keyboard,known,input_peripheral,battery,3,0.6934391260147095,0.8962439298629761,0.8026917576789856,0.8546361923217773,battery,2,0.826966404914856,1.0387638807296753,0.8347267508506775,0.8276054859161377,0.6934391260147095,0.10925263166427612,0.826966404914856,0.0006390810012817383
Custom Bangladeshi E-Waste Image Dataset for Objec/train/images/IMG_20250822_140234_jpg.rf.88dae280aec8c1d4c716fff1e5ca3208.jpg,Keyboard,known,input_peripheral,battery,2,0.701824426651001,0.8509523868560791,0.7916511297225952,0.7857077121734619,input_peripheral,1,0.8444063067436218,1.0539451837539673,0.9333717823028564,0.6533808708190918,0.701824426651001,0.08388328552246094,0.6533808708190918,0.19102543592453003
Custom Bangladeshi E-Waste Image Dataset for Objec/train/images/IMG_20250822_140234_jpg.rf.daccd92efd689843c59377e5bf6031ad.jpg,Keyboard,known,input_peripheral,battery,3,0.7358027696609497,0.8809938430786133,0.7927145957946777,0.8035800457000732,input_peripheral,1,0.8630350232124329,1.0214016437530518,0.9045222997665405,0.6724129915237427,0.7358027696609497,0.05691182613372803,0.6724129915237427,0.19062203168869019
Custom Bangladeshi E-Waste Image Dataset for Objec/train/images/IMG_20250822_140249_jpg.rf.623539e25bf2ca40f06554623a812fa7.jpg,Keyboard,known,input_peripheral,battery,3,0.6668862104415894,0.8525710105895996,0.9295402765274048,0.880970299243927,input_peripheral,1,0.8924594521522522,1.0094194412231445,0.9667438268661499,0.8445350527763367,0.6668862104415894,0.18568480014801025,0.8445350527763367,0.04792439937591553
Custom Bangladeshi E-Waste Image Dataset for Objec/train/images/IMG_20250822_140249_jpg.rf.c7e2d1e11dff8d2aaf6d7f16d8c2fc5a.jpg,Keyboard,known,input_peripheral,battery,3,0.6691240072250366,0.8063541650772095,0.8855459094047546,0.8553597927093506,battery,2,0.8360163569450378,0.9459148049354553,0.9755586981773376,0.8422984480857849,0.6691240072250366,0.13723015785217285,0.8360163569450378,0.00628209114074707
Custom Bangladeshi E-Waste Image Dataset for Objec/train/images/IMG_20250822_140249_jpg.rf.f36aea7fc6e98756cafaafd65eac8d4e.jpg,Keyboard,known,input_peripheral,battery,3,0.6815639734268188,0.7855154871940613,0.9237678050994873,0.8971980810165405,battery,2,0.8316000699996948,0.967914879322052,0.9618002772331238,0.8796215057373047,0.6815639734268188,0.10395151376724243,0.8316000699996948,0.04802143573760986
Custom Bangladeshi E-Waste Image Dataset for Objec/train/images/IMG_20250822_140306_jpg.rf.2b65e0b906ae6e26b0fee4f478dae4d6.jpg,Keyboard,known,input_peripheral,input_peripheral,1,1.1912150382995605,1.2132166624069214,1.022497534751892,0.16337275505065918,input_peripheral,1,1.186179757118225,1.2188870906829834,0.9875232577323914,0.26336079835891724,0.16337275505065918,0.8591247797012329,0.26336079835891724,0.7241624593734741
Custom Bangladeshi E-Waste Image Dataset for Objec/train/images/IMG_20250822_140306_jpg.rf.b35b7c9e54cb1b7e61e0829024a5b8e2.jpg,Keyboard,known,input_peripheral,input_peripheral,1,1.1855988502502441,1.2115215063095093,0.9901977181434631,0.16626405715942383,input_peripheral,1,1.1660728454589844,1.2431187629699707,1.0051484107971191,0.23530060052871704,0.16626405715942383,0.8239336609840393,0.23530060052871704,0.7698478102684021
Custom Bangladeshi E-Waste Image Dataset for Objec/train/images/IMG_20250822_140306_jpg.rf.e9eeff6fe4aaf1a9adcfff0d62f15bc3.jpg,Keyboard,known,input_peripheral,input_peripheral,1,1.1689685583114624,1.1843955516815186,1.005075454711914,0.1693682074546814,input_peripheral,1,1.1458172798156738,1.1669654846191406,1.0126959085464478,0.22775799036026,0.1693682074546814,0.8357072472572327,0.22775799036026,0.7849379181861877
Custom Bangladeshi E-Waste Image Dataset for Objec/train/images/IMG_20250822_140316_jpg.rf.2120c5421f7bc51322fc49657684b069.jpg,Keyboard,known,input_peripheral,input_peripheral,1,1.2171021699905396,1.2052547931671143,1.0356987714767456,0.17956757545471191,input_peripheral,1,1.1981841325759888,1.2173407077789307,1.0135737657546997,0.2750743627548218,0.17956757545471191,0.8561311960220337,0.2750743627548218,0.7384994029998779
Custom Bangladeshi E-Waste Image Dataset for Objec/train/images/IMG_20250822_140316_jpg.rf.3785eb131d82b0273dfe6659c62b0f5d.jpg,Keyboard,known,input_peripheral,input_peripheral,1,1.1749012470245361,1.1843841075897217,1.012181282043457,0.1492655873298645,input_peripheral,1,1.1364569664001465,1.2254716157913208,0.9992083311080933,0.195426344871521,0.1492655873298645,0.8629156947135925,0.195426344871521,0.8037819862365723
Custom Bangladeshi E-Waste Image Dataset for Objec/train/images/IMG_20250822_140316_jpg.rf.ee07999425e965357a1cf5a45b46d93f.jpg,Keyboard,known,input_peripheral,input_peripheral,1,1.1692936420440674,1.178345799446106,1.0288550853729248,0.16166037321090698,input_peripheral,1,1.1315927505493164,1.1856147050857544,1.0473967790603638,0.19038456678390503,0.16166037321090698,0.8671947121620178,0.19038456678390503,0.8570122122764587
Custom Bangladeshi E-Waste Image Dataset for Objec/train/images/IMG_20250822_140348_jpg.rf.0d4ffab7cac89217083f61c6a314e3a1.jpg,Mouse,known,input_peripheral,input_peripheral,1,1.1210260391235352,1.073109745979309,1.0888783931732178,0.13895535469055176,input_peripheral,1,1.104622721672058,1.0976507663726807,1.0056049823760986,0.24955147504806519,0.13895535469055176,0.9341543912887573,0.24955147504806519,0.7560535073280334
Custom Bangladeshi E-Waste Image Dataset for Objec/train/images/IMG_20250822_140348_jpg.rf.b7c6805264b959f590bdcf75e79c9aec.jpg,Mouse,known,input_peripheral,input_peripheral,1,1.128669023513794,0.9916250705718994,1.1196534633636475,0.10857373476028442,input_peripheral,1,1.1042797565460205,1.047463059425354,1.083958625793457,0.14361411333084106,0.10857373476028442,0.883051335811615,0.14361411333084106,0.9038489460945129
Custom Bangladeshi E-Waste Image Dataset for Objec/train/images/IMG_20250822_140348_jpg.rf.f4ef031e14d03c552307e10946b57fad.jpg,Mouse,known,input_peripheral,input_peripheral,1,1.1526470184326172,1.0332387685775757,1.0834763050079346,0.1509324312210083,input_peripheral,1,1.1199690103530884,1.0899579524993896,1.043700098991394,0.1905517578125,0.1509324312210083,0.8823063373565674,0.1905517578125,0.853148341178894
Custom Bangladeshi E-Waste Image Dataset for Objec/train/images/IMG_20250822_140357_jpg.rf.132d836a5146a45721d34a68723e7b97.jpg,Mouse,known,input_peripheral,input_peripheral,1,1.0134822130203247,1.0405744314193726,0.9928273558616638,0.3212538957595825,input_peripheral,1,1.0699756145477295,1.0664081573486328,0.9653002619743347,0.27672702074050903,0.3212538957595825,0.6715734601020813,0.27672702074050903,0.6885732412338257
Custom Bangladeshi E-Waste Image Dataset for Objec/train/images/IMG_20250822_140357_jpg.rf.2b56fb3e17893ca8dd961ae1d89851ed.jpg,Mouse,known,input_peripheral,input_peripheral,1,0.976047158241272,0.9210831522941589,1.0242940187454224,0.23394310474395752,input_peripheral,1,1.019912600517273,1.0041391849517822,0.9975150227546692,0.22655081748962402,0.23394310474395752,0.6871400475502014,0.22655081748962402,0.7709642052650452
Custom Bangladeshi E-Waste Image Dataset for Objec/train/images/IMG_20250822_140357_jpg.rf.cdc5b11e90cdf7087a79e06c53477378.jpg,Mouse,known,input_peripheral,input_peripheral,1,0.9754689335823059,1.0291481018066406,0.9939611554145813,0.2649343013763428,input_peripheral,1,1.0635673999786377,1.0744295120239258,0.9934754371643066,0.2338075041770935,0.2649343013763428,0.7105346322059631,0.2338075041770935,0.7596679329872131
Custom Bangladeshi E-Waste Image Dataset for Objec/train/images/IMG_20250822_140407_jpg.rf.81ad563e6ed99b3f70bfd1ed79e8a054.jpg,Mouse,known,input_peripheral,input_peripheral,1,1.0735626220703125,1.05100679397583,1.1077922582626343,0.08564406633377075,input_peripheral,1,1.103112816810608,1.1097371578216553,1.0878775119781494,0.09920823574066162,0.08564406633377075,0.9653627276420593,0.09920823574066162,0.9886692762374878
Custom Bangladeshi E-Waste Image Dataset for Objec/train/images/IMG_20250822_140407_jpg.rf.ab22ac301c256adb2a0b6119aafc0585.jpg,Mouse,known,input_peripheral,input_peripheral,1,1.0959138870239258,1.0787032842636108,1.061628818511963,0.1775173544883728,input_peripheral,1,1.1104271411895752,1.1290286779403687,1.0227038860321045,0.2115299105644226,0.1775173544883728,0.8841114640235901,0.2115299105644226,0.8111739754676819
Custom Bangladeshi E-Waste Image Dataset for Objec/train/images/IMG_20250822_140407_jpg.rf.b1392790d9f45f1a10e688ee57903042.jpg,Mouse,known,input_peripheral,input_peripheral,1,1.1031759977340698,1.1342110633850098,1.0662537813186646,0.14170217514038086,input_peripheral,1,1.11033296585083,1.1483747959136963,1.0131423473358154,0.23966753482818604,0.14170217514038086,0.9245516061782837,0.23966753482818604,0.7734748125076294
Custom Bangladeshi E-Waste Image Dataset for Objec/train/images/IMG_20250822_140408_jpg.rf.61f8634ee075628b4808de0f10f76426.jpg,Mouse,known,input_peripheral,input_peripheral,1,1.0778616666793823,1.054349660873413,1.1129366159439087,0.09368240833282471,input_peripheral,1,1.1014885902404785,1.1182804107666016,1.09500253200531,0.10231441259384155,0.09368240833282471,0.9606672525405884,0.10231441259384155,0.9926881194114685
Custom Bangladeshi E-Waste Image Dataset for Objec/train/images/IMG_20250822_140408_jpg.rf.70a84bdd9725c8665b44d30389ee2e18.jpg,Mouse,known,input_peripheral,input_peripheral,1,1.1115691661834717,1.1239423751831055,1.050463080406189,0.14132767915725708,input_peripheral,1,1.1154892444610596,1.1389546394348145,0.9987649917602539,0.2558882236480713,0.14132767915725708,0.9091354012489319,0.2558882236480713,0.7428767681121826
Custom Bangladeshi E-Waste Image Dataset for Objec/train/images/IMG_20250822_140408_jpg.rf.7a389ee497d9c582d745d82c8b755209.jpg,Mouse,known,input_peripheral,input_peripheral,1,1.116649866104126,1.1196762323379517,1.0783641338348389,0.13036847114562988,input_peripheral,1,1.0912164449691772,1.1430054903030396,1.003627061843872,0.2665124535560608,0.13036847114562988,0.947995662689209,0.2665124535560608,0.7371146082878113
Custom Bangladeshi E-Waste Image Dataset for Objec/train/images/IMG_20250822_140423_jpg.rf.639d108ff90ef8fa1b3bf5479a0505f7.jpg,Mouse,known,input_peripheral,input_peripheral,1,1.1630834341049194,1.0508837699890137,1.0894516706466675,0.16041725873947144,input_peripheral,1,1.1106228828430176,1.0841193199157715,1.0558195114135742,0.15104126930236816,0.16041725873947144,0.8904665112495422,0.15104126930236816,0.904778242111206
Custom Bangladeshi E-Waste Image Dataset for Objec/train/images/IMG_20250822_140423_jpg.rf.c9f979e6c17194879f56ff3f8991394e.jpg,Mouse,known,input_peripheral,input_peripheral,1,1.1317296028137207,1.0062239170074463,1.0855234861373901,0.12960964441299438,input_peripheral,1,1.1245808601379395,1.0840283632278442,1.076241135597229,0.1540655493736267,0.12960964441299438,0.8766142725944519,0.1540655493736267,0.9221755862236023
Custom Bangladeshi E-Waste Image Dataset for Objec/train/images/IMG_20250822_140423_jpg.rf.fa3f9dab56d32a5d61e5b3cf07d0fc92.jpg,Mouse,known,input_peripheral,input_peripheral,1,1.098716139793396,0.9720935821533203,1.0796107053756714,0.12030637264251709,input_peripheral,1,1.0737577676773071,1.0287988185882568,1.0936933755874634,0.10705679655075073,0.12030637264251709,0.8517872095108032,0.10705679655075073,0.9217420220375061
Custom Bangladeshi E-Waste Image Dataset for Objec/train/images/IMG_20250822_140425_jpg.rf.122c5ab7c7b343c2b5272baa83937f24.jpg,Mouse,known,input_peripheral,input_peripheral,1,1.1247639656066895,1.0750631093978882,1.072130560874939,0.14730960130691528,input_peripheral,1,1.1294527053833008,1.113761305809021,1.0486161708831787,0.15059822797775269,0.14730960130691528,0.9248209595680237,0.15059822797775269,0.898017942905426
Custom Bangladeshi E-Waste Image Dataset for Objec/train/images/IMG_20250822_140425_jpg.rf.97391f5895d34a4f6bb9d6d307cc0cf4.jpg,Mouse,known,input_peripheral,input_peripheral,1,1.1011747121810913,0.9831796288490295,1.0818144083023071,0.12811970710754395,input_peripheral,1,1.0992376804351807,1.0522054433822632,1.1018877029418945,0.11203145980834961,0.12811970710754395,0.8550599217414856,0.11203145980834961,0.9401739835739136
Custom Bangladeshi E-Waste Image Dataset for Objec/train/images/IMG_20250822_140425_jpg.rf.a0d207aeca11bc4339893ccc30a7771b.jpg,Mouse,known,input_peripheral,input_peripheral,1,1.1158581972122192,0.9742379784584045,1.0884904861450195,0.14647620916366577,input_peripheral,1,1.1074776649475098,1.074519395828247,1.0687212944030762,0.13930422067642212,0.14647620916366577,0.8277617692947388,0.13930422067642212,0.929417073726654
Custom Bangladeshi E-Waste Image Dataset for Objec/train/images/IMG_20250822_140430_jpg.rf.122afd8993d44c452a4724a71eac2411.jpg,Mouse,known,input_peripheral,input_peripheral,1,0.8497051000595093,0.8443753123283386,0.9127633571624756,0.4669037461280823,input_peripheral,1,0.868352472782135,0.8590101003646851,0.8862665295600891,0.5724999904632568,0.4669037461280823,0.37747156620025635,0.5724999904632568,0.2865101099014282
Custom Bangladeshi E-Waste Image Dataset for Objec/train/images/IMG_20250822_140430_jpg.rf.1308c21eeec2fc8e7a0277bd5c477b48.jpg,Mouse,known,input_peripheral,input_peripheral,1,0.8446067571640015,0.8844336271286011,0.8856961727142334,0.5181571841239929,input_peripheral,1,0.8591523170471191,0.8995839357376099,0.8953815698623657,0.5042515993118286,0.5181571841239929,0.32644957304000854,0.5042515993118286,0.3549007177352905
Custom Bangladeshi E-Waste Image Dataset for Objec/train/images/IMG_20250822_140430_jpg.rf.6f1beccf547c0b9db05959b0a464af9a.jpg,Mouse,known,input_peripheral,input_peripheral,1,0.8185445070266724,0.7766823768615723,0.9158527255058289,0.4647478461265564,input_peripheral,1,0.8225648403167725,0.8141858577728271,0.8547577857971191,0.6957073211669922,0.4647478461265564,0.31193453073501587,0.6957073211669922,0.11847853660583496
Custom Bangladeshi E-Waste Image Dataset for Objec/train/images/IMG_20250822_140441_jpg.rf.a6651450bb57c78f5c428aa6bdf77f7d.jpg,Mouse,known,input_peripheral,input_peripheral,1,1.172549843788147,1.1600031852722168,1.067845106124878,0.1537676453590393,input_peripheral,1,1.1215559244155884,1.1282711029052734,1.040765643119812,0.1848888397216797,0.1537676453590393,0.9140774607658386,0.1848888397216797,0.8558768033981323
Custom Bangladeshi E-Waste Image Dataset for Objec/train/images/IMG_20250822_140441_jpg.rf.bce3f04c7141da2e975b262fc1b112ef.jpg,Mouse,known,input_peripheral,input_peripheral,1,1.1755568981170654,1.1576762199401855,1.0770245790481567,0.12647366523742676,input_peripheral,1,1.1465163230895996,1.1442991495132446,1.0457615852355957,0.19969141483306885,0.12647366523742676,0.95055091381073,0.19969141483306885,0.8460701704025269
Custom Bangladeshi E-Waste Image Dataset for Objec/train/images/IMG_20250822_140441_jpg.rf.d99db4b2a0a71bfe4704ec865491339f.jpg,Mouse,known,input_peripheral,input_peripheral,1,1.1414604187011719,1.1175942420959473,1.067150354385376,0.10563910007476807,input_peripheral,1,1.1262316703796387,1.1206599473953247,1.0933560132980347,0.12639153003692627,0.10563910007476807,0.9615112543106079,0.12639153003692627,0.9669644832611084
Custom Bangladeshi E-Waste Image Dataset for Objec/train/images/IMG_20250822_14044_jpg.rf.b4b8c82e45e10713916c08bc18a2c10e.jpg,Mouse,known,input_peripheral,input_peripheral,1,1.1387251615524292,1.1143436431884766,1.0757026672363281,0.104702889919281,input_peripheral,1,1.122176170349121,1.1263742446899414,1.081339716911316,0.12523633241653442,0.104702889919281,0.9709997773170471,0.12523633241653442,0.9561033844947815
Custom Bangladeshi E-Waste Image Dataset for Objec/train/images/IMG_20250822_14044_jpg.rf.f2b5966dbd0c3355be733bde15022758.jpg,Mouse,known,input_peripheral,input_peripheral,1,1.1699939966201782,1.112845540046692,1.0701435804367065,0.11177939176559448,input_peripheral,1,1.1435351371765137,1.169028401374817,1.0768539905548096,0.13664191961288452,0.11177939176559448,0.9583641886711121,0.13664191961288452,0.940212070941925
Custom Bangladeshi E-Waste Image Dataset for Objec/train/images/IMG_20250822_14044_jpg.rf.f7ef8539efc67a46d4c113425d562eb1.jpg,Mouse,known,input_peripheral,input_peripheral,1,1.174013376235962,1.1572723388671875,1.0557763576507568,0.15129393339157104,input_peripheral,1,1.1327109336853027,1.13056218624115,1.0248607397079468,0.2054210901260376,0.15129393339157104,0.9044824242591858,0.2054210901260376,0.8194396495819092
Custom Bangladeshi E-Waste Image Dataset for Objec/train/images/IMG_20250822_1404_jpg.rf.2cd9837753ee6d0d88108a199e2accae.jpg,Mouse,known,input_peripheral,input_peripheral,1,1.1554030179977417,1.165643572807312,1.0750352144241333,0.13275235891342163,input_peripheral,1,1.140865683555603,1.1651256084442139,1.068843960762024,0.15853476524353027,0.13275235891342163,0.9422828555107117,0.15853476524353027,0.9103091955184937
Custom Bangladeshi E-Waste Image Dataset for Objec/train/images/IMG_20250822_1404_jpg.rf.3e7704b7dfc0571c15acb1edab6e1ddb.jpg,Mouse,known,input_peripheral,input_peripheral,1,1.151475429534912,1.1119400262832642,1.0716938972473145,0.10280311107635498,input_peripheral,1,1.1145219802856445,1.1123720407485962,1.0806937217712402,0.13876855373382568,0.10280311107635498,0.9688907861709595,0.13876855373382568,0.9419251680374146
Custom Bangladeshi E-Waste Image Dataset for Objec/train/images/IMG_20250822_1404_jpg.rf.f6eceaca7339451dedbca316a7efa85e.jpg,Mouse,known,input_peripheral,input_peripheral,1,1.1869186162948608,1.1328774690628052,1.0577144622802734,0.11475712060928345,input_peripheral,1,1.140272855758667,1.1299495697021484,1.0665875673294067,0.12542080879211426,0.11475712060928345,0.94295734167099,0.12542080879211426,0.9411667585372925
Custom Bangladeshi E-Waste Image Dataset for Objec/train/images/IMG_20250822_140532_jpg.rf.0b3b51fc5b01db5b96fe5cd358f4f550.jpg,Paper Waste,unknown,,battery,,0.8187353610992432,0.9518075585365295,0.8642138242721558,1.0965580940246582,pcb,,0.9620620608329773,0.9554765224456787,0.8941969275474548,1.087250828742981,0.8187353610992432,0.0454784631729126,0.8941969275474548,0.06127959489822388
Custom Bangladeshi E-Waste Image Dataset for Objec/train/images/IMG_20250822_140532_jpg.rf.59a810e5967a3187afd3cd65a17630df.jpg,Paper Waste,unknown,,battery,,0.8558626174926758,0.9907652139663696,0.8909775614738464,1.102838158607483,pcb,,1.004427433013916,0.9981555938720703,0.8785408735275269,1.0508415699005127,0.8558626174926758,0.035114943981170654,0.8785408735275269,0.11961472034454346
Custom Bangladeshi E-Waste Image Dataset for Objec/train/images/IMG_20250822_140532_jpg.rf.bac4df28c81819914afbf8f4e83bba67.jpg,Paper Waste,unknown,,battery,,0.8346724510192871,0.9706487059593201,0.9005937576293945,1.102563500404358,pcb,,0.9498088359832764,0.978715717792511,0.8817976713180542,1.0713971853256226,0.8346724510192871,0.06592130661010742,0.8817976713180542,0.06801116466522217
Custom Bangladeshi E-Waste Image Dataset for Objec/train/images/IMG_20250822_140535_jpg.rf.473f55701a72df9bb7f25a0eb2b0f5be.jpg,Paper Waste,unknown,,battery,,0.8806150555610657,0.9864746928215027,0.8828499913215637,1.111253023147583,pcb,,1.0210164785385132,0.9692305326461792,0.8757748007774353,1.0646255016326904,0.8806150555610657,0.002234935760498047,0.8757748007774353,0.0934557318687439
Custom Bangladeshi E-Waste Image Dataset for Objec/train/images/IMG_20250822_140535_jpg.rf.922eae9b4cb88ba118b80e3ac68de7e9.jpg,Paper Waste,unknown,,battery,,0.834306538105011,0.9547241926193237,0.8510884642601013,1.0869967937469482,pcb,,0.9718713760375977,0.9615451693534851,0.8989444971084595,1.0705032348632812,0.834306538105011,0.016781926155090332,0.8989444971084595,0.06260067224502563
Custom Bangladeshi E-Waste Image Dataset for Objec/train/images/IMG_20250822_140535_jpg.rf.cf1993ae8f4d0a07c59a99decf5e2249.jpg,Paper Waste,unknown,,battery,,0.8469414114952087,0.9877678751945496,0.8550428152084351,1.0803078413009644,pcb,,0.9905416965484619,0.9716418385505676,0.8617198467254639,1.0827528238296509,0.8469414114952087,0.008101403713226318,0.8617198467254639,0.10992199182510376
Custom Bangladeshi E-Waste Image Dataset for Objec/train/images/IMG_20250822_140551_jpg.rf.5497e848ad3ed0dfe8d4b03be4f67978.jpg,Paper Waste,unknown,,battery,,0.8475292325019836,0.930776059627533,0.9424266219139099,0.9821361303329468,pcb,,0.9683294296264648,0.9752304553985596,0.9233104586601257,1.0109577178955078,0.8475292325019836,0.08324682712554932,0.9233104586601257,0.04501897096633911
Custom Bangladeshi E-Waste Image Dataset for Objec/train/images/IMG_20250822_140551_jpg.rf.6ac81c829b89c7ecaa9257ca3e7b5b1c.jpg,Paper Waste,unknown,,battery,,0.8186937570571899,0.9007856249809265,0.9257268309593201,1.027755618095398,battery,,0.9139936566352844,0.930674135684967,0.9268795251846313,1.0331356525421143,0.8186937570571899,0.08209186792373657,0.9139936566352844,0.012885868549346924
Custom Bangladeshi E-Waste Image Dataset for Objec/train/images/IMG_20250822_140551_jpg.rf.a19b16451b35a17408ee214e777569ab.jpg,Paper Waste,unknown,,mobile,,0.8925390839576721,0.7929638624191284,0.9189521670341492,1.0288270711898804,mobile,,0.9709751605987549,0.8355425000190735,0.9640807509422302,0.9669435620307922,0.7929638624191284,0.0995752215385437,0.8355425000190735,0.12853825092315674
Custom Bangladeshi E-Waste Image Dataset for Objec/train/images/IMG_20250822_140552_jpg.rf.3895aa8b7132cfc9f379733a9474d37b.jpg,Paper Waste,unknown,,battery,,0.8849608302116394,0.8925274014472961,0.9363028407096863,1.003963589668274,mobile,,0.9737710952758789,0.9130564332008362,0.9322352409362793,1.0080937147140503,0.8849608302116394,0.007566571235656738,0.9130564332008362,0.019178807735443115
Custom Bangladeshi E-Waste Image Dataset for Objec/train/images/IMG_20250822_140552_jpg.rf.4ec32c22a5ba8fa1f6e61ccf5323c74a.jpg,Paper Waste,unknown,,mobile,,0.8798141479492188,0.8760616779327393,0.9306158423423767,1.0404205322265625,mobile,,0.9734714031219482,0.897114098072052,0.9293504953384399,0.9995419979095459,0.8760616779327393,0.003752470016479492,0.897114098072052,0.03223639726638794
Custom Bangladeshi E-Waste Image Dataset for Objec/train/images/IMG_20250822_140552_jpg.rf.b0c3c92f2e188c082905abe1c440374e.jpg,Paper Waste,unknown,,mobile,,0.8855053186416626,0.7953969836235046,0.9061722159385681,1.030193567276001,mobile,,0.9746219515800476,0.8402122259140015,0.9622153043746948,0.9665756225585938,0.7953969836235046,0.09010833501815796,0.8402122259140015,0.12200307846069336
Custom Bangladeshi E-Waste Image Dataset for Objec/train/images/IMG_20250822_140555_jpg.rf.2aa500ee6e1d211033fe9ca0f91a8391.jpg,Paper Waste,unknown,,battery,,0.8633689880371094,0.9673234224319458,0.8990716338157654,1.022781252861023,pcb,,0.9709399938583374,0.9556580781936646,0.9030998349189758,1.029576301574707,0.8633689880371094,0.035702645778656006,0.9030998349189758,0.05255824327468872
Custom Bangladeshi E-Waste Image Dataset for Objec/train/images/IMG_20250822_140555_jpg.rf.dc7895c6ba38cae223dc51b7b072d66f.jpg,Paper Waste,unknown,,battery,,0.844398021697998,0.9038223028182983,0.9160083532333374,1.0041344165802002,pcb,,0.9708549380302429,0.8916213512420654,0.8843119740486145,1.0072354078292847,0.844398021697998,0.05942428112030029,0.8843119740486145,0.007309377193450928
Custom Bangladeshi E-Waste Image Dataset for Objec/train/images/IMG_20250822_140555_jpg.rf.e0042c663b3530c6baca32b52f4fd887.jpg,Paper Waste,unknown,,battery,,0.8509634733200073,0.9096352458000183,0.8975232243537903,1.0476372241973877,mobile,,0.9809772968292236,0.9109785556793213,0.937611997127533,0.997445821762085,0.8509634733200073,0.04655975103378296,0.9109785556793213,0.02663344144821167
Custom Bangladeshi E-Waste Image Dataset for Objec/train/images/IMG_20250822_140600_1_jpg.rf.1e163db170fc4bf762ec5928738ad55b.jpg,Paper Waste,unknown,,battery,,0.8524321913719177,0.8743199110031128,0.8788970112800598,1.0595144033432007,mobile,,0.9495232701301575,0.8787168264389038,0.915386438369751,1.012202501296997,0.8524321913719177,0.02188771963119507,0.8787168264389038,0.03666961193084717
Custom Bangladeshi E-Waste Image Dataset for Objec/train/images/IMG_20250822_140600_1_jpg.rf.4e9796f2a168d9cef539e93f50ec97a2.jpg,Paper Waste,unknown,,mobile,,0.9075616598129272,0.8922654390335083,0.9189354777336121,1.0683037042617798,pcb,,0.9328511953353882,0.9175640344619751,0.8955176472663879,1.0414650440216064,0.8922654390335083,0.015296220779418945,0.8955176472663879,0.022046387195587158
Custom Bangladeshi E-Waste Image Dataset for Objec/train/images/IMG_20250822_140600_1_jpg.rf.a990e44f023870dd3f34045da432dc82.jpg,Paper Waste,unknown,,battery,,0.8724511861801147,0.9325471520423889,0.8922041058540344,1.0735455751419067,pcb,,0.9962603449821472,0.931348443031311,0.900287926197052,1.0338770151138306,0.8724511861801147,0.019752919673919678,0.900287926197052,0.031060516834259033
Custom Bangladeshi E-Waste Image Dataset for Objec/train/images/IMG_20250822_140601_jpg.rf.1045e447711bf2b5cfb5e029ec217189.jpg,Paper Waste,unknown,,battery,,0.8528430461883545,0.9401734471321106,0.8955395817756653,1.0183600187301636,pcb,,0.9750016927719116,0.950257420539856,0.8884718418121338,1.0293591022491455,0.8528430461883545,0.04269653558731079,0.8884718418121338,0.06178557872772217
Custom Bangladeshi E-Waste Image Dataset for Objec/train/images/IMG_20250822_140601_jpg.rf.476cf984995c69440226e371e1fa0709.jpg,Paper Waste,unknown,,pcb,,0.8952250480651855,0.9030265212059021,0.89337557554245,1.05202317237854,pcb,,0.9890101552009583,0.9562153220176697,0.9044565558433533,1.05038321018219,0.89337557554245,0.0018494725227355957,0.9044565558433533,0.051758766174316406
Custom Bangladeshi E-Waste Image Dataset for Objec/train/images/IMG_20250822_140601_jpg.rf.f9de4c8d60f00fe685e33cac9aa22f89.jpg,Paper Waste,unknown,,battery,,0.8336899876594543,0.8712910413742065,0.8945724964141846,1.0628095865249634,mobile,,0.9456967115402222,0.8970470428466797,0.9401018023490906,1.0151820182800293,0.8336899876594543,0.0376010537147522,0.8970470428466797,0.04305475950241089
Custom Bangladeshi E-Waste Image Dataset for Objec/train/images/IMG_20250822_140644_jpg.rf.09ad6df32157876dce5e27aebee84940.jpg,Paper Waste,unknown,,pcb,,0.880480170249939,0.8997790217399597,0.8664877414703369,1.0654635429382324,pcb,,0.9791179895401001,0.9303354024887085,0.8959410190582275,1.0284390449523926,0.8664877414703369,0.01399242877960205,0.8959410190582275,0.03439438343048096
Custom Bangladeshi E-Waste Image Dataset for Objec/train/images/IMG_20250822_140644_jpg.rf.09eaf2b7792ab3c887f15a1925909e16.jpg,Paper Waste,unknown,,mobile,,0.8597944974899292,0.8197276592254639,0.8218666315078735,1.1096391677856445,mobile,,0.9498169422149658,0.8126502633094788,0.933338463306427,1.0478769540786743,0.8197276592254639,0.002138972282409668,0.8126502633094788,0.12068819999694824
Custom Bangladeshi E-Waste Image Dataset for Objec/train/images/IMG_20250822_140644_jpg.rf.a7414ad00f78b806070f9ea972a1b2cc.jpg,Paper Waste,unknown,,mobile,,0.9172837138175964,0.8275438547134399,0.8561887741088867,1.0838608741760254,mobile,,0.9685890674591064,0.8936468958854675,0.9121885895729065,1.034930944442749,0.8275438547134399,0.028644919395446777,0.8936468958854675,0.018541693687438965
Custom Bangladeshi E-Waste Image Dataset for Objec/train/images/IMG_20250822_140645_jpg.rf.4a12271e029747006cd87406b2cf5b30.jpg,Paper Waste,unknown,,mobile,,0.8800945281982422,0.8120266199111938,0.8188185691833496,1.1123311519622803,mobile,,0.9569080471992493,0.8269755840301514,0.9255484938621521,1.0407696962356567,0.8120266199111938,0.006791949272155762,0.8269755840301514,0.09857290983200073
Custom Bangladeshi E-Waste Image Dataset for Objec/train/images/IMG_20250822_140645_jpg.rf.9b09187f3c9827ab23ec95fc40e187fd.jpg,Paper Waste,unknown,,pcb,,0.8897747993469238,0.9353572130203247,0.8481037020683289,1.0748111009597778,pcb,,0.9590005874633789,0.9586160182952881,0.9002298712730408,1.023828387260437,0.8481037020683289,0.04167109727859497,0.9002298712730408,0.058386147022247314
Custom Bangladeshi E-Waste Image Dataset for Objec/train/images/IMG_20250822_140645_jpg.rf.f7f8cf4052386b3b58c55fb96e2f222b.jpg,Paper Waste,unknown,,pcb,,0.8603885769844055,0.9242841005325317,0.8524150848388672,1.0685988664627075,pcb,,0.9557352066040039,0.9464050531387329,0.883825957775116,1.0319184064865112,0.8524150848388672,0.00797349214553833,0.883825957775116,0.06257909536361694
Custom Bangladeshi E-Waste Image Dataset for Objec/train/images/IMG_20250822_140647_jpg.rf.93f8e87f04b2c88bf685b329f75f90c5.jpg,Paper Waste,unknown,,mobile,,0.8809230923652649,0.8129339218139648,0.8270686864852905,1.1091499328613281,mobile,,0.951181948184967,0.8143115043640137,0.9250298142433167,1.04438054561615,0.8129339218139648,0.014134764671325684,0.8143115043640137,0.11071830987930298
Custom Bangladeshi E-Waste Image Dataset for Objec/train/images/IMG_20250822_140647_jpg.rf.b6dd718c8ed68ece7a8a9ae44fede69f.jpg,Paper Waste,unknown,,pcb,,0.9117251038551331,0.9196004271507263,0.8918323516845703,1.0817867517471313,pcb,,0.9713636040687561,0.9321395754814148,0.9074561595916748,1.0435984134674072,0.8918323516845703,0.019892752170562744,0.9074561595916748,0.02468341588973999
Custom Bangladeshi E-Waste Image Dataset for Objec/train/images/IMG_20250822_140647_jpg.rf.ce3ffc096268da9333f5e6f9e1a1f2b2.jpg,Paper Waste,unknown,,pcb,,0.8596557378768921,0.929180383682251,0.8402051329612732,1.0768108367919922,pcb,,0.9572582840919495,0.9332661032676697,0.882332444190979,1.038159728050232,0.8402051329612732,0.019450604915618896,0.882332444190979,0.050933659076690674
Custom Bangladeshi E-Waste Image Dataset for Objec/train/images/IMG_20250822_140648_jpg.rf.31a140b86e98d4eff8245451ef07437d.jpg,Paper Waste,unknown,,pcb,,0.9118757247924805,0.9137541651725769,0.8494065403938293,1.085471272468567,pcb,,0.9760247468948364,0.9084048867225647,0.8766865730285645,1.0387071371078491,0.8494065403938293,0.06246918439865112,0.8766865730285645,0.031718313694000244
Custom Bangladeshi E-Waste Image Dataset for Objec/train/images/IMG_20250822_140648_jpg.rf.de9a28a0f88f5c353d1dac9fdefd9760.jpg,Paper Waste,unknown,,mobile,,0.8900354504585266,0.8129934072494507,0.8295460343360901,1.1182105541229248,mobile,,0.9656400084495544,0.8293669819831848,0.9283032417297363,1.039081335067749,0.8129934072494507,0.016552627086639404,0.8293669819831848,0.09893625974655151
Custom Bangladeshi E-Waste Image Dataset for Objec/train/images/IMG_20250822_140648_jpg.rf.ef8e77e0b9446e20dbd84182cdf21c45.jpg,Paper Waste,unknown,,pcb,,0.9097872972488403,0.8341397643089294,0.8332901000976562,1.0723241567611694,pcb,,0.9412459135055542,0.9083893895149231,0.8834654092788696,1.0541898012161255,0.8332901000976562,0.0008496642112731934,0.8834654092788696,0.024923980236053467
Custom Bangladeshi E-Waste Image Dataset for Objec/train/images/IMG_20250822_140738_jpg.rf.4f49cac4c9e960c25cbcbeac04cdb9ee.jpg,Paper Waste,unknown,,battery,,0.6772749423980713,0.9283328652381897,0.8672899007797241,1.0670666694641113,battery,,0.7617810964584351,0.9481188654899597,0.8872681260108948,1.0510038137435913,0.6772749423980713,0.19001495838165283,0.7617810964584351,0.12548702955245972
Custom Bangladeshi E-Waste Image Dataset for Objec/train/images/IMG_20250822_140738_jpg.rf.545c3462a08b9c60d4197878111fec5e.jpg,Paper Waste,unknown,,battery,,0.6261858940124512,0.9508923292160034,0.8347550630569458,1.0745985507965088,battery,,0.841343879699707,0.9229742288589478,0.8680151700973511,1.0361974239349365,0.6261858940124512,0.20856916904449463,0.841343879699707,0.026671290397644043
Custom Bangladeshi E-Waste Image Dataset for Objec/train/images/IMG_20250822_140738_jpg.rf.cc8d723babde729df4c36b85357d19d3.jpg,Paper Waste,unknown,,battery,,0.5558140277862549,0.8441789746284485,0.8687261939048767,1.1020841598510742,battery,,0.6935122013092041,0.8281456828117371,0.9465698003768921,1.0279245376586914,0.5558140277862549,0.2883649468421936,0.6935122013092041,0.13463348150253296
Custom Bangladeshi E-Waste Image Dataset for Objec/train/images/IMG_20250822_140741_jpg.rf.0fcb06c40089dec7800d5312b1d9feed.jpg,Paper Waste,unknown,,battery,,0.5051790475845337,0.9115855693817139,0.8721852898597717,1.0895938873291016,battery,,0.6630853414535522,0.8507111668586731,0.9513075947761536,1.043783187866211,0.5051790475845337,0.36700624227523804,0.6630853414535522,0.18762582540512085
Custom Bangladeshi E-Waste Image Dataset for Objec/train/images/IMG_20250822_140741_jpg.rf.1f5f36babdd2bc9df99e99c0fde966b6.jpg,Paper Waste,unknown,,battery,,0.5506513714790344,0.9577018022537231,0.8778489232063293,1.0998117923736572,battery,,0.7189751863479614,0.8986438512802124,0.8968670964241028,1.0498452186584473,0.5506513714790344,0.3271975517272949,0.7189751863479614,0.17789191007614136
Custom Bangladeshi E-Waste Image Dataset for Objec/train/images/IMG_20250822_140741_jpg.rf.fe32131ae063386bab3591e1c7cb4318.jpg,Paper Waste,unknown,,battery,,0.6152799129486084,0.8641294240951538,0.8760916590690613,1.0891519784927368,battery,,0.7477235794067383,0.8880001902580261,0.9244688153266907,1.0438016653060913,0.6152799129486084,0.2488495111465454,0.7477235794067383,0.14027661085128784
Custom Bangladeshi E-Waste Image Dataset for Objec/train/images/IMG_20250822_140748_jpg.rf.6a69062179569d969d864a8dd22793e6.jpg,Paper Waste,unknown,,battery,,0.4904989004135132,0.8989932537078857,0.879918098449707,1.0841749906539917,battery,,0.6545059680938721,0.910518229007721,0.9015974998474121,1.0303195714950562,0.4904989004135132,0.38941919803619385,0.6545059680938721,0.24709153175354004
Custom Bangladeshi E-Waste Image Dataset for Objec/train/images/IMG_20250822_140748_jpg.rf.799ced8bcf0149ae61cd10d8cd6264c6.jpg,Paper Waste,unknown,,battery,,0.5156652331352234,0.8872900605201721,0.8817100524902344,1.084654688835144,battery,,0.736504316329956,0.8420752882957458,0.9345619082450867,1.0366114377975464,0.5156652331352234,0.366044819355011,0.736504316329956,0.1055709719657898
Custom Bangladeshi E-Waste Image Dataset for Objec/train/images/IMG_20250822_140748_jpg.rf.94273236700b31874e0ef1df678950f4.jpg,Paper Waste,unknown,,battery,,0.5163102149963379,0.9072016477584839,0.8968608379364014,1.0713136196136475,battery,,0.6829032897949219,0.8867859244346619,0.9134106636047363,1.0366747379302979,0.5163102149963379,0.3805506229400635,0.6829032897949219,0.20388263463974
Custom Bangladeshi E-Waste Image Dataset for Objec/train/images/IMG_20250822_140754_jpg.rf.1075521272da2f2118e2ce022e37950d.jpg,Paper Waste,unknown,,battery,,0.46504294872283936,0.794596791267395,0.9347987174987793,1.0800966024398804,battery,,0.607898473739624,0.8230960369110107,0.9280911684036255,1.0111875534057617,0.46504294872283936,0.32955384254455566,0.607898473739624,0.21519756317138672
Custom Bangladeshi E-Waste Image Dataset for Objec/train/images/IMG_20250822_140754_jpg.rf.8350896b511139009985c66e777d68f1.jpg,Paper Waste,unknown,,battery,,0.5064456462860107,0.7971296310424805,0.9445085525512695,1.0692020654678345,battery,,0.6623027324676514,0.8388978838920593,0.9424428939819336,1.001322627067566,0.5064456462860107,0.2906839847564697,0.6623027324676514,0.17659515142440796
Custom Bangladeshi E-Waste Image Dataset for Objec/train/images/IMG_20250822_140754_jpg.rf.973205f521512bafdeeeb79fb66f617c.jpg,Paper Waste,unknown,,battery,,0.6187918186187744,0.811359167098999,0.8730587959289551,1.0495127439498901,battery,,0.7203463315963745,0.8005764484405518,0.937616765499115,1.003663182258606,0.6187918186187744,0.1925673484802246,0.7203463315963745,0.08023011684417725
Custom Bangladeshi E-Waste Image Dataset for Objec/train/images/IMG_20250822_140757_jpg.rf.0e8687ed865dfb577a503d05f5a94895.jpg,Paper Waste,unknown,,battery,,0.6370342969894409,0.7911640405654907,0.908139705657959,1.0609865188598633,mobile,,0.7585246562957764,0.7426263093948364,0.9452530741691589,1.034173607826233,0.6370342969894409,0.1541297435760498,0.7426263093948364,0.01589834690093994
Custom Bangladeshi E-Waste Image Dataset for Objec/train/images/IMG_20250822_140757_jpg.rf.f7809cbba6f1a78a7c0d3d1c87b4aa33.jpg,Paper Waste,unknown,,battery,,0.6083008050918579,0.8299292922019958,0.9051328897476196,1.0505609512329102,battery,,0.756264328956604,0.8549001216888428,0.9302743673324585,1.0023853778839111,0.6083008050918579,0.22162848711013794,0.756264328956604,0.09863579273223877
Custom Bangladeshi E-Waste Image Dataset for Objec/train/images/IMG_20250822_140757_jpg.rf.fa6f1d151a59757298e40c555f440c81.jpg,Paper Waste,unknown,,battery,,0.5438351631164551,0.7423806190490723,0.9639787077903748,1.0794122219085693,battery,,0.6780149936676025,0.825203537940979,0.9852845668792725,0.9871232509613037,0.5438351631164551,0.1985454559326172,0.6780149936676025,0.14718854427337646
Custom Bangladeshi E-Waste Image Dataset for Objec/train/images/IMG_20250822_140758_jpg.rf.362183c2d74f8cdaedc7aeb6958d0940.jpg,Paper Waste,unknown,,battery,,0.66679447889328,0.7508744597434998,0.9146415591239929,1.0144543647766113,mobile,,0.8075353503227234,0.7880079746246338,0.9633122682571411,1.0154646635055542,0.66679447889328,0.08407998085021973,0.7880079746246338,0.0195273756980896
Custom Bangladeshi E-Waste Image Dataset for Objec/train/images/IMG_20250822_140758_jpg.rf.8725f14a7992ac8984dde68c2068ba5a.jpg,Paper Waste,unknown,,battery,,0.6645859479904175,0.7753622531890869,0.9229013919830322,1.0658067464828491,battery,,0.779793381690979,0.8202377557754517,0.97679603099823,0.9870486259460449,0.6645859479904175,0.11077630519866943,0.779793381690979,0.040444374084472656
Custom Bangladeshi E-Waste Image Dataset for Objec/train/images/IMG_20250822_140758_jpg.rf.db9b87e0dd5e8af5afe557761680e1f1.jpg,Paper Waste,unknown,,battery,,0.5424493551254272,0.7526349425315857,0.9647263288497925,1.069580316543579,battery,,0.6633716821670532,0.8223293423652649,0.9658029079437256,0.9839867353439331,0.5424493551254272,0.21018558740615845,0.6633716821670532,0.15895766019821167
Custom Bangladeshi E-Waste Image Dataset for Objec/train/images/IMG_20250822_140800_jpg.rf.17f7479c1b9ef9202808dc779ab11ca2.jpg,Paper Waste,unknown,,battery,,0.6681421995162964,0.8237610459327698,0.8961365818977356,1.0141328573226929,battery,,0.7875447273254395,0.8049119710922241,0.9224988222122192,1.0215603113174438,0.6681421995162964,0.1556188464164734,0.7875447273254395,0.017367243766784668
Custom Bangladeshi E-Waste Image Dataset for Objec/train/images/IMG_20250822_140800_jpg.rf.6ec8bd20ddd1946c3d490dffe04961f8.jpg,Paper Waste,unknown,,battery,,0.6152448654174805,0.811061680316925,0.9491820335388184,1.0669516324996948,battery,,0.7525559663772583,0.8319871425628662,0.9508366584777832,1.0107496976852417,0.6152448654174805,0.19581681489944458,0.7525559663772583,0.07943117618560791
Custom Bangladeshi E-Waste Image Dataset for Objec/train/images/IMG_20250822_140800_jpg.rf.bf73f4f6523443798e9dea3f8a25cc37.jpg,Paper Waste,unknown,,battery,,0.5306280851364136,0.7496359348297119,0.961093544960022,1.0960168838500977,battery,,0.6405367851257324,0.8435513973236084,0.939020037651062,0.9838016629219055,0.5306280851364136,0.21900784969329834,0.6405367851257324,0.20301461219787598
Custom Bangladeshi E-Waste Image Dataset for Objec/train/images/IMG_20250822_140818_jpg.rf.1ac8ac6bf7d26cdf2c1b8aebbea5232c.jpg,Paper Waste,unknown,,battery,,0.6909714937210083,0.8853712677955627,0.8830500245094299,1.0277568101882935,battery,,0.7500272393226624,0.924848198890686,0.8898515701293945,1.0243409872055054,0.6909714937210083,0.19207853078842163,0.7500272393226624,0.13982433080673218
Custom Bangladeshi E-Waste Image Dataset for Objec/train/images/IMG_20250822_140818_jpg.rf.ef8373924db249abf27b0a33c01c980c.jpg,Paper Waste,unknown,,battery,,0.6731761693954468,0.9491437077522278,0.9308976531028748,1.0692484378814697,battery,,0.7733863592147827,0.9861195683479309,0.901355504989624,1.0391714572906494,0.6731761693954468,0.257721483707428,0.7733863592147827,0.1279691457748413
Custom Bangladeshi E-Waste Image Dataset for Objec/train/images/IMG_20250822_140818_jpg.rf.f9f0a3597d0561a06ad7c941cf0247de.jpg,Paper Waste,unknown,,battery,,0.5916393995285034,0.7524517178535461,0.8729090094566345,1.0566308498382568,battery,,0.6845141649246216,0.8427977561950684,0.9221913814544678,1.0211454629898071,0.5916393995285034,0.16081231832504272,0.6845141649246216,0.15828359127044678
Custom Bangladeshi E-Waste Image Dataset for Objec/train/images/IMG_20250822_140828_jpg.rf.6b71b425a0fd5570a09e8b41c7b392e7.jpg,Paper Waste,unknown,,battery,,0.607905387878418,0.9842534065246582,0.9213347434997559,1.0523159503936768,battery,,0.7552827000617981,0.9482519626617432,0.9458472728729248,1.0141637325286865,0.607905387878418,0.3134293556213379,0.7552827000617981,0.1905645728111267
Custom Bangladeshi E-Waste Image Dataset for Objec/train/images/IMG_20250822_140828_jpg.rf.7c37f5768f2911a979cb13d7ac9c0a9a.jpg,Paper Waste,unknown,,battery,,0.5972986221313477,0.7999955415725708,0.9591200351715088,1.071176290512085,battery,,0.662092924118042,0.8453764915466309,0.9930347204208374,0.9634015560150146,0.5972986221313477,0.20269691944122314,0.662092924118042,0.18328356742858887
Custom Bangladeshi E-Waste Image Dataset for Objec/train/images/IMG_20250822_140828_jpg.rf.f5af20543af37ae6879a018deb8a2bd0.jpg,Paper Waste,unknown,,battery,,0.6969394683837891,0.9469983577728271,0.9311237931251526,1.0914926528930664,battery,,0.8016017079353333,0.9241901636123657,0.9097228050231934,1.0535719394683838,0.6969394683837891,0.23418432474136353,0.8016017079353333,0.10812109708786011
Custom Bangladeshi E-Waste Image Dataset for Objec/train/images/IMG_20250822_140830_jpg.rf.1de48ea5d072975d24dfb85a890b6ddf.jpg,Paper Waste,unknown,,battery,,0.6082779765129089,0.9670504927635193,0.9140896201133728,1.0537196397781372,battery,,0.7395038604736328,0.9367002844810486,0.920513927936554,1.0207569599151611,0.6082779765129089,0.30581164360046387,0.7395038604736328,0.18101006746292114
Custom Bangladeshi E-Waste Image Dataset for Objec/train/images/IMG_20250822_140830_jpg.rf.cfd5fc9c907219a20101ae4c5d3f285f.jpg,Paper Waste,unknown,,battery,,0.5979605317115784,0.80472731590271,0.9683288931846619,1.0696018934249878,battery,,0.6246685981750488,0.8461385369300842,0.9673396944999695,0.984445333480835,0.5979605317115784,0.2067667841911316,0.6246685981750488,0.2214699387550354
Custom Bangladeshi E-Waste Image Dataset for Objec/train/images/IMG_20250822_140830_jpg.rf.d568c1077f3e2f86a1f2ee2fbe7db54b.jpg,Paper Waste,unknown,,battery,,0.6054670214653015,0.8912071585655212,0.8965650200843811,1.054464340209961,battery,,0.7346010804176331,0.9252269268035889,0.9199497699737549,1.0147738456726074,0.6054670214653015,0.2857401371002197,0.7346010804176331,0.18534868955612183
Custom Bangladeshi E-Waste Image Dataset for Objec/train/images/IMG_20250822_140837_jpg.rf.8df9acb328b0458bd4f7fa32cf155c3d.jpg,Paper Waste,unknown,,battery,,0.7092903256416321,0.8148135542869568,0.9107613563537598,1.0750024318695068,battery,,0.8140935897827148,0.8716213703155518,0.898695170879364,1.0299664735794067,0.7092903256416321,0.10552322864532471,0.8140935897827148,0.057527780532836914
Custom Bangladeshi E-Waste Image Dataset for Objec/train/images/IMG_20250822_140837_jpg.rf.a5df1ace9dc9d7935ee98c535e612974.jpg,Paper Waste,unknown,,battery,,0.6009372472763062,0.7852380275726318,0.908159613609314,1.0445584058761597,battery,,0.6595884561538696,0.8490657210350037,0.909220814704895,0.9673589468002319,0.6009372472763062,0.18430078029632568,0.6595884561538696,0.18947726488113403
Custom Bangladeshi E-Waste Image Dataset for Objec/train/images/IMG_20250822_140837_jpg.rf.a6b9149efa2a5db8f22966e5480b02a2.jpg,Paper Waste,unknown,,battery,,0.6639950275421143,0.8764311075210571,0.8853131532669067,1.0919660329818726,battery,,0.795880913734436,0.9290903806686401,0.9163051843643188,1.0101581811904907,0.6639950275421143,0.21243607997894287,0.795880913734436,0.12042427062988281
Custom Bangladeshi E-Waste Image Dataset for Objec/train/images/IMG_20250822_140904_jpg.rf.a9c604917f2fd85e01fc7c40c204e380.jpg,Paper Waste,unknown,,battery,,0.6759201288223267,0.8641173839569092,0.9021862745285034,1.048940658569336,battery,,0.763077974319458,0.9267951250076294,0.9048683643341064,1.0333436727523804,0.6759201288223267,0.18819725513458252,0.763077974319458,0.14179039001464844
Custom Bangladeshi E-Waste Image Dataset for Objec/train/images/IMG_20250822_140904_jpg.rf.b9c81ee49e80219e42f2d7cf2fa1bd1f.jpg,Paper Waste,unknown,,battery,,0.566445529460907,0.7735772132873535,0.946872353553772,1.0814785957336426,battery,,0.7215416431427002,0.8493982553482056,0.9599937796592712,1.0163768529891968,0.566445529460907,0.20713168382644653,0.7215416431427002,0.12785661220550537
Custom Bangladeshi E-Waste Image Dataset for Objec/train/images/IMG_20250822_140904_jpg.rf.e1da3f55fec468daaa9072af13976cea.jpg,Paper Waste,unknown,,battery,,0.6576343774795532,0.8198351263999939,0.9202846884727478,1.0531343221664429,battery,,0.7590922713279724,0.9047015905380249,0.924920916557312,1.0386677980422974,0.6576343774795532,0.16220074892044067,0.7590922713279724,0.1456093192100525
Custom Bangladeshi E-Waste Image Dataset for Objec/train/images/IMG_20250822_140907_1_jpg.rf.1a6312f51a92d072d2aeb06b2fc0b0ad.jpg,Paper Waste,unknown,,mobile,,0.6989715099334717,0.6985870599746704,0.8847219944000244,1.0651195049285889,mobile,,0.7963969707489014,0.7844305634498596,0.8826789259910583,1.0042872428894043,0.6985870599746704,0.00038444995880126953,0.7844305634498596,0.011966407299041748
Custom Bangladeshi E-Waste Image Dataset for Objec/train/images/IMG_20250822_140907_1_jpg.rf.7a39706f94b11d8a3e81ec95dec03fd0.jpg,Paper Waste,unknown,,battery,,0.6328197121620178,0.7969987392425537,0.8872109651565552,1.048585057258606,battery,,0.759006917476654,0.8454646468162537,0.8780904412269592,1.0268778800964355,0.6328197121620178,0.1641790270805359,0.759006917476654,0.08645772933959961
Custom Bangladeshi E-Waste Image Dataset for Objec/train/images/IMG_20250822_140907_1_jpg.rf.bbe8d356cf2f2557e4d9d35cb75cd509.jpg,Paper Waste,unknown,,battery,,0.6939142346382141,0.8441038131713867,0.8951632976531982,1.0316166877746582,battery,,0.7991194725036621,0.8932844996452332,0.8671972155570984,1.0065078735351562,0.6939142346382141,0.1501895785331726,0.7991194725036621,0.06807774305343628
Custom Bangladeshi E-Waste Image Dataset for Objec/train/images/IMG_20250822_140910_jpg.rf.434e39b5ec6e105fb7fe6c860801f285.jpg,Paper Waste,unknown,,battery,,0.7119547724723816,0.8781377077102661,0.8912675380706787,1.0537229776382446,battery,,0.7870947122573853,0.9409745931625366,0.878669798374176,1.046372413635254,0.7119547724723816,0.16618293523788452,0.7870947122573853,0.09157508611679077
Custom Bangladeshi E-Waste Image Dataset for Objec/train/images/IMG_20250822_140910_jpg.rf.445d6ffc961026cbcbd620777a710209.jpg,Paper Waste,unknown,,battery,,0.6605156660079956,0.7461113333702087,0.9208928346633911,1.0795975923538208,battery,,0.8230024576187134,0.8500848412513733,0.864215612411499,1.020728349685669,0.6605156660079956,0.08559566736221313,0.8230024576187134,0.027082383632659912
Custom Bangladeshi E-Waste Image Dataset for Objec/train/images/IMG_20250822_140910_jpg.rf.956d88fb4a1e54e56d9ed126f5d5debd.jpg,Paper Waste,unknown,,battery,,0.6807336807250977,0.9048879146575928,0.9003700613975525,1.0326071977615356,battery,,0.8301583528518677,0.9181917309761047,0.883846640586853,1.033673882484436,0.6807336807250977,0.21963638067245483,0.8301583528518677,0.05368828773498535
Custom Bangladeshi E-Waste Image Dataset for Objec/train/images/IMG_20250822_141130_jpg.rf.41bd16fd2f883dd117c286631036c3cd.jpg,Metal Waste,unknown,,battery,,0.6108816862106323,0.9936124682426453,0.7577880024909973,1.0438218116760254,pcb,,0.7805222868919373,0.9904370307922363,0.7472808361053467,1.0239717960357666,0.6108816862106323,0.146906316280365,0.7472808361053467,0.033241450786590576
Custom Bangladeshi E-Waste Image Dataset for Objec/train/images/IMG_20250822_141130_jpg.rf.79966f3c2e1a2134b6e3f7bcd437063a.jpg,Metal Waste,unknown,,battery,,0.6677504777908325,0.997521162033081,0.7073922157287598,1.0270546674728394,pcb,,0.8006600141525269,1.005723476409912,0.7145702838897705,1.01470947265625,0.6677504777908325,0.039641737937927246,0.7145702838897705,0.08608973026275635
Custom Bangladeshi E-Waste Image Dataset for Objec/train/images/IMG_20250822_141130_jpg.rf.ebb2a4e1b184b05a88459b334030de97.jpg,Metal Waste,unknown,,battery,,0.6353280544281006,0.9935888051986694,0.8283970355987549,1.0648250579833984,pcb,,0.7980650067329407,0.9636109471321106,0.7907298803329468,1.0264004468917847,0.6353280544281006,0.1930689811706543,0.7907298803329468,0.0073351263999938965
Custom Bangladeshi E-Waste Image Dataset for Objec/train/images/IMG_20250822_141138_jpg.rf.52689dea72210310654694b117c0a636.jpg,Metal Waste,unknown,,battery,,0.6248217821121216,1.027744174003601,0.7454856634140015,1.045061469078064,pcb,,0.8057694435119629,1.0199029445648193,0.7698774337768555,1.0313775539398193,0.6248217821121216,0.12066388130187988,0.7698774337768555,0.03589200973510742
Custom Bangladeshi E-Waste Image Dataset for Objec/train/images/IMG_20250822_141138_jpg.rf.7aa38ade6237cbabbaa0230d6ff4639c.jpg,Metal Waste,unknown,,battery,,0.6611242890357971,0.9972196221351624,0.7464966773986816,1.0787012577056885,pcb,,0.8085419535636902,1.0092977285385132,0.7789773941040039,1.0461058616638184,0.6611242890357971,0.08537238836288452,0.7789773941040039,0.02956455945968628
Custom Bangladeshi E-Waste Image Dataset for Objec/train/images/IMG_20250822_141138_jpg.rf.d63e253e38f9872b10b209afade18494.jpg,Metal Waste,unknown,,battery,,0.6708732843399048,1.0018737316131592,0.7644399404525757,1.057752013206482,pcb,,0.8223611116409302,0.9879662990570068,0.7934747934341431,1.0300312042236328,0.6708732843399048,0.0935666561126709,0.7934747934341431,0.02888631820678711
Custom Bangladeshi E-Waste Image Dataset for Objec/train/images/IMG_20250822_141141_jpg.rf.031cb8b6f6b4889a8fa742d84b003944.jpg,Metal Waste,unknown,,battery,,0.6721246838569641,0.9916730523109436,0.7881042957305908,1.0608875751495361,pcb,,0.8026556968688965,1.0079305171966553,0.7627251148223877,1.0702123641967773,0.6721246838569641,0.11597961187362671,0.7627251148223877,0.03993058204650879
Custom Bangladeshi E-Waste Image Dataset for Objec/train/images/IMG_20250822_141141_jpg.rf.7eaa61fa0beb970e18ccc5b4555293e4.jpg,Metal Waste,unknown,,battery,,0.6175752282142639,0.9927024245262146,0.7256328463554382,1.0544179677963257,pcb,,0.7944291830062866,0.9998297095298767,0.7559869289398193,1.0359694957733154,0.6175752282142639,0.10805761814117432,0.7559869289398193,0.038442254066467285
Custom Bangladeshi E-Waste Image Dataset for Objec/train/images/IMG_20250822_141141_jpg.rf.9cb5e9aa99be0146d84cdf43302f721c.jpg,Metal Waste,unknown,,battery,,0.6382733583450317,1.0164821147918701,0.7648200392723083,1.0500861406326294,pcb,,0.8106890916824341,1.018069863319397,0.7400624752044678,1.0393556356430054,0.6382733583450317,0.1265466809272766,0.7400624752044678,0.07062661647796631
Custom Bangladeshi E-Waste Image Dataset for Objec/train/images/IMG_20250822_141150_jpg.rf.189c51b23ca1ce8af42ca5725ab365c0.jpg,Metal Waste,unknown,,battery,,0.7101943492889404,0.8678082823753357,0.8342010974884033,1.02299165725708,pcb,,0.8014483451843262,0.9419342279434204,0.7806320190429688,1.0281236171722412,0.7101943492889404,0.12400674819946289,0.7806320190429688,0.020816326141357422
Custom Bangladeshi E-Waste Image Dataset for Objec/train/images/IMG_20250822_141150_jpg.rf.71460e4ff4394df89381513dea2ea4f7.jpg,Metal Waste,unknown,,battery,,0.7592630982398987,0.936363697052002,0.807498574256897,1.0217301845550537,pcb,,0.8374245762825012,0.9784905314445496,0.8221007585525513,1.0237178802490234,0.7592630982398987,0.04823547601699829,0.8221007585525513,0.015323817729949951
Custom Bangladeshi E-Waste Image Dataset for Objec/train/images/IMG_20250822_141150_jpg.rf.975a88faf2d5dd2287b9d2124df1d5cd.jpg,Metal Waste,unknown,,battery,,0.73066246509552,0.8559684753417969,0.8704768419265747,1.0143868923187256,pcb,,0.8328518867492676,0.9484549760818481,0.8105090856552124,0.9984999895095825,0.73066246509552,0.12530601024627686,0.8105090856552124,0.022342801094055176
Custom Bangladeshi E-Waste Image Dataset for Objec/train/images/IMG_20250822_141221_jpg.rf.2c84fb3f6ee85246734f74d72f524315.jpg,Metal Waste,unknown,,battery,,0.7438203692436218,0.9109022617340088,0.8234667778015137,1.052408218383789,pcb,,0.8629829287528992,0.9070726037025452,0.8242462873458862,1.0253018140792847,0.7438203692436218,0.07964640855789185,0.8242462873458862,0.03873664140701294
Custom Bangladeshi E-Waste Image Dataset for Objec/train/images/IMG_20250822_141221_jpg.rf.37571198a4b0fa52497e433408c0a1a5.jpg,Metal Waste,unknown,,battery,,0.668349027633667,0.834996223449707,0.8138250112533569,1.0613038539886475,pcb,,0.8219478130340576,0.875141441822052,0.7975953817367554,1.0516444444656372,0.668349027633667,0.14547598361968994,0.7975953817367554,0.024352431297302246
Custom Bangladeshi E-Waste Image Dataset for Objec/train/images/IMG_20250822_141221_jpg.rf.ec2c70fdffdeeb014f759fdcde8ecc27.jpg,Metal Waste,unknown,,battery,,0.7531252503395081,0.8860899209976196,0.8104128837585449,1.0565314292907715,pcb,,0.8646970987319946,0.9196703433990479,0.8384692668914795,1.0355075597763062,0.7531252503395081,0.057287633419036865,0.8384692668914795,0.026227831840515137
Custom Bangladeshi E-Waste Image Dataset for Objec/train/images/IMG_20250822_141250_jpg.rf.35fe19b37f396ddda79c35d406160f79.jpg,Metal Waste,unknown,,battery,,0.6651992797851562,0.9061485528945923,0.9605263471603394,1.0471348762512207,battery,,0.7975789904594421,0.8977930545806885,0.9468950033187866,1.0409197807312012,0.6651992797851562,0.24094927310943604,0.7975789904594421,0.10021406412124634
Custom Bangladeshi E-Waste Image Dataset for Objec/train/images/IMG_20250822_141250_jpg.rf.50297d6cc9afa76cda1785e24acbd8f1.jpg,Metal Waste,unknown,,battery,,0.7001326084136963,0.8724008798599243,0.959629476070404,1.0473467111587524,battery,,0.7884467840194702,0.9100319147109985,0.8986838459968567,1.0586949586868286,0.7001326084136963,0.17226827144622803,0.7884467840194702,0.11023706197738647
Custom Bangladeshi E-Waste Image Dataset for Objec/train/images/IMG_20250822_141250_jpg.rf.6c6283243052a54d01c399c0e5456b79.jpg,Metal Waste,unknown,,battery,,0.6328331232070923,0.8662641048431396,1.0369901657104492,1.0584838390350342,battery,,0.7683975696563721,0.837450385093689,0.9690308570861816,1.0443867444992065,0.6328331232070923,0.23343098163604736,0.7683975696563721,0.0690528154373169
Custom Bangladeshi E-Waste Image Dataset for Objec/train/images/IMG_20250822_141251_jpg.rf.6ecd98889c5761814a9ccdaf7f7b3e86.jpg,Metal Waste,unknown,,battery,,0.6434602737426758,0.9008160829544067,0.9944048523902893,1.0507850646972656,battery,,0.7731301784515381,0.9011777639389038,0.9698841571807861,1.0442726612091064,0.6434602737426758,0.25735580921173096,0.7731301784515381,0.12804758548736572
Custom Bangladeshi E-Waste Image Dataset for Objec/train/images/IMG_20250822_141251_jpg.rf.9e1a90d5291a207a0c81cf693a734426.jpg,Metal Waste,unknown,,battery,,0.6416172981262207,0.9169475436210632,1.0207396745681763,1.034578561782837,battery,,0.839512825012207,0.909930944442749,0.9693674445152283,1.039763331413269,0.6416172981262207,0.27533024549484253,0.839512825012207,0.07041811943054199
Custom Bangladeshi E-Waste Image Dataset for Objec/train/images/IMG_20250822_141251_jpg.rf.ae56b79481fc313353c306dead600f7d.jpg,Metal Waste,unknown,,battery,,0.6569319367408752,0.8853979110717773,1.0248674154281616,1.0565385818481445,battery,,0.7806864380836487,0.8479945063591003,0.9810923933982849,1.018418312072754,0.6569319367408752,0.2284659743309021,0.7806864380836487,0.06730806827545166
Custom Bangladeshi E-Waste Image Dataset for Objec/train/images/IMG_20250822_141252_jpg.rf.7e1354d966e7d3f62599c5ff025997bc.jpg,Metal Waste,unknown,,battery,,0.648455798625946,0.8738265037536621,1.0065817832946777,1.0467559099197388,battery,,0.8001714944839478,0.9208323359489441,0.9403554797172546,1.059502363204956,0.648455798625946,0.22537070512771606,0.8001714944839478,0.12066084146499634
Custom Bangladeshi E-Waste Image Dataset for Objec/train/images/IMG_20250822_141252_jpg.rf.acfca3374be3b366bee8f7fa625b0423.jpg,Metal Waste,unknown,,battery,,0.6434434652328491,0.8729711771011353,1.0178768634796143,1.0533403158187866,battery,,0.7672495245933533,0.83533775806427,0.9997891187667847,1.0179156064987183,0.6434434652328491,0.22952771186828613,0.7672495245933533,0.06808823347091675
Custom Bangladeshi E-Waste Image Dataset for Objec/train/images/IMG_20250822_141252_jpg.rf.b9c7ac2d850c817b96e32f3e270defc3.jpg,Metal Waste,unknown,,battery,,0.6800919771194458,0.9087179899215698,0.9623534083366394,1.0351752042770386,battery,,0.818366289138794,0.9177341461181641,0.9204371571540833,1.0541229248046875,0.6800919771194458,0.22862601280212402,0.818366289138794,0.09936785697937012
Custom Bangladeshi E-Waste Image Dataset for Objec/train/images/IMG_20250822_141304_jpg.rf.0c27dfbed988c1f9722ab83ef2bb5d2f.jpg,Metal Waste,unknown,,battery,,0.728598415851593,0.9190999865531921,0.8916161060333252,1.0493254661560059,battery,,0.7996394038200378,0.9265902638435364,0.9045977592468262,1.0518620014190674,0.728598415851593,0.16301769018173218,0.7996394038200378,0.10495835542678833
Custom Bangladeshi E-Waste Image Dataset for Objec/train/images/IMG_20250822_141304_jpg.rf.a89b4b1e653957c072407e15ebc2385b.jpg,Metal Waste,unknown,,battery,,0.7505397796630859,0.9411141276359558,0.9171459078788757,0.9936823844909668,battery,,0.8713312745094299,0.9645651578903198,0.9282040596008301,1.0358531475067139,0.7505397796630859,0.1666061282157898,0.8713312745094299,0.056872785091400146
Custom Bangladeshi E-Waste Image Dataset for Objec/train/images/IMG_20250822_141304_jpg.rf.e833de46ca1ceac6b7dfc120ea66e449.jpg,Metal Waste,unknown,,battery,,0.6650845408439636,0.8367063403129578,0.9520241618156433,1.0507900714874268,battery,,0.7790321111679077,0.8489530086517334,0.9528799653053284,1.031633973121643,0.6650845408439636,0.17162179946899414,0.7790321111679077,0.06992089748382568
Custom Bangladeshi E-Waste Image Dataset for Objec/train/images/IMG_20250822_141402_jpg.rf.147dbc7c98a9e7847b93c64852d91305.jpg,Light Bulb,unknown,,battery,,0.6027704477310181,0.9134248495101929,0.9228543639183044,0.969186007976532,battery,,0.7932975888252258,0.9604805111885071,0.8266906142234802,0.9416971802711487,0.6027704477310181,0.3106544017791748,0.7932975888252258,0.033393025398254395
Custom Bangladeshi E-Waste Image Dataset for Objec/train/images/IMG_20250822_141402_jpg.rf.214c85d011255ecfc4a91b59fcc776e0.jpg,Light Bulb,unknown,,battery,,0.5875208377838135,0.9121413826942444,0.9339873790740967,0.9395397305488586,battery,,0.7682616710662842,0.9493304491043091,0.8686584234237671,0.9290086030960083,0.5875208377838135,0.3246205449104309,0.7682616710662842,0.10039675235748291
Custom Bangladeshi E-Waste Image Dataset for Objec/train/images/IMG_20250822_141402_jpg.rf.21c2253da654d790d3abcf04666f1d11.jpg,Light Bulb,unknown,,battery,,0.5786535143852234,0.943149209022522,0.9026098847389221,0.9663118720054626,pcb,,0.8362610340118408,1.0090638399124146,0.8080364465713501,0.9807395935058594,0.5786535143852234,0.32395637035369873,0.8080364465713501,0.028224587440490723
Custom Bangladeshi E-Waste Image Dataset for Objec/train/images/IMG_20250822_141403_jpg.rf.19e3d232d5904a652a032787d25f6cd9.jpg,Light Bulb,unknown,,battery,,0.6751028299331665,0.9391295313835144,0.9296151399612427,0.9426618218421936,pcb,,0.8912457823753357,0.991054892539978,0.8352477550506592,0.9480684399604797,0.6751028299331665,0.25451231002807617,0.8352477550506592,0.055998027324676514
Custom Bangladeshi E-Waste Image Dataset for Objec/train/images/IMG_20250822_141403_jpg.rf.1c586b0421fa11959c4e118b1910d8e2.jpg,Light Bulb,unknown,,battery,,0.5843042135238647,0.934740424156189,0.9257147908210754,0.9479178190231323,battery,,0.7763667702674866,0.943484902381897,0.8711572289466858,0.9231815338134766,0.5843042135238647,0.3414105772972107,0.7763667702674866,0.09479045867919922
Custom Bangladeshi E-Waste Image Dataset for Objec/train/images/IMG_20250822_141403_jpg.rf.99bd644f598956021c62cf44dffacd07.jpg,Light Bulb,unknown,,battery,,0.6184240579605103,0.9184544682502747,0.927273690700531,0.9783326983451843,pcb,,0.8600606322288513,0.9940885305404663,0.8310254812240601,0.95303875207901,0.6184240579605103,0.3000304102897644,0.8310254812240601,0.02903515100479126
Custom Bangladeshi E-Waste Image Dataset for Objec/train/images/IMG_20250822_141411_jpg.rf.7f97275e9e873ecb13a34916d817598d.jpg,Light Bulb,unknown,,battery,,0.6181137561798096,0.9442248940467834,0.9108332395553589,0.9763152003288269,pcb,,0.8502614498138428,1.0086802244186401,0.8345553278923035,0.95660799741745,0.6181137561798096,0.2927194833755493,0.8345553278923035,0.015706121921539307
Custom Bangladeshi E-Waste Image Dataset for Objec/train/images/IMG_20250822_141411_jpg.rf.e3fd0bbd8578b6e85384de5de1f4eb25.jpg,Light Bulb,unknown,,battery,,0.5778815746307373,0.9638521671295166,0.8923922777175903,0.9767182469367981,battery,,0.8187370896339417,0.9967602491378784,0.8349183797836304,0.9617847204208374,0.5778815746307373,0.314510703086853,0.8187370896339417,0.01618129014968872
Custom Bangladeshi E-Waste Image Dataset for Objec/train/images/IMG_20250822_141411_jpg.rf.ee4dc4defee0fcfc3d33d7897f74fd85.jpg,Light Bulb,unknown,,battery,,0.5512968897819519,0.8947514891624451,0.9257408976554871,0.9661955833435059,battery,,0.7823100090026855,0.9744391441345215,0.8783642053604126,0.9401721954345703,0.5512968897819519,0.34345459938049316,0.7823100090026855,0.09605419635772705
Custom Bangladeshi E-Waste Image Dataset for Objec/train/images/IMG_20250822_141412_jpg.rf.3d05d23629aa3c7c3dc4bf5fb475b8ab.jpg,Light Bulb,unknown,,battery,,0.6393117904663086,0.9549800753593445,0.9233334064483643,0.9611324667930603,pcb,,0.8572096824645996,0.9892444610595703,0.8190535306930542,0.9806489944458008,0.6393117904663086,0.28402161598205566,0.8190535306930542,0.03815615177154541
Custom Bangladeshi E-Waste Image Dataset for Objec/train/images/IMG_20250822_141412_jpg.rf.81af21f015e7d5568f37506b5bd2f173.jpg,Light Bulb,unknown,,battery,,0.6503475904464722,0.909557044506073,0.909854531288147,0.9787247180938721,pcb,,0.8468232750892639,0.9604467749595642,0.8180364370346069,0.9719424247741699,0.6503475904464722,0.25920945405960083,0.8180364370346069,0.028786838054656982
Custom Bangladeshi E-Waste Image Dataset for Objec/train/images/IMG_20250822_141412_jpg.rf.d40faf7e5d8c126439dd41da2a88c39e.jpg,Light Bulb,unknown,,battery,,0.5543406009674072,0.9158943891525269,0.9137710332870483,0.962124764919281,battery,,0.7927046418190002,0.9785824418067932,0.8682398200035095,0.9374064207077026,0.5543406009674072,0.3594304323196411,0.7927046418190002,0.07553517818450928
Custom Bangladeshi E-Waste Image Dataset for Objec/train/images/IMG_20250822_141514_jpg.rf.36918101abe6314c0b7544bb626bb0fe.jpg,Metal Waste,unknown,,mobile,,0.8121192455291748,0.7836002707481384,0.9654672145843506,0.9699934124946594,mobile,,0.9627923369407654,0.8438291549682617,0.9728201627731323,0.8826020956039429,0.7836002707481384,0.028518974781036377,0.8438291549682617,0.03877294063568115
Custom Bangladeshi E-Waste Image Dataset for Objec/train/images/IMG_20250822_141514_jpg.rf.37e5af43cc4e1ff50fe4ac5b459abf89.jpg,Metal Waste,unknown,,battery,,0.8316510915756226,0.8943548798561096,0.9554802179336548,0.9656771421432495,mobile,,0.9602394700050354,0.9407349228858948,0.9666165113449097,0.9450180530548096,0.8316510915756226,0.06270378828048706,0.9407349228858948,0.004283130168914795
Custom Bangladeshi E-Waste Image Dataset for Objec/train/images/IMG_20250822_141514_jpg.rf.a3d354b2a0f5ab6a620f328df62d6892.jpg,Metal Waste,unknown,,mobile,,0.8758223056793213,0.8586052060127258,0.9591778516769409,1.015236496925354,mobile,,0.9944215416908264,0.9137519598007202,0.9432784914970398,0.9439474940299988,0.8586052060127258,0.01721709966659546,0.9137519598007202,0.02952653169631958
Custom Bangladeshi E-Waste Image Dataset for Objec/train/images/IMG_20250822_141515_jpg.rf.1cbb7276e6a8d6483b44402822806eb6.jpg,Metal Waste,unknown,,mobile,,0.8904138803482056,0.8636130094528198,0.955132007598877,1.0347329378128052,mobile,,1.005226969718933,0.9114178419113159,0.9334033131599426,0.9645270109176636,0.8636130094528198,0.026800870895385742,0.9114178419113159,0.02198547124862671
Custom Bangladeshi E-Waste Image Dataset for Objec/train/images/IMG_20250822_141515_jpg.rf.571c4ed13872ac545f8ad4961ef64659.jpg,Metal Waste,unknown,,mobile,,0.8006294369697571,0.7947379350662231,0.9704763889312744,0.9727500677108765,mobile,,0.9596272706985474,0.8482881784439087,0.955176591873169,0.8832957148551941,0.7947379350662231,0.0058915019035339355,0.8482881784439087,0.0350075364112854
Custom Bangladeshi E-Waste Image Dataset for Objec/train/images/IMG_20250822_141515_jpg.rf.b875029247bd085bbc9448093657cd30.jpg,Metal Waste,unknown,,battery,,0.8580766320228577,0.8988707661628723,0.9456923604011536,0.9357098340988159,mobile,,0.9763988852500916,0.9344297051429749,0.9552823901176453,0.9477587342262268,0.8580766320228577,0.04079413414001465,0.9344297051429749,0.013329029083251953
Custom Bangladeshi E-Waste Image Dataset for Objec/train/images/IMG_20250822_141516_jpg.rf.5779525cd738d98374e0f8e6d8d2f911.jpg,Metal Waste,unknown,,mobile,,0.8213598728179932,0.7990537881851196,0.9740708470344543,0.9683312773704529,mobile,,0.9654555916786194,0.8502516746520996,0.9550025463104248,0.87050461769104,0.7990537881851196,0.022306084632873535,0.8502516746520996,0.02025294303894043
Custom Bangladeshi E-Waste Image Dataset for Objec/train/images/IMG_20250822_141516_jpg.rf.c9a302f69299ca035e4ba1f1b01f739d.jpg,Metal Waste,unknown,,battery,,0.82402104139328,0.8927749395370483,0.9441148042678833,0.9526185989379883,battery,,0.9311414361000061,0.9432699084281921,0.954103946685791,0.9681271910667419,0.82402104139328,0.06875389814376831,0.9311414361000061,0.012128472328186035
Custom Bangladeshi E-Waste Image Dataset for Objec/train/images/IMG_20250822_141516_jpg.rf.e623b182fb747b2e7c1593d64a9cbc56.jpg,Metal Waste,unknown,,mobile,,0.8817342519760132,0.8528691530227661,0.9286324977874756,0.9868888258934021,mobile,,0.9861857891082764,0.926024317741394,0.9469274878501892,0.9619542360305786,0.8528691530227661,0.02886509895324707,0.926024317741394,0.020903170108795166
Custom Bangladeshi E-Waste Image Dataset for Objec/train/images/IMG_20250822_141522_jpg.rf.0f204846a7ea21f36acb76bc2665cbfe.jpg,Metal Waste,unknown,,mobile,,0.8181881904602051,0.7747368812561035,0.9435006380081177,0.8892136812210083,input_peripheral,,0.9248167276382446,0.8384206295013428,0.9441765546798706,0.8195472359657288,0.7747368812561035,0.04345130920410156,0.8195472359657288,0.018873393535614014
Custom Bangladeshi E-Waste Image Dataset for Objec/train/images/IMG_20250822_141522_jpg.rf.8ddd429680771865adb7124cdae213bc.jpg,Metal Waste,unknown,,battery,,0.8427737951278687,0.8747149109840393,0.9380435943603516,0.9093530774116516,input_peripheral,,0.9924936294555664,0.9012705683708191,0.9259923696517944,0.8908576369285583,0.8427737951278687,0.031941115856170654,0.8908576369285583,0.010412931442260742
Custom Bangladeshi E-Waste Image Dataset for Objec/train/images/IMG_20250822_141522_jpg.rf.c9438a489b4000c7c47ef87718d7ecbc.jpg,Metal Waste,unknown,,mobile,,0.8738164901733398,0.8551100492477417,0.9535841941833496,0.9313475489616394,mobile,,0.9620424509048462,0.8802199363708496,0.9147611260414124,0.8815776109695435,0.8551100492477417,0.018706440925598145,0.8802199363708496,0.0013576745986938477
Custom Bangladeshi E-Waste Image Dataset for Objec/train/images/IMG_20250822_141529_jpg.rf.1fdd81b711276dc52076215066ff3c96.jpg,Metal Waste,unknown,,battery,,0.8981685042381287,0.9225510358810425,0.9056899547576904,0.9651651382446289,pcb,,1.014317512512207,0.9599875807762146,0.9366099834442139,0.9774717688560486,0.8981685042381287,0.007521450519561768,0.9366099834442139,0.023377597332000732
Custom Bangladeshi E-Waste Image Dataset for Objec/train/images/IMG_20250822_141529_jpg.rf.93c3776e5e6a0a49558d4123406c390b.jpg,Metal Waste,unknown,,battery,,0.8628771305084229,0.8774731159210205,0.9691796898841858,0.9673440456390381,mobile,,1.012400507926941,0.9200953841209412,0.9946766495704651,0.9311894774436951,0.8628771305084229,0.014595985412597656,0.9200953841209412,0.011094093322753906
Custom Bangladeshi E-Waste Image Dataset for Objec/train/images/IMG_20250822_141529_jpg.rf.fbe2085ad979373c30e17aaca8588615.jpg,Metal Waste,unknown,,mobile,,0.963620662689209,0.8703230619430542,0.9575850367546082,1.0155876874923706,mobile,,1.0445117950439453,0.9434462785720825,0.9729359149932861,0.9515385627746582,0.8703230619430542,0.08726197481155396,0.9434462785720825,0.008092284202575684
Custom Bangladeshi E-Waste Image Dataset for Objec/train/images/IMG_20250822_141532_jpg.rf.930003a2079435fb4720854718131d08.jpg,Metal Waste,unknown,,battery,,0.8400793075561523,0.8495940566062927,0.9693841338157654,0.9671990275382996,mobile,,1.0052180290222168,0.9041942358016968,0.996431827545166,0.9402647018432617,0.8400793075561523,0.00951474905014038,0.9041942358016968,0.03607046604156494
Custom Bangladeshi E-Waste Image Dataset for Objec/train/images/IMG_20250822_141532_jpg.rf.afda4bf3275e8fd75c717af01dfcfef3.jpg,Metal Waste,unknown,,battery,,0.8653594851493835,0.9499312043190002,0.9226879477500916,0.9922745823860168,pcb,,0.9823692440986633,0.9763059616088867,0.9535156488418579,0.9939524531364441,0.8653594851493835,0.05732846260070801,0.9535156488418579,0.02279031276702881
Custom Bangladeshi E-Waste Image Dataset for Objec/train/images/IMG_20250822_141532_jpg.rf.d5d9b0aff86e9776af959c7aa9e7e5da.jpg,Metal Waste,unknown,,battery,,0.8611551523208618,0.9538636803627014,0.9422741532325745,0.9926133751869202,pcb,,1.0042475461959839,0.9761794805526733,0.9533241391181946,1.008588194847107,0.8611551523208618,0.08111900091171265,0.9533241391181946,0.02285534143447876
Custom Bangladeshi E-Waste Image Dataset for Objec/train/images/IMG_20250822_141533_1_jpg.rf.48d0e6451efb8ec6aebadfa3ed507107.jpg,Metal Waste,unknown,,battery,,0.8822199702262878,0.9430362582206726,0.9292210340499878,0.9719665050506592,pcb,,1.0116783380508423,0.9630614519119263,0.9543113112449646,1.016421914100647,0.8822199702262878,0.04700106382369995,0.9543113112449646,0.00875014066696167
Custom Bangladeshi E-Waste Image Dataset for Objec/train/images/IMG_20250822_141533_1_jpg.rf.97139cd8f47aee11b272aa88cae17ea2.jpg,Metal Waste,unknown,,battery,,0.8624855875968933,0.9011231660842896,0.9162750840187073,0.9834141135215759,mobile,,1.0143121480941772,0.9612354040145874,0.9725199341773987,0.9812618494033813,0.8624855875968933,0.03863757848739624,0.9612354040145874,0.01128453016281128
Custom Bangladeshi E-Waste Image Dataset for Objec/train/images/IMG_20250822_141533_1_jpg.rf.b1743fa2a1f4db76f8cb7304fc16aeb1.jpg,Metal Waste,unknown,,battery,,0.842700719833374,0.8619409799575806,0.9532128572463989,0.970158576965332,mobile,,0.9945614337921143,0.9135310649871826,0.9918741583824158,0.9370441436767578,0.842700719833374,0.019240260124206543,0.9135310649871826,0.023513078689575195
Custom Bangladeshi E-Waste Image Dataset for Objec/train/images/IMG_20250822_141533_jpg.rf.8a30b2246c18ad117667d955fa11add1.jpg,Metal Waste,unknown,,battery,,0.8711588382720947,0.9292973279953003,0.9631969928741455,0.9814643859863281,input_peripheral,,1.0094265937805176,0.974596381187439,0.9786958694458008,0.9571558237075806,0.8711588382720947,0.058138489723205566,0.9571558237075806,0.0174405574798584
Custom Bangladeshi E-Waste Image Dataset for Objec/train/images/IMG_20250822_141533_jpg.rf.9b82bb44a853612ba9167d611f6fa12b.jpg,Metal Waste,unknown,,battery,,0.8854044079780579,0.9241132140159607,0.936736524105072,0.9923393130302429,mobile,,1.0151420831680298,0.9324062466621399,0.9483366012573242,0.975915789604187,0.8854044079780579,0.03870880603790283,0.9324062466621399,0.015930354595184326
Custom Bangladeshi E-Waste Image Dataset for Objec/train/images/IMG_20250822_141533_jpg.rf.c5ab7d6d2e17bed4ea0de79ece8f42c8.jpg,Metal Waste,unknown,,battery,,0.8457998037338257,0.8631399869918823,0.9527513384819031,0.9756907820701599,mobile,,0.9927616715431213,0.9243463277816772,0.9988085031509399,0.938408374786377,0.8457998037338257,0.01734018325805664,0.9243463277816772,0.014062047004699707
Custom Bangladeshi E-Waste Image Dataset for Objec/train/images/IMG_20250822_141536_jpg.rf.56a5b8375a79dc6c70d11c1dfe91acf5.jpg,Metal Waste,unknown,,mobile,,0.8504043221473694,0.8432275652885437,0.9679477214813232,0.9671408534049988,mobile,,1.0070537328720093,0.909751296043396,1.0053268671035767,0.9446101784706116,0.8432275652885437,0.007176756858825684,0.909751296043396,0.034858882427215576
Custom Bangladeshi E-Waste Image Dataset for Objec/train/images/IMG_20250822_141536_jpg.rf.5b30d73a6a851fa94665a41b5b7122c3.jpg,Metal Waste,unknown,,mobile,,0.9216635227203369,0.9032307863235474,0.9720303416252136,1.0355809926986694,mobile,,1.0084089040756226,0.9167702794075012,0.9771295189857483,0.9849621057510376,0.9032307863235474,0.01843273639678955,0.9167702794075012,0.06035923957824707
Custom Bangladeshi E-Waste Image Dataset for Objec/train/images/IMG_20250822_141536_jpg.rf.5e2b5801929fb982bf91b2d81c3a6d74.jpg,Metal Waste,unknown,,battery,,0.8579504489898682,0.9336247444152832,0.9426348805427551,0.9874101281166077,pcb,,0.9867841005325317,0.9891746044158936,0.9738696813583374,0.9862266182899475,0.8579504489898682,0.07567429542541504,0.9738696813583374,0.012356936931610107
Custom Bangladeshi E-Waste Image Dataset for Objec/train/images/IMG_20250822_141539_jpg.rf.9220138293af8e8130260d9c973cd614.jpg,Metal Waste,unknown,,battery,,0.8809260129928589,0.9566527605056763,0.9203104972839355,0.9846000671386719,pcb,,1.0010474920272827,0.9583615660667419,0.9502668976783752,1.0022274255752563,0.8809260129928589,0.03938448429107666,0.9502668976783752,0.0080946683883667
Custom Bangladeshi E-Waste Image Dataset for Objec/train/images/IMG_20250822_141539_jpg.rf.a21e7afcf046c7a3ba68ea161ca1d8e8.jpg,Metal Waste,unknown,,mobile,,0.8491664528846741,0.8474463224411011,0.954719066619873,0.986422061920166,mobile,,0.9814131855964661,0.9099193811416626,0.9919056296348572,0.9583120942115784,0.8474463224411011,0.001720130443572998,0.9099193811416626,0.04839271306991577
Custom Bangladeshi E-Waste Image Dataset for Objec/train/images/IMG_20250822_141539_jpg.rf.db67fe7c33ddcca60629e6fac86feb45.jpg,Metal Waste,unknown,,mobile,,0.8991464376449585,0.8955130577087402,0.9348739385604858,1.0069515705108643,mobile,,1.0243421792984009,0.9574519991874695,0.9601444602012634,0.9834305644035339,0.8955130577087402,0.0036333799362182617,0.9574519991874695,0.0026924610137939453
Custom Bangladeshi E-Waste Image Dataset for Objec/train/images/IMG_20250822_141541_1_jpg.rf.0f622e9c1d676e015aba083a913ce6f0.jpg,Metal Waste,unknown,,mobile,,0.8979924917221069,0.8853728771209717,0.9437386989593506,1.022695779800415,mobile,,1.0071641206741333,0.9449149370193481,0.981841504573822,0.9828710556030273,0.8853728771209717,0.012619614601135254,0.9449149370193481,0.03692656755447388
Custom Bangladeshi E-Waste Image Dataset for Objec/train/images/IMG_20250822_141541_1_jpg.rf.a283397793d0d870f450713a983b9210.jpg,Metal Waste,unknown,,mobile,,0.9386378526687622,0.8333553671836853,0.9531912803649902,1.01156485080719,mobile,,1.024545669555664,0.9130634069442749,0.9907616376876831,0.994425892829895,0.8333553671836853,0.1052824854850769,0.9130634069442749,0.0776982307434082
Custom Bangladeshi E-Waste Image Dataset for Objec/train/images/IMG_20250822_141541_1_jpg.rf.c494378adf66076cb32235002d746dad.jpg,Metal Waste,unknown,,mobile,,0.8377290964126587,0.8330023288726807,0.9598245024681091,0.9861718416213989,mobile,,0.9875673651695251,0.8974546790122986,1.0058292150497437,0.9552918672561646,0.8330023288726807,0.004726767539978027,0.8974546790122986,0.05783718824386597
Custom Bangladeshi E-Waste Image Dataset for Objec/train/images/IMG_20250822_141541_jpg.rf.894cbd66f819a5562d44d805601476ea.jpg,Metal Waste,unknown,,battery,,0.8467388153076172,0.9536542296409607,0.9287741780281067,0.9957749247550964,battery,,0.959515392780304,0.9744433164596558,0.9676260948181152,1.0026496648788452,0.8467388153076172,0.0820353627204895,0.959515392780304,0.00811070203781128
Custom Bangladeshi E-Waste Image Dataset for Objec/train/images/IMG_20250822_141541_jpg.rf.e1fd2c22fbb5987dd3526f583595e8f1.jpg,Metal Waste,unknown,,mobile,,0.8560703992843628,0.8486911058425903,0.9664499163627625,0.984663724899292,mobile,,0.9879885315895081,0.907646656036377,1.0032951831817627,0.9500057697296143,0.8486911058425903,0.007379293441772461,0.907646656036377,0.042359113693237305
Custom Bangladeshi E-Waste Image Dataset for Objec/train/images/IMG_20250822_141541_jpg.rf.f046799e0d164c682a0edc6f9374d0ef.jpg,Metal Waste,unknown,,battery,,0.8810973167419434,0.9452096223831177,0.9450450539588928,0.98592209815979,pcb,,0.99004727602005,0.9843326807022095,0.9603099822998047,1.0020817518234253,0.8810973167419434,0.06394773721694946,0.9603099822998047,0.024022698402404785
Custom Bangladeshi E-Waste Image Dataset for Objec/train/images/IMG_20250822_141654_jpg.rf.1c05fa6533c169695e6acb1608f3c1a1.jpg,Metal Waste,unknown,,mobile,,0.8418513536453247,0.8134799003601074,0.9518322348594666,0.9758396744728088,mobile,,0.9637869596481323,0.8184820413589478,0.9295414090156555,0.9999313354492188,0.8134799003601074,0.028371453285217285,0.8184820413589478,0.11105936765670776
Custom Bangladeshi E-Waste Image Dataset for Objec/train/images/IMG_20250822_141654_jpg.rf.880a8f711759f3c566a684761ae20e92.jpg,Metal Waste,unknown,,battery,,0.819157600402832,0.8814436793327332,0.9537597894668579,0.9893862009048462,mobile,,0.9547051787376404,0.8229897022247314,0.9100969433784485,1.0151475667953491,0.819157600402832,0.06228607892990112,0.8229897022247314,0.08710724115371704
Custom Bangladeshi E-Waste Image Dataset for Objec/train/images/IMG_20250822_141654_jpg.rf.a3ffebfa30782d4b539c8a1d5eef9af2.jpg,Metal Waste,unknown,,mobile,,0.8270785808563232,0.8040681481361389,0.9979749917984009,0.981607973575592,mobile,,0.9111714959144592,0.7909658551216125,0.96672123670578,0.9606510400772095,0.8040681481361389,0.023010432720184326,0.7909658551216125,0.12020564079284668
Custom Bangladeshi E-Waste Image Dataset for Objec/train/images/IMG_20250822_141655_jpg.rf.4d4a56abda51fac3d9ac6727c72fba24.jpg,Metal Waste,unknown,,battery,,0.8192281723022461,0.8391350507736206,0.9754899144172668,0.9825904965400696,mobile,,0.9047359824180603,0.7790122032165527,0.9607324004173279,0.9698009490966797,0.8192281723022461,0.01990687847137451,0.7790122032165527,0.12572377920150757
Custom Bangladeshi E-Waste Image Dataset for Objec/train/images/IMG_20250822_141655_jpg.rf.a76f86bf690bf7d946d7c14b69796aae.jpg,Metal Waste,unknown,,mobile,,0.8502035737037659,0.8210257887840271,0.9731395840644836,0.9770758748054504,mobile,,0.9468188285827637,0.8082399368286133,0.9426708221435547,1.002161979675293,0.8210257887840271,0.02917778491973877,0.8082399368286133,0.1344308853149414
Custom Bangladeshi E-Waste Image Dataset for Objec/train/images/IMG_20250822_141655_jpg.rf.e1d033a8ca709b4bfc7bc682b070091a.jpg,Metal Waste,unknown,,battery,,0.8126379251480103,0.8787478804588318,0.97780841588974,0.9693430662155151,mobile,,0.940015435218811,0.8566856384277344,0.9203673005104065,1.0008416175842285,0.8126379251480103,0.06610995531082153,0.8566856384277344,0.06368166208267212
Custom Bangladeshi E-Waste Image Dataset for Objec/train/images/IMG_20250822_141826_jpg.rf.15d4df7fe3ae43438828e772b0ea7a7b.jpg,Metal Waste,unknown,,pcb,,0.8898271918296814,0.9369785785675049,0.6928675174713135,1.1101396083831787,pcb,,0.9372455477714539,0.9605998992919922,0.7809703946113586,1.078986644744873,0.6928675174713135,0.19695967435836792,0.7809703946113586,0.15627515316009521
Custom Bangladeshi E-Waste Image Dataset for Objec/train/images/IMG_20250822_141826_jpg.rf.1649997a56a8c748647f61d3616110c2.jpg,Metal Waste,unknown,,pcb,,0.8627027273178101,1.0167348384857178,0.688910961151123,1.121012806892395,pcb,,0.9484478235244751,0.9706924557685852,0.7346465587615967,1.0560322999954224,0.688910961151123,0.173791766166687,0.7346465587615967,0.21380126476287842
Custom Bangladeshi E-Waste Image Dataset for Objec/train/images/IMG_20250822_141826_jpg.rf.54132f7b21553fab2a869e2958f80a8e.jpg,Metal Waste,unknown,,pcb,,0.8541892766952515,0.9347010254859924,0.6604917049407959,1.130211353302002,pcb,,0.9130836129188538,0.9022525548934937,0.6377501487731934,1.1006749868392944,0.6604917049407959,0.19369757175445557,0.6377501487731934,0.2645024061203003
Custom Bangladeshi E-Waste Image Dataset for Objec/train/images/IMG_20250822_141838_jpg.rf.66d8b9767b12f9674cb6ae8773eecb2d.jpg,Metal Waste,unknown,,pcb,,0.8556691408157349,0.9799660444259644,0.6931463479995728,1.0930683612823486,pcb,,0.9243882298469543,0.9703566431999207,0.7834115028381348,1.0594685077667236,0.6931463479995728,0.1625227928161621,0.7834115028381348,0.14097672700881958
Custom Bangladeshi E-Waste Image Dataset for Objec/train/images/IMG_20250822_141838_jpg.rf.7e227739cbd2ce1bd68a6317596acb53.jpg,Metal Waste,unknown,,pcb,,0.858060359954834,0.9178160429000854,0.6770523190498352,1.1482290029525757,pcb,,0.9810024499893188,0.8762861490249634,0.7162314653396606,1.1066482067108154,0.6770523190498352,0.18100804090499878,0.7162314653396606,0.16005468368530273
Custom Bangladeshi E-Waste Image Dataset for Objec/train/images/IMG_20250822_141838_jpg.rf.9504e9e05bbf97554f129e561de9da18.jpg,Metal Waste,unknown,,pcb,,0.8498039245605469,1.0164629220962524,0.6754659414291382,1.1220710277557373,pcb,,0.9383469820022583,0.9876933693885803,0.765742838382721,1.0722407102584839,0.6754659414291382,0.1743379831314087,0.765742838382721,0.17260414361953735
Custom Bangladeshi E-Waste Image Dataset for Objec/train/images/IMG_20250822_141840_jpg.rf.2613e95136059fcc5ec97a1bc4c654f8.jpg,Metal Waste,unknown,,pcb,,0.7933740019798279,0.9740110039710999,0.6380174160003662,1.1467411518096924,pcb,,0.8976664543151855,0.9475497603416443,0.6441549062728882,1.112408995628357,0.6380174160003662,0.15535658597946167,0.6441549062728882,0.25351154804229736
Custom Bangladeshi E-Waste Image Dataset for Objec/train/images/IMG_20250822_141840_jpg.rf.3bb8381e4db3300858cee452172bf1d2.jpg,Metal Waste,unknown,,pcb,,0.8405942320823669,1.037676453590393,0.6273733377456665,1.1466724872589111,pcb,,0.9385228753089905,0.9823203682899475,0.66020667552948,1.1132969856262207,0.6273733377456665,0.21322089433670044,0.66020667552948,0.2783161997795105
Custom Bangladeshi E-Waste Image Dataset for Objec/train/images/IMG_20250822_141840_jpg.rf.ba1d806815eb230b7caa439cd75867ad.jpg,Metal Waste,unknown,,pcb,,0.8333693742752075,1.0169070959091187,0.6134703159332275,1.1445019245147705,pcb,,0.9216423630714417,0.9836971759796143,0.6549383401870728,1.0757050514221191,0.6134703159332275,0.21989905834197998,0.6549383401870728,0.2667040228843689
Custom Bangladeshi E-Waste Image Dataset for Objec/train/images/IMG_20250822_141857_jpg.rf.3b3db3eb2086f7446b43cf62ec68a5b7.jpg,Metal Waste,unknown,,pcb,,0.8714017271995544,0.9046509861946106,0.705040693283081,1.1217260360717773,pcb,,0.9901540279388428,0.9054498076438904,0.7738428711891174,1.0577726364135742,0.705040693283081,0.1663610339164734,0.7738428711891174,0.13160693645477295
Custom Bangladeshi E-Waste Image Dataset for Objec/train/images/IMG_20250822_141857_jpg.rf.4b156c3209fe9e39f20a4170e7891fb2.jpg,Metal Waste,unknown,,pcb,,0.8324928879737854,1.0068718194961548,0.7647991180419922,1.0901423692703247,pcb,,0.9139665961265564,0.9907310009002686,0.8118152618408203,1.0341652631759644,0.7647991180419922,0.06769376993179321,0.8118152618408203,0.10215133428573608
Custom Bangladeshi E-Waste Image Dataset for Objec/train/images/IMG_20250822_141857_jpg.rf.5a8171772b69478d994d37def815cb43.jpg,Metal Waste,unknown,,pcb,,0.8372222185134888,0.9507588148117065,0.797797441482544,1.117679476737976,pcb,,0.923944354057312,0.9278213977813721,0.8394930362701416,1.0354293584823608,0.797797441482544,0.039424777030944824,0.8394930362701416,0.08445131778717041
Custom Bangladeshi E-Waste Image Dataset for Objec/train/images/IMG_20250822_141900_jpg.rf.a126aed47dd2d99f3aea1180b8d4d2d0.jpg,Metal Waste,unknown,,pcb,,0.8501613140106201,1.0622848272323608,0.6011761426925659,1.1533586978912354,pcb,,0.9382531046867371,0.984038233757019,0.6598610877990723,1.075781226158142,0.6011761426925659,0.2489851713180542,0.6598610877990723,0.2783920168876648
Custom Bangladeshi E-Waste Image Dataset for Objec/train/images/IMG_20250822_141900_jpg.rf.bf86048273038c3a1fc31bdb5450289d.jpg,Metal Waste,unknown,,pcb,,0.8759602308273315,0.9864373803138733,0.6420363783836365,1.1727691888809204,pcb,,0.8934916257858276,0.9715476632118225,0.6482687592506409,1.1031707525253296,0.6420363783836365,0.23392385244369507,0.6482687592506409,0.24522286653518677
Custom Bangladeshi E-Waste Image Dataset for Objec/train/images/IMG_20250822_141900_jpg.rf.e57a3db3885ae57840a4d1bc3d338f3b.jpg,Metal Waste,unknown,,pcb,,0.8256340026855469,1.0241221189498901,0.6084194183349609,1.1668989658355713,pcb,,0.8853729963302612,0.960381031036377,0.6423701047897339,1.1206936836242676,0.6084194183349609,0.21721458435058594,0.6423701047897339,0.24300289154052734
Custom Bangladeshi E-Waste Image Dataset for Objec/train/images/IMG_20250822_141903_jpg.rf.46e8a316b74e2e8979e00d0cc6c4bd07.jpg,Metal Waste,unknown,,pcb,,0.867871105670929,1.0202287435531616,0.6306266784667969,1.1644240617752075,pcb,,0.923754096031189,0.9694216847419739,0.6668617725372314,1.1044414043426514,0.6306266784667969,0.23724442720413208,0.6668617725372314,0.2568923234939575
Custom Bangladeshi E-Waste Image Dataset for Objec/train/images/IMG_20250822_141903_jpg.rf.a980f5f996c35a5468ada3217511fc42.jpg,Metal Waste,unknown,,pcb,,0.7967714071273804,1.006564974784851,0.6104551553726196,1.1643271446228027,pcb,,0.8963754177093506,0.9479591846466064,0.6593217849731445,1.1075996160507202,0.6104551553726196,0.18631625175476074,0.6593217849731445,0.23705363273620605
Custom Bangladeshi E-Waste Image Dataset for Objec/train/images/IMG_20250822_141903_jpg.rf.d14fd71721798babeed3c87166f48cee.jpg,Metal Waste,unknown,,pcb,,0.8387575745582581,1.0533936023712158,0.6266118288040161,1.1522676944732666,pcb,,0.9134254455566406,1.011313796043396,0.6706228852272034,1.0885144472122192,0.6266118288040161,0.21214574575424194,0.6706228852272034,0.24280256032943726
Custom Bangladeshi E-Waste Image Dataset for Objec/train/images/IMG_20250822_141904_jpg.rf.2e428891a8d4064f1e1a5e5a734b8c91.jpg,Metal Waste,unknown,,pcb,,0.8428765535354614,1.0327144861221313,0.6270995140075684,1.1475235223770142,pcb,,0.9250521659851074,0.9664430618286133,0.6553839445114136,1.1184148788452148,0.6270995140075684,0.21577703952789307,0.6553839445114136,0.26966822147369385
Custom Bangladeshi E-Waste Image Dataset for Objec/train/images/IMG_20250822_141904_jpg.rf.3851e0add787f9d172961f1ab2e387ec.jpg,Metal Waste,unknown,,pcb,,0.8579226136207581,1.0260039567947388,0.5994845628738403,1.1539384126663208,pcb,,0.9074851274490356,0.9838082790374756,0.6528991460800171,1.1108428239822388,0.5994845628738403,0.2584380507469177,0.6528991460800171,0.25458598136901855
Custom Bangladeshi E-Waste Image Dataset for Objec/train/images/IMG_20250822_141904_jpg.rf.67078b829c88a891ac79bf2392562936.jpg,Metal Waste,unknown,,pcb,,0.8172438740730286,1.0091314315795898,0.6182026863098145,1.1641873121261597,pcb,,0.898794412612915,0.9430903792381287,0.6492898464202881,1.1213271617889404,0.6182026863098145,0.1990411877632141,0.6492898464202881,0.24950456619262695
Custom Bangladeshi E-Waste Image Dataset for Objec/train/images/IMG_20250822_141907_jpg.rf.3442f48f482da6169012fb0de5c2fba3.jpg,Metal Waste,unknown,,pcb,,0.8533183336257935,1.071740746498108,0.5906947255134583,1.1685919761657715,pcb,,0.9067447185516357,0.9682413339614868,0.6582439541816711,1.0984642505645752,0.5906947255134583,0.2626236081123352,0.6582439541816711,0.2485007643699646
Custom Bangladeshi E-Waste Image Dataset for Objec/train/images/IMG_20250822_141907_jpg.rf.8480ba37b67df2a0b3617a6b8db6ab23.jpg,Metal Waste,unknown,,pcb,,0.8703672289848328,1.074144959449768,0.5870043039321899,1.1672611236572266,pcb,,0.9193740487098694,0.9841128587722778,0.6631590127944946,1.0923315286636353,0.5870043039321899,0.2833629250526428,0.6631590127944946,0.25621503591537476
Custom Bangladeshi E-Waste Image Dataset for Objec/train/images/IMG_20250822_141907_jpg.rf.89d3ec5cb43fe218742251a2dc2ce5b9.jpg,Metal Waste,unknown,,pcb,,0.8640557527542114,1.0483882427215576,0.5586335062980652,1.1805229187011719,pcb,,0.9175761938095093,0.9667635560035706,0.642614483833313,1.1117976903915405,0.5586335062980652,0.30542224645614624,0.642614483833313,0.2749617099761963
Custom Bangladeshi E-Waste Image Dataset for Objec/train/images/IMG_20250822_141911_jpg.rf.1f0d6478be772efe57ab581df4c0f6ac.jpg,Metal Waste,unknown,,pcb,,0.8586850762367249,1.0698622465133667,0.5970249176025391,1.1930536031723022,pcb,,0.9277883172035217,1.003029227256775,0.6848058700561523,1.0990296602249146,0.5970249176025391,0.2616601586341858,0.6848058700561523,0.24298244714736938
Custom Bangladeshi E-Waste Image Dataset for Objec/train/images/IMG_20250822_141911_jpg.rf.c3354b26eafb434e7c890ca1e1379f9b.jpg,Metal Waste,unknown,,pcb,,0.8612452745437622,1.0296310186386108,0.6130486726760864,1.1668331623077393,pcb,,0.9206781983375549,0.9500832557678223,0.6843745708465576,1.1155284643173218,0.6130486726760864,0.24819660186767578,0.6843745708465576,0.23630362749099731
Custom Bangladeshi E-Waste Image Dataset for Objec/train/images/IMG_20250822_141911_jpg.rf.fdbe5ec61c61900e1adef34d42a99667.jpg,Metal Waste,unknown,,pcb,,0.8708088994026184,1.061981439590454,0.625842809677124,1.1789064407348633,pcb,,0.9223707318305969,0.9850894212722778,0.7073047161102295,1.1162395477294922,0.625842809677124,0.24496608972549438,0.7073047161102295,0.21506601572036743
Custom Bangladeshi E-Waste Image Dataset for Objec/train/images/IMG_20250822_142031_jpg.rf.4db02e13dacfa7f6884c7a8b3b56223f.jpg,Plastic Waste,unknown,,battery,,0.6003683805465698,0.8987247347831726,1.0750371217727661,1.060105800628662,battery,,0.7884589433670044,0.8938148617744446,0.9919950366020203,1.0538681745529175,0.6003683805465698,0.2983563542366028,0.7884589433670044,0.10535591840744019
Custom Bangladeshi E-Waste Image Dataset for Objec/train/images/IMG_20250822_142031_jpg.rf.6b90f2b5fc9bfe82dc3dd0702032a591.jpg,Plastic Waste,unknown,,battery,,0.509787917137146,0.9092295169830322,1.0415313243865967,1.0631046295166016,battery,,0.7767370343208313,0.9298614263534546,1.029211401939392,0.9927650094032288,0.509787917137146,0.39944159984588623,0.7767370343208313,0.1531243920326233
Custom Bangladeshi E-Waste Image Dataset for Objec/train/images/IMG_20250822_142031_jpg.rf.ca7d362147a04ec533ed60814b407813.jpg,Plastic Waste,unknown,,battery,,0.5800021886825562,0.887692391872406,1.074930191040039,1.0721102952957153,battery,,0.7309682369232178,0.8644585609436035,1.0617563724517822,1.0170730352401733,0.5800021886825562,0.30769020318984985,0.7309682369232178,0.13349032402038574
Custom Bangladeshi E-Waste Image Dataset for Objec/train/images/IMG_20250822_142045_jpg.rf.2da15b15d8372fb54822004238f34ba1.jpg,Plastic Waste,unknown,,battery,,0.6168670654296875,0.9127771258354187,1.0146427154541016,1.0800185203552246,battery,,0.7201929688453674,0.9358052611351013,0.9329043626785278,1.042050838470459,0.6168670654296875,0.2959100604057312,0.7201929688453674,0.2127113938331604
Custom Bangladeshi E-Waste Image Dataset for Objec/train/images/IMG_20250822_142045_jpg.rf.37014bf9b5ac7e845a282b2b5cf43ba8.jpg,Plastic Waste,unknown,,battery,,0.5582577586174011,0.9086096882820129,0.9674599766731262,1.084344506263733,battery,,0.6031748056411743,0.9557734727859497,0.9390696287155151,1.071651577949524,0.5582577586174011,0.3503519296646118,0.6031748056411743,0.3358948230743408
Custom Bangladeshi E-Waste Image Dataset for Objec/train/images/IMG_20250822_142045_jpg.rf.441b8dcbf41dea62a80d2af3631468ec.jpg,Plastic Waste,unknown,,battery,,0.5940874814987183,0.8511348962783813,1.043067455291748,1.0824757814407349,battery,,0.6854084730148315,0.8804739117622375,1.0264333486557007,1.0079737901687622,0.5940874814987183,0.2570474147796631,0.6854084730148315,0.195065438747406
Custom Bangladeshi E-Waste Image Dataset for Objec/train/images/IMG_20250822_142057_jpg.rf.31e6bb0c5f8f495d61afdbf35bccfaed.jpg,Plastic Waste,unknown,,battery,,0.75405353307724,0.9188448786735535,1.059710144996643,1.0710994005203247,battery,,0.8309577703475952,0.9396243691444397,1.0409950017929077,1.0865458250045776,0.75405353307724,0.16479134559631348,0.8309577703475952,0.10866659879684448
Custom Bangladeshi E-Waste Image Dataset for Objec/train/images/IMG_20250822_142057_jpg.rf.7bb208cda1b6a3dccd9290895a29c2dc.jpg,Plastic Waste,unknown,,battery,,0.7625198364257812,0.9450719952583313,1.0569214820861816,1.0709985494613647,battery,,0.8547558188438416,0.9700230956077576,0.9888677000999451,1.094424843788147,0.7625198364257812,0.18255215883255005,0.8547558188438416,0.11526727676391602
Custom Bangladeshi E-Waste Image Dataset for Objec/train/images/IMG_20250822_142057_jpg.rf.e8af2ca36c9b19da4081180cebd2033f.jpg,Plastic Waste,unknown,,battery,,0.7109431624412537,0.9230608940124512,1.064380407333374,1.070421814918518,battery,,0.816866397857666,0.9276607036590576,1.0449010133743286,1.110734224319458,0.7109431624412537,0.2121177315711975,0.816866397857666,0.1107943058013916
Custom Bangladeshi E-Waste Image Dataset for Objec/train/images/IMG_20250822_142058_jpg.rf.0fbadf0e33eaa27b12e753db9c5f2e75.jpg,Plastic Waste,unknown,,battery,,0.7411023378372192,0.9442342519760132,1.0273147821426392,1.0635521411895752,battery,,0.8493521213531494,0.9648309946060181,1.006208896636963,1.0766056776046753,0.7411023378372192,0.20313191413879395,0.8493521213531494,0.11547887325286865
Custom Bangladeshi E-Waste Image Dataset for Objec/train/images/IMG_20250822_142058_jpg.rf.124e1956af23c214c1951a0481677966.jpg,Plastic Waste,unknown,,battery,,0.7662383913993835,0.945666491985321,1.0421035289764404,1.069519281387329,battery,,0.8736187219619751,0.9705963134765625,0.98134845495224,1.1089178323745728,0.7662383913993835,0.1794281005859375,0.8736187219619751,0.0969775915145874
Custom Bangladeshi E-Waste Image Dataset for Objec/train/images/IMG_20250822_142058_jpg.rf.b2001b6810c7a8606bd3291d48bc9f07.jpg,Plastic Waste,unknown,,battery,,0.7046196460723877,0.9383864998817444,1.0662953853607178,1.0651476383209229,battery,,0.8117610216140747,0.9426348209381104,1.0430783033370972,1.1007424592971802,0.7046196460723877,0.2337668538093567,0.8117610216140747,0.13087379932403564
Custom Bangladeshi E-Waste Image Dataset for Objec/train/images/IMG_20250822_142059_jpg.rf.0ec18622f37fd0cbbd8dd824bf297734.jpg,Plastic Waste,unknown,,battery,,0.7629395723342896,0.9573314785957336,1.0733839273452759,1.071537733078003,battery,,0.8360956907272339,0.9564159512519836,1.021431803703308,1.0985419750213623,0.7629395723342896,0.1943919062614441,0.8360956907272339,0.12032026052474976
Custom Bangladeshi E-Waste Image Dataset for Objec/train/images/IMG_20250822_142059_jpg.rf.449bff321fade30f1dc0a08f02728a59.jpg,Plastic Waste,unknown,,battery,,0.7724741697311401,0.9104417562484741,1.0149060487747192,1.0708353519439697,battery,,0.8903653621673584,0.9404456615447998,0.9557908177375793,1.1100825071334839,0.7724741697311401,0.13796758651733398,0.8903653621673584,0.050080299377441406
Custom Bangladeshi E-Waste Image Dataset for Objec/train/images/IMG_20250822_142059_jpg.rf.6c0d5e33ae5cdac1ca07cf0e1f1c541f.jpg,Plastic Waste,unknown,,battery,,0.7141343355178833,0.9261288046836853,1.04790461063385,1.0686100721359253,battery,,0.8083847761154175,0.9283130764961243,1.0423905849456787,1.0985134840011597,0.7141343355178833,0.211994469165802,0.8083847761154175,0.11992830038070679
Custom Bangladeshi E-Waste Image Dataset for Objec/train/images/IMG_20250822_142126_jpg.rf.4fc2e8ab596ede512a0a61962d7aceee.jpg,Plastic Waste,unknown,,battery,,0.8124409914016724,0.9387354850769043,0.9941225051879883,1.1012117862701416,battery,,0.8999712467193604,0.951794445514679,0.9649069309234619,1.1346533298492432,0.8124409914016724,0.12629449367523193,0.8999712467193604,0.051823198795318604
Custom Bangladeshi E-Waste Image Dataset for Objec/train/images/IMG_20250822_142126_jpg.rf.67d9289fc3c0c5462ad672c82b47ae22.jpg,Plastic Waste,unknown,,battery,,0.7661716938018799,0.9594500660896301,0.9561099410057068,1.0721269845962524,battery,,0.8872652053833008,0.9413111805915833,0.9743120074272156,1.111763596534729,0.7661716938018799,0.1899382472038269,0.8872652053833008,0.05404597520828247
Custom Bangladeshi E-Waste Image Dataset for Objec/train/images/IMG_20250822_142126_jpg.rf.c04c55174ed34929d8d33e67ffa855c3.jpg,Plastic Waste,unknown,,battery,,0.7834448218345642,0.9708364605903625,0.967181384563446,1.0315697193145752,battery,,0.8983457684516907,0.9785805344581604,0.9573667049407959,1.123958945274353,0.7834448218345642,0.18373656272888184,0.8983457684516907,0.059020936489105225
Custom Bangladeshi E-Waste Image Dataset for Objec/train/images/IMG_20250822_142128_jpg.rf.2b947efdc7e5a6ce6d46224b87f9e637.jpg,Plastic Waste,unknown,,battery,,0.753274142742157,0.9557873010635376,0.9462551474571228,1.0708597898483276,battery,,0.8721105456352234,0.9353394508361816,0.9796299934387207,1.1044442653656006,0.753274142742157,0.19298100471496582,0.8721105456352234,0.06322890520095825
Custom Bangladeshi E-Waste Image Dataset for Objec/train/images/IMG_20250822_142128_jpg.rf.44fbc4415344e6608efda68cd02a041f.jpg,Plastic Waste,unknown,,battery,,0.809787392616272,0.9666764736175537,0.9692062735557556,1.0860249996185303,battery,,0.9267139434814453,0.9771555662155151,0.9380021691322327,1.1138358116149902,0.809787392616272,0.15688908100128174,0.9267139434814453,0.011288225650787354
Custom Bangladeshi E-Waste Image Dataset for Objec/train/images/IMG_20250822_142128_jpg.rf.eb707e08c22aa608699e5631ddafb7c7.jpg,Plastic Waste,unknown,,battery,,0.8342926502227783,0.9590662121772766,0.9826229810714722,1.0832383632659912,battery,,0.9136365056037903,0.9593769311904907,0.9498383402824402,1.1003834009170532,0.8342926502227783,0.12477356195449829,0.9136365056037903,0.0362018346786499
Custom Bangladeshi E-Waste Image Dataset for Objec/train/images/IMG_20250822_142130_jpg.rf.30cf1130d863e4a597302c6bf8b35a66.jpg,Plastic Waste,unknown,,battery,,0.7509154081344604,0.9638491272926331,0.9529329538345337,1.0726617574691772,battery,,0.8576093912124634,0.9391241669654846,0.9704949259757996,1.1107698678970337,0.7509154081344604,0.20201754570007324,0.8576093912124634,0.08151477575302124
Custom Bangladeshi E-Waste Image Dataset for Objec/train/images/IMG_20250822_142130_jpg.rf.b38e7e8dab9172201be0e9c175cb35bd.jpg,Plastic Waste,unknown,,battery,,0.7791227698326111,0.9840779304504395,0.9492859840393066,1.0620769262313843,battery,,0.9052664637565613,0.9874741435050964,0.9416995644569397,1.1334986686706543,0.7791227698326111,0.17016321420669556,0.9052664637565613,0.03643310070037842
Custom Bangladeshi E-Waste Image Dataset for Objec/train/images/IMG_20250822_142130_jpg.rf.b5ce1e9853685b02d00248616268d0c3.jpg,Plastic Waste,unknown,,battery,,0.7906615734100342,0.9699445962905884,0.9743278622627258,1.0908476114273071,battery,,0.9167135953903198,0.9544081687927246,0.9426438808441162,1.087040901184082,0.7906615734100342,0.1792830228805542,0.9167135953903198,0.025930285453796387
Custom Bangladeshi E-Waste Image Dataset for Objec/train/images/IMG_20250822_142140_jpg.rf.12688068d2bc49068b201ac32289690b.jpg,Plastic Waste,unknown,,battery,,0.8753284215927124,0.9500325918197632,0.9981445670127869,1.0900814533233643,battery,,0.9194582104682922,0.9506534337997437,0.9922820329666138,1.0960522890090942,0.8753284215927124,0.07470417022705078,0.9194582104682922,0.031195223331451416
Custom Bangladeshi E-Waste Image Dataset for Objec/train/images/IMG_20250822_142140_jpg.rf.51bffa61b0c75e687df6c9a52b03d1b0.jpg,Plastic Waste,unknown,,battery,,0.7889030575752258,0.9271984696388245,0.9542394280433655,1.041601300239563,battery,,0.9037041664123535,0.9044984579086304,1.0037884712219238,1.1026527881622314,0.7889030575752258,0.13829541206359863,0.9037041664123535,0.0007942914962768555
Custom Bangladeshi E-Waste Image Dataset for Objec/train/images/IMG_20250822_142140_jpg.rf.f1587160111a004e1c996291342da836.jpg,Plastic Waste,unknown,,battery,,0.817128598690033,0.9322381615638733,0.9538162350654602,1.08242666721344,battery,,0.9470109343528748,0.9678317904472351,0.9645522832870483,1.1052274703979492,0.817128598690033,0.11510956287384033,0.9470109343528748,0.017541348934173584
Custom Bangladeshi E-Waste Image Dataset for Objec/train/images/IMG_20250822_142141_jpg.rf.768b325d85d61071f8e06e4ee4dd846a.jpg,Plastic Waste,unknown,,battery,,0.7912269830703735,0.946080207824707,0.956618070602417,1.0494203567504883,battery,,0.8891697525978088,0.9006824493408203,0.9985467791557312,1.0981210470199585,0.7912269830703735,0.1548532247543335,0.8891697525978088,0.011512696743011475
Custom Bangladeshi E-Waste Image Dataset for Objec/train/images/IMG_20250822_142141_jpg.rf.7ff307ff4faf0087a05562944b8ee74e.jpg,Plastic Waste,unknown,,battery,,0.8194549083709717,0.9549149870872498,0.9594159722328186,1.0499802827835083,battery,,0.926787257194519,0.9640746712684631,0.9602584838867188,1.0900397300720215,0.8194549083709717,0.13546007871627808,0.926787257194519,0.03347122669219971
Custom Bangladeshi E-Waste Image Dataset for Objec/train/images/IMG_20250822_142141_jpg.rf.8b419e89aca132e7dc4ec7042f2b1e40.jpg,Plastic Waste,unknown,,battery,,0.8189088106155396,0.9967791438102722,0.9204935431480408,1.054756999015808,battery,,0.9331666231155396,1.0191166400909424,0.9392011165618896,1.1159322261810303,0.8189088106155396,0.10158473253250122,0.9331666231155396,0.006034493446350098
Custom Bangladeshi E-Waste Image Dataset for Objec/train/images/IMG_20250822_142143_jpg.rf.1ffd886e202f47f704edad54c5176c9a.jpg,Plastic Waste,unknown,,battery,,0.7797033786773682,0.9423481822013855,0.9555323123931885,1.0611764192581177,mobile,,0.9057663679122925,0.8994328379631042,1.0061451196670532,1.0950056314468384,0.7797033786773682,0.16264480352401733,0.8994328379631042,0.006333529949188232
Custom Bangladeshi E-Waste Image Dataset for Objec/train/images/IMG_20250822_142143_jpg.rf.7daa0f7fe242c1ae91a9b0b4507be5ea.jpg,Plastic Waste,unknown,,battery,,0.7980949878692627,0.9639474749565125,0.9443387389183044,1.0565459728240967,battery,,0.9391593337059021,0.9808298945426941,0.9542967081069946,1.1005311012268066,0.7980949878692627,0.14624375104904175,0.9391593337059021,0.01513737440109253
Custom Bangladeshi E-Waste Image Dataset for Objec/train/images/IMG_20250822_142143_jpg.rf.97cfd8d55444b985b9286ce3008f0da4.jpg,Plastic Waste,unknown,,battery,,0.8034032583236694,0.9575153589248657,0.966969907283783,1.033758282661438,battery,,0.9474449753761292,0.9595208764076233,0.9595529437065125,1.0897941589355469,0.8034032583236694,0.1541121006011963,0.9474449753761292,0.01207590103149414
Custom Bangladeshi E-Waste Image Dataset for Objec/train/images/IMG_20250822_142145_jpg.rf.9dca1d09bc063e34e3f420977919db83.jpg,Plastic Waste,unknown,,battery,,0.8615278005599976,0.9441081285476685,0.9704014658927917,1.0807702541351318,battery,,0.9349433779716492,0.9406625032424927,0.9654532074928284,1.0947216749191284,0.8615278005599976,0.0825803279876709,0.9349433779716492,0.005719125270843506
Custom Bangladeshi E-Waste Image Dataset for Objec/train/images/IMG_20250822_142145_jpg.rf.b893efc51e46ef4c3fca8f8b455ca26f.jpg,Plastic Waste,unknown,,battery,,0.778425931930542,0.9399749040603638,0.9707709550857544,1.0555124282836914,battery,,0.9095085859298706,0.910036563873291,1.0000386238098145,1.0925750732421875,0.778425931930542,0.16154897212982178,0.9095085859298706,0.0005279779434204102
Custom Bangladeshi E-Waste Image Dataset for Objec/train/images/IMG_20250822_142145_jpg.rf.e6ed2fe9e656e20bca9e7e59567e8fb4.jpg,Plastic Waste,unknown,,battery,,0.8017399311065674,0.9472652077674866,0.931342363357544,1.067280888557434,pcb,,0.9549618363380432,0.9530082941055298,0.9359087347984314,1.1097748279571533,0.8017399311065674,0.12960243225097656,0.9359087347984314,0.01709955930709839
Custom Bangladeshi E-Waste Image Dataset for Objec/train/images/IMG_20250822_142146_jpg.rf.2b123c5a020f54f4defe7ec1ab4dc8d2.jpg,Plastic Waste,unknown,,mobile,,0.9039092063903809,0.8960801362991333,0.9658889174461365,1.087633728981018,mobile,,0.9562309384346008,0.9234146475791931,0.9627779722213745,1.089052438735962,0.8960801362991333,0.007829070091247559,0.9234146475791931,0.032816290855407715
Custom Bangladeshi E-Waste Image Dataset for Objec/train/images/IMG_20250822_142146_jpg.rf.a6aeef063cee2b721563d821213c8733.jpg,Plastic Waste,unknown,,battery,,0.8096058368682861,0.9791905283927917,0.9721527695655823,1.065229892730713,battery,,0.9414325952529907,0.9789309501647949,0.9710277318954468,1.106452226638794,0.8096058368682861,0.16254693269729614,0.9414325952529907,0.029595136642456055
Custom Bangladeshi E-Waste Image Dataset for Objec/train/images/IMG_20250822_142146_jpg.rf.cff568a0dd3d868a52da5caa379bbf7e.jpg,Plastic Waste,unknown,,battery,,0.7982431650161743,0.9317520260810852,0.9649906754493713,1.0529451370239258,mobile,,0.9080411195755005,0.9030948877334595,1.0064064264297485,1.0934950113296509,0.7982431650161743,0.1335088610649109,0.9030948877334595,0.004946231842041016
Custom Bangladeshi E-Waste Image Dataset for Objec/train/images/IMG_20250822_142228_jpg.rf.26b983f263b182f6eb6570c00301c50a.jpg,Paper Waste,unknown,,battery,,0.7973538637161255,0.8849724531173706,0.9118492603302002,1.1408660411834717,mobile,,0.9260357022285461,0.8895888328552246,0.9632965922355652,1.0690643787384033,0.7973538637161255,0.08761858940124512,0.8895888328552246,0.03644686937332153
Custom Bangladeshi E-Waste Image Dataset for Objec/train/images/IMG_20250822_142228_jpg.rf.5b924b86b3eb7358694053cc2ade1fb7.jpg,Paper Waste,unknown,,battery,,0.7889207601547241,0.9271268248558044,0.8961401581764221,1.1332086324691772,battery,,0.84345543384552,0.9360834956169128,0.9027710556983948,1.0790027379989624,0.7889207601547241,0.107219398021698,0.84345543384552,0.059315621852874756
Custom Bangladeshi E-Waste Image Dataset for Objec/train/images/IMG_20250822_142228_jpg.rf.6a3335a4deec2d030688b6dab73f0e68.jpg,Paper Waste,unknown,,battery,,0.7828713059425354,0.982185423374176,0.8913437128067017,1.1066232919692993,battery,,0.8162217140197754,0.9602158069610596,0.9072479009628296,1.0752264261245728,0.7828713059425354,0.10847240686416626,0.8162217140197754,0.0910261869430542
Custom Bangladeshi E-Waste Image Dataset for Objec/train/images/IMG_20250822_142306_jpg.rf.184e7ae16a98ed6c3cab1315b0b102d5.jpg,Paper Waste,unknown,,battery,,0.5997157096862793,0.7741347551345825,0.9018990993499756,1.06610906124115,battery,,0.7545145750045776,0.7711789608001709,0.9066675305366516,1.0101346969604492,0.5997157096862793,0.17441904544830322,0.7545145750045776,0.01666438579559326
Custom Bangladeshi E-Waste Image Dataset for Objec/train/images/IMG_20250822_142306_jpg.rf.81c2bf1d9a808fcf6e0bb3d94b7ad5f0.jpg,Paper Waste,unknown,,battery,,0.5968738794326782,0.9360262155532837,0.8884702324867249,1.060124158859253,battery,,0.7479864358901978,0.9063469767570496,0.9039790630340576,1.033489465713501,0.5968738794326782,0.29159635305404663,0.7479864358901978,0.15599262714385986
Custom Bangladeshi E-Waste Image Dataset for Objec/train/images/IMG_20250822_142306_jpg.rf.84de740bc4a5b5c2ba3239ed332b1d3d.jpg,Paper Waste,unknown,,battery,,0.6047039031982422,0.9232692718505859,0.9042067527770996,1.0442503690719604,battery,,0.7424700856208801,0.8816465139389038,0.9067447185516357,1.0287638902664185,0.6047039031982422,0.2995028495788574,0.7424700856208801,0.13917642831802368
Custom Bangladeshi E-Waste Image Dataset for Objec/train/images/IMG_20250822_142310_jpg.rf.1645330f3580b7e589b16340b32539ea.jpg,Paper Waste,unknown,,battery,,0.6922117471694946,0.8211218118667603,0.9449304938316345,1.0338873863220215,battery,,0.7930569648742676,0.8331934809684753,0.9333479404449463,1.0109468698501587,0.6922117471694946,0.12891006469726562,0.7930569648742676,0.040136516094207764
Custom Bangladeshi E-Waste Image Dataset for Objec/train/images/IMG_20250822_142310_jpg.rf.8849fcc0cc04a0649a86646adc69e6c2.jpg,Paper Waste,unknown,,battery,,0.5987851619720459,0.7877436876296997,0.9423676133155823,1.0688105821609497,battery,,0.7407035827636719,0.8125136494636536,0.9426740407943726,1.0296809673309326,0.5987851619720459,0.1889585256576538,0.7407035827636719,0.07181006669998169
Custom Bangladeshi E-Waste Image Dataset for Objec/train/images/IMG_20250822_142310_jpg.rf.cdba5d507a75121f56c1d82804a654ed.jpg,Paper Waste,unknown,,battery,,0.6442518830299377,0.9035072922706604,0.929067075252533,1.0459697246551514,battery,,0.7867485284805298,0.8821104764938354,0.9313690066337585,1.0386762619018555,0.6442518830299377,0.25925540924072266,0.7867485284805298,0.09536194801330566
Custom Bangladeshi E-Waste Image Dataset for Objec/train/images/IMG_20250822_142343_jpg.rf.161c97c249cc6492a0f98e85d198b97d.jpg,Glass Waste,unknown,,battery,,0.7973029613494873,0.811730682849884,1.0050780773162842,1.061397910118103,mobile,,0.8884929418563843,0.8579227328300476,0.9826652407646179,1.071068525314331,0.7973029613494873,0.014427721500396729,0.8579227328300476,0.03057020902633667
Custom Bangladeshi E-Waste Image Dataset for Objec/train/images/IMG_20250822_142343_jpg.rf.84a698c7981eec1437b8f3fe86a130ba.jpg,Glass Waste,unknown,,mobile,,0.8369250297546387,0.8279370069503784,1.0063031911849976,1.0316237211227417,mobile,,0.8956834673881531,0.8664999008178711,0.9592841863632202,1.042287826538086,0.8279370069503784,0.008988022804260254,0.8664999008178711,0.029183566570281982
Custom Bangladeshi E-Waste Image Dataset for Objec/train/images/IMG_20250822_142343_jpg.rf.c0d7dc77fb66ffb2274ab8200312690e.jpg,Glass Waste,unknown,,battery,,0.8263475894927979,0.8425540328025818,0.9382656216621399,1.0370432138442993,mobile,,0.9110572934150696,0.8703492283821106,0.9304343461990356,1.0368889570236206,0.8263475894927979,0.016206443309783936,0.8703492283821106,0.040708065032958984
Custom Bangladeshi E-Waste Image Dataset for Objec/train/images/IMG_20250822_142344_jpg.rf.08e95b404c21105b109c99d79dc5b494.jpg,Glass Waste,unknown,,battery,,0.8093374371528625,0.8600665330886841,0.9137622117996216,0.9563202857971191,mobile,,0.8755626082420349,0.8675668239593506,0.9122651815414429,0.9709470272064209,0.8093374371528625,0.05072909593582153,0.8675668239593506,0.007995784282684326
Custom Bangladeshi E-Waste Image Dataset for Objec/train/images/IMG_20250822_142344_jpg.rf.4636b4d95665d444f2406f9f2105231d.jpg,Glass Waste,unknown,,mobile,,0.8151015043258667,0.7989537715911865,1.0088344812393188,1.0497386455535889,mobile,,0.8918317556381226,0.8357256650924683,0.9880177974700928,1.0546785593032837,0.7989537715911865,0.016147732734680176,0.8357256650924683,0.0561060905456543
Custom Bangladeshi E-Waste Image Dataset for Objec/train/images/IMG_20250822_142344_jpg.rf.5887a33fb647d277a1c012b98ebd677a.jpg,Glass Waste,unknown,,battery,,0.8326823711395264,0.8508191108703613,0.9757570028305054,1.034802794456482,mobile,,0.906973659992218,0.8835583329200745,0.9396396279335022,1.0587551593780518,0.8326823711395264,0.01813673973083496,0.8835583329200745,0.023415327072143555
Custom Bangladeshi E-Waste Image Dataset for Objec/train/images/IMG_20250822_142346_jpg.rf.7496d7609cb63755e73a2fdd0bc872ac.jpg,Glass Waste,unknown,,battery,,0.8055899143218994,0.913026750087738,0.9659799337387085,1.0206247568130493,mobile,,0.9278811812400818,0.883148729801178,0.9305739402770996,1.0976829528808594,0.8055899143218994,0.10743683576583862,0.883148729801178,0.04473245143890381
Custom Bangladeshi E-Waste Image Dataset for Objec/train/images/IMG_20250822_142346_jpg.rf.84a0003f12a5f11a663355d8a8c8e53f.jpg,Glass Waste,unknown,,battery,,0.7825047969818115,0.8084759712219238,0.9941877722740173,1.0585970878601074,mobile,,0.8774921894073486,0.8566691279411316,0.9811989068984985,1.0586050748825073,0.7825047969818115,0.025971174240112305,0.8566691279411316,0.02082306146621704
Custom Bangladeshi E-Waste Image Dataset for Objec/train/images/IMG_20250822_142346_jpg.rf.9349565ce0bcb491263c3d599b6d1725.jpg,Glass Waste,unknown,,battery,,0.7755851745605469,0.897061288356781,0.9343319535255432,0.989091694355011,battery,,0.8897426128387451,0.8898139595985413,0.9160059690475464,1.0184004306793213,0.7755851745605469,0.12147611379623413,0.8897426128387451,7.134675979614258e-05
Custom Bangladeshi E-Waste Image Dataset for Objec/train/images/IMG_20250822_142347_jpg.rf.2083e174c2f1fd022b3c05d668a51ec7.jpg,Glass Waste,unknown,,battery,,0.7839440107345581,0.8078834414482117,1.0056086778640747,1.0640690326690674,mobile,,0.8830079436302185,0.8546782732009888,0.9812657833099365,1.0714157819747925,0.7839440107345581,0.023939430713653564,0.8546782732009888,0.028329670429229736
Custom Bangladeshi E-Waste Image Dataset for Objec/train/images/IMG_20250822_142347_jpg.rf.8a8586dfe208b955c5f29a64de3638b8.jpg,Glass Waste,unknown,,battery,,0.8314746618270874,0.8651155233383179,0.9696353673934937,1.0309134721755981,mobile,,0.9172413349151611,0.8686220049858093,0.9470430016517639,1.0775235891342163,0.8314746618270874,0.03364086151123047,0.8686220049858093,0.04861932992935181
Custom Bangladeshi E-Waste Image Dataset for Objec/train/images/IMG_20250822_142347_jpg.rf.b9bc923fe73ed02a014790dd7430e918.jpg,Glass Waste,unknown,,battery,,0.8066749572753906,0.906336784362793,0.979087769985199,1.0370845794677734,mobile,,0.8988309502601624,0.8815768361091614,0.9479758143424988,1.0938280820846558,0.8066749572753906,0.09966182708740234,0.8815768361091614,0.017254114151000977
Custom Bangladeshi E-Waste Image Dataset for Objec/train/images/IMG_20250822_142417_jpg.rf.30dfca9b70744a20750486da26844db9.jpg,Glass Waste,unknown,,battery,,0.7537397146224976,0.8056305646896362,1.003969430923462,1.0559701919555664,mobile,,0.8411787748336792,0.820184588432312,1.0387400388717651,1.0848637819290161,0.7537397146224976,0.05189085006713867,0.820184588432312,0.020994186401367188
Custom Bangladeshi E-Waste Image Dataset for Objec/train/images/IMG_20250822_142417_jpg.rf.a6e77d350f402d1417bfcd3f8feca16d.jpg,Glass Waste,unknown,,battery,,0.775763988494873,0.7998207211494446,1.023327350616455,1.0504246950149536,mobile,,0.8770411014556885,0.8190306425094604,1.0057158470153809,1.078728199005127,0.775763988494873,0.024056732654571533,0.8190306425094604,0.05801045894622803
Custom Bangladeshi E-Waste Image Dataset for Objec/train/images/IMG_20250822_142417_jpg.rf.f19bc87665cf051a8c74c969199dc7f4.jpg,Glass Waste,unknown,,battery,,0.7082661986351013,0.8023144602775574,1.0306127071380615,1.0378904342651367,battery,,0.807089626789093,0.8139496445655823,1.0804721117019653,1.090879201889038,0.7082661986351013,0.09404826164245605,0.807089626789093,0.006860017776489258
Custom Bangladeshi E-Waste Image Dataset for Objec/train/images/IMG_20250822_142419_jpg.rf.06fcca158864645eed91c15642056523.jpg,Glass Waste,unknown,,battery,,0.7731389403343201,0.8424007892608643,0.9989234805107117,1.0285359621047974,mobile,,0.8832802176475525,0.8325812220573425,1.0108765363693237,1.0837490558624268,0.7731389403343201,0.06926184892654419,0.8325812220573425,0.05069899559020996
Custom Bangladeshi E-Waste Image Dataset for Objec/train/images/IMG_20250822_142419_jpg.rf.84335405b476b36b48634a4fbfcd4204.jpg,Glass Waste,unknown,,battery,,0.6542620062828064,0.8469029664993286,1.0215811729431152,1.0827157497406006,battery,,0.7908580303192139,0.8448841571807861,1.0392470359802246,1.112329125404358,0.6542620062828064,0.19264096021652222,0.7908580303192139,0.054026126861572266
Custom Bangladeshi E-Waste Image Dataset for Objec/train/images/IMG_20250822_142419_jpg.rf.9fe8ec93a7c568c966ebce1c3b830cd0.jpg,Glass Waste,unknown,,battery,,0.7818243503570557,0.8580704927444458,0.9856889247894287,1.021777868270874,mobile,,0.8827143311500549,0.8343310356140137,0.9759180545806885,1.0864430665969849,0.7818243503570557,0.07624614238739014,0.8343310356140137,0.04838329553604126
Custom Bangladeshi E-Waste Image Dataset for Objec/train/images/IMG_20250822_142423_jpg.rf.6f01b2787cbe20c5975acc0e92d26c51.jpg,Glass Waste,unknown,,battery,,0.8112430572509766,0.8427907228469849,0.966755211353302,1.0455670356750488,mobile,,0.9197244644165039,0.8671366572380066,0.9774962067604065,1.0925540924072266,0.8112430572509766,0.0315476655960083,0.8671366572380066,0.052587807178497314
Custom Bangladeshi E-Waste Image Dataset for Objec/train/images/IMG_20250822_142423_jpg.rf.9fade8933c3b78c1f79c3ee27c5d93f5.jpg,Glass Waste,unknown,,battery,,0.6990575790405273,0.8215269446372986,1.0314751863479614,1.077736258506775,battery,,0.7909986972808838,0.8272957801818848,1.065813660621643,1.0786690711975098,0.6990575790405273,0.12246936559677124,0.7909986972808838,0.03629708290100098
Custom Bangladeshi E-Waste Image Dataset for Objec/train/images/IMG_20250822_142423_jpg.rf.e8b10719abdadd3a639b8c871a59fcfd.jpg,Glass Waste,unknown,,battery,,0.7820001840591431,0.8359968066215515,0.9893481731414795,1.0248457193374634,mobile,,0.8813949227333069,0.8268028497695923,0.9875108003616333,1.0770387649536133,0.7820001840591431,0.05399662256240845,0.8268028497695923,0.0545920729637146
Custom Bangladeshi E-Waste Image Dataset for Objec/train/images/IMG_20250822_142425_jpg.rf.88b685430044a2f28a572ffa8b9fd409.jpg,Glass Waste,unknown,,battery,,0.8367710709571838,0.8466664552688599,0.957495927810669,1.0341920852661133,mobile,,0.9551612138748169,0.8584334850311279,0.9254262447357178,1.103107213973999,0.8367710709571838,0.009895384311676025,0.8584334850311279,0.06699275970458984
Custom Bangladeshi E-Waste Image Dataset for Objec/train/images/IMG_20250822_142425_jpg.rf.c0696babafb86ab59aa9dfd9184e6f7d.jpg,Glass Waste,unknown,,mobile,,0.8759140372276306,0.820900022983551,0.9813413619995117,1.0988801717758179,mobile,,0.9411027431488037,0.87022864818573,0.9694333672523499,1.0785000324249268,0.820900022983551,0.05501401424407959,0.87022864818573,0.07087409496307373
Custom Bangladeshi E-Waste Image Dataset for Objec/train/images/IMG_20250822_142425_jpg.rf.eae8968a0a1700e6a23b2e072652b603.jpg,Glass Waste,unknown,,battery,,0.6917895674705505,0.8317800760269165,1.0340975522994995,1.0884041786193848,battery,,0.7905906438827515,0.8386900424957275,1.0630486011505127,1.0829328298568726,0.6917895674705505,0.13999050855636597,0.7905906438827515,0.048099398612976074
Custom Bangladeshi E-Waste Image Dataset for Objec/train/images/IMG_20250822_142445_jpg.rf.4f4208217173f2c7317ae8dbb86853f6.jpg,Glass Waste,unknown,,battery,,0.7235884666442871,0.8743585348129272,1.023363709449768,1.0602306127548218,battery,,0.8513420224189758,0.8884983658790588,0.9689087867736816,1.07389497756958,0.7235884666442871,0.15077006816864014,0.8513420224189758,0.03715634346008301
Custom Bangladeshi E-Waste Image Dataset for Objec/train/images/IMG_20250822_142445_jpg.rf.57458e2861dbe23fa903b05a569ba43a.jpg,Glass Waste,unknown,,battery,,0.7515868544578552,0.8472464084625244,1.002364993095398,1.0498758554458618,battery,,0.8745204210281372,0.8966978192329407,0.9722779393196106,1.0837998390197754,0.7515868544578552,0.09565955400466919,0.8745204210281372,0.022177398204803467
Custom Bangladeshi E-Waste Image Dataset for Objec/train/images/IMG_20250822_142445_jpg.rf.efa2782badecb754496ab321176ed402.jpg,Glass Waste,unknown,,battery,,0.7092013359069824,0.8408987522125244,1.03202486038208,1.061159610748291,battery,,0.8035573959350586,0.8196711540222168,1.0156949758529663,1.0973044633865356,0.7092013359069824,0.131697416305542,0.8035573959350586,0.016113758087158203
Custom Bangladeshi E-Waste Image Dataset for Objec/train/images/IMG_20250822_142446_jpg.rf.29543f5563804a64e0b917ec8db5f585.jpg,Glass Waste,unknown,,battery,,0.7515329718589783,0.8472908139228821,1.0430731773376465,1.076932668685913,mobile,,0.8765417337417603,0.8688520789146423,0.9569690823554993,1.0760998725891113,0.7515329718589783,0.09575784206390381,0.8688520789146423,0.00768965482711792
Custom Bangladeshi E-Waste Image Dataset for Objec/train/images/IMG_20250822_142446_jpg.rf.c67a037a57f3d8d2e129ef936829e065.jpg,Glass Waste,unknown,,battery,,0.7826271653175354,0.8236925601959229,1.0150911808013916,1.0947314500808716,mobile,,0.8717142343521118,0.8514302372932434,0.9585521221160889,1.0994820594787598,0.7826271653175354,0.04106539487838745,0.8514302372932434,0.020283997058868408
Custom Bangladeshi E-Waste Image Dataset for Objec/train/images/IMG_20250822_142446_jpg.rf.ef80aa9878285c1de57430f1c889ce52.jpg,Glass Waste,unknown,,battery,,0.7029102444648743,0.8443381786346436,1.0400042533874512,1.0573906898498535,battery,,0.7999736666679382,0.8237047791481018,1.0223897695541382,1.0979881286621094,0.7029102444648743,0.1414279341697693,0.7999736666679382,0.023731112480163574
Custom Bangladeshi E-Waste Image Dataset for Objec/train/images/IMG_20250822_142448_jpg.rf.33447ecb201439454f0c16ca69ea16c2.jpg,Glass Waste,unknown,,battery,,0.7269896268844604,0.8512094020843506,1.0087666511535645,1.0312557220458984,battery,,0.8205760717391968,0.8986039757728577,1.0008655786514282,1.0775092840194702,0.7269896268844604,0.12421977519989014,0.8205760717391968,0.07802790403366089
Custom Bangladeshi E-Waste Image Dataset for Objec/train/images/IMG_20250822_142448_jpg.rf.34234c9afa2b644fd56efcb8d9973bb5.jpg,Glass Waste,unknown,,battery,,0.7414210438728333,0.870123028755188,1.0430206060409546,1.041530966758728,battery,,0.8460656404495239,0.8577138781547546,0.9908822774887085,1.079339861869812,0.7414210438728333,0.12870198488235474,0.8460656404495239,0.011648237705230713
Custom Bangladeshi E-Waste Image Dataset for Objec/train/images/IMG_20250822_142448_jpg.rf.ac9bc1444cd7ef3f7d2fa00e8a8c6cc6.jpg,Glass Waste,unknown,,battery,,0.6890459060668945,0.8535833358764648,1.040155291557312,1.0528758764266968,battery,,0.7901002168655396,0.8422031998634338,1.0209908485412598,1.0909554958343506,0.6890459060668945,0.1645374298095703,0.7901002168655396,0.05210298299789429
Custom Bangladeshi E-Waste Image Dataset for Objec/train/images/IMG_20250822_142453_1_jpg.rf.21058321be8ca64cb8c2e3185bb03166.jpg,Glass Waste,unknown,,battery,,0.7444139122962952,0.8847604393959045,0.9483292698860168,1.0582720041275024,battery,,0.8806370496749878,0.9031781554222107,0.9342130422592163,1.0974938869476318,0.7444139122962952,0.14034652709960938,0.8806370496749878,0.0225411057472229
Custom Bangladeshi E-Waste Image Dataset for Objec/train/images/IMG_20250822_142453_1_jpg.rf.7de933ef97098dcedf0b2fd1aee92332.jpg,Glass Waste,unknown,,battery,,0.7362856864929199,0.8246110677719116,0.9343090653419495,1.0841056108474731,mobile,,0.8708208203315735,0.8669752478599548,0.9630113840103149,1.1116889715194702,0.7362856864929199,0.0883253812789917,0.8669752478599548,0.0038455724716186523
Custom Bangladeshi E-Waste Image Dataset for Objec/train/images/IMG_20250822_142453_1_jpg.rf.babe8df596daa99254f55ce04c512d0d.jpg,Glass Waste,unknown,,battery,,0.697334885597229,0.8129402995109558,0.9766630530357361,1.0716400146484375,battery,,0.8326122760772705,0.8758684396743774,1.013951063156128,1.08957040309906,0.697334885597229,0.1156054139137268,0.8326122760772705,0.043256163597106934
Custom Bangladeshi E-Waste Image Dataset for Objec/train/images/IMG_20250822_142531_1_jpg.rf.87d1b8f7c571744355e4b0a3b0adadad.jpg,Glass Waste,unknown,,battery,,0.6688839793205261,0.8683910369873047,0.9497771263122559,1.0675722360610962,battery,,0.8472789525985718,0.8936645984649658,0.9155240654945374,1.0737249851226807,0.6688839793205261,0.19950705766677856,0.8472789525985718,0.04638564586639404
Custom Bangladeshi E-Waste Image Dataset for Objec/train/images/IMG_20250822_142531_1_jpg.rf.ae539e20256c91097a90044f1495b9c7.jpg,Glass Waste,unknown,,battery,,0.6107584238052368,0.866668701171875,0.9351020455360413,1.032920241355896,battery,,0.7961022257804871,0.922029972076416,0.9338716864585876,1.0169159173965454,0.6107584238052368,0.2559102773666382,0.7961022257804871,0.12592774629592896
Custom Bangladeshi E-Waste Image Dataset for Objec/train/images/IMG_20250822_142531_1_jpg.rf.bc9a8498befd6c1bac3382a12dd603fd.jpg,Glass Waste,unknown,,battery,,0.621285080909729,0.7725618481636047,0.9728859066963196,1.08278489112854,battery,,0.7959610223770142,0.7974193096160889,0.980962336063385,1.0566548109054565,0.621285080909729,0.15127676725387573,0.7959610223770142,0.001458287239074707
Custom Bangladeshi E-Waste Image Dataset for Objec/train/images/IMG_20250822_142531_jpg.rf.c1d8c3db7dd7f9b6061f301f580987ac.jpg,Glass Waste,unknown,,battery,,0.6421456336975098,0.8324141502380371,0.9240374565124512,1.04103684425354,battery,,0.7853144407272339,0.9202429056167603,0.9394420385360718,0.9843467473983765,0.6421456336975098,0.19026851654052734,0.7853144407272339,0.13492846488952637
Custom Bangladeshi E-Waste Image Dataset for Objec/train/images/IMG_20250822_142531_jpg.rf.cc2044417b3c9a9879915acd1a858f7c.jpg,Glass Waste,unknown,,battery,,0.6434953212738037,0.8660591840744019,0.9679133296012878,1.0191024541854858,battery,,0.8006088137626648,0.8799060583114624,0.9504691362380981,0.9787458777427673,0.6434953212738037,0.22256386280059814,0.8006088137626648,0.07929724454879761
Custom Bangladeshi E-Waste Image Dataset for Objec/train/images/IMG_20250822_142531_jpg.rf.e6e8b4d838666e701e7187be87142c60.jpg,Glass Waste,unknown,,battery,,0.6071698665618896,0.789139449596405,0.9608672261238098,1.0869693756103516,battery,,0.7745527625083923,0.7894899845123291,0.9706338047981262,1.0787358283996582,0.6071698665618896,0.18196958303451538,0.7745527625083923,0.014937222003936768
Custom Bangladeshi E-Waste Image Dataset for Objec/train/images/IMG_20250822_142534_jpg.rf.3aebbd4a53565ab165d7e119273a870a.jpg,Glass Waste,unknown,,battery,,0.7628206014633179,0.7978786826133728,0.9349638223648071,1.0737391710281372,mobile,,0.9281200766563416,0.8663521409034729,0.908161997795105,1.1022628545761108,0.7628206014633179,0.03505808115005493,0.8663521409034729,0.04180985689163208
Custom Bangladeshi E-Waste Image Dataset for Objec/train/images/IMG_20250822_142534_jpg.rf.72a3139a9ecebb7552a0ae1340df55ae.jpg,Glass Waste,unknown,,mobile,,0.8611947298049927,0.7985720634460449,0.9701099395751953,1.0977699756622314,mobile,,0.9111915230751038,0.790402889251709,0.9403584599494934,1.1158605813980103,0.7985720634460449,0.06262266635894775,0.790402889251709,0.12078863382339478
Custom Bangladeshi E-Waste Image Dataset for Objec/train/images/IMG_20250822_142534_jpg.rf.ab8fc2fc4357566472b2fcf2757680d0.jpg,Glass Waste,unknown,,mobile,,0.748196005821228,0.7319313287734985,0.9718480706214905,1.0577627420425415,mobile,,0.8637206554412842,0.7734947800636292,0.9354593753814697,1.1118873357772827,0.7319313287734985,0.016264677047729492,0.7734947800636292,0.09022587537765503
Custom Bangladeshi E-Waste Image Dataset for Objec/train/images/IMG_20250822_142537_jpg.rf.3c4b4f47f5cbdb1062b924a574835337.jpg,Glass Waste,unknown,,battery,,0.7348584532737732,0.8294717073440552,0.9273151159286499,1.0208464860916138,battery,,0.8503230214118958,0.8958398699760437,0.8960636258125305,1.0553135871887207,0.7348584532737732,0.09461325407028198,0.8503230214118958,0.04551684856414795
Custom Bangladeshi E-Waste Image Dataset for Objec/train/images/IMG_20250822_142537_jpg.rf.798a6c899564457de5e991d33ccd8c6c.jpg,Glass Waste,unknown,,battery,,0.7405741214752197,0.8623946905136108,0.9340529441833496,1.0088413953781128,battery,,0.8477929830551147,0.8893101811408997,0.9110241532325745,1.0273228883743286,0.7405741214752197,0.12182056903839111,0.8477929830551147,0.04151719808578491
Custom Bangladeshi E-Waste Image Dataset for Objec/train/images/IMG_20250822_142537_jpg.rf.e14750172a876339df8ddf08f8140db1.jpg,Glass Waste,unknown,,battery,,0.7378515005111694,0.780401885509491,0.9605840444564819,1.036000370979309,mobile,,0.7962455749511719,0.7722377777099609,0.9071660041809082,1.0894368886947632,0.7378515005111694,0.04255038499832153,0.7722377777099609,0.024007797241210938
Custom Bangladeshi E-Waste Image Dataset for Objec/train/images/IMG_20250822_142543_jpg.rf.7c8c56037fe38ae62acfce2c83da73cd.jpg,Glass Waste,unknown,,mobile,,0.7557947039604187,0.7544323205947876,0.9501100182533264,1.0492780208587646,mobile,,0.8532953858375549,0.7797616124153137,0.9538034200668335,1.0624971389770508,0.7544323205947876,0.0013623833656311035,0.7797616124153137,0.07353377342224121
Custom Bangladeshi E-Waste Image Dataset for Objec/train/images/IMG_20250822_142543_jpg.rf.a887c1217fd755633266e65aecc9782f.jpg,Glass Waste,unknown,,battery,,0.7609518766403198,0.8629180192947388,0.9198989272117615,0.9998655319213867,mobile,,0.8986235857009888,0.8750061988830566,0.884389340877533,1.0517587661743164,0.7609518766403198,0.10196614265441895,0.8750061988830566,0.009383141994476318
Custom Bangladeshi E-Waste Image Dataset for Objec/train/images/IMG_20250822_142543_jpg.rf.aabdf06c48a35a19bf738cd5ccd20d69.jpg,Glass Waste,unknown,,battery,,0.791365921497345,0.8752046823501587,0.9197816848754883,1.0067423582077026,mobile,,0.9085816144943237,0.8620784282684326,0.8981825113296509,1.057592749595642,0.791365921497345,0.08383876085281372,0.8620784282684326,0.03610408306121826
Custom Bangladeshi E-Waste Image Dataset for Objec/train/images/IMG_20250822_142544_jpg.rf.a066459d42ee5be849f7163ac21007c4.jpg,Glass Waste,unknown,,battery,,0.7994291186332703,0.8530018925666809,0.9013159871101379,1.0130237340927124,mobile,,0.9480089545249939,0.8759027123451233,0.8854391574859619,1.0781499147415161,0.7994291186332703,0.053572773933410645,0.8759027123451233,0.009536445140838623
Custom Bangladeshi E-Waste Image Dataset for Objec/train/images/IMG_20250822_142544_jpg.rf.b9c54ec080d38c23929de733a6b79058.jpg,Glass Waste,unknown,,mobile,,0.8236169815063477,0.8143695592880249,0.9131876230239868,1.0647366046905518,mobile,,0.9392058849334717,0.8327673673629761,0.8874107599258423,1.0699436664581299,0.8143695592880249,0.009247422218322754,0.8327673673629761,0.05464339256286621
Custom Bangladeshi E-Waste Image Dataset for Objec/train/images/IMG_20250822_142544_jpg.rf.d9364cdf2ebfc53d6ec3a526d74b28bc.jpg,Glass Waste,unknown,,mobile,,0.7865049242973328,0.7611713409423828,0.9345475435256958,1.03358793258667,mobile,,0.8963064551353455,0.7574154734611511,0.9317836165428162,1.069398045539856,0.7611713409423828,0.02533358335494995,0.7574154734611511,0.13889098167419434
Custom Bangladeshi E-Waste Image Dataset for Objec/train/images/IMG_20250822_142550_jpg.rf.a73e4df70f845bec5e3ae29631fdb458.jpg,Glass Waste,unknown,,battery,,0.7899196147918701,0.8336793780326843,0.9798691868782043,1.049161434173584,battery,,0.8610338568687439,0.8747689723968506,0.9287303686141968,1.0344352722167969,0.7899196147918701,0.04375976324081421,0.8610338568687439,0.01373511552810669
Custom Bangladeshi E-Waste Image Dataset for Objec/train/images/IMG_20250822_142550_jpg.rf.ce0bb39eada78c1a1e49b308cb792b40.jpg,Glass Waste,unknown,,battery,,0.75892573595047,0.7752949595451355,0.9666612148284912,0.9860896468162537,mobile,,0.8384383916854858,0.7936092615127563,0.9563926458358765,1.0142253637313843,0.75892573595047,0.016369223594665527,0.7936092615127563,0.04482913017272949
Custom Bangladeshi E-Waste Image Dataset for Objec/train/images/IMG_20250822_142550_jpg.rf.d39d69f33448842cf81590365df5f1ce.jpg,Glass Waste,unknown,,mobile,,0.8321170210838318,0.7995660305023193,0.9178171753883362,1.0242717266082764,mobile,,0.9254753589630127,0.8847266435623169,0.9078809022903442,1.0406606197357178,0.7995660305023193,0.03255099058151245,0.8847266435623169,0.023154258728027344
Custom Bangladeshi E-Waste Image Dataset for Objec/train/images/IMG_20250822_142627_jpg.rf.32b4c5aa91e44189f1ebce06866df57f.jpg,Glass Waste,unknown,,battery,,0.8602612614631653,0.8897741436958313,0.9764025211334229,0.9970769882202148,battery,,0.9676625728607178,1.0112895965576172,0.970059335231781,1.0113569498062134,0.8602612614631653,0.029512882232666016,0.9676625728607178,0.0023967623710632324
Custom Bangladeshi E-Waste Image Dataset for Objec/train/images/IMG_20250822_142627_jpg.rf.8eb6a5ad8ea6d18808b5bd310d8dd79a.jpg,Glass Waste,unknown,,battery,,0.8879191279411316,0.8907262682914734,0.9626060724258423,0.967823326587677,pcb,,0.9709819555282593,0.9816917777061462,0.9522902965545654,1.0045311450958252,0.8879191279411316,0.002807140350341797,0.9522902965545654,0.018691658973693848
Custom Bangladeshi E-Waste Image Dataset for Objec/train/images/IMG_20250822_142627_jpg.rf.bccd08c8ca565fa9ba2e2a9b0000417d.jpg,Glass Waste,unknown,,mobile,,0.8416101336479187,0.8272866606712341,0.9626737833023071,0.9692620038986206,mobile,,0.9467988610267639,0.9358057975769043,0.9972302913665771,0.9905050992965698,0.8272866606712341,0.01432347297668457,0.9358057975769043,0.01099306344985962
Custom Bangladeshi E-Waste Image Dataset for Objec/train/images/IMG_20250822_142642_jpg.rf.12fb3e458214079dfbf9d88abf5983c6.jpg,Glass Waste,unknown,,mobile,,0.9043770432472229,0.8948379755020142,1.0418452024459839,1.0145915746688843,mobile,,1.0363165140151978,0.9766401648521423,1.0071014165878296,0.9946773648262024,0.8948379755020142,0.00953906774520874,0.9766401648521423,0.01803719997406006
Custom Bangladeshi E-Waste Image Dataset for Objec/train/images/IMG_20250822_142642_jpg.rf.870cb5aa51d3ddfbb540eca034682349.jpg,Glass Waste,unknown,,mobile,,0.9246278405189514,0.8856959939002991,1.011512279510498,1.0094650983810425,mobile,,1.0303624868392944,0.9634120464324951,1.0186198949813843,1.0173711776733398,0.8856959939002991,0.038931846618652344,0.9634120464324951,0.05395913124084473
Custom Bangladeshi E-Waste Image Dataset for Objec/train/images/IMG_20250822_142642_jpg.rf.a3681840aebfd867cd2d11cb86881302.jpg,Glass Waste,unknown,,mobile,,0.8600317239761353,0.8349380493164062,1.0719513893127441,1.0250442028045654,mobile,,0.992821216583252,0.922635018825531,1.0837032794952393,1.0371510982513428,0.8349380493164062,0.025093674659729004,0.922635018825531,0.07018619775772095
Custom Bangladeshi E-Waste Image Dataset for Objec/train/images/IMG_20250822_142644_jpg.rf.3b7c57a94bbed04c130f3c9e0112d74a.jpg,Glass Waste,unknown,,mobile,,0.9151138663291931,0.9073704481124878,1.0149034261703491,1.0073378086090088,mobile,,1.0402172803878784,0.9542441964149475,1.0327967405319214,1.006298542022705,0.9073704481124878,0.007743418216705322,0.9542441964149475,0.05205434560775757
Custom Bangladeshi E-Waste Image Dataset for Objec/train/images/IMG_20250822_142644_jpg.rf.91e7198e079e4eb6b00badb2a55537d2.jpg,Glass Waste,unknown,,mobile,,0.9103066325187683,0.8580577373504639,1.040013313293457,1.006156325340271,mobile,,1.0298813581466675,0.9358019828796387,1.025433897972107,0.9988365173339844,0.8580577373504639,0.05224889516830444,0.9358019828796387,0.0630345344543457
Custom Bangladeshi E-Waste Image Dataset for Objec/train/images/IMG_20250822_142644_jpg.rf.cc02019b38aca5c4d251402c36521886.jpg,Glass Waste,unknown,,mobile,,0.8466393351554871,0.8267935514450073,1.072275996208191,1.0296008586883545,mobile,,0.992658257484436,0.9185478091239929,1.0803946256637573,1.0310581922531128,0.8267935514450073,0.019845783710479736,0.9185478091239929,0.07411044836044312
Custom Bangladeshi E-Waste Image Dataset for Objec/train/images/IMG_20250822_142659_jpg.rf.134c1fc2ae098958ca62fa67c6cda250.jpg,Metal Waste,unknown,,battery,,0.6734862327575684,0.862930178642273,0.9190168976783752,0.9874426126480103,battery,,0.8017047643661499,0.8544917106628418,0.8804093599319458,1.0614925622940063,0.6734862327575684,0.1894439458847046,0.8017047643661499,0.052786946296691895
Custom Bangladeshi E-Waste Image Dataset for Objec/train/images/IMG_20250822_142659_jpg.rf.157cfefb447d8c19846d26ccece0cafc.jpg,Metal Waste,unknown,,battery,,0.592991828918457,0.8498644232749939,0.9708973169326782,1.0081312656402588,battery,,0.7151085138320923,0.8981908559799194,0.8806409239768982,1.0861469507217407,0.592991828918457,0.25687259435653687,0.7151085138320923,0.1655324101448059
Custom Bangladeshi E-Waste Image Dataset for Objec/train/images/IMG_20250822_142659_jpg.rf.ae6c997713b4bbd94f5f6108593d9abc.jpg,Metal Waste,unknown,,battery,,0.5441389083862305,0.8264299631118774,1.0114388465881348,1.0161033868789673,battery,,0.665787398815155,0.8587550520896912,0.911932110786438,1.0623040199279785,0.5441389083862305,0.282291054725647,0.665787398815155,0.19296765327453613
Custom Bangladeshi E-Waste Image Dataset for Objec/train/images/IMG_20250822_142758_jpg.rf.1d2c6255f29824bedad2fd9a7b6ea7e8.jpg,Organic Waste,unknown,,pcb,,0.8910269737243652,0.8308455348014832,0.8024430274963379,1.0349366664886475,mobile,,0.9827774167060852,0.8485482931137085,0.8542971611022949,0.9876185655593872,0.8024430274963379,0.028402507305145264,0.8485482931137085,0.005748867988586426
Custom Bangladeshi E-Waste Image Dataset for Objec/train/images/IMG_20250822_142758_jpg.rf.4d91ac19f5efd4d27f65839e4d9d99fb.jpg,Organic Waste,unknown,,pcb,,0.8878366947174072,0.9358759522438049,0.7576431035995483,0.9951505661010742,pcb,,0.9702099561691284,0.9453677535057068,0.8095765113830566,0.9969650506973267,0.7576431035995483,0.1301935911178589,0.8095765113830566,0.13579124212265015
Custom Bangladeshi E-Waste Image Dataset for Objec/train/images/IMG_20250822_142758_jpg.rf.51d704eeb79ff4fe58c1d007b6eb43fe.jpg,Organic Waste,unknown,,pcb,,0.9002042412757874,0.9500272274017334,0.7960822582244873,0.9933144450187683,pcb,,0.9757287502288818,0.9536654949188232,0.8085802793502808,1.0050568580627441,0.7960822582244873,0.10412198305130005,0.8085802793502808,0.14508521556854248
Custom Bangladeshi E-Waste Image Dataset for Objec/train/images/IMG_20250822_142801_jpg.rf.187787c7883d14e7a96285c177902de2.jpg,Organic Waste,unknown,,pcb,,0.88743656873703,0.9344815015792847,0.794524610042572,1.001114845275879,pcb,,0.9858119487762451,0.9232665300369263,0.8228843212127686,1.0246480703353882,0.794524610042572,0.09291195869445801,0.8228843212127686,0.10038220882415771
Custom Bangladeshi E-Waste Image Dataset for Objec/train/images/IMG_20250822_142801_jpg.rf.6aaa576565b27b3f07fe02f1aa917f2c.jpg,Organic Waste,unknown,,pcb,,0.8991063237190247,0.8448493480682373,0.7901772260665894,1.0373746156692505,pcb,,1.0077601671218872,0.8314598798751831,0.8284119367599487,0.9684967994689941,0.7901772260665894,0.05467212200164795,0.8284119367599487,0.003047943115234375
Custom Bangladeshi E-Waste Image Dataset for Objec/train/images/IMG_20250822_142801_jpg.rf.bc0e200ef82f729471c02733c64e8594.jpg,Organic Waste,unknown,,pcb,,0.9475995302200317,0.8813445568084717,0.776320219039917,1.0398976802825928,pcb,,0.995336651802063,0.929105818271637,0.8293605446815491,1.0335215330123901,0.776320219039917,0.10502433776855469,0.8293605446815491,0.09974527359008789
Custom Bangladeshi E-Waste Image Dataset for Objec/train/images/IMG_20250822_142805_jpg.rf.34124dfde31b19616ea25d25ba4719dd.jpg,Organic Waste,unknown,,pcb,,0.8939924240112305,0.8658062219619751,0.7786719799041748,1.0160781145095825,pcb,,0.9900129437446594,0.8813862800598145,0.8227429986000061,1.0098927021026611,0.7786719799041748,0.08713424205780029,0.8227429986000061,0.05864328145980835
Custom Bangladeshi E-Waste Image Dataset for Objec/train/images/IMG_20250822_142805_jpg.rf.99d870813930681d1418314c6cf72e90.jpg,Organic Waste,unknown,,pcb,,1.0072569847106934,0.8667201995849609,0.8660979866981506,1.0648787021636963,pcb,,1.0076013803482056,0.8378730416297913,0.8273333311080933,1.0233534574508667,0.8660979866981506,0.0006222128868103027,0.8273333311080933,0.010539710521697998
Custom Bangladeshi E-Waste Image Dataset for Objec/train/images/IMG_20250822_142805_jpg.rf.cd8e813a3a07bfbb17f06bf375859060.jpg,Organic Waste,unknown,,pcb,,0.9034181237220764,0.8325592279434204,0.7968096137046814,1.0317591428756714,mobile,,0.9979479908943176,0.8394366502761841,0.8568494319915771,0.9453659057617188,0.7968096137046814,0.035749614238739014,0.8394366502761841,0.017412781715393066
Custom Bangladeshi E-Waste Image Dataset for Objec/train/images/IMG_20250822_142807_jpg.rf.0ae01cf45705c008d4a6bcd364adce2f.jpg,Organic Waste,unknown,,pcb,,0.8884888291358948,0.8133445978164673,0.7803250551223755,1.0423582792282104,mobile,,0.9675776958465576,0.8264806866645813,0.834368884563446,1.0121337175369263,0.7803250551223755,0.0330195426940918,0.8264806866645813,0.007888197898864746
Custom Bangladeshi E-Waste Image Dataset for Objec/train/images/IMG_20250822_142807_jpg.rf.2e57a9e8c606f318e1170393f2e30c4e.jpg,Organic Waste,unknown,,pcb,,0.8954428434371948,0.930346667766571,0.7823234796524048,1.013767957687378,pcb,,0.9770134687423706,0.9446179270744324,0.8314827084541321,1.0213223695755005,0.7823234796524048,0.11311936378479004,0.8314827084541321,0.11313521862030029
Custom Bangladeshi E-Waste Image Dataset for Objec/train/images/IMG_20250822_142807_jpg.rf.4b0fad9417cbe2a55463ef81dcfaf5f8.jpg,Organic Waste,unknown,,pcb,,0.917110800743103,0.9022389650344849,0.7790148854255676,1.0105665922164917,pcb,,0.9835898280143738,0.9063582420349121,0.8157814741134644,1.0242360830307007,0.7790148854255676,0.12322407960891724,0.8157814741134644,0.09057676792144775
Custom Bangladeshi E-Waste Image Dataset for Objec/train/images/IMG_20250822_142808_jpg.rf.174be02b765e8e447ded17fa8a446c1e.jpg,Organic Waste,unknown,,pcb,,0.9358611702919006,0.9092934131622314,0.7837936282157898,1.0119317770004272,pcb,,1.0050551891326904,0.9068659543991089,0.8253083229064941,1.017478585243225,0.7837936282157898,0.12549978494644165,0.8253083229064941,0.08155763149261475
Custom Bangladeshi E-Waste Image Dataset for Objec/train/images/IMG_20250822_142808_jpg.rf.5f1cc6b587069c34f2564efaca1a0f87.jpg,Organic Waste,unknown,,pcb,,0.9013771414756775,0.91972416639328,0.7694668769836426,1.0157971382141113,pcb,,0.9784227013587952,0.921190619468689,0.8211859464645386,1.0350250005722046,0.7694668769836426,0.1319102644920349,0.8211859464645386,0.10000467300415039
Custom Bangladeshi E-Waste Image Dataset for Objec/train/images/IMG_20250822_142808_jpg.rf.8812a5b66fe1922cd96f72fb2b0cb059.jpg,Organic Waste,unknown,,pcb,,0.876764178276062,0.8352456092834473,0.7695914506912231,1.0313936471939087,pcb,,0.9738621711730957,0.8516570329666138,0.8396349549293518,0.9966877698898315,0.7695914506912231,0.06565415859222412,0.8396349549293518,0.012022078037261963
Custom Bangladeshi E-Waste Image Dataset for Objec/train/images/IMG_20250822_142809_jpg.rf.2ab048ee2ad814fa9dd7ba2e829a1f1e.jpg,Organic Waste,unknown,,pcb,,0.8846043944358826,0.8357701301574707,0.7731698751449585,1.0277973413467407,mobile,,0.985450804233551,0.8385957479476929,0.8443858623504639,0.9881771206855774,0.7731698751449585,0.06260025501251221,0.8385957479476929,0.005790114402770996
Custom Bangladeshi E-Waste Image Dataset for Objec/train/images/IMG_20250822_142809_jpg.rf.9fde58375a07c44c841657a3888bdb04.jpg,Organic Waste,unknown,,pcb,,0.9874630570411682,0.8878507018089294,0.8182125687599182,1.0408343076705933,pcb,,1.0097390413284302,0.8794576525688171,0.8547593355178833,0.982060968875885,0.8182125687599182,0.06963813304901123,0.8547593355178833,0.024698317050933838
Custom Bangladeshi E-Waste Image Dataset for Objec/train/images/IMG_20250822_142809_jpg.rf.e1c77a248aae7e8cbbb79ea5773b4665.jpg,Organic Waste,unknown,,pcb,,0.9113778471946716,0.8821812272071838,0.7724719047546387,1.0322587490081787,pcb,,0.986540675163269,0.919228196144104,0.8306599259376526,1.0406546592712402,0.7724719047546387,0.10970932245254517,0.8306599259376526,0.08856827020645142
Custom Bangladeshi E-Waste Image Dataset for Objec/train/images/IMG_20250822_142830_jpg.rf.292bce616efba766281639fc3f98fbe4.jpg,Organic Waste,unknown,,pcb,,0.8653569221496582,0.8908311128616333,0.7781393527984619,1.0369946956634521,pcb,,0.9965828061103821,0.9046232104301453,0.770723819732666,1.0635497570037842,0.7781393527984619,0.08721756935119629,0.770723819732666,0.13389939069747925
Custom Bangladeshi E-Waste Image Dataset for Objec/train/images/IMG_20250822_142830_jpg.rf.521dc58f97b8a3133228f0930c929631.jpg,Organic Waste,unknown,,pcb,,0.9008583426475525,0.8443529605865479,0.8028464913368225,1.033278465270996,pcb,,1.030476689338684,0.8752481937408447,0.7982497215270996,1.0496408939361572,0.8028464913368225,0.04150646924972534,0.7982497215270996,0.07699847221374512
Custom Bangladeshi E-Waste Image Dataset for Objec/train/images/IMG_20250822_142830_jpg.rf.fbf9fe3c13b520f6d845c50d58f3e35d.jpg,Organic Waste,unknown,,pcb,,0.8649235367774963,0.801171064376831,0.7655656933784485,1.0830353498458862,pcb,,1.0000746250152588,0.8231125473976135,0.7979267239570618,1.0357545614242554,0.7655656933784485,0.03560537099838257,0.7979267239570618,0.025185823440551758
Custom Bangladeshi E-Waste Image Dataset for Objec/train/images/IMG_20250822_142832_jpg.rf.1f42b5ce3eedbcdb46d9a7ef29350f22.jpg,Organic Waste,unknown,,pcb,,0.9141896963119507,0.9229052066802979,0.7372915744781494,1.064263105392456,pcb,,1.0186127424240112,0.9382835030555725,0.796528697013855,1.0770230293273926,0.7372915744781494,0.17689812183380127,0.796528697013855,0.14175480604171753
Custom Bangladeshi E-Waste Image Dataset for Objec/train/images/IMG_20250822_142832_jpg.rf.3840408fd363fc5184400d0ec3fd9296.jpg,Organic Waste,unknown,,pcb,,0.8404891490936279,0.8895114064216614,0.7280542850494385,1.0735175609588623,pcb,,0.9770588278770447,0.9093989133834839,0.8268896341323853,1.0621918439865112,0.7280542850494385,0.11243486404418945,0.8268896341323853,0.08250927925109863
Custom Bangladeshi E-Waste Image Dataset for Objec/train/images/IMG_20250822_142832_jpg.rf.804c5874eda9cebf474762a0aa8f8365.jpg,Organic Waste,unknown,,pcb,,0.8925842642784119,0.9697965383529663,0.7319867610931396,1.082046627998352,pcb,,0.998965859413147,0.9675585031509399,0.8188970685005188,1.0884342193603516,0.7319867610931396,0.16059750318527222,0.8188970685005188,0.14866143465042114
Custom Bangladeshi E-Waste Image Dataset for Objec/train/images/IMG_20250822_142833_jpg.rf.0e99a0329f39eb36811edd8cef87a886.jpg,Organic Waste,unknown,,pcb,,0.8431985378265381,0.9179734587669373,0.7201449871063232,1.0873746871948242,pcb,,0.9716845750808716,0.9349110722541809,0.8257082104682922,1.0720467567443848,0.7201449871063232,0.12305355072021484,0.8257082104682922,0.10920286178588867
Custom Bangladeshi E-Waste Image Dataset for Objec/train/images/IMG_20250822_142833_jpg.rf.289941be72d02e70716ba752742d3508.jpg,Organic Waste,unknown,,pcb,,0.873823881149292,0.9144623875617981,0.725658655166626,1.0922561883926392,pcb,,1.0027581453323364,0.9252351522445679,0.8021618127822876,1.0663626194000244,0.725658655166626,0.14816522598266602,0.8021618127822876,0.12307333946228027
Custom Bangladeshi E-Waste Image Dataset for Objec/train/images/IMG_20250822_142833_jpg.rf.e9c07348d2f1d37522982fe1bdf2483e.jpg,Organic Waste,unknown,,pcb,,0.8607766032218933,0.9683080911636353,0.7292599081993103,1.0805431604385376,pcb,,1.0099807977676392,0.9502654671669006,0.800648033618927,1.096718192100525,0.7292599081993103,0.131516695022583,0.800648033618927,0.14961743354797363
Custom Bangladeshi E-Waste Image Dataset for Objec/train/images/IMG_20250822_142835_jpg.rf.71cfcb0275d748c2394fe6409a501f49.jpg,Organic Waste,unknown,,pcb,,0.8735253214836121,0.9445357918739319,0.7751619815826416,1.047987461090088,pcb,,0.9956865310668945,0.9133697748184204,0.8136502504348755,1.0367144346237183,0.7751619815826416,0.09836333990097046,0.8136502504348755,0.09971952438354492
Custom Bangladeshi E-Waste Image Dataset for Objec/train/images/IMG_20250822_142835_jpg.rf.893050f17088e8364063370975814d8a.jpg,Organic Waste,unknown,,pcb,,0.8868014812469482,0.9478746652603149,0.7332836389541626,1.0796308517456055,pcb,,0.9935188293457031,0.9322392344474792,0.8176398277282715,1.0796128511428833,0.7332836389541626,0.15351784229278564,0.8176398277282715,0.11459940671920776
Custom Bangladeshi E-Waste Image Dataset for Objec/train/images/IMG_20250822_142835_jpg.rf.ab9e4b427a6273f592cffd56a638189c.jpg,Organic Waste,unknown,,pcb,,0.8312578797340393,0.8845198154449463,0.7139835357666016,1.081007719039917,pcb,,0.9843416213989258,0.9112347960472107,0.812745988368988,1.0421289205551147,0.7139835357666016,0.11727434396743774,0.812745988368988,0.09848880767822266
Custom Bangladeshi E-Waste Image Dataset for Objec/train/images/IMG_20250822_142905_jpg.rf.2bf61f2daed1c1ed09cf348689126b47.jpg,Organic Waste,unknown,,pcb,,0.9013754725456238,0.8735510110855103,0.7116041779518127,1.0463385581970215,pcb,,1.0090128183364868,0.8472127318382263,0.7821254730224609,1.0257203578948975,0.7116041779518127,0.1619468331336975,0.7821254730224609,0.06508725881576538
Custom Bangladeshi E-Waste Image Dataset for Objec/train/images/IMG_20250822_142905_jpg.rf.ebd1228fe36912aa356c1dc512f47ecf.jpg,Organic Waste,unknown,,pcb,,0.8906952142715454,0.9351603388786316,0.7849279046058655,1.0247515439987183,pcb,,1.0009455680847168,0.9126667976379395,0.7927654981613159,1.0616899728775024,0.7849279046058655,0.10576730966567993,0.7927654981613159,0.11990129947662354
Custom Bangladeshi E-Waste Image Dataset for Objec/train/images/IMG_20250822_142905_jpg.rf.ff814fc26578229439fc1c1f915f5a32.jpg,Organic Waste,unknown,,pcb,,0.9035285711288452,0.9314501285552979,0.7638838291168213,1.00669527053833,pcb,,1.0009878873825073,0.9078087210655212,0.7872266173362732,1.0428084135055542,0.7638838291168213,0.13964474201202393,0.7872266173362732,0.12058210372924805
Custom Bangladeshi E-Waste Image Dataset for Objec/train/images/IMG_20250822_142914_jpg.rf.399f848c094b889bdf6946acd441d3c5.jpg,Organic Waste,unknown,,pcb,,0.8930421471595764,0.9666500687599182,0.7121456861495972,1.0722315311431885,pcb,,1.0162605047225952,0.9643072485923767,0.7633103728294373,1.0777745246887207,0.7121456861495972,0.18089646100997925,0.7633103728294373,0.20099687576293945
Custom Bangladeshi E-Waste Image Dataset for Objec/train/images/IMG_20250822_142914_jpg.rf.72806fab17429a3192e6b5336d7bab1e.jpg,Organic Waste,unknown,,pcb,,0.907425045967102,0.951217532157898,0.7128578424453735,1.050452709197998,pcb,,1.0196279287338257,0.9438165426254272,0.7686407566070557,1.0467561483383179,0.7128578424453735,0.19456720352172852,0.7686407566070557,0.17517578601837158
Custom Bangladeshi E-Waste Image Dataset for Objec/train/images/IMG_20250822_142914_jpg.rf.a1f36bc4f945cdb8edd13dc8c56d7caa.jpg,Organic Waste,unknown,,pcb,,0.9146840572357178,0.8821420669555664,0.7052410840988159,1.0508607625961304,pcb,,1.024699091911316,0.8570737838745117,0.8113665580749512,1.030728816986084,0.7052410840988159,0.1769009828567505,0.8113665580749512,0.04570722579956055
Custom Bangladeshi E-Waste Image Dataset for Objec/train/images/IMG_20250822_142915_jpg.rf.300eda05297ffe34d407f43df90725d0.jpg,Organic Waste,unknown,,pcb,,0.9053162932395935,0.9399274587631226,0.7113885879516602,1.0231035947799683,pcb,,1.026645302772522,0.9146976470947266,0.768759548664093,1.0635147094726562,0.7113885879516602,0.19392770528793335,0.768759548664093,0.14593809843063354
Custom Bangladeshi E-Waste Image Dataset for Objec/train/images/IMG_20250822_142915_jpg.rf.3cb37e8e62f4a7ace4a5fbf9c5526e78.jpg,Organic Waste,unknown,,pcb,,0.8960756659507751,0.856169581413269,0.7059417963027954,1.049095630645752,pcb,,1.0059235095977783,0.8296869993209839,0.7951382398605347,1.006542444229126,0.7059417963027954,0.15022778511047363,0.7951382398605347,0.03454875946044922
Custom Bangladeshi E-Waste Image Dataset for Objec/train/images/IMG_20250822_142915_jpg.rf.8338049dac67f20c3b8aeda319734627.jpg,Organic Waste,unknown,,pcb,,0.9884722828865051,0.9179566502571106,0.7753615379333496,1.0853378772735596,pcb,,1.031546711921692,0.9079481959342957,0.7945207357406616,1.0573539733886719,0.7753615379333496,0.142595112323761,0.7945207357406616,0.11342746019363403
Custom Bangladeshi E-Waste Image Dataset for Objec/train/images/IMG_20250822_142920_jpg.rf.140548b4643041306900cb20e6f8562f.jpg,Organic Waste,unknown,,pcb,,0.9184015393257141,0.8638692498207092,0.7322500944137573,1.025826334953308,pcb,,1.0023894309997559,0.8379360437393188,0.7931673526763916,1.0020548105239868,0.7322500944137573,0.1316191554069519,0.7931673526763916,0.044768691062927246
Custom Bangladeshi E-Waste Image Dataset for Objec/train/images/IMG_20250822_142920_jpg.rf.58f5f773361c57f548e5452074280ba0.jpg,Organic Waste,unknown,,pcb,,0.9136732220649719,0.9329803586006165,0.7342703342437744,1.021228313446045,pcb,,1.0137758255004883,0.8829430937767029,0.7851482629776001,1.0417029857635498,0.7342703342437744,0.1794028878211975,0.7851482629776001,0.09779483079910278
Custom Bangladeshi E-Waste Image Dataset for Objec/train/images/IMG_20250822_142920_jpg.rf.dec6bd367f0e1c0c04786e8b26e2ff2d.jpg,Organic Waste,unknown,,pcb,,0.9136693477630615,0.9505824446678162,0.7374016046524048,1.042022943496704,pcb,,0.9970448613166809,0.9228593111038208,0.7785950899124146,1.045073390007019,0.7374016046524048,0.17626774311065674,0.7785950899124146,0.14426422119140625
Custom Bangladeshi E-Waste Image Dataset for Objec/train/images/IMG_20250822_142921_jpg.rf.28e11e91824e891ae86a6f949f27e227.jpg,Organic Waste,unknown,,pcb,,0.9170281291007996,0.9306281805038452,0.7452540397644043,1.0262759923934937,pcb,,1.0192986726760864,0.90533846616745,0.795171320438385,1.0406794548034668,0.7452540397644043,0.17177408933639526,0.795171320438385,0.11016714572906494
Custom Bangladeshi E-Waste Image Dataset for Objec/train/images/IMG_20250822_142921_jpg.rf.86f6e4e5c3132716ac77edf8472cdc25.jpg,Organic Waste,unknown,,pcb,,1.0013848543167114,0.927601158618927,0.7684190273284912,1.0791414976119995,pcb,,1.0223984718322754,0.8711382746696472,0.797431468963623,1.0761712789535522,0.7684190273284912,0.1591821312904358,0.797431468963623,0.07370680570602417
Custom Bangladeshi E-Waste Image Dataset for Objec/train/images/IMG_20250822_142921_jpg.rf.eb977a2c390b8e3de6c48c6eaa76b1c7.jpg,Organic Waste,unknown,,pcb,,0.8947151303291321,0.8628844022750854,0.7192710638046265,1.0300946235656738,pcb,,1.0004773139953613,0.8423592448234558,0.7863855361938477,1.0108323097229004,0.7192710638046265,0.14361333847045898,0.7863855361938477,0.055973708629608154
Custom Bangladeshi E-Waste Image Dataset for Objec/train/images/IMG_20250822_142922_jpg.rf.5883d284addd80c919e10bccc80f94ff.jpg,Organic Waste,unknown,,pcb,,0.9090559482574463,0.9208997488021851,0.7101379632949829,1.0471199750900269,pcb,,1.007226824760437,0.8951015472412109,0.7893598675727844,1.0511982440948486,0.7101379632949829,0.19891798496246338,0.7893598675727844,0.10574167966842651
Custom Bangladeshi E-Waste Image Dataset for Objec/train/images/IMG_20250822_142922_jpg.rf.a93e32d91da92ce2755cefa8a515f4ec.jpg,Organic Waste,unknown,,pcb,,0.895638644695282,0.8744125366210938,0.7137140035629272,1.0542235374450684,pcb,,1.0034301280975342,0.8664533495903015,0.781910240650177,1.0475692749023438,0.7137140035629272,0.1606985330581665,0.781910240650177,0.08454310894012451
Custom Bangladeshi E-Waste Image Dataset for Objec/train/images/IMG_20250822_142922_jpg.rf.caa3b7d519397bc55f30ac0e31b89138.jpg,Organic Waste,unknown,,pcb,,0.8869196772575378,0.9327840805053711,0.7563632130622864,1.0222253799438477,pcb,,1.0015803575515747,0.9626591801643372,0.7980014085769653,1.0734655857086182,0.7563632130622864,0.13055646419525146,0.7980014085769653,0.16465777158737183
Custom Bangladeshi E-Waste Image Dataset for Objec/train/images/IMG_20250822_142924_jpg.rf.2a74697d88087fd4e7fd488d55b8c84f.jpg,Organic Waste,unknown,,pcb,,0.9291731715202332,0.9149875640869141,0.7128589153289795,1.0597885847091675,pcb,,1.0136501789093018,0.8782413005828857,0.7899761199951172,1.0208418369293213,0.7128589153289795,0.20212864875793457,0.7899761199951172,0.08826518058776855
Custom Bangladeshi E-Waste Image Dataset for Objec/train/images/IMG_20250822_142924_jpg.rf.9de8747b6952c98ebc3f71d26824fe8c.jpg,Organic Waste,unknown,,pcb,,0.8690465688705444,0.8992257714271545,0.6667829751968384,1.0495191812515259,pcb,,0.9857356548309326,0.86561518907547,0.7692291736602783,1.0546727180480957,0.6667829751968384,0.20226359367370605,0.7692291736602783,0.09638601541519165
Custom Bangladeshi E-Waste Image Dataset for Objec/train/images/IMG_20250822_142924_jpg.rf.f09a3c32254d643759e6db5f8ecbe2fd.jpg,Organic Waste,unknown,,pcb,,0.9636963605880737,0.9193888902664185,0.721275269985199,1.0593832731246948,pcb,,1.0227391719818115,0.8855019807815552,0.7573665380477905,1.0486980676651,0.721275269985199,0.19811362028121948,0.7573665380477905,0.12813544273376465
Custom Bangladeshi E-Waste Image Dataset for Objec/train/images/IMG_20250822_142929_jpg.rf.248266266cb1b934fe54c155b2394b94.jpg,Organic Waste,unknown,,pcb,,0.9016329646110535,0.8730359673500061,0.7184318900108337,1.0384968519210815,pcb,,1.0133671760559082,0.8609891533851624,0.7788764834403992,1.014258623123169,0.7184318900108337,0.15460407733917236,0.7788764834403992,0.08211266994476318
Custom Bangladeshi E-Waste Image Dataset for Objec/train/images/IMG_20250822_142929_jpg.rf.68bdf0b170b59bc073472566b16b680a.jpg,Organic Waste,unknown,,pcb,,0.9444454908370972,0.9010964632034302,0.7513373494148254,1.0639101266860962,pcb,,1.0230257511138916,0.8992869257926941,0.8048877716064453,1.0522534847259521,0.7513373494148254,0.14975911378860474,0.8048877716064453,0.09439915418624878
Custom Bangladeshi E-Waste Image Dataset for Objec/train/images/IMG_20250822_142929_jpg.rf.91112941d6ac78243172a2d5447c7846.jpg,Organic Waste,unknown,,pcb,,0.9108599424362183,0.9392247796058655,0.7271794080734253,1.0170270204544067,pcb,,1.0155390501022339,0.9007943272590637,0.7833960652351379,1.0361579656600952,0.7271794080734253,0.18368053436279297,0.7833960652351379,0.11739826202392578
Custom Bangladeshi E-Waste Image Dataset for Objec/train/images/IMG_20250822_142930_jpg.rf.28b92a9f8d182d0b597d0e079a416cd9.jpg,Organic Waste,unknown,,pcb,,0.8985651731491089,0.9162241816520691,0.7327289581298828,1.0098308324813843,pcb,,0.9826698303222656,0.8929096460342407,0.7767904996871948,1.012534260749817,0.7327289581298828,0.16583621501922607,0.7767904996871948,0.1161191463470459
Custom Bangladeshi E-Waste Image Dataset for Objec/train/images/IMG_20250822_142930_jpg.rf.4225f24807c138b0721fc430d206a99f.jpg,Organic Waste,unknown,,pcb,,0.8961087465286255,0.924262523651123,0.7524945735931396,1.0162832736968994,pcb,,1.0118250846862793,0.8974769115447998,0.7970728874206543,1.0326989889144897,0.7524945735931396,0.14361417293548584,0.7970728874206543,0.10040402412414551
Custom Bangladeshi E-Waste Image Dataset for Objec/train/images/IMG_20250822_142930_jpg.rf.6bdca82244c7547ab4985a7a39afeeec.jpg,Organic Waste,unknown,,pcb,,0.9008786678314209,0.8759011626243591,0.7155519127845764,1.0376994609832764,pcb,,1.0062922239303589,0.8559982180595398,0.7785055637359619,1.0246137380599976,0.7155519127845764,0.16034924983978271,0.7785055637359619,0.07749265432357788
Custom Bangladeshi E-Waste Image Dataset for Objec/train/images/IMG_20250822_142931_jpg.rf.68824d2de793c8eb46fc649df9782fc2.jpg,Organic Waste,unknown,,pcb,,0.9181206226348877,0.8730841279029846,0.7326748371124268,1.0419939756393433,pcb,,1.0090970993041992,0.8454995155334473,0.7866401672363281,1.020990014076233,0.7326748371124268,0.14040929079055786,0.7866401672363281,0.05885934829711914
Custom Bangladeshi E-Waste Image Dataset for Objec/train/images/IMG_20250822_142931_jpg.rf.c8b4f04792919b87e0c1d5622498581a.jpg,Organic Waste,unknown,,pcb,,0.9174168109893799,0.9031046032905579,0.7477877140045166,1.0319268703460693,pcb,,1.0205198526382446,0.8777034282684326,0.7869993448257446,1.035433292388916,0.7477877140045166,0.15531688928604126,0.7869993448257446,0.09070408344268799
Custom Bangladeshi E-Waste Image Dataset for Objec/train/images/IMG_20250822_142931_jpg.rf.e285e9f075e1d6ebca459f89b757f496.jpg,Organic Waste,unknown,,pcb,,0.9444491863250732,0.898481547832489,0.7429749965667725,1.0458526611328125,pcb,,1.0210143327713013,0.9081541299819946,0.7974047660827637,1.0483661890029907,0.7429749965667725,0.15550655126571655,0.7974047660827637,0.11074936389923096
Custom Bangladeshi E-Waste Image Dataset for Objec/train/images/IMG_20250822_142932_jpg.rf.7051d595300b0be872275792ae9a3e6d.jpg,Organic Waste,unknown,,pcb,,0.9075273871421814,0.9201740622520447,0.7257526516914368,1.0298136472702026,pcb,,1.0063344240188599,0.8949451446533203,0.7807638049125671,1.0337281227111816,0.7257526516914368,0.18177473545074463,0.7807638049125671,0.11418133974075317
Custom Bangladeshi E-Waste Image Dataset for Objec/train/images/IMG_20250822_142932_jpg.rf.a69e5764ad6e9dfd7f7d87027f3eec45.jpg,Organic Waste,unknown,,pcb,,0.9117328524589539,0.8692166805267334,0.7285574674606323,1.0298362970352173,pcb,,1.0022207498550415,0.85551518201828,0.7837375402450562,1.019604206085205,0.7285574674606323,0.14065921306610107,0.7837375402450562,0.07177764177322388
Custom Bangladeshi E-Waste Image Dataset for Objec/train/images/IMG_20250822_142932_jpg.rf.f852d34591389ce4ae4ec56b5762762d.jpg,Organic Waste,unknown,,pcb,,0.9677025675773621,0.924138069152832,0.7668492197990417,1.036109447479248,pcb,,1.0309484004974365,0.9431276917457581,0.8013013601303101,1.0769164562225342,0.7668492197990417,0.15728884935379028,0.8013013601303101,0.141826331615448
Custom Bangladeshi E-Waste Image Dataset for Objec/train/images/IMG_20250822_142933_jpg.rf.2f10d052a23b39c19662982592222ce9.jpg,Organic Waste,unknown,,pcb,,0.9042737483978271,0.8670182228088379,0.719883918762207,1.0367783308029175,pcb,,1.013366937637329,0.8614839315414429,0.7771067023277283,1.0245572328567505,0.719883918762207,0.14713430404663086,0.7771067023277283,0.0843772292137146
Custom Bangladeshi E-Waste Image Dataset for Objec/train/images/IMG_20250822_142933_jpg.rf.687f657c1c3d8126177ae6a35de7a274.jpg,Organic Waste,unknown,,pcb,,0.9172201156616211,0.9497613906860352,0.7618077993392944,0.9880051612854004,pcb,,1.025076985359192,0.8950545191764832,0.7899540066719055,1.009574055671692,0.7618077993392944,0.15541231632232666,0.7899540066719055,0.10510051250457764
Custom Bangladeshi E-Waste Image Dataset for Objec/train/images/IMG_20250822_142933_jpg.rf.e2fd52db4dc60af95ee321d560be8432.jpg,Organic Waste,unknown,,pcb,,0.909608781337738,0.9192712306976318,0.7340857982635498,1.0304144620895386,pcb,,1.0044832229614258,0.9212333559989929,0.8037354946136475,1.0554065704345703,0.7340857982635498,0.17552298307418823,0.8037354946136475,0.11749786138534546
Custom Bangladeshi E-Waste Image Dataset for Objec/train/images/IMG_20250822_142935_jpg.rf.49a4f87c58ae7f0213111c91df33ec1a.jpg,Organic Waste,unknown,,pcb,,0.9075920581817627,0.9184449315071106,0.7656549215316772,1.037423014640808,pcb,,1.0132907629013062,0.8930820226669312,0.7777998447418213,1.0325374603271484,0.7656549215316772,0.14193713665008545,0.7777998447418213,0.11528217792510986
Custom Bangladeshi E-Waste Image Dataset for Objec/train/images/IMG_20250822_142935_jpg.rf.b8b0523c00885bfed574b94ddcd3cbec.jpg,Organic Waste,unknown,,pcb,,0.9196637868881226,0.8645710945129395,0.7348536849021912,1.0406107902526855,pcb,,1.0072264671325684,0.8643546104431152,0.7904829382896423,1.0270824432373047,0.7348536849021912,0.1297174096107483,0.7904829382896423,0.0738716721534729
Custom Bangladeshi E-Waste Image Dataset for Objec/train/images/IMG_20250822_142935_jpg.rf.e343c0ee4f9b1edbc59e6c8a039a0983.jpg,Organic Waste,unknown,,pcb,,0.9241428971290588,0.897469162940979,0.759899377822876,1.0277971029281616,pcb,,1.023032546043396,0.8508214950561523,0.790059506893158,1.0392372608184814,0.759899377822876,0.13756978511810303,0.790059506893158,0.060761988162994385
Custom Bangladeshi E-Waste Image Dataset for Objec/train/images/IMG_20250822_142936_jpg.rf.6798f6d3f06b9ad3fd7180a4c1e82193.jpg,Organic Waste,unknown,,pcb,,0.8945407271385193,0.9302401542663574,0.7350562810897827,1.0314483642578125,pcb,,1.007688045501709,0.9173069000244141,0.7855145931243896,1.0595797300338745,0.7350562810897827,0.15948444604873657,0.7855145931243896,0.13179230690002441
Custom Bangladeshi E-Waste Image Dataset for Objec/train/images/IMG_20250822_142936_jpg.rf.8a8c8c4046759dad60cd12ac2e22cba6.jpg,Organic Waste,unknown,,pcb,,0.8994260430335999,0.8452309966087341,0.7019681930541992,1.036845088005066,pcb,,1.013566255569458,0.8525153398513794,0.7867416739463806,1.0443440675735474,0.7019681930541992,0.1432628035545349,0.7867416739463806,0.06577366590499878
Custom Bangladeshi E-Waste Image Dataset for Objec/train/images/IMG_20250822_142936_jpg.rf.a98db47748dfa37fc3dca377dbc096d3.jpg,Organic Waste,unknown,,pcb,,0.9038207530975342,0.9417336583137512,0.7352744340896606,1.0300636291503906,pcb,,1.0230733156204224,0.8957636952400208,0.7702345848083496,1.029199242591858,0.7352744340896606,0.16854631900787354,0.7702345848083496,0.12552911043167114
Custom Bangladeshi E-Waste Image Dataset for Objec/train/images/IMG_20250822_142940_jpg.rf.2829884a8f62e2151045f6b9afc0b8d3.jpg,Organic Waste,unknown,,pcb,,0.9189212322235107,0.8675404191017151,0.7242223024368286,1.03573477268219,pcb,,1.0141122341156006,0.8660959005355835,0.786563515663147,1.0227140188217163,0.7242223024368286,0.14331811666488647,0.786563515663147,0.07953238487243652
Custom Bangladeshi E-Waste Image Dataset for Objec/train/images/IMG_20250822_142940_jpg.rf.72edae5e4edb5d00b24e039ba78f61d4.jpg,Organic Waste,unknown,,pcb,,0.8913236856460571,0.9399925470352173,0.7648019790649414,1.0260313749313354,pcb,,1.0184959173202515,0.9012267589569092,0.7844089269638062,1.0458215475082397,0.7648019790649414,0.12652170658111572,0.7844089269638062,0.11681783199310303
Custom Bangladeshi E-Waste Image Dataset for Objec/train/images/IMG_20250822_142940_jpg.rf.faca861d85ac02136246e1d7158443d3.jpg,Organic Waste,unknown,,pcb,,0.9140195250511169,0.9347918629646301,0.7382704615592957,1.0151002407073975,pcb,,1.0132466554641724,0.907517671585083,0.7985793948173523,1.0195341110229492,0.7382704615592957,0.1757490634918213,0.7985793948173523,0.10893827676773071
Custom Bangladeshi E-Waste Image Dataset for Objec/train/images/IMG_20250822_230545_jpg.rf.3d3eec3ec17179597df8db94cf78f4e5.jpg,Medical Waste,unknown,,battery,,0.7618694305419922,0.848855197429657,0.9378393292427063,1.0551046133041382,battery,,0.857338011264801,0.880548894405365,0.9472970962524414,1.0169246196746826,0.7618694305419922,0.0869857668876648,0.857338011264801,0.023210883140563965
Custom Bangladeshi E-Waste Image Dataset for Objec/train/images/IMG_20250822_230545_jpg.rf.8b4c3b6ed74e721f58f8ddc5c663ee18.jpg,Medical Waste,unknown,,battery,,0.7675507068634033,0.9503622055053711,0.9154179692268372,1.0527535676956177,battery,,0.8875081539154053,0.9613050818443298,0.9267380237579346,1.0431300401687622,0.7675507068634033,0.14786726236343384,0.8875081539154053,0.0392298698425293
Custom Bangladeshi E-Waste Image Dataset for Objec/train/images/IMG_20250822_230545_jpg.rf.cc70d00aa6c30945afd56ba294faaa12.jpg,Medical Waste,unknown,,battery,,0.7533423900604248,0.946923553943634,0.8980168700218201,1.0625170469284058,battery,,0.8497577905654907,0.9518342018127441,0.917474091053009,1.0507640838623047,0.7533423900604248,0.14467447996139526,0.8497577905654907,0.06771630048751831
Custom Bangladeshi E-Waste Image Dataset for Objec/train/images/IMG_20250822_230546_1_jpg.rf.3550c8b3be1fc2fe3565ebc31d07aa82.jpg,Medical Waste,unknown,,battery,,0.8055641055107117,0.930598258972168,0.938926100730896,1.0357695817947388,battery,,0.9325137734413147,0.9586135745048523,0.9390214085578918,1.0022289752960205,0.8055641055107117,0.1250341534614563,0.9325137734413147,0.0065076351165771484
Custom Bangladeshi E-Waste Image Dataset for Objec/train/images/IMG_20250822_230546_1_jpg.rf.3c1e040a52bb35e989efa911f5eaba01.jpg,Medical Waste,unknown,,battery,,0.7728768587112427,0.921225905418396,0.9284764528274536,1.0344921350479126,battery,,0.9083605408668518,0.9603728652000427,0.9366217255592346,1.0364869832992554,0.7728768587112427,0.14834904670715332,0.9083605408668518,0.028261184692382812
Custom Bangladeshi E-Waste Image Dataset for Objec/train/images/IMG_20250822_230546_1_jpg.rf.8313ab2e2182bdb03195f630362be1cf.jpg,Medical Waste,unknown,,battery,,0.767428457736969,0.8319799900054932,0.9327995181083679,1.046620488166809,mobile,,0.8859031200408936,0.8796696066856384,0.9541482329368591,1.0175111293792725,0.767428457736969,0.06455153226852417,0.8796696066856384,0.006233513355255127
Custom Bangladeshi E-Waste Image Dataset for Objec/train/images/IMG_20250822_230548_jpg.rf.7e6735590cb378544d4e373fca1e6bf9.jpg,Medical Waste,unknown,,battery,,0.7708538174629211,0.8447943329811096,0.9388123154640198,1.057572841644287,battery,,0.8794746398925781,0.8881428241729736,0.9527761340141296,1.0283159017562866,0.7708538174629211,0.07394051551818848,0.8794746398925781,0.008668184280395508
Custom Bangladeshi E-Waste Image Dataset for Objec/train/images/IMG_20250822_230548_jpg.rf.929b940fd2a08d001c38e2c6d2a9f4d0.jpg,Medical Waste,unknown,,battery,,0.771797239780426,0.9493136405944824,0.890431821346283,1.0772714614868164,battery,,0.8591123223304749,0.9481960535049438,0.9121415615081787,1.0575666427612305,0.771797239780426,0.11863458156585693,0.8591123223304749,0.05302923917770386
Custom Bangladeshi E-Waste Image Dataset for Objec/train/images/IMG_20250822_230548_jpg.rf.9ba02ad108190de26a3de78c757d0337.jpg,Medical Waste,unknown,,battery,,0.8002724647521973,0.9057096242904663,0.9429568648338318,1.0390976667404175,battery,,0.9229236841201782,0.9293880462646484,0.936016857624054,1.0209081172943115,0.8002724647521973,0.10543715953826904,0.9229236841201782,0.006464362144470215
Custom Bangladeshi E-Waste Image Dataset for Objec/train/images/IMG_20250822_230556_1_jpg.rf.42acae430650f80cea5a1e0ca301c4c7.jpg,Medical Waste,unknown,,battery,,0.7791441082954407,0.9672922492027283,0.9083869457244873,1.070662260055542,battery,,0.8929667472839355,0.9656371474266052,0.9199091792106628,1.0518989562988281,0.7791441082954407,0.12924283742904663,0.8929667472839355,0.026942431926727295
Custom Bangladeshi E-Waste Image Dataset for Objec/train/images/IMG_20250822_230556_1_jpg.rf.88fa1e69da5ca4442939f840cbc57b66.jpg,Medical Waste,unknown,,battery,,0.7710223197937012,0.8680223226547241,0.9087961912155151,1.054729700088501,battery,,0.8794082999229431,0.8855646252632141,0.9443722367286682,1.0323121547698975,0.7710223197937012,0.09700000286102295,0.8794082999229431,0.006156325340270996
Custom Bangladeshi E-Waste Image Dataset for Objec/train/images/IMG_20250822_230556_1_jpg.rf.ed1e2cae3454ea83d72126cdbd65bdb4.jpg,Medical Waste,unknown,,battery,,0.7635197639465332,0.9359315037727356,0.9355289936065674,1.0672191381454468,battery,,0.8990293145179749,0.9495786428451538,0.9418242573738098,1.0497612953186035,0.7635197639465332,0.17200922966003418,0.8990293145179749,0.04279494285583496
Custom Bangladeshi E-Waste Image Dataset for Objec/train/images/IMG_20250822_230557_jpg.rf.552f2a4ef7da4483a234b1898fc14238.jpg,Medical Waste,unknown,,battery,,0.8023977279663086,0.9763810634613037,0.9148015379905701,1.090848684310913,pcb,,0.9333229064941406,0.9815635085105896,0.9327643513679504,1.0383377075195312,0.8023977279663086,0.11240381002426147,0.9327643513679504,0.0005585551261901855
Custom Bangladeshi E-Waste Image Dataset for Objec/train/images/IMG_20250822_230557_jpg.rf.9b0a7b9f482ef392ef92c14b13fb4f97.jpg,Medical Waste,unknown,,battery,,0.7632028460502625,0.8685546517372131,0.9134100079536438,1.0712686777114868,battery,,0.8817338943481445,0.9031321406364441,0.9419836401939392,1.0340214967727661,0.7632028460502625,0.10535180568695068,0.8817338943481445,0.02139824628829956
Custom Bangladeshi E-Waste Image Dataset for Objec/train/images/IMG_20250822_230557_jpg.rf.e9db1168ad08adfe2112cd4a8d8e4aca.jpg,Medical Waste,unknown,,battery,,0.7884986996650696,0.9638310074806213,0.9346831440925598,1.083975911140442,battery,,0.8907708525657654,0.9791790246963501,0.9190601706504822,1.0582590103149414,0.7884986996650696,0.14618444442749023,0.8907708525657654,0.028289318084716797
Custom Bangladeshi E-Waste Image Dataset for Objec/train/images/IMG_20250822_230611_jpg.rf.0a938e23347b8ad098af89c04c4c0862.jpg,Medical Waste,unknown,,battery,,0.7353650331497192,0.9332436323165894,0.8964158892631531,1.0296030044555664,battery,,0.8147162199020386,0.9038559198379517,0.9138708710670471,0.9887322187423706,0.7353650331497192,0.16105085611343384,0.8147162199020386,0.08913969993591309
Custom Bangladeshi E-Waste Image Dataset for Objec/train/images/IMG_20250822_230611_jpg.rf.5552c53ac4f3a977379cfdc3d36e0d7b.jpg,Medical Waste,unknown,,battery,,0.8032767176628113,0.9502213597297668,0.8985534906387329,1.0462114810943604,battery,,0.8479942083358765,0.934749960899353,0.897979736328125,1.0195629596710205,0.8032767176628113,0.09527677297592163,0.8479942083358765,0.049985527992248535
Custom Bangladeshi E-Waste Image Dataset for Objec/train/images/IMG_20250822_230611_jpg.rf.eb140e1bd06979b4f8df1ad21d3a0bb3.jpg,Medical Waste,unknown,,battery,,0.8734861016273499,0.9846974015235901,0.9143943190574646,1.0635727643966675,mobile,,0.9820311665534973,0.9097726345062256,0.9174174070358276,1.0886658430099487,0.8734861016273499,0.040908217430114746,0.9097726345062256,0.007644772529602051
Custom Bangladeshi E-Waste Image Dataset for Objec/train/images/IMG_20250822_230612_jpg.rf.527f68f96c7e0ca88ebf81f6535e4825.jpg,Medical Waste,unknown,,battery,,0.768528401851654,0.9903338551521301,0.9022435545921326,1.0274959802627563,battery,,0.8646291494369507,0.9620819687843323,0.9028856754302979,1.0209624767303467,0.768528401851654,0.13371515274047852,0.8646291494369507,0.03825652599334717
Custom Bangladeshi E-Waste Image Dataset for Objec/train/images/IMG_20250822_230612_jpg.rf.a7dfa2e2a6866979982b27b42d1f6556.jpg,Medical Waste,unknown,,battery,,0.7172600030899048,0.9459472298622131,0.8961182236671448,1.0346213579177856,battery,,0.824280321598053,0.8989076018333435,0.9135552644729614,0.9980007410049438,0.7172600030899048,0.17885822057724,0.824280321598053,0.07462728023529053
Custom Bangladeshi E-Waste Image Dataset for Objec/train/images/IMG_20250822_230612_jpg.rf.fc267f6fd845ddea34dbe0faa7a8c8d7.jpg,Medical Waste,unknown,,battery,,0.7641851902008057,1.0108009576797485,0.890149712562561,1.0166313648223877,battery,,0.8720784783363342,0.9329735040664673,0.8984991908073425,1.0221623182296753,0.7641851902008057,0.12596452236175537,0.8720784783363342,0.0264207124710083
Custom Bangladeshi E-Waste Image Dataset for Objec/train/images/IMG_20250822_230613_1_jpg.rf.76b16c8047eb25a57f78ea2b0736cf17.jpg,Medical Waste,unknown,,battery,,0.7273982763290405,0.9369518160820007,0.9038721919059753,1.032019019126892,battery,,0.8284360766410828,0.8986286520957947,0.917209267616272,0.9921349883079529,0.7273982763290405,0.17647391557693481,0.8284360766410828,0.07019257545471191
Custom Bangladeshi E-Waste Image Dataset for Objec/train/images/IMG_20250822_230613_1_jpg.rf.b824bfa295dde6c7f58bcf08b37e72cb.jpg,Medical Waste,unknown,,battery,,0.7505247592926025,0.9784201383590698,0.8932340145111084,1.0387769937515259,battery,,0.850572407245636,0.9176552891731262,0.9040626287460327,1.0189889669418335,0.7505247592926025,0.14270925521850586,0.850572407245636,0.05349022150039673
Custom Bangladeshi E-Waste Image Dataset for Objec/train/images/IMG_20250822_230613_1_jpg.rf.d12fe6d6e037d34a990100a38047052e.jpg,Medical Waste,unknown,,battery,,0.7723419666290283,0.9474143981933594,0.8787516355514526,1.0434157848358154,battery,,0.8682438731193542,0.9205996990203857,0.8730518817901611,1.0388195514678955,0.7723419666290283,0.10640966892242432,0.8682438731193542,0.004808008670806885
Custom Bangladeshi E-Waste Image Dataset for Objec/train/images/IMG_20250822_230614_jpg.rf.6cb543ae18c3ea3898577a6356e11908.jpg,Medical Waste,unknown,,battery,,0.7951358556747437,0.9227889180183411,0.8958345055580139,1.0524168014526367,battery,,0.8649589419364929,0.9108821153640747,0.8811171650886536,1.0382252931594849,0.7951358556747437,0.10069864988327026,0.8649589419364929,0.016158223152160645
Custom Bangladeshi E-Waste Image Dataset for Objec/train/images/IMG_20250822_230614_jpg.rf.83d266f2811c54fcb26bca050fb531a9.jpg,Medical Waste,unknown,,battery,,0.7364732027053833,0.9215918183326721,0.9053817391395569,1.0310271978378296,battery,,0.8283884525299072,0.8930053114891052,0.916955828666687,0.9950367212295532,0.7364732027053833,0.16890853643417358,0.8283884525299072,0.064616858959198
Custom Bangladeshi E-Waste Image Dataset for Objec/train/images/IMG_20250822_230614_jpg.rf.a18c26e46219e5dfb4c817917f83042c.jpg,Medical Waste,unknown,,battery,,0.7881810665130615,0.9047607779502869,0.8967917561531067,1.0464599132537842,battery,,0.8640007972717285,0.8843721151351929,0.9181907176971436,1.0166082382202148,0.7881810665130615,0.10861068964004517,0.8640007972717285,0.020371317863464355
Custom Bangladeshi E-Waste Image Dataset for Objec/train/images/IMG_20250822_230618_jpg.rf.354efd62141329b367f78cd57f772967.jpg,Medical Waste,unknown,,battery,,0.7129589915275574,0.9430943131446838,0.9118413329124451,1.0458276271820068,battery,,0.8170039653778076,0.8916229009628296,0.9175295233726501,0.9977207779884338,0.7129589915275574,0.1988823413848877,0.8170039653778076,0.07461893558502197
Custom Bangladeshi E-Waste Image Dataset for Objec/train/images/IMG_20250822_230618_jpg.rf.38ef5b018ffc5fddb42149de2bdd65f4.jpg,Medical Waste,unknown,,battery,,0.7613314390182495,0.9700019359588623,0.8916323184967041,1.0376825332641602,battery,,0.8270052075386047,0.9690325856208801,0.8859748244285583,1.033697485923767,0.7613314390182495,0.1303008794784546,0.8270052075386047,0.05896961688995361
Custom Bangladeshi E-Waste Image Dataset for Objec/train/images/IMG_20250822_230618_jpg.rf.d4c0eaaffa34c77d48911f0224afe7ab.jpg,Medical Waste,unknown,,battery,,0.7429558038711548,0.9775108098983765,0.9043502807617188,1.032792091369629,battery,,0.8362954258918762,0.9521914720535278,0.8960726261138916,1.0204828977584839,0.7429558038711548,0.16139447689056396,0.8362954258918762,0.05977720022201538
Custom Bangladeshi E-Waste Image Dataset for Objec/train/images/IMG_20250822_230619_1_jpg.rf.15efc70da7215bdce90a8dfdf7eea3f3.jpg,Medical Waste,unknown,,battery,,0.7114034295082092,0.9396819472312927,0.9106376767158508,1.046605110168457,battery,,0.8071349859237671,0.9069544672966003,0.9102781414985657,0.9962673783302307,0.7114034295082092,0.1992342472076416,0.8071349859237671,0.09981948137283325
Custom Bangladeshi E-Waste Image Dataset for Objec/train/images/IMG_20250822_230619_1_jpg.rf.35d192d0e12425e205eba193188e6a8e.jpg,Medical Waste,unknown,,battery,,0.7495321035385132,0.9689889550209045,0.8930534720420837,1.0262757539749146,battery,,0.8364229202270508,0.9149276614189148,0.8952349424362183,1.0371633768081665,0.7495321035385132,0.14352136850357056,0.8364229202270508,0.05881202220916748
Custom Bangladeshi E-Waste Image Dataset for Objec/train/images/IMG_20250822_230619_1_jpg.rf.c2a49b94b35656ff144c4418ceb4879f.jpg,Medical Waste,unknown,,battery,,0.7622582316398621,0.9693351984024048,0.9012904167175293,1.042734980583191,battery,,0.8280383348464966,0.9618784189224243,0.8995890021324158,1.035597562789917,0.7622582316398621,0.13903218507766724,0.8280383348464966,0.07155066728591919
Custom Bangladeshi E-Waste Image Dataset for Objec/train/images/IMG_20250822_230648_jpg.rf.499ddbb88a721adeae50ee19623ddc8a.jpg,Medical Waste,unknown,,battery,,0.6800179481506348,0.9352877736091614,0.8105212450027466,1.0775792598724365,battery,,0.8064737319946289,0.8986643552780151,0.8902011513710022,1.0197628736495972,0.6800179481506348,0.13050329685211182,0.8064737319946289,0.08372741937637329
Custom Bangladeshi E-Waste Image Dataset for Objec/train/images/IMG_20250822_230648_jpg.rf.56dc8ffc57300a7ab006d7596648d3dd.jpg,Medical Waste,unknown,,battery,,0.7328234910964966,0.9906551837921143,0.8350278735160828,1.0984774827957153,battery,,0.8783301711082458,0.942427933216095,0.9095835089683533,1.0544317960739136,0.7328234910964966,0.10220438241958618,0.8783301711082458,0.03125333786010742
Custom Bangladeshi E-Waste Image Dataset for Objec/train/images/IMG_20250822_230648_jpg.rf.5fb534a2fdb09aa902448afae6913329.jpg,Medical Waste,unknown,,battery,,0.7171517014503479,0.9963997006416321,0.8387080430984497,1.0888593196868896,battery,,0.8328679203987122,0.9454535841941833,0.8870204091072083,1.045961856842041,0.7171517014503479,0.1215563416481018,0.8328679203987122,0.054152488708496094
Custom Bangladeshi E-Waste Image Dataset for Objec/train/images/IMG_20250822_230650_1_jpg.rf.615b59dbd414170a6e80c9e31a97c4a4.jpg,Medical Waste,unknown,,battery,,0.7678419351577759,0.960893988609314,0.8185211420059204,1.095126748085022,pcb,,0.9071326851844788,0.9318062663078308,0.8796616196632385,1.0851421356201172,0.7678419351577759,0.05067920684814453,0.8796616196632385,0.027471065521240234
Custom Bangladeshi E-Waste Image Dataset for Objec/train/images/IMG_20250822_230650_1_jpg.rf.bba6506a19d9202a8bf6ae7f6881ae05.jpg,Medical Waste,unknown,,battery,,0.7094916105270386,1.0003657341003418,0.8220345973968506,1.0945014953613281,battery,,0.8668861985206604,0.9607781767845154,0.8933497667312622,1.053553819656372,0.7094916105270386,0.11254298686981201,0.8668861985206604,0.026463568210601807
Custom Bangladeshi E-Waste Image Dataset for Objec/train/images/IMG_20250822_230650_1_jpg.rf.e36aa1dba848946f51b738018887219f.jpg,Medical Waste,unknown,,battery,,0.7036851644515991,0.9153605699539185,0.8324294090270996,1.069886565208435,battery,,0.808134138584137,0.8959320187568665,0.8976597785949707,1.0223274230957031,0.7036851644515991,0.1287442445755005,0.808134138584137,0.08779788017272949
Custom Bangladeshi E-Waste Image Dataset for Objec/train/images/IMG_20250822_230650_jpg.rf.23ed4c5e247ff53341a0bb9cb4fde6ff.jpg,Medical Waste,unknown,,battery,,0.8067728281021118,1.0162270069122314,0.841892421245575,1.0848819017410278,pcb,,0.957612156867981,0.9708544015884399,0.8839803338050842,1.1061732769012451,0.8067728281021118,0.035119593143463135,0.8839803338050842,0.07363182306289673
Custom Bangladeshi E-Waste Image Dataset for Objec/train/images/IMG_20250822_230650_jpg.rf.8531b388582674f001354838a3898c70.jpg,Medical Waste,unknown,,battery,,0.7088932991027832,0.9171215891838074,0.8046045303344727,1.0917396545410156,battery,,0.8136560320854187,0.8939225673675537,0.8911925554275513,1.0291757583618164,0.7088932991027832,0.09571123123168945,0.8136560320854187,0.07753652334213257
Custom Bangladeshi E-Waste Image Dataset for Objec/train/images/IMG_20250822_230650_jpg.rf.89323b48097b714099e5bccadc8752d0.jpg,Medical Waste,unknown,,battery,,0.7787965536117554,0.9615265727043152,0.84657883644104,1.088960886001587,pcb,,0.9201315641403198,0.934745728969574,0.8854457139968872,1.060043454170227,0.7787965536117554,0.06778228282928467,0.8854457139968872,0.03468585014343262
Custom Bangladeshi E-Waste Image Dataset for Objec/train/images/IMG_20250822_230656_jpg.rf.25fcb2dc0dbceb79b71dc81bc0dbf887.jpg,Medical Waste,unknown,,battery,,0.6873618364334106,1.041651964187622,0.8631302714347839,1.0434036254882812,battery,,0.8259170055389404,0.9747368693351746,0.880253791809082,1.0383479595184326,0.6873618364334106,0.1757684350013733,0.8259170055389404,0.0543367862701416
Custom Bangladeshi E-Waste Image Dataset for Objec/train/images/IMG_20250822_230656_jpg.rf.87b8a28c80a218fbe345284e0de64fa6.jpg,Medical Waste,unknown,,battery,,0.7077604532241821,1.0061883926391602,0.8415061235427856,1.04416024684906,battery,,0.8476801514625549,0.9491795897483826,0.896375834941864,1.014020323753357,0.7077604532241821,0.13374567031860352,0.8476801514625549,0.04869568347930908
Custom Bangladeshi E-Waste Image Dataset for Objec/train/images/IMG_20250822_230656_jpg.rf.b066579f85538ed6e21b61dcf90c84fa.jpg,Medical Waste,unknown,,battery,,0.6705483794212341,0.9457316398620605,0.8358525037765503,1.0635416507720947,battery,,0.8059969544410706,0.8822392225265503,0.8940322399139404,1.0120527744293213,0.6705483794212341,0.16530412435531616,0.8059969544410706,0.07624226808547974
Custom Bangladeshi E-Waste Image Dataset for Objec/train/images/IMG_20250822_230657_jpg.rf.079543d2520f60e44160965ac3ac7376.jpg,Medical Waste,unknown,,battery,,0.6707861423492432,1.0477790832519531,0.8668886423110962,1.0407755374908447,battery,,0.8259316086769104,0.9832165837287903,0.8904561996459961,1.0344133377075195,0.6707861423492432,0.19610249996185303,0.8259316086769104,0.0645245909690857
Custom Bangladeshi E-Waste Image Dataset for Objec/train/images/IMG_20250822_230657_jpg.rf.41da4931a3677cdb651f3bc091346fc6.jpg,Medical Waste,unknown,,battery,,0.6692129373550415,0.9621865749359131,0.8416831493377686,1.0698494911193848,battery,,0.8155143857002258,0.8831247091293335,0.9008076190948486,1.0105440616607666,0.6692129373550415,0.17247021198272705,0.8155143857002258,0.06761032342910767
Custom Bangladeshi E-Waste Image Dataset for Objec/train/images/IMG_20250822_230657_jpg.rf.fc0c8c097ef988bbbd1e41652c281ea4.jpg,Medical Waste,unknown,,battery,,0.739336371421814,0.9351702332496643,0.8493605852127075,1.0897730588912964,battery,,0.8196845054626465,0.9039766788482666,0.9112189412117004,1.0262861251831055,0.739336371421814,0.11002421379089355,0.8196845054626465,0.08429217338562012
Custom Bangladeshi E-Waste Image Dataset for Objec/train/images/IMG_20250822_230707_jpg.rf.170e2b9d09ee89069de6494ab3102447.jpg,Medical Waste,unknown,,battery,,0.7628602981567383,1.0306042432785034,0.8837670683860779,1.0048787593841553,pcb,,0.897873044013977,0.9454209804534912,0.8847208619117737,1.0271241664886475,0.7628602981567383,0.1209067702293396,0.8847208619117737,0.01315218210220337
Custom Bangladeshi E-Waste Image Dataset for Objec/train/images/IMG_20250822_230707_jpg.rf.28004f8676558ed7e4347281886eb911.jpg,Medical Waste,unknown,,battery,,0.7404150366783142,0.8898459672927856,0.9044774174690247,1.0107699632644653,battery,,0.8578164577484131,0.860397458076477,0.9156256318092346,0.9911825060844421,0.7404150366783142,0.14943093061447144,0.8578164577484131,0.002581000328063965
Custom Bangladeshi E-Waste Image Dataset for Objec/train/images/IMG_20250822_230707_jpg.rf.ab2b7af6c634a34d65be2061912ffa17.jpg,Medical Waste,unknown,,battery,,0.8070577383041382,0.9864445328712463,0.8958889842033386,1.022320032119751,pcb,,0.9084422588348389,0.916588306427002,0.896477997303009,1.0285131931304932,0.8070577383041382,0.08883124589920044,0.896477997303009,0.011964261531829834
Custom Bangladeshi E-Waste Image Dataset for Objec/train/images/IMG_20250822_230708_1_jpg.rf.1a036f295988e771895f7611277eb0ae.jpg,Medical Waste,unknown,,battery,,0.7537059187889099,0.9249166250228882,0.9108901023864746,1.0088355541229248,mobile,,0.8668560981750488,0.8513480424880981,0.9232115745544434,0.9889737367630005,0.7537059187889099,0.1571841835975647,0.8513480424880981,0.015508055686950684
Custom Bangladeshi E-Waste Image Dataset for Objec/train/images/IMG_20250822_230708_1_jpg.rf.62d32d48a10a1d2fe8228ae911a1451e.jpg,Medical Waste,unknown,,battery,,0.7620686292648315,1.0074238777160645,0.9028956890106201,1.005565881729126,battery,,0.8729545474052429,0.9576132297515869,0.9097234606742859,1.0254446268081665,0.7620686292648315,0.14082705974578857,0.8729545474052429,0.03676891326904297
Custom Bangladeshi E-Waste Image Dataset for Objec/train/images/IMG_20250822_230708_1_jpg.rf.c42d380d83a611ea953a5e99e1492fb5.jpg,Medical Waste,unknown,,battery,,0.7863140106201172,1.0056151151657104,0.9018734097480774,1.0204622745513916,battery,,0.9069451093673706,0.9235965609550476,0.9082183241844177,1.0045913457870483,0.7863140106201172,0.1155593991279602,0.9069451093673706,0.0012732148170471191
Custom Bangladeshi E-Waste Image Dataset for Objec/train/images/IMG_20250822_230708_jpg.rf.124d12626d60a45e525fc1cad69d52f6.jpg,Medical Waste,unknown,,battery,,0.7504425048828125,0.9250258803367615,0.9067664742469788,1.0079494714736938,mobile,,0.8612576127052307,0.8601270914077759,0.9210011959075928,0.9842851161956787,0.7504425048828125,0.15632396936416626,0.8601270914077759,0.001130521297454834
Custom Bangladeshi E-Waste Image Dataset for Objec/train/images/IMG_20250822_230708_jpg.rf.7a7f2f4138e13fe52f9b18b82ed03268.jpg,Medical Waste,unknown,,battery,,0.7705926299095154,0.9982094764709473,0.9031440615653992,1.003857135772705,battery,,0.8727437257766724,0.9362920522689819,0.9025581479072571,1.0033307075500488,0.7705926299095154,0.1325514316558838,0.8727437257766724,0.029814422130584717
Custom Bangladeshi E-Waste Image Dataset for Objec/train/images/IMG_20250822_230708_jpg.rf.81e02d9315e28189cc2d430baeb65364.jpg,Medical Waste,unknown,,battery,,0.789508581161499,0.9439781904220581,0.892982542514801,0.9843909740447998,battery,,0.865106463432312,0.9206682443618774,0.9004679918289185,1.0224199295043945,0.789508581161499,0.103473961353302,0.865106463432312,0.035361528396606445
Custom Bangladeshi E-Waste Image Dataset for Objec/train/images/IMG_20250822_230709_jpg.rf.40f5ac92b22ba8a97ddf5494940c6bf5.jpg,Medical Waste,unknown,,battery,,0.7357970476150513,0.8948469161987305,0.9201503992080688,1.0120686292648315,mobile,,0.865729808807373,0.8525115251541138,0.9236546158790588,0.9887689352035522,0.7357970476150513,0.1590498685836792,0.8525115251541138,0.013218283653259277
Custom Bangladeshi E-Waste Image Dataset for Objec/train/images/IMG_20250822_230709_jpg.rf.8f1c0cf48fdf60918b91ef74386ac1a5.jpg,Medical Waste,unknown,,battery,,0.7632966041564941,1.0246697664260864,0.8885838985443115,0.9933788180351257,battery,,0.8758229613304138,0.9605672359466553,0.884565532207489,1.0178171396255493,0.7632966041564941,0.12528729438781738,0.8758229613304138,0.008742570877075195
Custom Bangladeshi E-Waste Image Dataset for Objec/train/images/IMG_20250822_230709_jpg.rf.9535a605efb426bfc246699ff84a6522.jpg,Medical Waste,unknown,,battery,,0.8041238188743591,0.974414050579071,0.9108719229698181,0.992508590221405,mobile,,0.9081268906593323,0.9037215709686279,0.9104146361351013,0.9915651679039001,0.8041238188743591,0.10674810409545898,0.9037215709686279,0.004405319690704346
Custom Bangladeshi E-Waste Image Dataset for Objec/train/images/IMG_20250822_230722_1_jpg.rf.2027f06e56acd3612631511b14ce4b5c.jpg,Medical Waste,unknown,,battery,,0.6339119672775269,0.9357973337173462,0.8162961602210999,1.049402117729187,battery,,0.7767212390899658,0.932097852230072,0.8626062870025635,1.06260085105896,0.6339119672775269,0.182384192943573,0.7767212390899658,0.08588504791259766
Custom Bangladeshi E-Waste Image Dataset for Objec/train/images/IMG_20250822_230722_1_jpg.rf.205964e7b519ea478a8e6eb51367c424.jpg,Medical Waste,unknown,,battery,,0.6297702789306641,0.95815110206604,0.8298134803771973,1.051827073097229,battery,,0.7761569619178772,0.9602872133255005,0.8689010739326477,1.0585870742797852,0.6297702789306641,0.2000432014465332,0.7761569619178772,0.09274411201477051
Custom Bangladeshi E-Waste Image Dataset for Objec/train/images/IMG_20250822_230722_1_jpg.rf.b77684e96e0bd4e21a83fba58adea552.jpg,Medical Waste,unknown,,battery,,0.6659460663795471,0.8313117027282715,0.8055989742279053,1.0841152667999268,battery,,0.773932158946991,0.8342467546463013,0.9002889394760132,1.0598475933074951,0.6659460663795471,0.13965290784835815,0.773932158946991,0.0603145956993103
Custom Bangladeshi E-Waste Image Dataset for Objec/train/images/IMG_20250822_230722_jpg.rf.22046dc2152347a97703edd3ee57fa00.jpg,Medical Waste,unknown,,battery,,0.6841156482696533,0.8963685035705566,0.8471516370773315,1.0509334802627563,battery,,0.8290011286735535,0.9096237421035767,0.8757771253585815,1.053600549697876,0.6841156482696533,0.16303598880767822,0.8290011286735535,0.046775996685028076
Custom Bangladeshi E-Waste Image Dataset for Objec/train/images/IMG_20250822_230722_jpg.rf.ae6c2c5faf5ef77e43ecfa351a34a61b.jpg,Medical Waste,unknown,,battery,,0.6618046760559082,0.8196427822113037,0.8158471584320068,1.0640679597854614,battery,,0.7613368034362793,0.8287545442581177,0.8984031677246094,1.0533372163772583,0.6618046760559082,0.15404248237609863,0.7613368034362793,0.06741774082183838
Custom Bangladeshi E-Waste Image Dataset for Objec/train/images/IMG_20250822_230722_jpg.rf.dd4a2faafb058c41a44975f993b477ba.jpg,Medical Waste,unknown,,battery,,0.6810550093650818,0.9268999099731445,0.8222180008888245,1.0702983140945435,battery,,0.7985963821411133,0.9316471815109253,0.8853169679641724,1.053574562072754,0.6810550093650818,0.14116299152374268,0.7985963821411133,0.08672058582305908
Custom Bangladeshi E-Waste Image Dataset for Objec/train/images/IMG_20250822_230725_jpg.rf.33bcdb59c51b88292448c632aba08ec4.jpg,Medical Waste,unknown,,battery,,0.6415112614631653,0.820210337638855,0.8278448581695557,1.0689505338668823,battery,,0.7545049786567688,0.8258792161941528,0.882992148399353,1.0574970245361328,0.6415112614631653,0.1786990761756897,0.7545049786567688,0.07137423753738403
Custom Bangladeshi E-Waste Image Dataset for Objec/train/images/IMG_20250822_230725_jpg.rf.767613f789c761bd240eae96f896b25e.jpg,Medical Waste,unknown,,battery,,0.6205288171768188,0.9558880925178528,0.8526387214660645,1.0610519647598267,battery,,0.765834391117096,0.9674983024597168,0.8990744352340698,1.0672969818115234,0.6205288171768188,0.2321099042892456,0.765834391117096,0.13324004411697388
Custom Bangladeshi E-Waste Image Dataset for Objec/train/images/IMG_20250822_230725_jpg.rf.89eb89f30b7d923e62c8eaef8ba90761.jpg,Medical Waste,unknown,,battery,,0.6696256995201111,0.9086908102035522,0.8215468525886536,1.0620675086975098,battery,,0.7932338714599609,0.9194741249084473,0.8778592348098755,1.0575735569000244,0.6696256995201111,0.15192115306854248,0.7932338714599609,0.08462536334991455
Custom Bangladeshi E-Waste Image Dataset for Objec/train/images/IMG_20250822_230742_1_jpg.rf.15f07cbf6b080496bca0835089e8f7b1.jpg,Medical Waste,unknown,,battery,,0.7341846227645874,0.8447849750518799,0.8843194842338562,1.0434865951538086,battery,,0.8527013063430786,0.9130832552909851,0.8874865770339966,1.0409026145935059,0.7341846227645874,0.11060035228729248,0.8527013063430786,0.03478527069091797
Custom Bangladeshi E-Waste Image Dataset for Objec/train/images/IMG_20250822_230742_1_jpg.rf.31dd7c813daa25fb912bb747bbb9abe9.jpg,Medical Waste,unknown,,battery,,0.6620728969573975,0.9108632802963257,0.8544067144393921,1.0424036979675293,battery,,0.8107118010520935,0.9405683875083923,0.8588618040084839,1.0408995151519775,0.6620728969573975,0.19233381748199463,0.8107118010520935,0.04815000295639038
Custom Bangladeshi E-Waste Image Dataset for Objec/train/images/IMG_20250822_230742_1_jpg.rf.338deb369d7ceea10035726eec0b27d1.jpg,Medical Waste,unknown,,mobile,,0.7509651184082031,0.7497496008872986,0.8746244311332703,1.069946527481079,battery,,0.7830289006233215,0.81620192527771,0.8926576375961304,1.0265523195266724,0.7497496008872986,0.001215517520904541,0.7830289006233215,0.03317302465438843
Custom Bangladeshi E-Waste Image Dataset for Objec/train/images/IMG_20250822_230742_jpg.rf.b25b5f12fd3d0abd571ec8020d891281.jpg,Medical Waste,unknown,,battery,,0.7323230504989624,0.8654583692550659,0.8564480543136597,1.05887770652771,battery,,0.8235740065574646,0.9208102226257324,0.8548195362091064,1.0213623046875,0.7323230504989624,0.12412500381469727,0.8235740065574646,0.031245529651641846
Custom Bangladeshi E-Waste Image Dataset for Objec/train/images/IMG_20250822_230742_jpg.rf.c98c22c0d29ba78468fa796c079bc5a2.jpg,Medical Waste,unknown,,battery,,0.7341269254684448,0.917163074016571,0.8677891492843628,1.0561028718948364,battery,,0.8510776162147522,0.9450840950012207,0.8739553093910217,1.0310686826705933,0.7341269254684448,0.13366222381591797,0.8510776162147522,0.02287769317626953
Custom Bangladeshi E-Waste Image Dataset for Objec/train/images/IMG_20250822_230742_jpg.rf.fe8a441511b270c636c6fa0c2d92aa74.jpg,Medical Waste,unknown,,battery,,0.7409291863441467,0.7776212692260742,0.8659229874610901,1.0731583833694458,mobile,,0.8078970313072205,0.7987420558929443,0.8987598419189453,1.0273958444595337,0.7409291863441467,0.03669208288192749,0.7987420558929443,0.009154975414276123
Custom Bangladeshi E-Waste Image Dataset for Objec/train/images/IMG_20250822_230743_jpg.rf.0a3227bdd98625fab4b2ecf5858a8b61.jpg,Medical Waste,unknown,,battery,,0.7073042392730713,0.9037838578224182,0.8771594166755676,1.0629966259002686,battery,,0.8211405277252197,0.9097895622253418,0.8799588680267334,1.0377051830291748,0.7073042392730713,0.16985517740249634,0.8211405277252197,0.05881834030151367
Custom Bangladeshi E-Waste Image Dataset for Objec/train/images/IMG_20250822_230743_jpg.rf.4b47b895e22ecdaf40330394c6299cc5.jpg,Medical Waste,unknown,,battery,,0.7074195742607117,0.8906795978546143,0.8556908369064331,1.0551831722259521,battery,,0.8208929300308228,0.901255190372467,0.8818468451499939,1.0401029586791992,0.7074195742607117,0.14827126264572144,0.8208929300308228,0.06095391511917114
Custom Bangladeshi E-Waste Image Dataset for Objec/train/images/IMG_20250822_230743_jpg.rf.eef2bd7ad679b11d06bb042d22bc8d0b.jpg,Medical Waste,unknown,,battery,,0.7505674362182617,0.7808563113212585,0.8773794770240784,1.072867512702942,battery,,0.7853728532791138,0.8249095678329468,0.9100997447967529,1.0257527828216553,0.7505674362182617,0.030288875102996826,0.7853728532791138,0.03953671455383301
Custom Bangladeshi E-Waste Image Dataset for Objec/train/images/IMG_20250822_230750_jpg.rf.7be988648d8652ba81555a9da268ccb4.jpg,Medical Waste,unknown,,battery,,0.7955060601234436,0.9334641695022583,0.8769312500953674,1.0531247854232788,battery,,0.8821337819099426,0.9560403823852539,0.8903020620346069,1.059875726699829,0.7955060601234436,0.08142518997192383,0.8821337819099426,0.008168280124664307
Custom Bangladeshi E-Waste Image Dataset for Objec/train/images/IMG_20250822_230750_jpg.rf.8a7a684c68a133a0f409f5ecddcd7d3d.jpg,Medical Waste,unknown,,mobile,,0.7929568290710449,0.7775911092758179,0.8652536273002625,1.090226173400879,mobile,,0.8600505590438843,0.8353395462036133,0.9030513763427734,1.0450583696365356,0.7775911092758179,0.01536571979522705,0.8353395462036133,0.024711012840270996
Custom Bangladeshi E-Waste Image Dataset for Objec/train/images/IMG_20250822_230750_jpg.rf.f76e12653e7671174dbd236983c5898e.jpg,Medical Waste,unknown,,battery,,0.7789416909217834,0.9355928897857666,0.8653349876403809,1.0505273342132568,battery,,0.8677182197570801,0.9600530862808228,0.9026779532432556,1.0538885593414307,0.7789416909217834,0.08639329671859741,0.8677182197570801,0.03495973348617554
Custom Bangladeshi E-Waste Image Dataset for Objec/train/images/IMG_20250822_230754_jpg.rf.5096a38eab4d60b8d0787866bd05abb5.jpg,Medical Waste,unknown,,battery,,0.8021569848060608,0.8130142688751221,0.8719244003295898,1.081227421760559,battery,,0.868306040763855,0.9004682898521423,0.9047592878341675,1.0688493251800537,0.8021569848060608,0.01085728406906128,0.868306040763855,0.032162249088287354
Custom Bangladeshi E-Waste Image Dataset for Objec/train/images/IMG_20250822_230754_jpg.rf.d5fbe2d22e7797350c558475988b0a8c.jpg,Medical Waste,unknown,,mobile,,0.7942509651184082,0.7595531940460205,0.8801417350769043,1.079430103302002,mobile,,0.8478543162345886,0.8299299478530884,0.9135313034057617,1.0465534925460815,0.7595531940460205,0.034697771072387695,0.8299299478530884,0.017924368381500244
Custom Bangladeshi E-Waste Image Dataset for Objec/train/images/IMG_20250822_230754_jpg.rf.fa303214e9e573af01a9dbed899151fa.jpg,Medical Waste,unknown,,battery,,0.7868555784225464,0.8644932508468628,0.8522841930389404,1.0624845027923584,battery,,0.8604361414909363,0.9135937094688416,0.9011818170547485,1.0587376356124878,0.7868555784225464,0.06542861461639404,0.8604361414909363,0.040745675563812256
Custom Bangladeshi E-Waste Image Dataset for Objec/train/images/IMG_20250822_230803_jpg.rf.d03d0e165ce4aa470755008e95cdf5d5.jpg,Medical Waste,unknown,,battery,,0.7383184432983398,0.9248411059379578,0.9034469127655029,1.0383445024490356,battery,,0.8446518182754517,0.9568996429443359,0.904485285282135,1.031549334526062,0.7383184432983398,0.16512846946716309,0.8446518182754517,0.05983346700668335
Custom Bangladeshi E-Waste Image Dataset for Objec/train/images/IMG_20250822_230803_jpg.rf.e7a4b865123a68d154e00d9c9fbcfa17.jpg,Medical Waste,unknown,,battery,,0.7432947158813477,0.7504158616065979,0.8411118388175964,1.0786776542663574,mobile,,0.8595690727233887,0.8056212663650513,0.859078049659729,1.025309443473816,0.7432947158813477,0.007121145725250244,0.8056212663650513,0.053456783294677734
Custom Bangladeshi E-Waste Image Dataset for Objec/train/images/IMG_20250822_230803_jpg.rf.f048e88376a2284fa6753836f13498b3.jpg,Medical Waste,unknown,,battery,,0.7001444101333618,0.8443058133125305,0.8731838464736938,1.0468789339065552,battery,,0.8366912603378296,0.9402004480361938,0.8755751848220825,1.020431637763977,0.7001444101333618,0.1441614031791687,0.8366912603378296,0.03888392448425293
Custom Bangladeshi E-Waste Image Dataset for Objec/train/images/IMG_20250822_230810_1_jpg.rf.2feb7890e666fb9fcb0aa30e13d4fd24.jpg,Medical Waste,unknown,,battery,,0.7087376713752747,0.8786922693252563,0.845199465751648,1.0312210321426392,battery,,0.8302953243255615,0.9180829524993896,0.877098798751831,1.0329442024230957,0.7087376713752747,0.1364617943763733,0.8302953243255615,0.04680347442626953
Custom Bangladeshi E-Waste Image Dataset for Objec/train/images/IMG_20250822_230810_1_jpg.rf.bd4b3fe2034829f8b2001564465585d2.jpg,Medical Waste,unknown,,battery,,0.7155892848968506,0.7719842195510864,0.8581624031066895,1.0503309965133667,mobile,,0.8450058102607727,0.840739369392395,0.8793377876281738,1.0335699319839478,0.7155892848968506,0.05639493465423584,0.840739369392395,0.0042664408683776855
Custom Bangladeshi E-Waste Image Dataset for Objec/train/images/IMG_20250822_230810_1_jpg.rf.d355a529311e141268ed3a4cb620b677.jpg,Medical Waste,unknown,,battery,,0.6938799619674683,0.9217556715011597,0.9003020524978638,1.0445399284362793,battery,,0.8667041659355164,0.9101978540420532,0.9044097065925598,1.0398939847946167,0.6938799619674683,0.2064220905303955,0.8667041659355164,0.03770554065704346
Custom Bangladeshi E-Waste Image Dataset for Objec/train/images/IMG_20250822_230813_jpg.rf.160fcff38320f34931678abd96a0dc36.jpg,Medical Waste,unknown,,battery,,0.6832346320152283,0.8796279430389404,0.8857346177101135,1.029170036315918,battery,,0.8473177552223206,0.9040468335151672,0.8689541816711426,1.0428905487060547,0.6832346320152283,0.19639331102371216,0.8473177552223206,0.02163642644882202
Custom Bangladeshi E-Waste Image Dataset for Objec/train/images/IMG_20250822_230813_jpg.rf.279e61657cea2c943bee1488e94230b7.jpg,Medical Waste,unknown,,battery,,0.728941798210144,0.8673108816146851,0.8793659210205078,1.0314863920211792,battery,,0.8475098609924316,0.9436035752296448,0.8562706708908081,1.0234848260879517,0.728941798210144,0.13836908340454102,0.8475098609924316,0.008760809898376465
Custom Bangladeshi E-Waste Image Dataset for Objec/train/images/IMG_20250822_230813_jpg.rf.e225999cc9fd53168b5e75c0bd8bf9df.jpg,Medical Waste,unknown,,battery,,0.6923186779022217,0.7291983366012573,0.8354340195655823,1.0800261497497559,battery,,0.8266282677650452,0.8380752801895142,0.8846567273139954,1.034562110900879,0.6923186779022217,0.036879658699035645,0.8266282677650452,0.011447012424468994
Custom Bangladeshi E-Waste Image Dataset for Objec/train/images/IMG_20250822_230819_jpg.rf.07dc9b6f50ea7e782cfe5b2efbe0b042.jpg,Medical Waste,unknown,,battery,,0.7078732848167419,0.8025678396224976,0.8294963836669922,1.059712529182434,battery,,0.8189288377761841,0.8635126352310181,0.8641158938407898,1.0293048620224,0.7078732848167419,0.09469455480575562,0.8189288377761841,0.044583797454833984
Custom Bangladeshi E-Waste Image Dataset for Objec/train/images/IMG_20250822_230819_jpg.rf.989175618a34037e0554cc2a4430e261.jpg,Medical Waste,unknown,,battery,,0.7308174967765808,0.8839889168739319,0.8721826076507568,1.0367146730422974,battery,,0.8440622687339783,0.9268022179603577,0.8877071142196655,1.0242373943328857,0.7308174967765808,0.14136511087417603,0.8440622687339783,0.043644845485687256
Custom Bangladeshi E-Waste Image Dataset for Objec/train/images/IMG_20250822_230819_jpg.rf.e4816c199c7920e84ec158e8721ed306.jpg,Medical Waste,unknown,,battery,,0.7323201298713684,0.8872203826904297,0.8449509143829346,1.0470913648605347,battery,,0.8634570837020874,0.9537983536720276,0.877851665019989,1.0481935739517212,0.7323201298713684,0.11263078451156616,0.8634570837020874,0.014394581317901611
Custom Bangladeshi E-Waste Image Dataset for Objec/train/images/IMG_20250822_230820_jpg.rf.6865be233ee456befb1e33da20ccb120.jpg,Medical Waste,unknown,,battery,,0.7476004362106323,0.8819625973701477,0.8592312335968018,1.053036093711853,battery,,0.8633873462677002,0.9234511256217957,0.8852337598800659,1.0333564281463623,0.7476004362106323,0.11163079738616943,0.8633873462677002,0.021846413612365723
Custom Bangladeshi E-Waste Image Dataset for Objec/train/images/IMG_20250822_230820_jpg.rf.8067dee19a62f90fa6b155aea2867b03.jpg,Medical Waste,unknown,,battery,,0.711327314376831,0.7827138900756836,0.8387215733528137,1.0587941408157349,battery,,0.8417558670043945,0.8437041640281677,0.861213207244873,1.029444932937622,0.711327314376831,0.07138657569885254,0.8417558670043945,0.0019482970237731934
Custom Bangladeshi E-Waste Image Dataset for Objec/train/images/IMG_20250822_230820_jpg.rf.b6a97ba0dfdaf9d074e019058329ced1.jpg,Medical Waste,unknown,,battery,,0.7305063009262085,0.8978953957557678,0.8754255175590515,1.0496265888214111,battery,,0.856606125831604,0.9319641590118408,0.8756533861160278,1.038861870765686,0.7305063009262085,0.14491921663284302,0.856606125831604,0.019047260284423828
Custom Bangladeshi E-Waste Image Dataset for Objec/train/images/IMG_20250822_230821_jpg.rf.50778892f9092e96e2ed436eecb2db18.jpg,Medical Waste,unknown,,battery,,0.7142280340194702,0.8822113275527954,0.9009546041488647,1.0288196802139282,battery,,0.8495012521743774,0.9234781861305237,0.9045509099960327,1.0096408128738403,0.7142280340194702,0.1679832935333252,0.8495012521743774,0.05504965782165527
Custom Bangladeshi E-Waste Image Dataset for Objec/train/images/IMG_20250822_230821_jpg.rf.634331e095b2393f22fe82872fdfb197.jpg,Medical Waste,unknown,,battery,,0.6697956919670105,0.9166551828384399,0.8551841974258423,1.0517498254776,battery,,0.8385481238365173,0.9425116777420044,0.8935432434082031,1.038313865661621,0.6697956919670105,0.1853885054588318,0.8385481238365173,0.05499511957168579
Custom Bangladeshi E-Waste Image Dataset for Objec/train/images/IMG_20250822_230821_jpg.rf.994c240134021f443c9f5a5d497ef289.jpg,Medical Waste,unknown,,battery,,0.7135015726089478,0.7946168184280396,0.8434858322143555,1.044329285621643,battery,,0.818577766418457,0.8485246896743774,0.8733805418014526,1.0209592580795288,0.7135015726089478,0.0811152458190918,0.818577766418457,0.02994692325592041
Custom Bangladeshi E-Waste Image Dataset for Objec/train/images/IMG_20250822_230828_jpg.rf.1c5fbfe68c75ec9a3ba8c8198f7777ac.jpg,Medical Waste,unknown,,battery,,0.8031498789787292,0.9599305391311646,0.8800594806671143,1.0629554986953735,pcb,,0.9132682681083679,0.9469523429870605,0.8963328003883362,1.0356601476669312,0.8031498789787292,0.07690960168838501,0.8963328003883362,0.01693546772003174
Custom Bangladeshi E-Waste Image Dataset for Objec/train/images/IMG_20250822_230828_jpg.rf.6a8916df8e891d08f7385f054362f95f.jpg,Medical Waste,unknown,,battery,,0.836319088935852,0.9263240098953247,0.8886796832084656,1.0594041347503662,pcb,,0.9104049801826477,0.9257007837295532,0.891021192073822,1.0363667011260986,0.836319088935852,0.052360594272613525,0.891021192073822,0.019383788108825684
Custom Bangladeshi E-Waste Image Dataset for Objec/train/images/IMG_20250822_230828_jpg.rf.f8486c2e9af2948e87ebd87278343b44.jpg,Medical Waste,unknown,,battery,,0.8135888576507568,0.8593308925628662,0.863021969795227,1.0761618614196777,mobile,,0.8767096996307373,0.8575084209442139,0.9138770699501038,1.016535997390747,0.8135888576507568,0.045742034912109375,0.8575084209442139,0.019201278686523438
Custom Bangladeshi E-Waste Image Dataset for Objec/train/images/IMG_20250822_230832_jpg.rf.54919d17a8fdb1199e3f4cb35e28a6c5.jpg,Medical Waste,unknown,,mobile,,0.8462464213371277,0.8328368663787842,0.8715270757675171,1.077904462814331,mobile,,0.9030489921569824,0.830214262008667,0.9143466949462891,1.00753653049469,0.8328368663787842,0.013409554958343506,0.830214262008667,0.07283473014831543
Custom Bangladeshi E-Waste Image Dataset for Objec/train/images/IMG_20250822_230832_jpg.rf.72cc03d5f84cac7c82e12d6b92d0c59d.jpg,Medical Waste,unknown,,battery,,0.7977864146232605,0.941906213760376,0.8782452940940857,1.0430006980895996,battery,,0.8769547343254089,0.9186605215072632,0.8783434629440308,1.0478415489196777,0.7977864146232605,0.0804588794708252,0.8769547343254089,0.0013887286186218262
Custom Bangladeshi E-Waste Image Dataset for Objec/train/images/IMG_20250822_230832_jpg.rf.c59e8bb73626432d8a927f2ca19c35fa.jpg,Medical Waste,unknown,,mobile,,0.906726598739624,0.8664048910140991,0.8947607278823853,1.103342056274414,mobile,,0.9576191306114197,0.8757951259613037,0.9195318222045898,1.0653972625732422,0.8664048910140991,0.028355836868286133,0.8757951259613037,0.04373669624328613
Custom Bangladeshi E-Waste Image Dataset for Objec/train/images/IMG_20250822_230836_jpg.rf.32955bba38184c3db27d949f575771f8.jpg,Medical Waste,unknown,,battery,,0.768499493598938,0.9812062382698059,0.8691815733909607,1.0746793746948242,battery,,0.889545738697052,0.9401163458824158,0.8948491811752319,1.034733533859253,0.768499493598938,0.1006820797920227,0.889545738697052,0.005303442478179932
Custom Bangladeshi E-Waste Image Dataset for Objec/train/images/IMG_20250822_230836_jpg.rf.956ff29c0b16826f8a08cd4493dc5517.jpg,Medical Waste,unknown,,battery,,0.8130946159362793,0.8437158465385437,0.8793467283248901,1.0852172374725342,mobile,,0.8829613327980042,0.8425977230072021,0.9170826077461243,1.0069472789764404,0.8130946159362793,0.030621230602264404,0.8425977230072021,0.040363609790802
Custom Bangladeshi E-Waste Image Dataset for Objec/train/images/IMG_20250822_230836_jpg.rf.b2a1f9684d342843d9862ac0de8bed2d.jpg,Medical Waste,unknown,,battery,,0.8551836013793945,0.9432960748672485,0.8934962153434753,1.08976149559021,pcb,,0.9034484028816223,0.9221128225326538,0.8935437798500061,1.0483145713806152,0.8551836013793945,0.03831261396408081,0.8935437798500061,0.009904623031616211
Custom Bangladeshi E-Waste Image Dataset for Objec/train/images/IMG_20250822_230901_1_jpg.rf.2b9822553ede3e78496e0a51be17f2bb.jpg,Medical Waste,unknown,,battery,,0.6709203720092773,0.9325351119041443,0.840124249458313,1.0844690799713135,battery,,0.7950156927108765,0.8356552720069885,0.9067267775535583,1.0594980716705322,0.6709203720092773,0.16920387744903564,0.7950156927108765,0.04063957929611206
Custom Bangladeshi E-Waste Image Dataset for Objec/train/images/IMG_20250822_230901_1_jpg.rf.514c1558f02949e6a2c1e2a83069c577.jpg,Medical Waste,unknown,,battery,,0.6875109672546387,0.9872989058494568,0.8463853597640991,1.0559015274047852,battery,,0.7933071255683899,0.9010153412818909,0.8642321228981018,1.0465478897094727,0.6875109672546387,0.15887439250946045,0.7933071255683899,0.07092499732971191
Custom Bangladeshi E-Waste Image Dataset for Objec/train/images/IMG_20250822_230901_1_jpg.rf.a40e72649ad1db074d7266badddcffb4.jpg,Medical Waste,unknown,,battery,,0.6712411642074585,1.0219242572784424,0.8200681209564209,1.0683062076568604,battery,,0.8113009333610535,0.927541196346283,0.8643277287483215,1.069191813468933,0.6712411642074585,0.1488269567489624,0.8113009333610535,0.053026795387268066
Custom Bangladeshi E-Waste Image Dataset for Objec/train/images/IMG_20250822_230901_jpg.rf.a09175db82463e30ebb83ad8b3ff3470.jpg,Medical Waste,unknown,,battery,,0.6611793041229248,0.9481844902038574,0.8477621078491211,1.0696998834609985,battery,,0.7634219527244568,0.860400378704071,0.9053784012794495,1.0633918046951294,0.6611793041229248,0.1865828037261963,0.7634219527244568,0.09697842597961426
Custom Bangladeshi E-Waste Image Dataset for Objec/train/images/IMG_20250822_230901_jpg.rf.a7e3950cb41c291e4d84d1d6a6249965.jpg,Medical Waste,unknown,,battery,,0.7010679244995117,0.9623090028762817,0.8480958342552185,1.0604770183563232,battery,,0.8472155332565308,0.8903907537460327,0.8717671632766724,1.0683391094207764,0.7010679244995117,0.1470279097557068,0.8472155332565308,0.0245516300201416
Custom Bangladeshi E-Waste Image Dataset for Objec/train/images/IMG_20250822_230901_jpg.rf.e8c3e011d4e6a81cde38fff6c9d0d127.jpg,Medical Waste,unknown,,battery,,0.6849143505096436,0.9684818387031555,0.8151280283927917,1.0964382886886597,battery,,0.845575749874115,0.899075448513031,0.8840968608856201,1.0544861555099487,0.6849143505096436,0.1302136778831482,0.845575749874115,0.03852111101150513
Custom Bangladeshi E-Waste Image Dataset for Objec/train/images/IMG_20250822_230902_1_jpg.rf.28978283a0fbc932eab17ab370c7bcb0.jpg,Medical Waste,unknown,,battery,,0.6670337915420532,1.0095083713531494,0.8327493071556091,1.0652241706848145,battery,,0.8052313923835754,0.9016645550727844,0.8586787581443787,1.0554169416427612,0.6670337915420532,0.1657155156135559,0.8052313923835754,0.05344736576080322
Custom Bangladeshi E-Waste Image Dataset for Objec/train/images/IMG_20250822_230902_1_jpg.rf.4d3a4f411785d99f4c2c2851a9dcc844.jpg,Medical Waste,unknown,,battery,,0.6876805424690247,0.9927247166633606,0.8257790207862854,1.0815984010696411,battery,,0.81883704662323,0.9068161249160767,0.8715941309928894,1.0503816604614258,0.6876805424690247,0.13809847831726074,0.81883704662323,0.052757084369659424
Custom Bangladeshi E-Waste Image Dataset for Objec/train/images/IMG_20250822_230902_1_jpg.rf.ff2614a3adf7a2eb823c2cf8031029af.jpg,Medical Waste,unknown,,battery,,0.6529176235198975,0.948058009147644,0.8306834101676941,1.089581847190857,battery,,0.7816442251205444,0.8356189727783203,0.8899856805801392,1.0560139417648315,0.6529176235198975,0.17776578664779663,0.7816442251205444,0.05397474765777588
Custom Bangladeshi E-Waste Image Dataset for Objec/train/images/IMG_20250822_230904_jpg.rf.08f51820e0a1ec56fced846a9db04187.jpg,Medical Waste,unknown,,battery,,0.6714567542076111,0.9988065361976624,0.8278281688690186,1.0692930221557617,pcb,,0.8563238978385925,0.9061237573623657,0.8555040955543518,1.0646497011184692,0.6714567542076111,0.15637141466140747,0.8555040955543518,0.0008198022842407227
Custom Bangladeshi E-Waste Image Dataset for Objec/train/images/IMG_20250822_230904_jpg.rf.c95c3e2bd2d7567331043f0cb1452e93.jpg,Medical Waste,unknown,,battery,,0.6759800314903259,0.9611970782279968,0.8120934963226318,1.0963497161865234,battery,,0.8012861609458923,0.8926238417625427,0.8691850900650024,1.0495948791503906,0.6759800314903259,0.1361134648323059,0.8012861609458923,0.06789892911911011
Custom Bangladeshi E-Waste Image Dataset for Objec/train/images/IMG_20250822_230904_jpg.rf.fc27821900ec2f80110aa0172db99c8a.jpg,Medical Waste,unknown,,battery,,0.6675193309783936,0.9215425252914429,0.8275640606880188,1.088681936264038,battery,,0.7843824028968811,0.8415759801864624,0.8982962369918823,1.0545519590377808,0.6675193309783936,0.16004472970962524,0.7843824028968811,0.0571935772895813
Custom Bangladeshi E-Waste Image Dataset for Objec/train/images/IMG_20250822_230925_jpg.rf.3c3fefdf139259c1c056d13cee0bcca2.jpg,Medical Waste,unknown,,battery,,0.7878813147544861,0.9969959259033203,0.9176521897315979,0.9394121170043945,battery,,0.9105194211006165,0.9878563284873962,0.9318017959594727,0.9490150213241577,0.7878813147544861,0.12977087497711182,0.9105194211006165,0.0212823748588562
Custom Bangladeshi E-Waste Image Dataset for Objec/train/images/IMG_20250822_230925_jpg.rf.3d749ddaea790f03389f87b41e921a08.jpg,Medical Waste,unknown,,battery,,0.7691465616226196,0.9021615386009216,0.9506472945213318,0.9642717838287354,battery,,0.9015899300575256,0.9221081733703613,0.9832832217216492,0.9099697470664978,0.7691465616226196,0.133014976978302,0.9015899300575256,0.008379817008972168
Custom Bangladeshi E-Waste Image Dataset for Objec/train/images/IMG_20250822_230925_jpg.rf.9c9876f723984161ecefb8e6b563c1fc.jpg,Medical Waste,unknown,,battery,,0.7904258966445923,0.9410070776939392,0.9186865091323853,0.9465648531913757,battery,,0.9086772203445435,0.965203046798706,0.9291180372238159,0.9443930387496948,0.7904258966445923,0.12826061248779297,0.9086772203445435,0.02044081687927246
Custom Bangladeshi E-Waste Image Dataset for Objec/train/images/IMG_20250822_230932_jpg.rf.a06c130bbbe8190f685ee88d699902f9.jpg,Medical Waste,unknown,,battery,,0.8174638748168945,1.0007879734039307,0.9269978404045105,0.9657680988311768,input_peripheral,,0.9492696523666382,0.9899330735206604,0.9643989205360413,0.9244580268859863,0.8174638748168945,0.10953396558761597,0.9244580268859863,0.024811625480651855
Custom Bangladeshi E-Waste Image Dataset for Objec/train/images/IMG_20250822_230932_jpg.rf.a1bb111e8ff87729c37a95f495b36a57.jpg,Medical Waste,unknown,,battery,,0.7437267303466797,0.9360740780830383,0.9707615971565247,0.9416264295578003,battery,,0.8880314826965332,0.954914391040802,0.9934412837028503,0.9007437825202942,0.7437267303466797,0.19234734773635864,0.8880314826965332,0.012712299823760986
Custom Bangladeshi E-Waste Image Dataset for Objec/train/images/IMG_20250822_230932_jpg.rf.a50c015c67d3b3e742e18306ba5ed8ab.jpg,Medical Waste,unknown,,battery,,0.8181115388870239,0.9991276860237122,0.9067699313163757,0.9438592791557312,input_peripheral,,0.9449294209480286,1.01017427444458,0.9333224296569824,0.9260454177856445,0.8181115388870239,0.0886583924293518,0.9260454177856445,0.007277011871337891
Custom Bangladeshi E-Waste Image Dataset for Objec/train/images/IMG_20250822_230936_jpg.rf.1d77314047dfbd84786db92051d39a66.jpg,Medical Waste,unknown,,battery,,0.7396020889282227,0.9668963551521301,0.9282737970352173,0.9207912087440491,battery,,0.8851649165153503,0.9786328673362732,0.9564566016197205,0.9114142060279846,0.7396020889282227,0.18118911981582642,0.8851649165153503,0.026249289512634277
Custom Bangladeshi E-Waste Image Dataset for Objec/train/images/IMG_20250822_230936_jpg.rf.226e8f203cbf10bfa800cf0543770268.jpg,Medical Waste,unknown,,battery,,0.7635950446128845,1.0250327587127686,0.9224810004234314,0.9140405654907227,battery,,0.8875294923782349,1.0273263454437256,0.9486072063446045,0.9187130928039551,0.7635950446128845,0.15044552087783813,0.8875294923782349,0.031183600425720215
Custom Bangladeshi E-Waste Image Dataset for Objec/train/images/IMG_20250822_230936_jpg.rf.c918f8e50f4d1037bae6efcd1a1cf682.jpg,Medical Waste,unknown,,battery,,0.7091116905212402,0.9832192659378052,0.9484499096870422,0.9117778539657593,battery,,0.8673356771469116,0.9837100505828857,0.9897551536560059,0.9061197638511658,0.7091116905212402,0.20266616344451904,0.8673356771469116,0.03878408670425415
Custom Bangladeshi E-Waste Image Dataset for Objec/train/images/IMG_20250822_230937_jpg.rf.1c727d120a4ea5d864cde91e28e12281.jpg,Medical Waste,unknown,,battery,,0.7181357145309448,0.9616986513137817,0.9556440114974976,0.906405508518219,battery,,0.865469217300415,0.9840075969696045,0.988910973072052,0.9025546908378601,0.7181357145309448,0.18826979398727417,0.865469217300415,0.03708547353744507
Custom Bangladeshi E-Waste Image Dataset for Objec/train/images/IMG_20250822_230937_jpg.rf.858578a84ab2efb3bcbbefd4f626484c.jpg,Medical Waste,unknown,,battery,,0.7555428743362427,0.9933821558952332,0.9160414338111877,0.910423994064331,battery,,0.9063600897789001,1.0186842679977417,0.9541547894477844,0.9126373529434204,0.7555428743362427,0.15488111972808838,0.9063600897789001,0.006277263164520264
Custom Bangladeshi E-Waste Image Dataset for Objec/train/images/IMG_20250822_230937_jpg.rf.e28055b033c3c63e6775b1ea34faf6b1.jpg,Medical Waste,unknown,,battery,,0.7675248384475708,0.9848453998565674,0.9260741472244263,0.9003658294677734,input_peripheral,,0.931183934211731,1.0220414400100708,0.9543744325637817,0.9078836441040039,0.7675248384475708,0.13284099102020264,0.9078836441040039,0.02330029010772705
Custom Bangladeshi E-Waste Image Dataset for Objec/train/images/IMG_20250822_230938_1_jpg.rf.6caca7d3c9a71b50b41cbb79192803f6.jpg,Medical Waste,unknown,,battery,,0.7708531022071838,1.0089150667190552,0.9557961225509644,0.9221354126930237,battery,,0.9001227617263794,1.0252625942230225,0.9399237632751465,0.9300169348716736,0.7708531022071838,0.15128231048583984,0.9001227617263794,0.02989417314529419
Custom Bangladeshi E-Waste Image Dataset for Objec/train/images/IMG_20250822_230938_1_jpg.rf.7c8b657e047a433b4d4db05848041e69.jpg,Medical Waste,unknown,,battery,,0.71968674659729,0.9870848059654236,0.9468994140625,0.9008726477622986,battery,,0.8696510195732117,0.9818679690361023,0.981414794921875,0.8910046219825745,0.71968674659729,0.18118590116500854,0.8696510195732117,0.021353602409362793
Custom Bangladeshi E-Waste Image Dataset for Objec/train/images/IMG_20250822_230938_1_jpg.rf.f722eff3842fdf2523c54739e75638ee.jpg,Medical Waste,unknown,,battery,,0.7498012781143188,1.03434157371521,0.9170070886611938,0.9184625744819641,input_peripheral,,0.9192233681678772,1.012919306755066,0.950531542301178,0.9134681820869446,0.7498012781143188,0.167205810546875,0.9134681820869446,0.005755186080932617
Custom Bangladeshi E-Waste Image Dataset for Objec/train/images/IMG_20250822_230959_1_jpg.rf.24962cf7cf37644dcc82c61b97906991.jpg,Medical Waste,unknown,,battery,,0.7223371267318726,0.9283046722412109,0.98069167137146,0.8885161876678467,input_peripheral,,0.8863215446472168,0.9489631056785583,0.9904974102973938,0.8858952522277832,0.7223371267318726,0.16617906093597412,0.8858952522277832,0.00042629241943359375
Custom Bangladeshi E-Waste Image Dataset for Objec/train/images/IMG_20250822_230959_1_jpg.rf.842e68279ada820b3633df58e3295589.jpg,Medical Waste,unknown,,battery,,0.7728020548820496,0.9977051615715027,0.9314786791801453,0.8844857215881348,input_peripheral,,0.9315634369850159,0.9892854690551758,0.9287381768226624,0.9241408705711365,0.7728020548820496,0.1116836667060852,0.9241408705711365,0.004597306251525879
Custom Bangladeshi E-Waste Image Dataset for Objec/train/images/IMG_20250822_230959_1_jpg.rf.fe2a83db5144f1b4001b8c902d7f319c.jpg,Medical Waste,unknown,,battery,,0.7802086472511292,0.9717299938201904,0.9742571711540222,0.8922895789146423,input_peripheral,,0.9280122518539429,1.0045825242996216,0.9693637490272522,0.897808849811554,0.7802086472511292,0.11208093166351318,0.897808849811554,0.030203402042388916
Custom Bangladeshi E-Waste Image Dataset for Objec/train/images/IMG_20250822_231000_jpg.rf.04ce9aaa0cf18a72b078586e331f9d26.jpg,Medical Waste,unknown,,battery,,0.7987198829650879,0.9422571063041687,0.9268070459365845,0.9112737774848938,input_peripheral,,0.9289167523384094,0.9532307982444763,0.9547263383865356,0.9155029058456421,0.7987198829650879,0.11255389451980591,0.9155029058456421,0.013413846492767334
Custom Bangladeshi E-Waste Image Dataset for Objec/train/images/IMG_20250822_231000_jpg.rf.5157d97e74efb7c6bc0bf92573b8451c.jpg,Medical Waste,unknown,,battery,,0.8033299446105957,0.9754784107208252,0.9575696587562561,0.9315667152404785,input_peripheral,,0.9407548904418945,0.9722150564193726,0.9515105485916138,0.8961471915245056,0.8033299446105957,0.1282367706298828,0.8961471915245056,0.044607698917388916
Custom Bangladeshi E-Waste Image Dataset for Objec/train/images/IMG_20250822_231000_jpg.rf.73857f5ab41edd258bef1646ec5f846c.jpg,Medical Waste,unknown,,battery,,0.725548505783081,0.927617073059082,0.9693442583084106,0.899078369140625,input_peripheral,,0.8911702036857605,0.9457791447639465,0.9842722415924072,0.8886916041374207,0.725548505783081,0.17352986335754395,0.8886916041374207,0.0024785995483398438
Custom Bangladeshi E-Waste Image Dataset for Objec/train/images/IMG_20250822_231008_jpg.rf.0e70001c886ff1023494e910ab275e98.jpg,Medical Waste,unknown,,battery,,0.7716556787490845,0.851178765296936,0.8872817754745483,0.9851670265197754,mobile,,0.9290679693222046,0.9241241812705994,0.9355782270431519,0.9881991147994995,0.7716556787490845,0.07952308654785156,0.9241241812705994,0.004943788051605225
Custom Bangladeshi E-Waste Image Dataset for Objec/train/images/IMG_20250822_231008_jpg.rf.c6ee243d53c7a0a9b3368b128c428470.jpg,Medical Waste,unknown,,battery,,0.7312479019165039,0.7970222234725952,0.9073639512062073,0.9673624634742737,mobile,,0.9166831970214844,0.8516813516616821,0.9973677396774292,0.9497359991073608,0.7312479019165039,0.06577432155609131,0.8516813516616821,0.06500184535980225
Custom Bangladeshi E-Waste Image Dataset for Objec/train/images/IMG_20250822_231008_jpg.rf.f2cbcdbbafe402e4418fd73430c83b38.jpg,Medical Waste,unknown,,battery,,0.7924677729606628,0.908064603805542,0.9196833372116089,1.0206530094146729,battery,,0.9315348863601685,0.9629311561584473,0.9416431784629822,1.0047181844711304,0.7924677729606628,0.11559683084487915,0.9315348863601685,0.01010829210281372
Custom Bangladeshi E-Waste Image Dataset for Objec/train/images/IMG_20250822_231009_jpg.rf.d18fe15195106a8fb3e112ca8842aa2c.jpg,Medical Waste,unknown,,battery,,0.7947681546211243,0.8714517951011658,0.8898873329162598,0.9742851853370667,mobile,,0.9440327286720276,0.9056175351142883,0.9559346437454224,0.9752041697502136,0.7947681546211243,0.0766836404800415,0.9056175351142883,0.03841519355773926
Custom Bangladeshi E-Waste Image Dataset for Objec/train/images/IMG_20250822_231009_jpg.rf.de30dbab18681f0cf2047857e338ffc6.jpg,Medical Waste,unknown,,battery,,0.7399290800094604,0.794452428817749,0.9061194062232971,0.9717602729797363,mobile,,0.9057135581970215,0.8689204454421997,0.9935909509658813,0.9531967639923096,0.7399290800094604,0.054523348808288574,0.8689204454421997,0.03679311275482178
Custom Bangladeshi E-Waste Image Dataset for Objec/train/images/IMG_20250822_231009_jpg.rf.ee490814e51199273c17ad0c7b47b95b.jpg,Medical Waste,unknown,,battery,,0.8195904493331909,0.8258332014083862,0.8971457481384277,0.9886701107025146,mobile,,0.9341105818748474,0.8870002031326294,0.981294572353363,0.9535695314407349,0.8195904493331909,0.0062427520751953125,0.8870002031326294,0.04711037874221802
Custom Bangladeshi E-Waste Image Dataset for Objec/train/images/IMG_20250822_231014_1_jpg.rf.09b9b5332270f875222dd99f004fd000.jpg,Medical Waste,unknown,,battery,,0.7799100875854492,0.861270546913147,0.9174433946609497,0.9454253911972046,mobile,,0.9688805937767029,0.9112352132797241,0.9224157929420471,0.9399376511573792,0.7799100875854492,0.08136045932769775,0.9112352132797241,0.011180579662322998
Custom Bangladeshi E-Waste Image Dataset for Objec/train/images/IMG_20250822_231014_1_jpg.rf.3cf8559bb1b8b6664c511e701342e9f6.jpg,Medical Waste,unknown,,battery,,0.7474945783615112,0.772030770778656,0.9001173377037048,0.9163192510604858,mobile,,0.9552013874053955,0.8319708108901978,0.9689472913742065,0.9288114905357361,0.7474945783615112,0.024536192417144775,0.8319708108901978,0.09684067964553833
Custom Bangladeshi E-Waste Image Dataset for Objec/train/images/IMG_20250822_231014_1_jpg.rf.90579badd3ff33698235390870ae6aee.jpg,Medical Waste,unknown,,battery,,0.7880692481994629,0.8470946550369263,0.9267775416374207,0.8966261148452759,pcb,,0.9413323402404785,0.9312483072280884,0.925006091594696,0.946707546710968,0.7880692481994629,0.05902540683746338,0.925006091594696,0.006242215633392334
Custom Bangladeshi E-Waste Image Dataset for Objec/train/images/IMG_20250822_231014_jpg.rf.3187621c9d26b8edac8c4caac58232d7.jpg,Medical Waste,unknown,,battery,,0.8070883750915527,0.8193949460983276,0.9190176725387573,0.9019219875335693,mobile,,0.9975866675376892,0.8735445141792297,0.953478991985321,0.9256255626678467,0.8070883750915527,0.012306571006774902,0.8735445141792297,0.05208104848861694
Custom Bangladeshi E-Waste Image Dataset for Objec/train/images/IMG_20250822_231014_jpg.rf.cc84aa781633cfe5b6b178addc913fe9.jpg,Medical Waste,unknown,,battery,,0.7465112209320068,0.7857787609100342,0.8905858397483826,0.9198618531227112,mobile,,0.9495302438735962,0.8331143260002136,0.9791063666343689,0.9196882247924805,0.7465112209320068,0.039267539978027344,0.8331143260002136,0.08657389879226685
Custom Bangladeshi E-Waste Image Dataset for Objec/train/images/IMG_20250822_231014_jpg.rf.dc12da2e25952d20769f3386cb3a9e68.jpg,Medical Waste,unknown,,battery,,0.79561847448349,0.892928421497345,0.9311885833740234,0.92022705078125,mobile,,0.9849104881286621,0.9337253570556641,0.9402989149093628,0.9464247226715088,0.79561847448349,0.09730994701385498,0.9337253570556641,0.0065735578536987305
Custom Bangladeshi E-Waste Image Dataset for Objec/train/images/IMG_20250822_231015_jpg.rf.2a6f3e4020a90ecdeae03dfab16db63b.jpg,Medical Waste,unknown,,battery,,0.8127543330192566,0.838652491569519,0.8861480951309204,0.9203640222549438,mobile,,0.9648571014404297,0.8901628255844116,0.9163803458213806,0.9463809132575989,0.8127543330192566,0.02589815855026245,0.8901628255844116,0.026217520236968994
Custom Bangladeshi E-Waste Image Dataset for Objec/train/images/IMG_20250822_231015_jpg.rf.3f2a75bdabb54bb1165e791a7185c5a9.jpg,Medical Waste,unknown,,battery,,0.7876930236816406,0.8346986770629883,0.8966753482818604,0.9207626581192017,mobile,,0.9832468628883362,0.8830877542495728,0.9389341473579407,0.9448644518852234,0.7876930236816406,0.047005653381347656,0.8830877542495728,0.05584639310836792
Custom Bangladeshi E-Waste Image Dataset for Objec/train/images/IMG_20250822_231015_jpg.rf.87f30c6279baa59eddeb2d91e81964f4.jpg,Medical Waste,unknown,,battery,,0.7476372122764587,0.7750165462493896,0.9049538969993591,0.9400811195373535,mobile,,0.9506733417510986,0.828231930732727,0.9645481109619141,0.9245596528053284,0.7476372122764587,0.027379333972930908,0.828231930732727,0.09632772207260132
Custom Bangladeshi E-Waste Image Dataset for Objec/train/images/IMG_20250822_231029_jpg.rf.53db40fade95bef3769989a0e6156dee.jpg,Medical Waste,unknown,,battery,,0.7473421096801758,0.8656911849975586,0.928680956363678,0.9586338996887207,mobile,,0.9124509692192078,0.8736424446105957,0.9782227277755737,0.9710760712623596,0.7473421096801758,0.11834907531738281,0.8736424446105957,0.03880852460861206
Custom Bangladeshi E-Waste Image Dataset for Objec/train/images/IMG_20250822_231029_jpg.rf.5c7c327ac181868f254ab5d1e1d22921.jpg,Medical Waste,unknown,,battery,,0.7545202970504761,0.756019115447998,0.92881840467453,0.965461015701294,mobile,,0.9288220405578613,0.8188893795013428,1.0271965265274048,0.9435501098632812,0.7545202970504761,0.0014988183975219727,0.8188893795013428,0.10993266105651855
Custom Bangladeshi E-Waste Image Dataset for Objec/train/images/IMG_20250822_231029_jpg.rf.80ebb762628da74d03a71cfc758cdca7.jpg,Medical Waste,unknown,,battery,,0.7354995012283325,0.8840802311897278,0.9278210401535034,0.9653735160827637,battery,,0.9030073285102844,0.9109464287757874,0.9751458168029785,0.9766071438789368,0.7354995012283325,0.14858072996139526,0.9030073285102844,0.00793910026550293
Custom Bangladeshi E-Waste Image Dataset for Objec/train/images/IMG_20250822_231030_jpg.rf.0ac4cdc46b0a386d01e4708cddb5dd8f.jpg,Medical Waste,unknown,,battery,,0.7379028797149658,0.7581393718719482,0.9429009556770325,0.9717215895652771,mobile,,0.9330011606216431,0.8316777944564819,1.0269824266433716,0.9462600946426392,0.7379028797149658,0.020236492156982422,0.8316777944564819,0.10132336616516113
Custom Bangladeshi E-Waste Image Dataset for Objec/train/images/IMG_20250822_231030_jpg.rf.d373a5627ed2953d64ee54a151841fe9.jpg,Medical Waste,unknown,,battery,,0.7473332285881042,0.8652529120445251,0.9051845669746399,0.9810406565666199,mobile,,0.8996620774269104,0.8835564851760864,0.9756168723106384,0.9697713851928711,0.7473332285881042,0.1179196834564209,0.8835564851760864,0.016105592250823975
Custom Bangladeshi E-Waste Image Dataset for Objec/train/images/IMG_20250822_231030_jpg.rf.e68caec66ecdea15255186a14a500de7.jpg,Medical Waste,unknown,,battery,,0.7921379804611206,0.8201199769973755,0.9324356913566589,0.957154393196106,mobile,,0.9323875904083252,0.8124396204948425,1.0357571840286255,0.9306283593177795,0.7921379804611206,0.027981996536254883,0.8124396204948425,0.11818873882293701
Custom Bangladeshi E-Waste Image Dataset for Objec/train/images/IMG_20250822_231031_1_jpg.rf.29c6644ff9be7e02df6e0d2d2090b893.jpg,Medical Waste,unknown,,battery,,0.754730224609375,0.890149712562561,0.9275604486465454,0.9787155389785767,mobile,,0.9214604496955872,0.872980535030365,0.9893466830253601,0.9648237824440002,0.754730224609375,0.13541948795318604,0.872980535030365,0.04847991466522217
Custom Bangladeshi E-Waste Image Dataset for Objec/train/images/IMG_20250822_231031_1_jpg.rf.4f786292fa97c49a5f9e67bf628c1f12.jpg,Medical Waste,unknown,,battery,,0.7579095959663391,0.844589114189148,0.9340649843215942,0.9549859762191772,mobile,,0.9175889492034912,0.8776389956474304,0.9880933165550232,0.9727568626403809,0.7579095959663391,0.08667951822280884,0.8776389956474304,0.03994995355606079
Custom Bangladeshi E-Waste Image Dataset for Objec/train/images/IMG_20250822_231031_1_jpg.rf.59854ff4a89780bd6fd9a1335803a950.jpg,Medical Waste,unknown,,battery,,0.7432757616043091,0.7509181499481201,0.9363738298416138,0.9724039435386658,mobile,,0.9288346767425537,0.8340194821357727,1.0287895202636719,0.9473878145217896,0.7432757616043091,0.007642388343811035,0.8340194821357727,0.094815194606781
Custom Bangladeshi E-Waste Image Dataset for Objec/train/images/IMG_20250822_231036_1_jpg.rf.0cccc9252572559a9b526c089d2cac24.jpg,Medical Waste,unknown,,battery,,0.7253566384315491,0.989325225353241,0.9139209389686584,0.9421952366828918,battery,,0.8880186080932617,0.9766625761985779,0.962916910648346,0.9329478740692139,0.7253566384315491,0.18856430053710938,0.8880186080932617,0.04492926597595215
Custom Bangladeshi E-Waste Image Dataset for Objec/train/images/IMG_20250822_231036_1_jpg.rf.3a19eff5d7f8eacf4094785532027a7c.jpg,Medical Waste,unknown,,battery,,0.7077772617340088,0.9016446471214294,0.9407844543457031,0.9588757753372192,battery,,0.8627767562866211,0.9045436382293701,0.9958705306053162,0.9158530235290527,0.7077772617340088,0.19386738538742065,0.8627767562866211,0.04176688194274902
Custom Bangladeshi E-Waste Image Dataset for Objec/train/images/IMG_20250822_231036_1_jpg.rf.676e4bddf7cf7e6705e1ab67f2db24c2.jpg,Medical Waste,unknown,,battery,,0.7473986744880676,0.9783404469490051,0.9727017879486084,0.8738889694213867,battery,,0.9194305539131165,0.9839702844619751,0.9426062703132629,0.9400542974472046,0.7473986744880676,0.1264902949333191,0.9194305539131165,0.020623743534088135
Custom Bangladeshi E-Waste Image Dataset for Objec/train/images/IMG_20250822_231037_jpg.rf.1147d06205f0600f261ab41399672a3e.jpg,Medical Waste,unknown,,battery,,0.7446116209030151,0.9634461402893066,0.9187922477722168,0.9113764762878418,battery,,0.9007814526557922,0.9842643737792969,0.9485661387443542,0.9553084373474121,0.7446116209030151,0.16676485538482666,0.9007814526557922,0.04778468608856201
Custom Bangladeshi E-Waste Image Dataset for Objec/train/images/IMG_20250822_231037_jpg.rf.d3edd921989722d7ae551d6f773e18cd.jpg,Medical Waste,unknown,,battery,,0.7522062659263611,0.9699909687042236,0.9261280298233032,0.9083983898162842,input_peripheral,,0.9321680665016174,0.9536089897155762,0.9667450785636902,0.9300805330276489,0.7522062659263611,0.1561921238899231,0.9300805330276489,0.002087533473968506
Custom Bangladeshi E-Waste Image Dataset for Objec/train/images/IMG_20250822_231037_jpg.rf.fb0e518b8e274131a12127ff111d3641.jpg,Medical Waste,unknown,,battery,,0.7029820680618286,0.899646520614624,0.9458858966827393,0.9598190784454346,battery,,0.8730201721191406,0.9008289575576782,1.0017765760421753,0.9182290434837341,0.7029820680618286,0.1966644525527954,0.8730201721191406,0.027808785438537598
Custom Bangladeshi E-Waste Image Dataset for Objec/train/images/IMG_20250822_231125_1_jpg.rf.055929b00c16ff17c6d4a49b7cef58a9.jpg,Battery Waste,known,battery,battery,1,0.4934893846511841,0.9057174921035767,0.76669842004776,1.086479663848877,battery,1,0.43286216259002686,0.913536787033081,0.8315528631210327,1.0434423685073853,0.4934893846511841,0.2732090353965759,0.43286216259002686,0.39869070053100586
Custom Bangladeshi E-Waste Image Dataset for Objec/train/images/IMG_20250822_231125_1_jpg.rf.24e5f0335754fa334350f28e5fc26691.jpg,Battery Waste,known,battery,battery,1,0.5985660552978516,0.9595545530319214,0.7204698324203491,1.0714871883392334,battery,1,0.7912634611129761,0.9759181141853333,0.8727507591247559,1.0476421117782593,0.5985660552978516,0.12190377712249756,0.7912634611129761,0.08148729801177979
Custom Bangladeshi E-Waste Image Dataset for Objec/train/images/IMG_20250822_231125_1_jpg.rf.51f8307cc11b5cddecd0ca3e02555e70.jpg,Battery Waste,known,battery,battery,1,0.6211873292922974,0.9770717620849609,0.7430868744850159,1.0470561981201172,battery,1,0.7338290214538574,0.9341615438461304,0.8147180080413818,1.0635924339294434,0.6211873292922974,0.1218995451927185,0.7338290214538574,0.08088898658752441
Custom Bangladeshi E-Waste Image Dataset for Objec/train/images/IMG_20250822_231134_1_jpg.rf.19857d21bf15db9b7b5a3e2669c53f03.jpg,Battery Waste,known,battery,battery,1,0.45045536756515503,0.9402233362197876,0.782048225402832,1.03719961643219,battery,1,0.4093402028083801,0.9610042572021484,0.8225541114807129,1.0337988138198853,0.45045536756515503,0.331592857837677,0.4093402028083801,0.41321390867233276
Custom Bangladeshi E-Waste Image Dataset for Objec/train/images/IMG_20250822_231134_1_jpg.rf.3f4911838e7d399e2c29009938d92851.jpg,Battery Waste,known,battery,battery,1,0.48986750841140747,1.0001893043518066,0.7395198345184326,1.0195248126983643,battery,1,0.4597589373588562,0.994702935218811,0.7573456168174744,1.0558576583862305,0.48986750841140747,0.24965232610702515,0.4597589373588562,0.29758667945861816
Custom Bangladeshi E-Waste Image Dataset for Objec/train/images/IMG_20250822_231134_1_jpg.rf.82a4dc567acd78e78794d5bba1b3300a.jpg,Battery Waste,known,battery,battery,1,0.515285074710846,1.01290762424469,0.726498007774353,1.0486122369766235,battery,1,0.4464261531829834,1.025937557220459,0.7920253276824951,1.0707058906555176,0.515285074710846,0.21121293306350708,0.4464261531829834,0.3455991744995117
Custom Bangladeshi E-Waste Image Dataset for Objec/train/images/IMG_20250822_231135_1_jpg.rf.40d27b8048589bd7f6a91ff8c07f1d84.jpg,Battery Waste,known,battery,battery,1,0.47548115253448486,0.9939746260643005,0.7347019910812378,1.043056607246399,battery,1,0.441858172416687,1.01703941822052,0.792405903339386,1.0533277988433838,0.47548115253448486,0.25922083854675293,0.441858172416687,0.350547730922699
Custom Bangladeshi E-Waste Image Dataset for Objec/train/images/IMG_20250822_231135_1_jpg.rf.9c3779c2a1dd1c261e91e6a7e74a3e6b.jpg,Battery Waste,known,battery,battery,1,0.41940730810165405,0.9593044519424438,0.7823416590690613,1.027323842048645,battery,1,0.406108558177948,0.9695783257484436,0.8291585445404053,1.0296536684036255,0.41940730810165405,0.3629343509674072,0.406108558177948,0.4230499863624573
Custom Bangladeshi E-Waste Image Dataset for Objec/train/images/IMG_20250822_231135_1_jpg.rf.d42078c33df83bcadfbe932693eb51fb.jpg,Battery Waste,known,battery,battery,1,0.5506078004837036,0.9638465046882629,0.7855290174484253,1.1091560125350952,battery,1,0.439109742641449,0.9886420369148254,0.764567494392395,1.0751243829727173,0.5506078004837036,0.23492121696472168,0.439109742641449,0.32545775175094604
Custom Bangladeshi E-Waste Image Dataset for Objec/train/images/IMG_20250822_231136_jpg.rf.744ffa1266ae25359cf64542d5c6e0ef.jpg,Battery Waste,known,battery,battery,1,0.4019666910171509,0.949704110622406,0.7747859954833984,1.0250085592269897,battery,1,0.38225919008255005,0.9761977195739746,0.7981991767883301,1.026491641998291,0.4019666910171509,0.37281930446624756,0.38225919008255005,0.41593998670578003
Custom Bangladeshi E-Waste Image Dataset for Objec/train/images/IMG_20250822_231136_jpg.rf.892f7aaf1ac6a2fe9c249f6744bb872e.jpg,Battery Waste,known,battery,battery,1,0.44706201553344727,1.0186725854873657,0.7358225584030151,1.020616054534912,battery,1,0.41156888008117676,1.0326844453811646,0.7776299715042114,1.0312803983688354,0.44706201553344727,0.28876054286956787,0.41156888008117676,0.36606109142303467
Custom Bangladeshi E-Waste Image Dataset for Objec/train/images/IMG_20250822_231136_jpg.rf.facafbb903d0e49f4895b43e2448f178.jpg,Battery Waste,known,battery,battery,1,0.47230207920074463,0.9812602996826172,0.758905827999115,1.0543150901794434,battery,1,0.4185856580734253,1.0308754444122314,0.8037426471710205,1.0514917373657227,0.47230207920074463,0.28660374879837036,0.4185856580734253,0.3851569890975952
Custom Bangladeshi E-Waste Image Dataset for Objec/train/images/IMG_20250822_231137_jpg.rf.082d8b78b35dc56a1b88168f6e387d7d.jpg,Battery Waste,known,battery,battery,1,0.46135473251342773,0.9858556389808655,0.7492862939834595,1.0369372367858887,battery,1,0.47379112243652344,1.0028120279312134,0.7946285605430603,1.0617090463638306,0.46135473251342773,0.28793156147003174,0.47379112243652344,0.32083743810653687
Custom Bangladeshi E-Waste Image Dataset for Objec/train/images/IMG_20250822_231137_jpg.rf.96ed63464751f15129b76e9093788b0a.jpg,Battery Waste,known,battery,battery,1,0.4841952919960022,0.9977713227272034,0.7758848667144775,1.0161662101745605,battery,1,0.5213260650634766,0.9857322573661804,0.7901049852371216,1.0402942895889282,0.4841952919960022,0.29168957471847534,0.5213260650634766,0.268778920173645
Custom Bangladeshi E-Waste Image Dataset for Objec/train/images/IMG_20250822_231137_jpg.rf.af50867b8ea72e358cc90be68f1b3739.jpg,Battery Waste,known,battery,battery,1,0.4164005517959595,0.9513713717460632,0.7909872531890869,1.0220009088516235,battery,1,0.41283321380615234,0.9658095240592957,0.8069254755973816,1.0363562107086182,0.4164005517959595,0.37458670139312744,0.41283321380615234,0.39409226179122925
Custom Bangladeshi E-Waste Image Dataset for Objec/train/images/IMG_20250822_231138_1_jpg.rf.0ac4f5a7cb3daffeb355a4abc877a794.jpg,Battery Waste,known,battery,battery,1,0.47466278076171875,1.0089792013168335,0.7455626726150513,1.0236512422561646,battery,1,0.4510558843612671,1.0164899826049805,0.7971289753913879,1.0375052690505981,0.47466278076171875,0.2708998918533325,0.4510558843612671,0.34607309103012085
Custom Bangladeshi E-Waste Image Dataset for Objec/train/images/IMG_20250822_231138_1_jpg.rf.3868dbe6e9b2118cafab7f0bd82fa478.jpg,Battery Waste,known,battery,battery,1,0.41191744804382324,0.9573841094970703,0.7826486825942993,1.019011378288269,battery,1,0.39802974462509155,0.9639296531677246,0.8061444163322449,1.041100263595581,0.41191744804382324,0.3707312345504761,0.39802974462509155,0.4081146717071533
Custom Bangladeshi E-Waste Image Dataset for Objec/train/images/IMG_20250822_231138_1_jpg.rf.793734fc9cc4adbb935973beb2fd4034.jpg,Battery Waste,known,battery,battery,1,0.5170096755027771,0.9720881581306458,0.7987120151519775,1.0667991638183594,battery,1,0.4021971821784973,0.9924713969230652,0.8188358545303345,1.0571129322052002,0.5170096755027771,0.28170233964920044,0.4021971821784973,0.41663867235183716
Custom Bangladeshi E-Waste Image Dataset for Objec/train/images/IMG_20250822_231138_jpg.rf.0edbeb921cea2c27bf09a0a7aea04b04.jpg,Battery Waste,known,battery,battery,1,0.4147912859916687,0.9625242352485657,0.7876738905906677,1.0195817947387695,battery,1,0.3984556794166565,0.962468683719635,0.8037731051445007,1.0439447164535522,0.4147912859916687,0.372882604598999,0.3984556794166565,0.40531742572784424
Custom Bangladeshi E-Waste Image Dataset for Objec/train/images/IMG_20250822_231138_jpg.rf.327c80badfebf025a88bbe352e1fd3cc.jpg,Battery Waste,known,battery,battery,1,0.46055734157562256,1.0114314556121826,0.7677854895591736,1.0302209854125977,battery,1,0.44522929191589355,1.029173731803894,0.8194336891174316,1.0321893692016602,0.46055734157562256,0.307228147983551,0.44522929191589355,0.3742043972015381
Custom Bangladeshi E-Waste Image Dataset for Objec/train/images/IMG_20250822_231138_jpg.rf.c2066d8066e40dd14cf4c6af5b886414.jpg,Battery Waste,known,battery,battery,1,0.4838930368423462,0.9642361402511597,0.7689135074615479,1.0433738231658936,battery,1,0.4449959993362427,1.0069444179534912,0.7818559408187866,1.0324043035507202,0.4838930368423462,0.28502047061920166,0.4449959993362427,0.33685994148254395
Custom Bangladeshi E-Waste Image Dataset for Objec/train/images/IMG_20250822_231153_1_jpg.rf.055d65f1f0714e9fda6d890f79bc15ab.jpg,Battery Waste,known,battery,battery,1,0.721473217010498,0.7296519875526428,0.8838687539100647,1.0446057319641113,mobile,2,0.8484625220298767,0.780703067779541,0.8995200991630554,0.980503499507904,0.721473217010498,0.008178770542144775,0.780703067779541,0.0677594542503357
Custom Bangladeshi E-Waste Image Dataset for Objec/train/images/IMG_20250822_231153_1_jpg.rf.0ccc4241354b45d12d7828899bc92f05.jpg,Battery Waste,known,battery,battery,1,0.7325258255004883,0.9048494696617126,0.8965448141098022,1.0690009593963623,battery,1,0.8527650833129883,0.9055905342102051,0.903058648109436,1.0199623107910156,0.7325258255004883,0.16401898860931396,0.8527650833129883,0.050293564796447754
Custom Bangladeshi E-Waste Image Dataset for Objec/train/images/IMG_20250822_231153_1_jpg.rf.f19abd752876b09f640fce636287ab42.jpg,Battery Waste,known,battery,battery,1,0.7473200559616089,0.9036281108856201,0.8289217948913574,1.1019980907440186,pcb,2,0.8555810451507568,0.8942251205444336,0.8493518829345703,1.0342386960983276,0.7473200559616089,0.08160173892974854,0.8493518829345703,0.0062291622161865234
Custom Bangladeshi E-Waste Image Dataset for Objec/train/images/IMG_20250822_231155_jpg.rf.504426a470f2b291095627bb367e7dad.jpg,Battery Waste,known,battery,battery,1,0.7630686163902283,0.9365083575248718,0.8775707483291626,1.0508675575256348,pcb,3,0.9280614256858826,0.8955264091491699,0.8888683915138245,1.0094972848892212,0.7630686163902283,0.11450213193893433,0.8888683915138245,0.006658017635345459
Custom Bangladeshi E-Waste Image Dataset for Objec/train/images/IMG_20250822_231155_jpg.rf.656e96d585807828d9bd58402edf9500.jpg,Battery Waste,known,battery,battery,1,0.6894823312759399,0.7312006950378418,0.8646382093429565,1.0847972631454468,mobile,3,0.8574534058570862,0.7844138145446777,0.8406890630722046,1.0250974893569946,0.6894823312759399,0.041718363761901855,0.7844138145446777,0.056275248527526855
Custom Bangladeshi E-Waste Image Dataset for Objec/train/images/IMG_20250822_231155_jpg.rf.af8d1320d7a24080846ef501f2abf92c.jpg,Battery Waste,known,battery,battery,1,0.7495970726013184,0.9253434538841248,0.8918616771697998,1.0327365398406982,mobile,3,0.8830351829528809,0.8763730525970459,0.8813812136650085,1.0054117441177368,0.7495970726013184,0.14226460456848145,0.8763730525970459,0.0050081610679626465
Custom Bangladeshi E-Waste Image Dataset for Objec/train/images/IMG_20250822_231200_jpg.rf.0f6db813145281c72c353be21cbd72aa.jpg,Battery Waste,known,battery,battery,1,0.5819286108016968,0.7519670128822327,0.8658461570739746,1.0653331279754639,battery,1,0.7118642330169678,0.8319442272186279,0.8781822323799133,1.02424156665802,0.5819286108016968,0.1700384020805359,0.7118642330169678,0.12007999420166016
Custom Bangladeshi E-Waste Image Dataset for Objec/train/images/IMG_20250822_231200_jpg.rf.81019355e8515e8e16bfa79d6ab2b910.jpg,Battery Waste,known,battery,battery,1,0.5447628498077393,0.9290797710418701,0.8678532838821411,1.030268669128418,battery,1,0.6467795372009277,0.9366896748542786,0.8759588003158569,1.0504001379013062,0.5447628498077393,0.32309043407440186,0.6467795372009277,0.2291792631149292
Custom Bangladeshi E-Waste Image Dataset for Objec/train/images/IMG_20250822_231200_jpg.rf.ff53aaba394c0304da0a909829ab90c5.jpg,Battery Waste,known,battery,battery,1,0.5486613512039185,0.9224968552589417,0.8639087677001953,1.0375843048095703,battery,1,0.6328178644180298,0.9121788740158081,0.8812443614006042,1.0290806293487549,0.5486613512039185,0.31524741649627686,0.6328178644180298,0.24842649698257446
Custom Bangladeshi E-Waste Image Dataset for Objec/train/images/IMG_20250822_231202_jpg.rf.1763ce102999536a602ed04b81bf0435.jpg,Battery Waste,known,battery,battery,1,0.5713202953338623,0.7580963969230652,0.880366861820221,1.0379631519317627,battery,1,0.7071927785873413,0.825653612613678,0.8856402039527893,1.0162931680679321,0.5713202953338623,0.18677610158920288,0.7071927785873413,0.11846083402633667
Custom Bangladeshi E-Waste Image Dataset for Objec/train/images/IMG_20250822_231202_jpg.rf.9985948cecec55daa36ed7a5c51b5073.jpg,Battery Waste,known,battery,battery,1,0.5907630920410156,0.863591194152832,0.8499774932861328,1.034959316253662,battery,1,0.6234855651855469,0.893896758556366,0.8616815209388733,1.0239362716674805,0.5907630920410156,0.2592144012451172,0.6234855651855469,0.23819595575332642
Custom Bangladeshi E-Waste Image Dataset for Objec/train/images/IMG_20250822_231202_jpg.rf.f9ca8ef5be33db85e95f12d237090966.jpg,Battery Waste,known,battery,battery,1,0.5921288728713989,0.9282373189926147,0.8168818354606628,1.0344326496124268,battery,1,0.6055775880813599,0.932938814163208,0.8564585447311401,1.0266846418380737,0.5921288728713989,0.22475296258926392,0.6055775880813599,0.2508809566497803
Custom Bangladeshi E-Waste Image Dataset for Objec/train/images/IMG_20250822_231209_jpg.rf.4c130981a9fbbd3987e2dd770795972d.jpg,Battery Waste,known,battery,battery,1,0.5574332475662231,0.7986551523208618,0.8989351987838745,1.045316457748413,battery,1,0.8423703908920288,0.8725453019142151,0.9060715436935425,0.9756730794906616,0.5574332475662231,0.24122190475463867,0.8423703908920288,0.03017491102218628
Custom Bangladeshi E-Waste Image Dataset for Objec/train/images/IMG_20250822_231209_jpg.rf.5fbcecd2f828c4d73be632426a997488.jpg,Battery Waste,known,battery,battery,1,0.557204008102417,0.9464475512504578,0.8825641870498657,1.0349929332733154,battery,1,0.8031463623046875,0.9668984413146973,0.8893168568611145,0.9993137121200562,0.557204008102417,0.32536017894744873,0.8031463623046875,0.086170494556427
Custom Bangladeshi E-Waste Image Dataset for Objec/train/images/IMG_20250822_231209_jpg.rf.71062767ff841e54501edf3ddc7a9c7a.jpg,Battery Waste,known,battery,battery,1,0.5774316787719727,0.8925972580909729,0.9243300557136536,0.9863615036010742,battery,1,0.7844798564910889,0.9514291882514954,0.8937209248542786,0.975678026676178,0.5774316787719727,0.31516557931900024,0.7844798564910889,0.1092410683631897
Custom Bangladeshi E-Waste Image Dataset for Objec/train/images/IMG_20250822_231210_1_jpg.rf.7e7d56093797517d49417300b1eceb44.jpg,Battery Waste,known,battery,battery,1,0.6002587676048279,0.9071488976478577,0.8615525960922241,1.0066620111465454,battery,1,0.8249900341033936,0.9477275609970093,0.88497394323349,0.9885265231132507,0.6002587676048279,0.26129382848739624,0.8249900341033936,0.059983909130096436
Custom Bangladeshi E-Waste Image Dataset for Objec/train/images/IMG_20250822_231210_1_jpg.rf.b643e8ffe7294d17bcf888a766981b1a.jpg,Battery Waste,known,battery,battery,1,0.6219379901885986,0.9210705757141113,0.914178729057312,1.0397963523864746,battery,1,0.8064970374107361,0.960338294506073,0.9092944860458374,0.9879052042961121,0.6219379901885986,0.2922407388687134,0.8064970374107361,0.10279744863510132
Custom Bangladeshi E-Waste Image Dataset for Objec/train/images/IMG_20250822_231210_1_jpg.rf.bf5f830d9485eb8d3bf5ca84d009a28d.jpg,Battery Waste,known,battery,battery,1,0.601126492023468,0.7800360918045044,0.8793314099311829,1.0471738576889038,battery,1,0.8363131880760193,0.8619771003723145,0.8920922875404358,0.9921838045120239,0.601126492023468,0.17890959978103638,0.8363131880760193,0.025663912296295166
Custom Bangladeshi E-Waste Image Dataset for Objec/train/images/IMG_20250822_231219_jpg.rf.03d08967efba3804f23ba15aac3d4cca.jpg,Battery Waste,known,battery,battery,1,0.5295330286026001,0.7835031747817993,0.8633633852005005,1.057386875152588,battery,1,0.5891627073287964,0.8560632467269897,0.8761639595031738,1.0228862762451172,0.5295330286026001,0.2539701461791992,0.5891627073287964,0.26690053939819336
Custom Bangladeshi E-Waste Image Dataset for Objec/train/images/IMG_20250822_231219_jpg.rf.152f0425291ed55f66ec4bea49524c43.jpg,Battery Waste,known,battery,battery,1,0.6170058250427246,0.8548184633255005,0.8695369958877563,1.047497034072876,battery,1,0.7052541971206665,0.8997822403907776,0.8689484000205994,1.0453728437423706,0.6170058250427246,0.23781263828277588,0.7052541971206665,0.16369420289993286
Custom Bangladeshi E-Waste Image Dataset for Objec/train/images/IMG_20250822_231219_jpg.rf.392d276fdfc40327967ce3017eaf01ac.jpg,Battery Waste,known,battery,battery,1,0.5452470779418945,0.9214992523193359,0.8381975293159485,1.0488066673278809,battery,1,0.6743319034576416,0.9416987895965576,0.866642951965332,1.046112298965454,0.5452470779418945,0.29295045137405396,0.6743319034576416,0.19231104850769043
Custom Bangladeshi E-Waste Image Dataset for Objec/train/images/IMG_20250822_231220_jpg.rf.2b36d46a7e22d101be3c9448b72ef6f1.jpg,Battery Waste,known,battery,battery,1,0.5143259763717651,0.8283933997154236,0.8524768352508545,1.0455198287963867,battery,1,0.570928692817688,0.9167550206184387,0.8701043128967285,1.0483922958374023,0.5143259763717651,0.31406742334365845,0.570928692817688,0.2991756200790405
Custom Bangladeshi E-Waste Image Dataset for Objec/train/images/IMG_20250822_231220_jpg.rf.847cf565415d2346e0fabc16a3fb1f28.jpg,Battery Waste,known,battery,battery,1,0.48555272817611694,0.8020880222320557,0.8663092851638794,1.030184030532837,battery,1,0.569233775138855,0.8466991186141968,0.8570452928543091,1.0342916250228882,0.48555272817611694,0.3165352940559387,0.569233775138855,0.2774653434753418
Custom Bangladeshi E-Waste Image Dataset for Objec/train/images/IMG_20250822_231220_jpg.rf.9c02b05d7b7b49ba3c228d2dc9bf9b7e.jpg,Battery Waste,known,battery,battery,1,0.5970531702041626,0.8709749579429626,0.8330451250076294,1.073211431503296,battery,1,0.49701976776123047,0.9842426180839539,0.8271681070327759,1.0507960319519043,0.5970531702041626,0.2359919548034668,0.49701976776123047,0.3301483392715454
Custom Bangladeshi E-Waste Image Dataset for Objec/train/images/IMG_20250822_231222_jpg.rf.44ed716c90773067e2cf27b0d901024b.jpg,Battery Waste,known,battery,battery,1,0.466070294380188,0.7925428748130798,0.8840522766113281,1.0344698429107666,battery,1,0.40207070112228394,0.8958584070205688,0.8971187472343445,1.0147826671600342,0.466070294380188,0.32647258043289185,0.40207070112228394,0.4937877058982849
Custom Bangladeshi E-Waste Image Dataset for Objec/train/images/IMG_20250822_231222_jpg.rf.6da281988f9a7ad6de6a237c773340b0.jpg,Battery Waste,known,battery,battery,1,0.49637776613235474,0.9239492416381836,0.8157658576965332,1.0178470611572266,battery,1,0.4602081775665283,0.9672602415084839,0.836286187171936,1.0187700986862183,0.49637776613235474,0.31938809156417847,0.4602081775665283,0.3760780096054077
Custom Bangladeshi E-Waste Image Dataset for Objec/train/images/IMG_20250822_231222_jpg.rf.a82c3365421ee2a0e83bc207acc9927d.jpg,Battery Waste,known,battery,battery,1,0.5314593315124512,0.8474190831184387,0.84014493227005,1.0504071712493896,battery,1,0.5257176160812378,0.9341443777084351,0.8530011177062988,1.032709002494812,0.5314593315124512,0.3086856007575989,0.5257176160812378,0.32728350162506104
Custom Bangladeshi E-Waste Image Dataset for Objec/train/images/IMG_20250822_231226_jpg.rf.a384c4024b55ba7bf2eda542344eef69.jpg,Battery Waste,known,battery,battery,1,0.5124057531356812,0.800614595413208,0.859243631362915,1.0348737239837646,battery,1,0.813920795917511,0.8851407766342163,0.8773300051689148,0.9894568920135498,0.5124057531356812,0.28820884227752686,0.813920795917511,0.06340920925140381
Custom Bangladeshi E-Waste Image Dataset for Objec/train/images/IMG_20250822_231226_jpg.rf.af949f552ee40abb9ba0d2ea22afdb16.jpg,Battery Waste,known,battery,battery,1,0.6337354183197021,0.9201887845993042,0.8713957071304321,1.0363870859146118,battery,1,0.8326518535614014,0.9325898289680481,0.9017230868339539,1.0188740491867065,0.6337354183197021,0.23766028881072998,0.8326518535614014,0.06907123327255249
Custom Bangladeshi E-Waste Image Dataset for Objec/train/images/IMG_20250822_231226_jpg.rf.f5c80448ec1e3edadd7fe58129065dd8.jpg,Battery Waste,known,battery,battery,1,0.5596812963485718,0.9140046834945679,0.8426783680915833,1.0425777435302734,battery,1,0.6703899502754211,0.9523674845695496,0.8795409798622131,1.0262560844421387,0.5596812963485718,0.2829970717430115,0.6703899502754211,0.209151029586792
Custom Bangladeshi E-Waste Image Dataset for Objec/train/images/IMG_20250822_231227_jpg.rf.03756de636cf7cc1ebd60892c444e82f.jpg,Battery Waste,known,battery,battery,1,0.5842500329017639,0.8513990044593811,0.8705113530158997,1.1063075065612793,battery,1,0.6862817406654358,0.9271495938301086,0.9100048542022705,1.0477161407470703,0.5842500329017639,0.2671489715576172,0.6862817406654358,0.22372311353683472
Custom Bangladeshi E-Waste Image Dataset for Objec/train/images/IMG_20250822_231227_jpg.rf.8ff7f770de4f04e022e8f12c213838c1.jpg,Battery Waste,known,battery,battery,1,0.522179365158081,0.7912275791168213,0.8448904156684875,1.0377132892608643,battery,1,0.7307196855545044,0.882977306842804,0.8678173422813416,1.0067912340164185,0.522179365158081,0.26904821395874023,0.7307196855545044,0.13709765672683716
Custom Bangladeshi E-Waste Image Dataset for Objec/train/images/IMG_20250822_231227_jpg.rf.e13a9b5400f8a9c58d97fea44a360ba9.jpg,Battery Waste,known,battery,battery,1,0.5915523767471313,0.8168290853500366,0.8699284791946411,1.081840991973877,battery,1,0.7504989504814148,0.9080091714859009,0.8883671164512634,1.0259257555007935,0.5915523767471313,0.22527670860290527,0.7504989504814148,0.13786816596984863
Custom Bangladeshi E-Waste Image Dataset for Objec/train/images/IMG_20250822_231229_jpg.rf.74aa09b68e143f0d05c0449cf7200946.jpg,Battery Waste,known,battery,battery,1,0.5695861577987671,0.9285805225372314,0.8458847999572754,1.027525544166565,battery,1,0.726218581199646,0.926186203956604,0.8714787364006042,1.034106731414795,0.5695861577987671,0.2762986421585083,0.726218581199646,0.14526015520095825
Custom Bangladeshi E-Waste Image Dataset for Objec/train/images/IMG_20250822_231229_jpg.rf.9286a8bea2098e273163b8a58657f4c0.jpg,Battery Waste,known,battery,battery,1,0.5887284874916077,0.8628761172294617,0.8734567165374756,1.1019307374954224,battery,1,0.7799496650695801,0.894917368888855,0.9057077169418335,1.032480001449585,0.5887284874916077,0.274147629737854,0.7799496650695801,0.1149677038192749
Custom Bangladeshi E-Waste Image Dataset for Objec/train/images/IMG_20250822_231229_jpg.rf.e7e6036503debb760b34e87faa28dc66.jpg,Battery Waste,known,battery,battery,1,0.5012049674987793,0.7992475628852844,0.8614934086799622,1.0325968265533447,battery,1,0.6193487048149109,0.8604997992515564,0.8771423101425171,0.9990882873535156,0.5012049674987793,0.2980425953865051,0.6193487048149109,0.2411510944366455
Custom Bangladeshi E-Waste Image Dataset for Objec/train/images/IMG_20250822_231239_1_jpg.rf.1b55959316611efa584bdc9a073bc60b.jpg,Battery Waste,known,battery,battery,1,0.8026382327079773,0.9305687546730042,0.9201123118400574,0.9584081768989563,pcb,3,0.9468421936035156,0.9708080291748047,0.9003612995147705,0.940521240234375,0.8026382327079773,0.11747407913208008,0.9003612995147705,0.04015994071960449
Custom Bangladeshi E-Waste Image Dataset for Objec/train/images/IMG_20250822_231239_1_jpg.rf.d7c89c449cafe2a0f21c3245793671f9.jpg,Battery Waste,known,battery,battery,1,0.7744727730751038,0.8104407787322998,0.8532435297966003,1.0674123764038086,mobile,3,0.9274416565895081,0.8489300608634949,0.8914464712142944,0.9967594146728516,0.7744727730751038,0.035968005657196045,0.8489300608634949,0.04251641035079956
Custom Bangladeshi E-Waste Image Dataset for Objec/train/images/IMG_20250822_231239_1_jpg.rf.ff7c20ffa1b97e6f85e4860b6c2eefbc.jpg,Battery Waste,known,battery,battery,1,0.8037552237510681,0.9579468965530396,0.9281907081604004,0.9782368540763855,pcb,2,0.9476795196533203,0.9787551760673523,0.8994063138961792,0.9652576446533203,0.8037552237510681,0.12443548440933228,0.8994063138961792,0.04827320575714111
Custom Bangladeshi E-Waste Image Dataset for Objec/train/images/IMG_20250822_231240_1_jpg.rf.29e3db85d081590d2c545b6a25bf448f.jpg,Battery Waste,known,battery,battery,1,0.7861018180847168,0.9674579501152039,0.9558555483818054,0.9607803821563721,pcb,4,0.9691070318222046,0.9542673230171204,0.8908910751342773,0.9556484818458557,0.7861018180847168,0.16975373029708862,0.8908910751342773,0.06337624788284302
Custom Bangladeshi E-Waste Image Dataset for Objec/train/images/IMG_20250822_231240_1_jpg.rf.4547dfb9464eb55f94020eafbe21c13f.jpg,Battery Waste,known,battery,battery,1,0.7627973556518555,0.8168008327484131,0.8495056629180908,1.064779281616211,mobile,3,0.9081429243087769,0.8548672795295715,0.8859711289405823,1.00278902053833,0.7627973556518555,0.05400347709655762,0.8548672795295715,0.031103849411010742
Custom Bangladeshi E-Waste Image Dataset for Objec/train/images/IMG_20250822_231240_1_jpg.rf.c599e12109d4ea69fd2c676c98f032ff.jpg,Battery Waste,known,battery,battery,1,0.8064144849777222,0.9329514503479004,0.8781984448432922,1.0081007480621338,pcb,3,0.9327403903007507,0.9280425310134888,0.8821109533309937,0.9963782429695129,0.8064144849777222,0.07178395986557007,0.8821109533309937,0.04593157768249512
Custom Bangladeshi E-Waste Image Dataset for Objec/train/images/IMG_20250822_231255_1_jpg.rf.5f530548951cb35377a1987db865ecc0.jpg,Battery Waste,known,battery,battery,1,0.722520112991333,0.7925260066986084,0.8319704532623291,1.035093069076538,mobile,3,0.8993044495582581,0.8403046131134033,0.8658850193023682,0.9807819128036499,0.722520112991333,0.07000589370727539,0.8403046131134033,0.025580406188964844
Custom Bangladeshi E-Waste Image Dataset for Objec/train/images/IMG_20250822_231255_1_jpg.rf.e32021e200cdfed4065135f35ee4bca8.jpg,Battery Waste,known,battery,pcb,2,0.7990485429763794,0.9913710355758667,0.7968589067459106,0.9951362013816833,pcb,3,0.956234335899353,0.9469800591468811,0.8365163803100586,0.967077374458313,0.7968589067459106,0.00218963623046875,0.8365163803100586,0.11046367883682251
Custom Bangladeshi E-Waste Image Dataset for Objec/train/images/IMG_20250822_231255_1_jpg.rf.e3ebfec65816d16aff257a0db04a3372.jpg,Battery Waste,known,battery,battery,1,0.7721557021141052,0.9123615622520447,0.8656737804412842,1.0131864547729492,pcb,2,0.908270001411438,0.9154341220855713,0.8952919244766235,0.9873669147491455,0.7721557021141052,0.09351807832717896,0.8952919244766235,0.012978076934814453
Custom Bangladeshi E-Waste Image Dataset for Objec/train/images/IMG_20250822_231255_jpg.rf.36ef9257a4993f8d263c5dd4cb7bf7f5.jpg,Battery Waste,known,battery,battery,1,0.7438896298408508,0.8039332628250122,0.8506351709365845,1.0304754972457886,mobile,3,0.9075821042060852,0.8421925902366638,0.8781754374504089,0.9654390215873718,0.7438896298408508,0.06004363298416138,0.8421925902366638,0.03598284721374512
Custom Bangladeshi E-Waste Image Dataset for Objec/train/images/IMG_20250822_231255_jpg.rf.7c431d715c6666390961f2fd29ff327e.jpg,Battery Waste,known,battery,battery,1,0.8293704986572266,0.9354634881019592,0.8744310140609741,1.041326880455017,pcb,3,0.9414176940917969,0.8978674411773682,0.860729992389679,0.9826490879058838,0.8293704986572266,0.04506051540374756,0.860729992389679,0.03713744878768921
Custom Bangladeshi E-Waste Image Dataset for Objec/train/images/IMG_20250822_231255_jpg.rf.874ad060677087d05bc1987392adbfbb.jpg,Battery Waste,known,battery,battery,1,0.8116761445999146,0.9719495177268982,0.8206342458724976,1.0148118734359741,pcb,3,0.95951247215271,0.9506710171699524,0.8485702276229858,0.9652003645896912,0.8116761445999146,0.008958101272583008,0.8485702276229858,0.10210078954696655
Custom Bangladeshi E-Waste Image Dataset for Objec/train/images/IMG_20250822_231256_jpg.rf.77db81774004ef79c28d543c812b7e54.jpg,Battery Waste,known,battery,battery,1,0.7441970109939575,0.9098424315452576,0.869124710559845,0.9974113702774048,pcb,2,0.8841150999069214,0.9192395210266113,0.8634390830993652,0.9962469339370728,0.7441970109939575,0.12492769956588745,0.8634390830993652,0.020676016807556152
Custom Bangladeshi E-Waste Image Dataset for Objec/train/images/IMG_20250822_231256_jpg.rf.b5c48e1da6f07d1a4053ac81da1a3b2c.jpg,Battery Waste,known,battery,battery,1,0.7606319785118103,0.9333075284957886,0.8324555158615112,0.9966931939125061,pcb,3,0.950748085975647,0.8962965607643127,0.8570992946624756,0.99219810962677,0.7606319785118103,0.07182353734970093,0.8570992946624756,0.03919726610183716
Custom Bangladeshi E-Waste Image Dataset for Objec/train/images/IMG_20250822_231256_jpg.rf.eb79bcac78e20f8fb24d570dc248ba25.jpg,Battery Waste,known,battery,battery,1,0.7198496460914612,0.7930612564086914,0.8430217504501343,1.0218898057937622,mobile,3,0.9168332815170288,0.8417632579803467,0.8705466389656067,0.9738168716430664,0.7198496460914612,0.07321161031723022,0.8417632579803467,0.02878338098526001
Custom Bangladeshi E-Waste Image Dataset for Objec/train/images/IMG_20250822_231257_jpg.rf.2db20ee5a5e4fda240d26419f21c7ee8.jpg,Battery Waste,known,battery,battery,1,0.718559741973877,0.9044619798660278,0.8926246166229248,0.9607205390930176,battery,1,0.8795406222343445,0.8975451588630676,0.8826723098754883,0.9539889097213745,0.718559741973877,0.17406487464904785,0.8795406222343445,0.003131687641143799
Custom Bangladeshi E-Waste Image Dataset for Objec/train/images/IMG_20250822_231257_jpg.rf.9f96d6100cf9c4dab496702706a56721.jpg,Battery Waste,known,battery,battery,1,0.728630781173706,0.7690961956977844,0.8462069034576416,1.039912223815918,mobile,3,0.890946626663208,0.8326049447059631,0.8657855987548828,0.9603304266929626,0.728630781173706,0.04046541452407837,0.8326049447059631,0.03318065404891968
Custom Bangladeshi E-Waste Image Dataset for Objec/train/images/IMG_20250822_231257_jpg.rf.faf456eebb5f026fde69eb667b9ae98e.jpg,Battery Waste,known,battery,battery,1,0.7461594343185425,0.9502881765365601,0.8647528886795044,1.0073316097259521,pcb,3,0.9314509034156799,0.9126834869384766,0.8748779296875,1.000956654548645,0.7461594343185425,0.11859345436096191,0.8748779296875,0.03780555725097656
Custom Bangladeshi E-Waste Image Dataset for Objec/train/images/IMG_20250822_231335_jpg.rf.15c53672d5abb00490fe47767729f3d3.jpg,Medical Waste,unknown,,battery,,0.7210619449615479,0.9432730674743652,0.8476385474205017,1.0437748432159424,battery,,0.8396133780479431,0.9365207552909851,0.854128897190094,1.0373632907867432,0.7210619449615479,0.12657660245895386,0.8396133780479431,0.014515519142150879
Custom Bangladeshi E-Waste Image Dataset for Objec/train/images/IMG_20250822_231335_jpg.rf.7d4402c460ba2e9651ca8c20af6c9df4.jpg,Medical Waste,unknown,,battery,,0.7449166178703308,0.9029699563980103,0.8681495189666748,1.0559358596801758,battery,,0.8605976104736328,0.9354059100151062,0.8901463747024536,1.0019861459732056,0.7449166178703308,0.123232901096344,0.8605976104736328,0.0295487642288208
Custom Bangladeshi E-Waste Image Dataset for Objec/train/images/IMG_20250822_231335_jpg.rf.fb6d9ef1a51b4686c162ccc098a339fb.jpg,Medical Waste,unknown,,battery,,0.7459762096405029,0.8320713043212891,0.836466908454895,1.0730677843093872,battery,,0.8248247504234314,0.8411064147949219,0.8436885476112366,0.9951094388961792,0.7459762096405029,0.08609509468078613,0.8248247504234314,0.01628166437149048
Custom Bangladeshi E-Waste Image Dataset for Objec/train/images/IMG_20250822_231336_jpg.rf.04563ec7376365bccb6b2bcc06109e48.jpg,Medical Waste,unknown,,battery,,0.7759331464767456,0.9478099942207336,0.8438513875007629,1.035938024520874,pcb,,0.8542181253433228,0.9127436876296997,0.8457028865814209,1.0362095832824707,0.7759331464767456,0.06791824102401733,0.8457028865814209,0.008515238761901855
Custom Bangladeshi E-Waste Image Dataset for Objec/train/images/IMG_20250822_231336_jpg.rf.9157be0d8c3d4f3383f208a01d0188cf.jpg,Medical Waste,unknown,,battery,,0.7852830290794373,0.9479610323905945,0.8678184747695923,1.040449857711792,pcb,,0.9086109399795532,0.8965600728988647,0.8642030954360962,1.0139858722686768,0.7852830290794373,0.08253544569015503,0.8642030954360962,0.032356977462768555
Custom Bangladeshi E-Waste Image Dataset for Objec/train/images/IMG_20250822_231336_jpg.rf.a076b6cb63e2bf387492dfd2f25f356d.jpg,Medical Waste,unknown,,battery,,0.7501356601715088,0.8437787890434265,0.8391083478927612,1.0660291910171509,mobile,,0.8451709747314453,0.8387701511383057,0.848651111125946,0.9883562922477722,0.7501356601715088,0.08897268772125244,0.8387701511383057,0.0064008235931396484
Custom Bangladeshi E-Waste Image Dataset for Objec/train/images/IMG_20250822_231337_jpg.rf.69f6ed3ddfc155abf1e2abcad02c34d1.jpg,Medical Waste,unknown,,pcb,,0.8350231051445007,0.9478618502616882,0.8192557096481323,1.0395629405975342,pcb,,0.9370172023773193,0.9261847138404846,0.861433207988739,1.0140079259872437,0.8192557096481323,0.015767395496368408,0.861433207988739,0.0647515058517456
Custom Bangladeshi E-Waste Image Dataset for Objec/train/images/IMG_20250822_231337_jpg.rf.8896f6af1223900ad6727f3c363cb5f5.jpg,Medical Waste,unknown,,battery,,0.7378982901573181,0.8358107805252075,0.8409451246261597,1.0889981985092163,battery,,0.8235255479812622,0.8389302492141724,0.8833977580070496,1.0077121257781982,0.7378982901573181,0.0979124903678894,0.8235255479812622,0.015404701232910156
Custom Bangladeshi E-Waste Image Dataset for Objec/train/images/IMG_20250822_231337_jpg.rf.e3fdb78880e66cf23a68649420c6b1b2.jpg,Medical Waste,unknown,,battery,,0.7755701541900635,0.9024974703788757,0.8402144908905029,1.054311752319336,pcb,,0.8534971475601196,0.8973706960678101,0.8297119140625,1.0277588367462158,0.7755701541900635,0.06464433670043945,0.8297119140625,0.02378523349761963
Custom Bangladeshi E-Waste Image Dataset for Objec/train/images/IMG_20250822_231351_1_jpg.rf.316b64819a1b0e479a7c3d3febdadc70.jpg,Medical Waste,unknown,,battery,,0.8290054798126221,0.9038244485855103,0.8929296135902405,1.055328130722046,pcb,,0.9401984214782715,0.9523851871490479,0.9008461236953735,1.0408673286437988,0.8290054798126221,0.06392413377761841,0.9008461236953735,0.03935229778289795
Custom Bangladeshi E-Waste Image Dataset for Objec/train/images/IMG_20250822_231351_1_jpg.rf.42d7d07bc5d3e4ac06a96df3d99e6743.jpg,Medical Waste,unknown,,battery,,0.7459354400634766,0.925261378288269,0.8563858866691589,1.0237301588058472,pcb,,0.9141612648963928,0.9303655028343201,0.8923198580741882,1.0072487592697144,0.7459354400634766,0.11045044660568237,0.8923198580741882,0.02184140682220459
Custom Bangladeshi E-Waste Image Dataset for Objec/train/images/IMG_20250822_231351_1_jpg.rf.a8a17e918af5878190a387f076fdba2b.jpg,Medical Waste,unknown,,battery,,0.7227529287338257,0.8364332914352417,0.8536205887794495,1.0226519107818604,mobile,,0.9053311944007874,0.8469703197479248,0.9225869178771973,0.9841364622116089,0.7227529287338257,0.11368036270141602,0.8469703197479248,0.05836087465286255
Custom Bangladeshi E-Waste Image Dataset for Objec/train/images/IMG_20250822_231352_1_jpg.rf.99dcfa0d9ff35ff8f367a19d279d4e8b.jpg,Medical Waste,unknown,,battery,,0.7336165308952332,0.8645945191383362,0.8480873703956604,0.9935937523841858,battery,,0.8768296837806702,0.932862401008606,0.9022253155708313,1.0286328792572021,0.7336165308952332,0.11447083950042725,0.8768296837806702,0.025395631790161133
Custom Bangladeshi E-Waste Image Dataset for Objec/train/images/IMG_20250822_231352_1_jpg.rf.cc05cd7fc3ccaef56479aebb16023158.jpg,Medical Waste,unknown,,battery,,0.750319242477417,0.8993480205535889,0.8707014918327332,1.0023685693740845,pcb,,0.8911172151565552,0.9133436679840088,0.8879638910293579,1.0074844360351562,0.750319242477417,0.12038224935531616,0.8879638910293579,0.0031533241271972656
Custom Bangladeshi E-Waste Image Dataset for Objec/train/images/IMG_20250822_231352_1_jpg.rf.d7f694ed565efc471f3eaa3d10664ea2.jpg,Medical Waste,unknown,,battery,,0.7276302576065063,0.8336435556411743,0.8430975079536438,1.0268160104751587,mobile,,0.9028245210647583,0.848834753036499,0.9177209734916687,0.992932140827179,0.7276302576065063,0.10601329803466797,0.848834753036499,0.05398976802825928
Custom Bangladeshi E-Waste Image Dataset for Objec/train/images/IMG_20250822_231354_jpg.rf.82eb8d9b7ac563bab84f7a2733a43f72.jpg,Medical Waste,unknown,,battery,,0.8112509250640869,0.9042558073997498,0.8781282901763916,1.0721033811569214,pcb,,0.979300320148468,0.9703585505485535,0.8904151916503906,1.0414259433746338,0.8112509250640869,0.06687736511230469,0.8904151916503906,0.07994335889816284
Custom Bangladeshi E-Waste Image Dataset for Objec/train/images/IMG_20250822_231354_jpg.rf.9f9371a952c63abd2964eaeca0ac2e86.jpg,Medical Waste,unknown,,battery,,0.7134479284286499,0.8346868753433228,0.8614912629127502,1.0192430019378662,mobile,,0.9077730178833008,0.847770631313324,0.9200997948646545,0.9844085574150085,0.7134479284286499,0.12123894691467285,0.847770631313324,0.06000238656997681
Custom Bangladeshi E-Waste Image Dataset for Objec/train/images/IMG_20250822_231354_jpg.rf.c8e4f67a7b5c2d40e75ec1e9714e312d.jpg,Medical Waste,unknown,,battery,,0.7435600161552429,0.9418002963066101,0.8269087076187134,1.0011509656906128,pcb,,0.9206194877624512,0.930473804473877,0.902133047580719,1.0223791599273682,0.7435600161552429,0.08334869146347046,0.902133047580719,0.018486440181732178
Custom Bangladeshi E-Waste Image Dataset for Objec/train/images/IMG_20250822_231355_jpg.rf.6cf14821cedfffcbbef93187838168f5.jpg,Medical Waste,unknown,,battery,,0.7325302362442017,0.8289902210235596,0.8661252856254578,1.029199242591858,mobile,,0.9099554419517517,0.8474255800247192,0.9197076559066772,0.9836096167564392,0.7325302362442017,0.09645998477935791,0.8474255800247192,0.06252986192703247
Custom Bangladeshi E-Waste Image Dataset for Objec/train/images/IMG_20250822_231355_jpg.rf.d9ad2fd8c8ecc8c42f73becd8eab25ab.jpg,Medical Waste,unknown,,battery,,0.7298768758773804,0.9249684810638428,0.8300120830535889,1.0049031972885132,pcb,,0.9236708283424377,0.9360246062278748,0.9025751352310181,1.0224701166152954,0.7298768758773804,0.1001352071762085,0.9025751352310181,0.021095693111419678
Custom Bangladeshi E-Waste Image Dataset for Objec/train/images/IMG_20250822_231355_jpg.rf.e1560cc33b7db8394fa8f73ad9557766.jpg,Medical Waste,unknown,,battery,,0.7336856126785278,0.913514256477356,0.8224995136260986,1.0408819913864136,pcb,,0.9172003269195557,0.9182164669036865,0.8918316960334778,1.016587734222412,0.7336856126785278,0.0888139009475708,0.8918316960334778,0.02536863088607788
Custom Bangladeshi E-Waste Image Dataset for Objec/valid/images/IMG_20250803_215603_jpg.rf.6e8709bdcb9736888dd7c4631b35debc.jpg,Battery Waste,known,battery,battery,1,0.6865140199661255,0.6925265192985535,0.8637523651123047,1.0326954126358032,battery,1,0.7386988997459412,0.7659295797348022,0.8120200037956238,0.9842894077301025,0.6865140199661255,0.0060124993324279785,0.7386988997459412,0.027230679988861084
Custom Bangladeshi E-Waste Image Dataset for Objec/valid/images/IMG_20250803_215638_jpg.rf.ba4f3127b341131ea269136e3d2b124e.jpg,Battery Waste,known,battery,battery,1,0.3783552050590515,0.6224287748336792,0.8508642911911011,1.0753278732299805,battery,1,0.37537097930908203,0.7509345412254333,0.8602653741836548,1.024633526802063,0.3783552050590515,0.24407356977462769,0.37537097930908203,0.3755635619163513
Custom Bangladeshi E-Waste Image Dataset for Objec/valid/images/IMG_20250803_215639_jpg.rf.fbe999007ecf4fd037195142c1702267.jpg,Battery Waste,known,battery,battery,1,0.3708251118659973,0.6118451356887817,0.8497899770736694,1.061457872390747,battery,1,0.3115757703781128,0.713008463382721,0.8998947739601135,1.0461061000823975,0.3708251118659973,0.24102002382278442,0.3115757703781128,0.40143269300460815
Custom Bangladeshi E-Waste Image Dataset for Objec/valid/images/IMG_20250803_215645_jpg.rf.e82c2404db3f48100de5904104aa16a5.jpg,Battery Waste,known,battery,battery,1,0.34827518463134766,0.6089117527008057,0.8503031730651855,1.0423656702041626,battery,1,0.2773715853691101,0.7139377593994141,0.9038277268409729,1.0230138301849365,0.34827518463134766,0.260636568069458,0.2773715853691101,0.43656617403030396
Custom Bangladeshi E-Waste Image Dataset for Objec/valid/images/IMG_20250803_215725_jpg.rf.7d5f701994ab8ce96ca5d49e1d276ee3.jpg,Battery Waste,known,battery,mobile,2,0.7772495746612549,0.7692029476165771,0.8257299661636353,1.0752676725387573,mobile,3,0.8992428779602051,0.851211667060852,0.8577678203582764,1.0478631258010864,0.7692029476165771,0.008046627044677734,0.851211667060852,0.006556153297424316
Custom Bangladeshi E-Waste Image Dataset for Objec/valid/images/IMG_20250803_215740_jpg.rf.758acdd6ad672a13af608eafffc805dd.jpg,Battery Waste,known,battery,mobile,2,0.7767454385757446,0.7622731328010559,0.8734508752822876,1.060243844985962,mobile,2,0.8507850170135498,0.8159182071685791,0.8538925051689148,1.053611397743225,0.7622731328010559,0.01447230577468872,0.8159182071685791,0.0348668098449707
Custom Bangladeshi E-Waste Image Dataset for Objec/valid/images/IMG_20250803_215839_jpg.rf.d7dcc0724669b54ddb7d59f8c836ee98.jpg,Mouse,known,input_peripheral,input_peripheral,1,1.0436872243881226,0.9934879541397095,1.0836234092712402,0.12677842378616333,input_peripheral,1,1.0684159994125366,1.0120563507080078,1.0714901685714722,0.1968291997909546,0.12677842378616333,0.8667095303535461,0.1968291997909546,0.8152271509170532
Custom Bangladeshi E-Waste Image Dataset for Objec/valid/images/IMG_20250803_215903_jpg.rf.f4d35f59677c39dc89f4ce0148aca47c.jpg,Mouse,known,input_peripheral,input_peripheral,1,1.08738112449646,1.0410326719284058,1.1053086519241333,0.08554869890213013,input_peripheral,1,1.0485124588012695,1.0300743579864502,1.11626398563385,0.16207796335220337,0.08554869890213013,0.9554839730262756,0.16207796335220337,0.8679963946342468
Custom Bangladeshi E-Waste Image Dataset for Objec/valid/images/IMG_20250803_215916_jpg.rf.422a26ebcd2da19f8dbc2846c7a3bd6e.jpg,Mouse,known,input_peripheral,input_peripheral,1,0.9622697234153748,0.9910316467285156,1.0170421600341797,0.17122876644134521,input_peripheral,1,0.9732500910758972,0.9905118942260742,1.019335389137268,0.1916835904121399,0.17122876644134521,0.7910409569740295,0.1916835904121399,0.7815665006637573
Custom Bangladeshi E-Waste Image Dataset for Objec/valid/images/IMG_20250803_215921_jpg.rf.84e43de9ae7a629acd537e14400126c6.jpg,Mouse,known,input_peripheral,input_peripheral,1,0.9508740305900574,0.994855523109436,0.9887597560882568,0.1974475383758545,input_peripheral,1,0.9607681632041931,0.9699515700340271,1.0007908344268799,0.2584061622619629,0.1974475383758545,0.7534264922142029,0.2584061622619629,0.7023620009422302
Custom Bangladeshi E-Waste Image Dataset for Objec/valid/images/IMG_20250803_220024_jpg.rf.2fc166ace133b8664434156a034ba786.jpg,Mobile,known,mobile,mobile,1,0.7750037312507629,0.40241479873657227,0.9465268850326538,1.0727388858795166,mobile,1,0.7797946333885193,0.48734867572784424,0.8623851537704468,1.067219614982605,0.40241479873657227,0.3725889325141907,0.48734867572784424,0.29244595766067505
Custom Bangladeshi E-Waste Image Dataset for Objec/valid/images/IMG_20250803_220031_jpg.rf.980993866f095141d958d78983b61f11.jpg,Mobile,known,mobile,mobile,1,0.9292130470275879,0.15721267461776733,1.0939408540725708,1.1091076135635376,mobile,1,0.9852688312530518,0.14270824193954468,1.122109293937683,1.1151390075683594,0.15721267461776733,0.7720003724098206,0.14270824193954468,0.8425605893135071
Custom Bangladeshi E-Waste Image Dataset for Objec/valid/images/IMG_20250803_220037_jpg.rf.a1e1878bef855197a7260cca88694e51.jpg,Mobile,known,mobile,mobile,1,0.9354521632194519,0.13911396265029907,1.0911613702774048,1.1210294961929321,mobile,1,0.9870655536651611,0.14909356832504272,1.11123788356781,1.128068208694458,0.13911396265029907,0.7963382005691528,0.14909356832504272,0.8379719853401184
Custom Bangladeshi E-Waste Image Dataset for Objec/valid/images/IMG_20250803_220117_jpg.rf.0594f79bcf0bff0635472395fec31752.jpg,Mobile,known,mobile,mobile,1,0.8781840205192566,0.29044222831726074,1.0303361415863037,1.105126142501831,mobile,1,0.9224235415458679,0.4405755400657654,1.0224266052246094,1.0635005235671997,0.29044222831726074,0.5877417922019958,0.4405755400657654,0.48184800148010254
Custom Bangladeshi E-Waste Image Dataset for Objec/valid/images/IMG_20250803_220119_jpg.rf.64e2198d7a2d24e7786b2bbc40de885d.jpg,Mobile,known,mobile,mobile,1,0.9125605821609497,0.29039305448532104,1.0608996152877808,1.0846775770187378,mobile,1,0.9510548114776611,0.2737608551979065,1.0875335931777954,1.109289288520813,0.29039305448532104,0.6221675276756287,0.2737608551979065,0.6772939562797546
Custom Bangladeshi E-Waste Image Dataset for Objec/valid/images/IMG_20250803_220126_jpg.rf.16a1c934ac06cbc5d2ee0f8b4c02e96b.jpg,Mobile,known,mobile,mobile,1,0.9221351742744446,0.23054367303848267,1.0776152610778809,1.0992461442947388,mobile,1,0.9439224600791931,0.23361510038375854,1.0953618288040161,1.1286190748214722,0.23054367303848267,0.6915915012359619,0.23361510038375854,0.7103073596954346
Custom Bangladeshi E-Waste Image Dataset for Objec/valid/images/IMG_20250803_220127_jpg.rf.29454ccaf0bd8058e12a5925d3619982.jpg,Mobile,known,mobile,mobile,1,0.9254657626152039,0.22630053758621216,1.0916444063186646,1.1110179424285889,mobile,1,0.9669870138168335,0.21180802583694458,1.12962007522583,1.1250660419464111,0.22630053758621216,0.6991652250289917,0.21180802583694458,0.7551789879798889
Custom Bangladeshi E-Waste Image Dataset for Objec/valid/images/IMG_20250803_220148_jpg.rf.a4e62c59a53971b3d4a9abbcf8b459b1.jpg,Mobile,known,mobile,mobile,1,0.7786703705787659,0.2773626446723938,1.0169436931610107,1.076539397239685,mobile,1,0.8468459844589233,0.29925644397735596,1.0696505308151245,1.1190317869186401,0.2773626446723938,0.5013077259063721,0.29925644397735596,0.5475895404815674
Custom Bangladeshi E-Waste Image Dataset for Objec/valid/images/IMG_20250803_220149_jpg.rf.ea36148ba2419eaf41dc5822d2e5d88a.jpg,Mobile,known,mobile,mobile,1,0.8199263215065002,0.2714882493019104,1.0480636358261108,1.083452582359314,mobile,1,0.8547601699829102,0.3100772500038147,1.0857832431793213,1.1216275691986084,0.2714882493019104,0.5484380722045898,0.3100772500038147,0.5446829199790955
Custom Bangladeshi E-Waste Image Dataset for Objec/valid/images/IMG_20250803_220204_jpg.rf.bc112e5f5fe9cdef5d8d26d4e5954183.jpg,Mobile,known,mobile,mobile,1,0.7906254529953003,0.30207502841949463,0.9857625365257263,1.1204447746276855,mobile,1,0.66335129737854,0.297204852104187,1.015915036201477,1.1529784202575684,0.30207502841949463,0.48855042457580566,0.297204852104187,0.366146445274353
Custom Bangladeshi E-Waste Image Dataset for Objec/valid/images/IMG_20250803_220206_jpg.rf.de998e9b904dcfe77468124a9e729352.jpg,Mobile,known,mobile,mobile,1,0.8257858157157898,0.2730308771133423,0.9892347455024719,1.1140285730361938,mobile,1,0.7701947689056396,0.25006067752838135,0.9913706183433533,1.1568396091461182,0.2730308771133423,0.5527549386024475,0.25006067752838135,0.5201340913772583
Custom Bangladeshi E-Waste Image Dataset for Objec/valid/images/IMG_20250803_220227_jpg.rf.c42373ef7c64d08b36804cc7fcad4d15.jpg,Mobile,known,mobile,mobile,1,0.8930859565734863,0.4191635251045227,1.1141599416732788,0.9977738857269287,mobile,1,0.9805747866630554,0.5399132966995239,1.1025890111923218,1.0125353336334229,0.4191635251045227,0.4739224314689636,0.5399132966995239,0.4406614899635315
Custom Bangladeshi E-Waste Image Dataset for Objec/valid/images/IMG_20250803_220313_jpg.rf.64f586e62091d23ee0746e2a666392b5.jpg,Battery Waste,known,battery,mobile,2,0.6728602647781372,0.5141617655754089,0.9148132801055908,1.0417208671569824,mobile,2,0.7841536402702332,0.6200761795043945,0.9147604703903198,0.9685875177383423,0.5141617655754089,0.15869849920272827,0.6200761795043945,0.16407746076583862
Custom Bangladeshi E-Waste Image Dataset for Objec/valid/images/IMG_20250803_220320_1_jpg.rf.4004befc73e0f7a956fcd25d6de4037b.jpg,Battery Waste,known,battery,battery,1,0.31066399812698364,0.6459479331970215,0.7908875942230225,1.07281494140625,battery,1,0.2306089997291565,0.7089858055114746,0.8330391049385071,1.0409499406814575,0.31066399812698364,0.33528393507003784,0.2306089997291565,0.4783768057823181
Custom Bangladeshi E-Waste Image Dataset for Objec/valid/images/IMG_20250803_220322_jpg.rf.4ad5d2a122e2ec7a03c34971a4269fd9.jpg,Battery Waste,known,battery,battery,1,0.3036239743232727,0.6562832593917847,0.8321304321289062,1.0630524158477783,battery,1,0.17912012338638306,0.725818395614624,0.9285172820091248,1.0364179611206055,0.3036239743232727,0.35265928506851196,0.17912012338638306,0.546698272228241
Custom Bangladeshi E-Waste Image Dataset for Objec/valid/images/IMG_20250803_220323_jpg.rf.dae4ff08759027feadbee436a4098da3.jpg,Battery Waste,known,battery,battery,1,0.3014858365058899,0.6448287963867188,0.8642092943191528,1.0785841941833496,battery,1,0.205394446849823,0.6809020638465881,0.9210991263389587,1.0607023239135742,0.3014858365058899,0.34334295988082886,0.205394446849823,0.47550761699676514
Custom Bangladeshi E-Waste Image Dataset for Objec/valid/images/IMG_20250803_220348_jpg.rf.2f88a5bd0de4e00950763150d344a288.jpg,Mobile,known,mobile,mobile,1,0.790977954864502,0.3772702217102051,0.9547887444496155,1.0235320329666138,mobile,1,0.8643205165863037,0.4639335870742798,0.9776521325111389,1.0077519416809082,0.3772702217102051,0.4137077331542969,0.4639335870742798,0.4003869295120239
Custom Bangladeshi E-Waste Image Dataset for Objec/valid/images/IMG_20250803_220349_1_jpg.rf.c2488b27ffdb7b551091ec1aff857cce.jpg,Mobile,known,mobile,mobile,1,0.8122850060462952,0.3891507387161255,0.9843711853027344,1.012776255607605,mobile,1,0.8968843817710876,0.41800904273986816,1.029812216758728,1.0303490161895752,0.3891507387161255,0.4231342673301697,0.41800904273986816,0.4788753390312195
Custom Bangladeshi E-Waste Image Dataset for Objec/valid/images/IMG_20250803_220349_jpg.rf.9a2cadc69014490f60e59e1826cdc947.jpg,Mobile,known,mobile,mobile,1,0.8004236221313477,0.39589953422546387,0.9648479223251343,1.0191653966903687,mobile,1,0.8893389701843262,0.44624513387680054,1.0071697235107422,1.0233114957809448,0.39589953422546387,0.4045240879058838,0.44624513387680054,0.44309383630752563
Custom Bangladeshi E-Waste Image Dataset for Objec/valid/images/IMG_20250803_220949_jpg.rf.3ace4d5f9ac28dc7cf5f3e5cb2ba1181.jpg,Plastic Waste,unknown,,mobile,,0.6687495112419128,0.6282897591590881,0.9427397847175598,0.9198801517486572,mobile,,0.8296310901641846,0.6905279159545898,0.9115888476371765,0.9628326296806335,0.6282897591590881,0.04045975208282471,0.6905279159545898,0.13910317420959473
Custom Bangladeshi E-Waste Image Dataset for Objec/valid/images/IMG_20250803_220950_jpg.rf.98d06b12b27d86cc0dbe24748a23b580.jpg,Plastic Waste,unknown,,mobile,,0.679592490196228,0.6203207969665527,0.9392991662025452,0.9242492914199829,mobile,,0.7870651483535767,0.6836445331573486,0.9082190990447998,0.9765457510948181,0.6203207969665527,0.05927169322967529,0.6836445331573486,0.10342061519622803
Custom Bangladeshi E-Waste Image Dataset for Objec/valid/images/IMG_20250803_220957_jpg.rf.26c09e79ea7c3e48d381e39e30e30abb.jpg,Plastic Waste,unknown,,battery,,0.6520329117774963,0.7317062616348267,0.8960230350494385,0.9526776671409607,battery,,0.830040454864502,0.8463096618652344,0.9079434871673584,0.9633764624595642,0.6520329117774963,0.07967334985733032,0.830040454864502,0.016269207000732422
Custom Bangladeshi E-Waste Image Dataset for Objec/valid/images/IMG_20250803_221005_jpg.rf.bf0e3441fde110bd1133b9bbcd2d33fc.jpg,Plastic Waste,unknown,,mobile,,0.7783640623092651,0.5381261110305786,1.0244699716567993,0.8452346920967102,mobile,,0.853775143623352,0.5913445949554443,1.0001400709152222,0.8378893733024597,0.5381261110305786,0.24023795127868652,0.5913445949554443,0.24654477834701538
Custom Bangladeshi E-Waste Image Dataset for Objec/valid/images/IMG_20250803_221007_jpg.rf.c032eed31a16fa24832b53cb57f17585.jpg,Plastic Waste,unknown,,mobile,,0.7862532138824463,0.4848219156265259,1.0443100929260254,0.8295977711677551,mobile,,0.8537790775299072,0.5635671019554138,1.0234328508377075,0.840832531452179,0.4848219156265259,0.3014312982559204,0.5635671019554138,0.27726542949676514
Custom Bangladeshi E-Waste Image Dataset for Objec/valid/images/IMG_20250803_221059_jpg.rf.43fd2a6b9f95a678f49cc03e330e31f2.jpg,Metal Waste,unknown,,pcb,,0.729663610458374,0.9182386994361877,0.7043173909187317,1.143100619316101,pcb,,0.7874554395675659,0.9092049598693848,0.7755650281906128,1.0762313604354858,0.7043173909187317,0.025346219539642334,0.7755650281906128,0.011890411376953125
Custom Bangladeshi E-Waste Image Dataset for Objec/valid/images/IMG_20250803_221101_jpg.rf.91cda0a70602db7de13d2961f4e4e4d4.jpg,Metal Waste,unknown,,pcb,,0.7289326190948486,0.9075577259063721,0.707654595375061,1.1444050073623657,pcb,,0.772316575050354,0.9222830533981323,0.7636462450027466,1.0843737125396729,0.707654595375061,0.021278023719787598,0.7636462450027466,0.008670330047607422
Custom Bangladeshi E-Waste Image Dataset for Objec/valid/images/IMG_20250803_221103_jpg.rf.c58e1b1b02f64991d516b8ae86f87c46.jpg,Metal Waste,unknown,,pcb,,0.7271658182144165,0.9217629432678223,0.691716194152832,1.1269629001617432,pcb,,0.7952590584754944,0.8903645873069763,0.7781356573104858,1.0738801956176758,0.691716194152832,0.03544962406158447,0.7781356573104858,0.017123401165008545
Custom Bangladeshi E-Waste Image Dataset for Objec/valid/images/IMG_20250803_221104_1_jpg.rf.840604cf58842ca4d008753d1cdf5e75.jpg,Metal Waste,unknown,,pcb,,0.7622060179710388,0.9343196153640747,0.6847753524780273,1.1371128559112549,pcb,,0.8014618158340454,0.8884583115577698,0.7655907869338989,1.0766228437423706,0.6847753524780273,0.07743066549301147,0.7655907869338989,0.035871028900146484
Custom Bangladeshi E-Waste Image Dataset for Objec/valid/images/IMG_20250803_221105_jpg.rf.f67588ddea5f73e65bd61b525c17e64f.jpg,Metal Waste,unknown,,pcb,,0.7278350591659546,0.9379859566688538,0.6845373511314392,1.1365501880645752,pcb,,0.7800564169883728,0.9016156792640686,0.7619069814682007,1.0780000686645508,0.6845373511314392,0.04329770803451538,0.7619069814682007,0.01814943552017212
Custom Bangladeshi E-Waste Image Dataset for Objec/valid/images/IMG_20250803_221122_jpg.rf.fdf549b0cced384f1ec7a2e6faf7b1dc.jpg,Metal Waste,unknown,,pcb,,0.7521122694015503,0.9035398960113525,0.6678727865219116,1.139407753944397,pcb,,0.8163824081420898,0.8982552289962769,0.7733980417251587,1.064599871635437,0.6678727865219116,0.08423948287963867,0.7733980417251587,0.04298436641693115
Custom Bangladeshi E-Waste Image Dataset for Objec/valid/images/IMG_20250803_221123_jpg.rf.e083365d0c0f2844f5b893a617bfdeb1.jpg,Metal Waste,unknown,,pcb,,0.7398849725723267,0.8965779542922974,0.6689831018447876,1.1404958963394165,pcb,,0.8112543821334839,0.8708828687667847,0.7617912888526917,1.0749224424362183,0.6689831018447876,0.07090187072753906,0.7617912888526917,0.049463093280792236
Custom Bangladeshi E-Waste Image Dataset for Objec/valid/images/IMG_20250803_221213_jpg.rf.a452fae6dda0a2bb9ca8bd5c9494f3c6.jpg,Metal Waste,unknown,,battery,,0.6830431222915649,0.7700633406639099,0.8048187494277954,1.0634651184082031,battery,,0.7725293636322021,0.8287371397018433,0.8092709183692932,0.9951692223548889,0.6830431222915649,0.08702021837234497,0.7725293636322021,0.036741554737091064
Custom Bangladeshi E-Waste Image Dataset for Objec/valid/images/IMG_20250803_221215_jpg.rf.635206c74bdf24652a80e17047de8318.jpg,Metal Waste,unknown,,battery,,0.6595584750175476,0.7807681560516357,0.8052699565887451,1.0633037090301514,battery,,0.747534990310669,0.8380166292190552,0.8127469420433044,1.0076206922531128,0.6595584750175476,0.12120968103408813,0.747534990310669,0.0652119517326355
Custom Bangladeshi E-Waste Image Dataset for Objec/valid/images/IMG_20250803_221237_jpg.rf.63894d84cf7665ec4bff438851cc6855.jpg,Metal Waste,unknown,,battery,,0.6254088878631592,0.9615728259086609,1.0205564498901367,0.9721148610115051,battery,,0.839483916759491,0.9762517809867859,0.93758624792099,0.9997518658638,0.6254088878631592,0.3361639380455017,0.839483916759491,0.09810233116149902
Custom Bangladeshi E-Waste Image Dataset for Objec/valid/images/IMG_20250803_221249_jpg.rf.b4ce01927710345cac9a0937b3df062a.jpg,Plastic Waste,unknown,,mobile,,0.8050256967544556,0.7525345683097839,0.9392541646957397,0.9125005006790161,mobile,,0.9020179510116577,0.8297497034072876,0.9216313362121582,0.933698296546936,0.7525345683097839,0.05249112844467163,0.8297497034072876,0.07226824760437012
Custom Bangladeshi E-Waste Image Dataset for Objec/valid/images/IMG_20250803_221251_jpg.rf.142771a86edbed7ee7e280540f45f2d5.jpg,Plastic Waste,unknown,,mobile,,0.7744778394699097,0.7644256353378296,0.9299054741859436,0.9043381214141846,mobile,,0.9063791036605835,0.8277920484542847,0.9122649431228638,0.9148704409599304,0.7644256353378296,0.010052204132080078,0.8277920484542847,0.07858705520629883
Custom Bangladeshi E-Waste Image Dataset for Objec/valid/images/IMG_20250803_221300_jpg.rf.0952db43441cf45579f35961f5744e4e.jpg,Metal Waste,unknown,,battery,,0.7155466079711914,0.7824640274047852,0.9565449357032776,0.9327496886253357,battery,,0.8206403851509094,0.82792067527771,0.9462383389472961,1.0092072486877441,0.7155466079711914,0.06691741943359375,0.8206403851509094,0.007280290126800537
Custom Bangladeshi E-Waste Image Dataset for Objec/valid/images/IMG_20250803_221304_jpg.rf.f92160a9db036d31364699fd6a312da6.jpg,Metal Waste,unknown,,battery,,0.7356821298599243,0.7887036800384521,0.9341353178024292,0.9613293409347534,mobile,,0.8571417927742004,0.828537106513977,0.9829360246658325,0.9820709824562073,0.7356821298599243,0.05302155017852783,0.828537106513977,0.02860468626022339
Custom Bangladeshi E-Waste Image Dataset for Objec/valid/images/IMG_20250803_221336_jpg.rf.fe42b4d9460d151b408aa46d93af8dea.jpg,Metal Waste,unknown,,mobile,,0.728607177734375,0.5278228521347046,0.9268425107002258,1.0256389379501343,mobile,,0.8062824010848999,0.5915915966033936,0.9239414930343628,0.9878405332565308,0.5278228521347046,0.2007843255996704,0.5915915966033936,0.21469080448150635
Custom Bangladeshi E-Waste Image Dataset for Objec/valid/images/IMG_20250803_221338_jpg.rf.1eb68a295b7829c3f9334c0a1b4e94a2.jpg,Metal Waste,unknown,,mobile,,0.7397123575210571,0.504432201385498,0.9258458614349365,1.0252618789672852,mobile,,0.7961289882659912,0.5887290239334106,0.935398280620575,0.985499382019043,0.504432201385498,0.23528015613555908,0.5887290239334106,0.20739996433258057
Custom Bangladeshi E-Waste Image Dataset for Objec/valid/images/IMG_20250803_221345_jpg.rf.ad863f7f18a397d71d488aeb64bbc9f9.jpg,Metal Waste,unknown,,mobile,,0.7122293710708618,0.6216096878051758,0.9073964953422546,1.022513747215271,mobile,,0.755466639995575,0.7257707118988037,0.8686776161193848,1.0033153295516968,0.6216096878051758,0.09061968326568604,0.7257707118988037,0.02969592809677124
Custom Bangladeshi E-Waste Image Dataset for Objec/valid/images/IMG_20250803_221347_jpg.rf.5ca1c89ce0ba9b158530e2dd82e45981.jpg,Metal Waste,unknown,,mobile,,0.6978241801261902,0.6181938648223877,0.908108115196228,1.0264973640441895,mobile,,0.7633110284805298,0.7051815986633301,0.8897029757499695,1.001545786857605,0.6181938648223877,0.07963031530380249,0.7051815986633301,0.05812942981719971
Custom Bangladeshi E-Waste Image Dataset for Objec/valid/images/IMG_20250803_221409_jpg.rf.4c33b3c30955b0b5c72a860e1473a7af.jpg,Plastic Waste,unknown,,battery,,0.640403151512146,0.9310596585273743,1.0369795560836792,1.0343011617660522,battery,,0.8507789373397827,0.9142165780067444,0.9898331761360168,0.9902044534683228,0.640403151512146,0.29065650701522827,0.8507789373397827,0.06343764066696167
Custom Bangladeshi E-Waste Image Dataset for Objec/valid/images/IMG_20250803_221419_jpg.rf.3211bd332b9c09a4324bead98ddee8b5.jpg,Plastic Waste,unknown,,battery,,0.6525750160217285,0.8840710520744324,1.012334942817688,0.9537004232406616,mobile,,0.897757887840271,0.8763942122459412,0.9731746912002563,0.9653531312942505,0.6525750160217285,0.23149603605270386,0.8763942122459412,0.021363675594329834
Custom Bangladeshi E-Waste Image Dataset for Objec/valid/images/IMG_20250803_221509_jpg.rf.a82623207ec63a0367bdc172aeced86a.jpg,Glass Waste,unknown,,mobile,,0.7742862105369568,0.7246264219284058,0.9454679489135742,1.0433404445648193,mobile,,0.8708734512329102,0.7775074243545532,0.8953304886817932,1.028037428855896,0.7246264219284058,0.049659788608551025,0.7775074243545532,0.09336602687835693
Custom Bangladeshi E-Waste Image Dataset for Objec/valid/images/IMG_20250803_221547_jpg.rf.dbb530e4d0f3246831ae909814647b27.jpg,Light Bulb,unknown,,battery,,0.6415125131607056,0.8040890097618103,0.8368634581565857,1.0636521577835083,battery,,0.7848257422447205,0.9354234933853149,0.8226138949394226,0.9886056780815125,0.6415125131607056,0.16257649660110474,0.7848257422447205,0.03778815269470215
Custom Bangladeshi E-Waste Image Dataset for Objec/valid/images/IMG_20250803_221618_jpg.rf.b637bd884b598469d476483811c20186.jpg,Light Bulb,unknown,,battery,,0.6353456974029541,0.9017800092697144,0.9268227815628052,0.9525641798973083,battery,,0.7443512678146362,0.9095250368118286,0.8588004112243652,0.9505186676979065,0.6353456974029541,0.26643431186676025,0.7443512678146362,0.114449143409729
Custom Bangladeshi E-Waste Image Dataset for Objec/valid/images/IMG_20250805_203059_jpg.rf.8d622697f22e0251b4e7b36a45a3afec.jpg,Metal Waste,unknown,,battery,,0.6995824575424194,0.8250018358230591,0.7982047200202942,1.0207412242889404,pcb,,0.8490852117538452,0.8445793986320496,0.7225531339645386,1.0127413272857666,0.6995824575424194,0.09862226247787476,0.7225531339645386,0.12202626466751099
Custom Bangladeshi E-Waste Image Dataset for Objec/valid/images/IMG_20250805_203136_1_jpg.rf.d131fca7d5ef6a8303193eddb91551bf.jpg,Metal Waste,unknown,,battery,,0.7031488418579102,0.7934346199035645,0.8331913948059082,1.0695888996124268,mobile,,0.8963598608970642,0.8366321325302124,0.8442004919052124,0.9952361583709717,0.7031488418579102,0.0902857780456543,0.8366321325302124,0.007568359375
Custom Bangladeshi E-Waste Image Dataset for Objec/valid/images/IMG_20250805_203145_jpg.rf.b23148ac6fcef2219e3b804c67e11773.jpg,Metal Waste,unknown,,battery,,0.7348272800445557,0.8316361904144287,0.8318405151367188,1.0727635622024536,pcb,,0.8592318296432495,0.8626763820648193,0.8413768410682678,1.0561769008636475,0.7348272800445557,0.09680891036987305,0.8413768410682678,0.01785498857498169
Custom Bangladeshi E-Waste Image Dataset for Objec/valid/images/IMG_20250805_203322_jpg.rf.55299a747169161eadaecc211e423a31.jpg,Mobile,known,mobile,pcb,3,0.7623344659805298,0.8165863752365112,0.7421951293945312,1.1494567394256592,pcb,2,0.8465296626091003,0.8025996088981628,0.7744804620742798,1.0983731746673584,0.7421951293945312,0.020139336585998535,0.7744804620742798,0.028119146823883057
Custom Bangladeshi E-Waste Image Dataset for Objec/valid/images/IMG_20250805_203327_jpg.rf.32be60b70e6f9a50917a48881f5ab85a.jpg,Mobile,known,mobile,pcb,3,0.7929580211639404,0.8607536554336548,0.7008863687515259,1.1494590044021606,pcb,3,0.8723952770233154,0.9165713787078857,0.7558754682540894,1.0750752687454224,0.7008863687515259,0.09207165241241455,0.7558754682540894,0.11651980876922607
Custom Bangladeshi E-Waste Image Dataset for Objec/valid/images/IMG_20250805_203328_jpg.rf.593c94263769d9d875503af03e97d8f7.jpg,Mobile,known,mobile,pcb,2,0.8199926018714905,0.7928738594055176,0.7029173374176025,1.1739217042922974,pcb,2,0.9256078004837036,0.8411405086517334,0.7508761882781982,1.072421908378601,0.7029173374176025,0.08995652198791504,0.7508761882781982,0.09026432037353516
Custom Bangladeshi E-Waste Image Dataset for Objec/valid/images/IMG_20250805_203630_jpg.rf.625b50a472e14f385eb490d10fa695e9.jpg,PCB,known,pcb,pcb,1,0.7781434655189514,0.945197582244873,0.5876445174217224,1.130028247833252,pcb,1,0.9136030673980713,0.9259858727455139,0.7648288011550903,1.0468593835830688,0.5876445174217224,0.190498948097229,0.7648288011550903,0.14877426624298096
Custom Bangladeshi E-Waste Image Dataset for Objec/valid/images/IMG_20250805_203633_jpg.rf.27acce328d6706fec7feeea5d61d3d68.jpg,Battery Waste,known,battery,pcb,2,0.7922624349594116,0.9334211945533752,0.6371219754219055,1.1285557746887207,pcb,2,0.8925630450248718,0.9235262274742126,0.7668249607086182,1.065035104751587,0.6371219754219055,0.1551404595375061,0.7668249607086182,0.12573808431625366
Custom Bangladeshi E-Waste Image Dataset for Objec/valid/images/IMG_20250805_203634_jpg.rf.637eded8a427107899b3fb52ffa04675.jpg,PCB,known,pcb,pcb,1,0.7604541182518005,0.9325138926506042,0.6094467639923096,1.131921648979187,pcb,1,0.8815601468086243,0.9297469854354858,0.72571861743927,1.0532984733581543,0.6094467639923096,0.15100735425949097,0.72571861743927,0.15584152936935425
Custom Bangladeshi E-Waste Image Dataset for Objec/valid/images/IMG_20250805_203705_jpg.rf.642a22214e79d33d0e20441afdd2b4ce.jpg,PCB,known,pcb,pcb,1,0.6982486248016357,0.7586613893508911,0.6696991324424744,1.0165044069290161,pcb,1,0.7179757356643677,0.8561179637908936,0.5511741638183594,0.9908589124679565,0.6696991324424744,0.028549492359161377,0.5511741638183594,0.1668015718460083
Custom Bangladeshi E-Waste Image Dataset for Objec/valid/images/IMG_20250805_203717_jpg.rf.ac7e8bc28f1c3122b5e571824b0f9ab1.jpg,Plastic Waste,unknown,,battery,,0.6438329219818115,0.6769351959228516,0.8384217619895935,0.9291573166847229,battery,,0.721897542476654,0.7248430252075195,0.8759168982505798,0.9990347027778625,0.6438329219818115,0.03310227394104004,0.721897542476654,0.0029454827308654785
Custom Bangladeshi E-Waste Image Dataset for Objec/valid/images/IMG_20250805_203718_jpg.rf.a320d4c0ba7a845993f753fb715b1f9b.jpg,Plastic Waste,unknown,,mobile,,0.6326465606689453,0.6240588426589966,0.8266327977180481,0.9453327059745789,mobile,,0.7616927027702332,0.6250945925712585,0.9551935195922852,1.013911247253418,0.6240588426589966,0.00858771800994873,0.6250945925712585,0.1365981101989746
Custom Bangladeshi E-Waste Image Dataset for Objec/valid/images/IMG_20250805_203719_jpg.rf.8220ca04e669e9154570756ade2cd685.jpg,Plastic Waste,unknown,,battery,,0.6096661686897278,0.6209163069725037,0.8497905731201172,0.9441496133804321,battery,,0.6691201329231262,0.691483736038208,0.937786877155304,0.995821475982666,0.6096661686897278,0.011250138282775879,0.6691201329231262,0.022363603115081787
Custom Bangladeshi E-Waste Image Dataset for Objec/valid/images/IMG_20250805_203803_jpg.rf.46ed623c40ba0974562c6bbf6953d2cf.jpg,Mobile,known,mobile,mobile,1,0.9292845726013184,0.4832133650779724,1.114216923713684,0.9940188527107239,mobile,1,0.9970002770423889,0.5936546325683594,1.10182523727417,0.9750054478645325,0.4832133650779724,0.44607120752334595,0.5936546325683594,0.3813508152961731
Custom Bangladeshi E-Waste Image Dataset for Objec/valid/images/IMG_20250805_203812_jpg.rf.41c07d004c67e427803ca860bc03612b.jpg,Mobile,known,mobile,mobile,1,0.7018188238143921,0.46913671493530273,1.0250364542007446,0.8854730725288391,mobile,1,0.814010739326477,0.6660429239273071,0.9682826995849609,0.8174442052841187,0.46913671493530273,0.23268210887908936,0.6660429239273071,0.14796781539916992
Custom Bangladeshi E-Waste Image Dataset for Objec/valid/images/IMG_20250805_203847_jpg.rf.0b7b578193561a5e7b7297568d1862c0.jpg,Mobile,known,mobile,mobile,1,0.8872302770614624,0.4445973038673401,1.0909044742584229,0.9901557564735413,mobile,1,0.9181531071662903,0.5851593017578125,1.0756150484085083,0.9585563540458679,0.4445973038673401,0.4426329731941223,0.5851593017578125,0.3329938054084778
Custom Bangladeshi E-Waste Image Dataset for Objec/valid/images/IMG_20250805_203851_jpg.rf.30549cb0368d0ebf082a10e12534ea69.jpg,Mobile,known,mobile,mobile,1,0.6597894430160522,0.5733069181442261,0.9690215587615967,0.9687392115592957,mobile,1,0.7487945556640625,0.7000373601913452,0.9760973453521729,0.8614776134490967,0.5733069181442261,0.08648252487182617,0.7000373601913452,0.048757195472717285
Custom Bangladeshi E-Waste Image Dataset for Objec/valid/images/IMG_20250805_203852_jpg.rf.14242e22d41ed3ca487f99b193502f87.jpg,Mobile,known,mobile,mobile,1,0.6429734230041504,0.586435079574585,0.9775113463401794,0.9465206861495972,battery,2,0.7264986634254456,0.7338536977767944,0.9666953682899475,0.8591898679733276,0.586435079574585,0.05653834342956543,0.7264986634254456,0.007355034351348877
Custom Bangladeshi E-Waste Image Dataset for Objec/valid/images/IMG_20250805_203947_jpg.rf.d549f89d842b21852845f82bff9abb09.jpg,Mobile,known,mobile,mobile,1,0.9628291726112366,0.4967275857925415,1.0149486064910889,1.1199376583099365,mobile,1,0.9865223169326782,0.5332150459289551,1.046501636505127,1.1174653768539429,0.4967275857925415,0.46610158681869507,0.5332150459289551,0.45330727100372314
Custom Bangladeshi E-Waste Image Dataset for Objec/valid/images/IMG_20250805_203948_jpg.rf.dbcb8f50ff9c3d8ab30e1018b3995fa7.jpg,Mobile,known,mobile,mobile,1,0.9528111815452576,0.505355715751648,1.0134987831115723,1.1072964668273926,mobile,1,0.9598485231399536,0.5390686988830566,1.0174533128738403,1.124678611755371,0.505355715751648,0.4474554657936096,0.5390686988830566,0.420779824256897
Custom Bangladeshi E-Waste Image Dataset for Objec/valid/images/IMG_20250805_203949_jpg.rf.c78fa0f75f1aea8e269f90a2c79abeaa.jpg,Mobile,known,mobile,mobile,1,0.9422708749771118,0.49938929080963135,1.0135964155197144,1.1186270713806152,mobile,1,0.9734947085380554,0.548017144203186,1.0314239263534546,1.118769645690918,0.49938929080963135,0.44288158416748047,0.548017144203186,0.4254775643348694
Custom Bangladeshi E-Waste Image Dataset for Objec/valid/images/IMG_20250805_204015_jpg.rf.3843eb861f76edbc2719fa6f6a48c491.jpg,Paper Waste,unknown,,battery,,0.5622643828392029,0.8305696249008179,0.845138669013977,1.077803611755371,battery,,0.7423575520515442,0.8609775304794312,0.8916431665420532,1.0308319330215454,0.5622643828392029,0.268305242061615,0.7423575520515442,0.11861997842788696
Custom Bangladeshi E-Waste Image Dataset for Objec/valid/images/IMG_20250805_204029_jpg.rf.aa01ab0e27a808110e71fbd949d12bde.jpg,Paper Waste,unknown,,battery,,0.5094447135925293,0.7571734189987183,0.9163646697998047,1.0931636095046997,battery,,0.661159873008728,0.8132281303405762,0.9372028708457947,1.044803261756897,0.5094447135925293,0.24772870540618896,0.661159873008728,0.15206825733184814
Custom Bangladeshi E-Waste Image Dataset for Objec/valid/images/IMG_20250805_204034_jpg.rf.15036e8bb4a67ee5ac7c722c26a80781.jpg,Paper Waste,unknown,,battery,,0.5477452278137207,0.7382148504257202,0.9706016778945923,1.0106446743011475,battery,,0.7238534688949585,0.7769815325737,0.9645881652832031,0.9977709650993347,0.5477452278137207,0.1904696226119995,0.7238534688949585,0.053128063678741455
Custom Bangladeshi E-Waste Image Dataset for Objec/valid/images/IMG_20250805_204041_jpg.rf.4919482aa67af9cf130a2d897e6aca0d.jpg,Paper Waste,unknown,,battery,,0.5843054056167603,0.7254883646965027,0.955000102519989,1.023012638092041,battery,,0.7475172281265259,0.7808203101158142,0.9616416692733765,0.9993271827697754,0.5843054056167603,0.14118295907974243,0.7475172281265259,0.03330308198928833
Custom Bangladeshi E-Waste Image Dataset for Objec/valid/images/IMG_20250805_204047_jpg.rf.3772ac308d5e025f8ce21e1eb05ed429.jpg,Paper Waste,unknown,,mobile,,0.5906633734703064,0.5889007449150085,0.9182173609733582,1.0296052694320679,mobile,,0.6612598896026611,0.6143008470535278,0.9629939198493958,0.9864267706871033,0.5889007449150085,0.0017626285552978516,0.6143008470535278,0.0469590425491333
Custom Bangladeshi E-Waste Image Dataset for Objec/valid/images/IMG_20250805_204102_jpg.rf.e6a01764a33bd97d4290cc98ea23db94.jpg,Plastic Waste,unknown,,battery,,0.6122600436210632,0.8059605360031128,1.023327112197876,0.9984066486358643,battery,,0.7610118389129639,0.8456946015357971,0.9999329447746277,0.9060447216033936,0.6122600436210632,0.19370049238204956,0.7610118389129639,0.08468276262283325
Custom Bangladeshi E-Waste Image Dataset for Objec/valid/images/IMG_20250805_204107_jpg.rf.9a8e47f8a4ba2c0374e901509566fb93.jpg,Plastic Waste,unknown,,battery,,0.5748658776283264,0.8018144369125366,1.040107250213623,1.019248127937317,battery,,0.7223587036132812,0.8331506252288818,1.0189861059188843,0.9297506809234619,0.5748658776283264,0.2269485592842102,0.7223587036132812,0.11079192161560059
Custom Bangladeshi E-Waste Image Dataset for Objec/valid/images/IMG_20250805_204126_jpg.rf.f742240e6d04c8d47fc51a8411936ccc.jpg,Plastic Waste,unknown,,battery,,0.7003649473190308,0.8122006058692932,1.0006471872329712,0.9812415242195129,battery,,0.8114179372787476,0.8339108228683472,0.9973263144493103,0.909588098526001,0.7003649473190308,0.11183565855026245,0.8114179372787476,0.02249288558959961
Custom Bangladeshi E-Waste Image Dataset for Objec/valid/images/IMG_20250805_204127_jpg.rf.952dac11cc93268bad625e9bf48028d6.jpg,Plastic Waste,unknown,,battery,,0.7066624760627747,0.8107993602752686,0.9949023127555847,0.9970348477363586,battery,,0.8165518641471863,0.8469358682632446,1.002698540687561,0.9039755463600159,0.7066624760627747,0.1041368842124939,0.8165518641471863,0.03038400411605835
Custom Bangladeshi E-Waste Image Dataset for Objec/valid/images/IMG_20250805_204137_jpg.rf.78cf875b74c82eb92cc07b375e058ffb.jpg,Plastic Waste,unknown,,battery,,0.5757507681846619,0.8274274468421936,0.9747911691665649,1.041272521018982,battery,,0.7397482395172119,0.8273718357086182,0.9769881963729858,0.9768117666244507,0.5757507681846619,0.25167667865753174,0.7397482395172119,0.08762359619140625
Custom Bangladeshi E-Waste Image Dataset for Objec/valid/images/IMG_20250805_204150_jpg.rf.51f7024e94bbed2ce3ec22459f5f7d64.jpg,Metal Waste,unknown,,battery,,0.5302263498306274,0.891869068145752,1.0738247632980347,0.9891053438186646,battery,,0.6870059967041016,0.9169611930847168,1.0222867727279663,0.9911617636680603,0.5302263498306274,0.3616427183151245,0.6870059967041016,0.22995519638061523
Custom Bangladeshi E-Waste Image Dataset for Objec/valid/images/IMG_20250805_204151_jpg.rf.3b6fa612ec5e99526eb5e3a4ed385052.jpg,Metal Waste,unknown,,battery,,0.5107619166374207,0.9091757535934448,1.0564037561416626,1.0056506395339966,battery,,0.6733747124671936,0.9087039232254028,1.0159802436828613,0.9990020990371704,0.5107619166374207,0.39841383695602417,0.6733747124671936,0.23532921075820923
Custom Bangladeshi E-Waste Image Dataset for Objec/valid/images/IMG_20250805_204200_jpg.rf.b35bd36831e4983b757be31ad1f3464c.jpg,Metal Waste,unknown,,battery,,0.4508928656578064,0.802810788154602,0.9957841038703918,1.0185716152191162,battery,,0.6552174687385559,0.890049934387207,0.9615417718887329,0.981256902217865,0.4508928656578064,0.35191792249679565,0.6552174687385559,0.23483246564865112
Custom Bangladeshi E-Waste Image Dataset for Objec/valid/images/IMG_20250805_204214_jpg.rf.546d87de4ae2a70935eac365f31f01e2.jpg,Plastic Waste,unknown,,battery,,0.7217113971710205,0.752751886844635,1.0370913743972778,0.9944105744361877,mobile,,0.8434573411941528,0.8082953691482544,0.9983415007591248,0.975267231464386,0.7217113971710205,0.031040489673614502,0.8082953691482544,0.03516197204589844
Custom Bangladeshi E-Waste Image Dataset for Objec/valid/images/IMG_20250805_204216_jpg.rf.9fff4facf315b4d4a8940cf740ecfbb2.jpg,Plastic Waste,unknown,,battery,,0.7417063117027283,0.7488582134246826,1.052212119102478,0.9844366908073425,mobile,,0.8551992774009705,0.7908766269683838,1.0121794939041138,0.9654906988143921,0.7417063117027283,0.007151901721954346,0.7908766269683838,0.06432265043258667
Custom Bangladeshi E-Waste Image Dataset for Objec/valid/images/IMG_20250805_204227_jpg.rf.cc1e6c55deed15c01ce896ebf7e32f27.jpg,Metal Waste,unknown,,battery,,0.6037693619728088,0.9148114919662476,1.0303369760513306,0.9996744394302368,battery,,0.750594437122345,0.8633163571357727,1.004656434059143,0.985317587852478,0.6037693619728088,0.3110421299934387,0.750594437122345,0.11272192001342773
Custom Bangladeshi E-Waste Image Dataset for Objec/valid/images/IMG_20250805_204230_jpg.rf.2fcd0340787c167787b7d63bbabb3a78.jpg,Metal Waste,unknown,,battery,,0.586968183517456,0.9228724837303162,1.0164494514465332,1.028411626815796,battery,,0.7350133657455444,0.8768079280853271,0.9750727415084839,1.013746976852417,0.586968183517456,0.3359043002128601,0.7350133657455444,0.14179456233978271
Custom Bangladeshi E-Waste Image Dataset for Objec/valid/images/IMG_20250805_204236_jpg.rf.c0e12156dabeb55d93178bcb1ffeca91.jpg,Metal Waste,unknown,,battery,,0.4791966676712036,0.9238786101341248,1.0148720741271973,1.0456147193908691,battery,,0.6528400182723999,0.8956807851791382,0.9716014862060547,1.0468019247055054,0.4791966676712036,0.44468194246292114,0.6528400182723999,0.24284076690673828
Custom Bangladeshi E-Waste Image Dataset for Objec/valid/images/IMG_20250805_204253_jpg.rf.e25670a4c9d1a3b6e9523befff04f654.jpg,Metal Waste,unknown,,battery,,0.575603187084198,0.8656140565872192,1.0743682384490967,1.0397061109542847,battery,,0.7587432265281677,0.8008869290351868,1.0105936527252197,1.0215376615524292,0.575603187084198,0.29001086950302124,0.7587432265281677,0.04214370250701904
Custom Bangladeshi E-Waste Image Dataset for Objec/valid/images/IMG_20250805_204257_jpg.rf.ee64fb44372c98eff614775f06417d31.jpg,Metal Waste,unknown,,battery,,0.5746857523918152,0.9513311982154846,1.021319031715393,1.0076655149459839,battery,,0.7018166780471802,0.8886393904685974,0.9611028432846069,1.0453903675079346,0.5746857523918152,0.37664544582366943,0.7018166780471802,0.18682271242141724
Custom Bangladeshi E-Waste Image Dataset for Objec/valid/images/IMG_20250805_204330_jpg.rf.d7178a374c809e3f5e7687bdf94b63e0.jpg,Paper Waste,unknown,,battery,,0.5822661519050598,0.8623649477958679,0.8364080190658569,1.0404424667358398,battery,,0.8263700604438782,0.8443302512168884,0.8561607599258423,1.0149757862091064,0.5822661519050598,0.2541418671607971,0.8263700604438782,0.017960190773010254
Custom Bangladeshi E-Waste Image Dataset for Objec/valid/images/IMG_20250805_204355_jpg.rf.986a8fc14a7b9eccee35a676d6545d74.jpg,Paper Waste,unknown,,battery,,0.5363321900367737,0.8239132165908813,0.9287643432617188,1.0791795253753662,battery,,0.6882551908493042,0.8358527421951294,0.9563150405883789,1.041954517364502,0.5363321900367737,0.28758102655410767,0.6882551908493042,0.1475975513458252
Custom Bangladeshi E-Waste Image Dataset for Objec/valid/images/IMG_20250805_204356_jpg.rf.00a062060a5a4d6e494a1ac9a55daefc.jpg,Paper Waste,unknown,,battery,,0.5344190001487732,0.8209497332572937,0.920078694820404,1.071017861366272,battery,,0.7007120847702026,0.8455343246459961,0.9472304582595825,1.041943907737732,0.5344190001487732,0.2865307331085205,0.7007120847702026,0.14482223987579346
Custom Bangladeshi E-Waste Image Dataset for Objec/valid/images/IMG_20250805_204416_jpg.rf.890e4592b1e69de2bee2399fda699132.jpg,Glass Waste,unknown,,mobile,,0.7888160943984985,0.6365013122558594,0.8061935901641846,1.087651252746582,mobile,,0.8630414009094238,0.7061132192611694,0.8215628266334534,1.0782005786895752,0.6365013122558594,0.15231478214263916,0.7061132192611694,0.11544960737228394
Custom Bangladeshi E-Waste Image Dataset for Objec/valid/images/IMG_20250805_204425_jpg.rf.015c9a7a8dd059f8d64b23e1988f6f73.jpg,Plastic Waste,unknown,,battery,,0.33784961700439453,0.6962566375732422,0.8531116843223572,1.0251882076263428,battery,,0.217035174369812,0.8252745866775513,0.8993901610374451,1.0284687280654907,0.33784961700439453,0.35840702056884766,0.217035174369812,0.6082394123077393
Custom Bangladeshi E-Waste Image Dataset for Objec/valid/images/IMG_20250805_204428_jpg.rf.7fbc9e780efea9838e342980a1e90b0d.jpg,Plastic Waste,unknown,,battery,,0.36149150133132935,0.6884943842887878,0.865380048751831,1.015790343284607,battery,,0.24460148811340332,0.7811551094055176,0.9171915054321289,1.037231683731079,0.36149150133132935,0.3270028829574585,0.24460148811340332,0.5365536212921143
Custom Bangladeshi E-Waste Image Dataset for Objec/valid/images/IMG_20250805_204511_jpg.rf.27c65287d36e21171c3645340b93342d.jpg,Plastic Waste,unknown,,battery,,0.7060556411743164,0.7119921445846558,0.9528045654296875,1.0233545303344727,mobile,,0.8344873785972595,0.7948530912399292,1.0388576984405518,0.9293874502182007,0.7060556411743164,0.0059365034103393555,0.7948530912399292,0.03963428735733032
Custom Bangladeshi E-Waste Image Dataset for Objec/valid/images/IMG_20250805_204533_jpg.rf.c15ef16fa2ef3f90f28fedf214c4f7d5.jpg,Metal Waste,unknown,,battery,,0.6406080722808838,0.7596129179000854,1.0859885215759277,0.966366171836853,battery,,0.7789725065231323,0.8089134693145752,1.0442086458206177,0.9381777048110962,0.6406080722808838,0.11900484561920166,0.7789725065231323,0.02994096279144287
Custom Bangladeshi E-Waste Image Dataset for Objec/valid/images/IMG_20250805_204534_jpg.rf.9c7858bdfd1db19dabde202bed07fd45.jpg,Metal Waste,unknown,,battery,,0.6354247331619263,0.7822232246398926,1.073325753211975,0.9643533229827881,battery,,0.7651982307434082,0.8254851698875427,1.035887598991394,0.9477424025535583,0.6354247331619263,0.1467984914779663,0.7651982307434082,0.06028693914413452
Custom Bangladeshi E-Waste Image Dataset for Objec/valid/images/IMG_20250805_204539_jpg.rf.d11279a808844d13dbe242ba80b67caf.jpg,Metal Waste,unknown,,battery,,0.5419912338256836,0.8318662643432617,0.9950428009033203,1.0334364175796509,battery,,0.7205582857131958,0.8354698419570923,0.9889464974403381,0.9637665152549744,0.5419912338256836,0.2898750305175781,0.7205582857131958,0.11491155624389648
Custom Bangladeshi E-Waste Image Dataset for Objec/valid/images/IMG_20250805_204541_jpg.rf.544ead472ebbf37f70c79b5576ebb283.jpg,Metal Waste,unknown,,battery,,0.5551211833953857,0.839704155921936,0.9884311556816101,1.0334498882293701,battery,,0.6875213384628296,0.870549201965332,0.9652254581451416,0.9618611335754395,0.5551211833953857,0.2845829725265503,0.6875213384628296,0.18302786350250244
Custom Bangladeshi E-Waste Image Dataset for Objec/valid/images/IMG_20250805_204555_jpg.rf.429668a74b22ff8c38bd42cf3158d534.jpg,Plastic Waste,unknown,,mobile,,0.7316168546676636,0.7089300751686096,1.0655457973480225,1.0255451202392578,mobile,,0.8392407894134521,0.7881673574447632,1.0013314485549927,0.9674386382102966,0.7089300751686096,0.022686779499053955,0.7881673574447632,0.051073431968688965
Custom Bangladeshi E-Waste Image Dataset for Objec/valid/images/IMG_20250805_204556_jpg.rf.a5fb8451e51fb0063812ecb73743f5d6.jpg,Plastic Waste,unknown,,battery,,0.7242469787597656,0.7246830463409424,1.083116054534912,1.0304886102676392,mobile,,0.8528224229812622,0.7962290048599243,1.0519155263900757,0.9698144197463989,0.7242469787597656,0.0004360675811767578,0.7962290048599243,0.05659341812133789
Custom Bangladeshi E-Waste Image Dataset for Objec/valid/images/IMG_20250805_204557_jpg.rf.2412783035a460e3e2f97d4fe7eb9d68.jpg,Plastic Waste,unknown,,battery,,0.7201599478721619,0.7243631482124329,1.0897409915924072,1.0432008504867554,mobile,,0.8577767610549927,0.7738316059112549,1.0515568256378174,0.970922589302063,0.7201599478721619,0.004203200340270996,0.7738316059112549,0.08394515514373779
Custom Bangladeshi E-Waste Image Dataset for Objec/valid/images/IMG_20250805_204600_jpg.rf.f5309d1d3a32ffe897ed5d093aeb73de.jpg,Plastic Waste,unknown,,battery,,0.6745635271072388,0.7625188827514648,0.9992074370384216,1.065788984298706,mobile,,0.8003701567649841,0.7750062346458435,0.9715660810470581,0.9976201057434082,0.6745635271072388,0.08795535564422607,0.7750062346458435,0.025363922119140625
Custom Bangladeshi E-Waste Image Dataset for Objec/valid/images/IMG_20250805_204601_jpg.rf.962e98b8a533612bdc4285fee12d3d21.jpg,Plastic Waste,unknown,,battery,,0.6697148084640503,0.7726014256477356,1.0027881860733032,1.0686144828796387,mobile,,0.8425862789154053,0.7905830144882202,0.9844329357147217,1.0008717775344849,0.6697148084640503,0.1028866171836853,0.7905830144882202,0.05200326442718506
Custom Bangladeshi E-Waste Image Dataset for Objec/valid/images/IMG_20250805_204620_jpg.rf.46cae3537038a9e3ecab0ebbab0f31f4.jpg,Glass Waste,unknown,,battery,,0.7519633769989014,0.7914434671401978,0.954397976398468,0.9016305208206177,mobile,,0.8857762813568115,0.8744719624519348,0.9211287498474121,0.9423918724060059,0.7519633769989014,0.03948009014129639,0.8744719624519348,0.011304318904876709
Custom Bangladeshi E-Waste Image Dataset for Objec/valid/images/IMG_20250805_204625_jpg.rf.ccd7fc89daab168afd611257e60f3434.jpg,Glass Waste,unknown,,battery,,0.7327253818511963,0.7959097623825073,0.8895777463912964,0.9582305550575256,battery,,0.8213344216346741,0.8363290429115295,0.9300398230552673,0.9894218444824219,0.7327253818511963,0.06318438053131104,0.8213344216346741,0.014994621276855469
Custom Bangladeshi E-Waste Image Dataset for Objec/valid/images/IMG_20250805_204626_jpg.rf.8495b87f2ab0c81b054369640e0cfcba.jpg,Glass Waste,unknown,,battery,,0.7485992908477783,0.7836342453956604,0.9076276421546936,0.9616381525993347,battery,,0.7992303967475891,0.838757336139679,0.9074627161026001,0.9758231043815613,0.7485992908477783,0.03503495454788208,0.7992303967475891,0.039526939392089844
Custom Bangladeshi E-Waste Image Dataset for Objec/valid/images/IMG_20250805_204647_jpg.rf.d9c90959671e7b6e662d6e3aa6441d02.jpg,Plastic Waste,unknown,,battery,,0.6482964754104614,0.831764280796051,1.1138604879379272,0.9979273080825806,battery,,0.8310190439224243,0.8398250341415405,1.0637606382369995,0.9418594837188721,0.6482964754104614,0.1834678053855896,0.8310190439224243,0.008805990219116211
Custom Bangladeshi E-Waste Image Dataset for Objec/valid/images/IMG_20250805_204801_jpg.rf.06bcd29264fbf6c0e7edc9e921c2a8d1.jpg,Organic Waste,unknown,,pcb,,0.8300471305847168,0.8030942678451538,0.8014346361160278,1.0420305728912354,mobile,,0.9624392986297607,0.7744285464286804,0.8037201166152954,0.9495744109153748,0.8014346361160278,0.0016596317291259766,0.7744285464286804,0.02929157018661499
Custom Bangladeshi E-Waste Image Dataset for Objec/valid/images/IMG_20250805_204803_jpg.rf.b93b527055d5d443f5c5f4cd7a4e4be2.jpg,Organic Waste,unknown,,mobile,,0.8646371364593506,0.7825217843055725,0.8048824667930603,1.0507737398147583,pcb,,0.9632804989814758,0.7974197864532471,0.7907016277313232,0.9664158821105957,0.7825217843055725,0.022360682487487793,0.7907016277313232,0.006718158721923828
Custom Bangladeshi E-Waste Image Dataset for Objec/valid/images/IMG_20250805_204805_jpg.rf.a6dcdc7fcdf26da9da4aac2564cd6b9b.jpg,Organic Waste,unknown,,pcb,,0.8232710361480713,0.8045117855072021,0.7931540608406067,1.0479804277420044,pcb,,0.9461044073104858,0.8192517161369324,0.8032162189483643,0.9738792777061462,0.7931540608406067,0.011357724666595459,0.8032162189483643,0.016035497188568115
Custom Bangladeshi E-Waste Image Dataset for Objec/valid/images/IMG_20250805_204806_jpg.rf.026119e3f5bbd7746602ef0a45ac381e.jpg,Organic Waste,unknown,,mobile,,0.8668648600578308,0.786007285118103,0.8231242895126343,1.0419472455978394,mobile,,0.9566524624824524,0.7966048717498779,0.8105345964431763,0.9972623586654663,0.786007285118103,0.03711700439453125,0.7966048717498779,0.01392972469329834
Custom Bangladeshi E-Waste Image Dataset for Objec/valid/images/IMG_20250805_204821_1_jpg.rf.9c799b4a63e4a206d19d770bf4380533.jpg,Organic Waste,unknown,,mobile,,0.8484214544296265,0.7707358598709106,0.8515101671218872,1.0378166437149048,mobile,,0.9855203032493591,0.7904821634292603,0.8738238215446472,1.0050616264343262,0.7707358598709106,0.07768559455871582,0.7904821634292603,0.08334165811538696
Custom Bangladeshi E-Waste Image Dataset for Objec/valid/images/IMG_20250805_204853_jpg.rf.00d07d9974c2d7326107af752f44f6b3.jpg,Mouse,known,input_peripheral,input_peripheral,1,1.0907998085021973,0.9832534193992615,1.1004936695098877,0.1318223476409912,input_peripheral,1,1.0610052347183228,1.0646063089370728,1.0639251470565796,0.19260400533676147,0.1318223476409912,0.8514310717582703,0.19260400533676147,0.8684012293815613
Custom Bangladeshi E-Waste Image Dataset for Objec/valid/images/IMG_20250805_204854_jpg.rf.33200c016aea8eb346be36b6e3165667.jpg,Mouse,known,input_peripheral,input_peripheral,1,1.0841851234436035,0.9603080749511719,1.10129714012146,0.14488822221755981,input_peripheral,1,1.0595980882644653,1.056728482246399,1.0558151006698608,0.2053181529045105,0.14488822221755981,0.8154198527336121,0.2053181529045105,0.8504969477653503
Custom Bangladeshi E-Waste Image Dataset for Objec/valid/images/IMG_20250805_204903_jpg.rf.eb71917bed9892e488f346ccd5a20030.jpg,Mouse,known,input_peripheral,input_peripheral,1,0.7700063586235046,0.7960723638534546,0.9499669671058655,0.4795772433280945,input_peripheral,1,0.8814175128936768,0.8976026177406311,0.9935206174850464,0.4720616936683655,0.4795772433280945,0.29042911529541016,0.4720616936683655,0.4093558192253113
Custom Bangladeshi E-Waste Image Dataset for Objec/valid/images/IMG_20250805_205007_jpg.rf.96784642454cc10f830f6fc27333b628.jpg,Plastic Waste,unknown,,battery,,0.7888303399085999,0.8929775357246399,0.8000395894050598,1.0996348857879639,pcb,,0.9420571327209473,0.8952954411506653,0.8898690938949585,1.0961984395980835,0.7888303399085999,0.011209249496459961,0.8898690938949585,0.005426347255706787
Custom Bangladeshi E-Waste Image Dataset for Objec/valid/images/IMG_20250805_205009_jpg.rf.0292aedad341e86afd7847ea27857feb.jpg,Plastic Waste,unknown,,battery,,0.7990516424179077,0.8982686400413513,0.8251104354858398,1.1031290292739868,mobile,,0.9413782358169556,0.8815116286277771,0.8845769762992859,1.0810012817382812,0.7990516424179077,0.02605879306793213,0.8815116286277771,0.003065347671508789
Custom Bangladeshi E-Waste Image Dataset for Objec/valid/images/IMG_20250805_205015_jpg.rf.0b048a47b8688797012e70a4b28cc43b.jpg,Plastic Waste,unknown,,battery,,0.775384247303009,0.9215465784072876,0.8041394352912903,1.085294246673584,pcb,,0.9641529321670532,0.9155046939849854,0.864849328994751,1.0693998336791992,0.775384247303009,0.02875518798828125,0.864849328994751,0.050655364990234375
Custom Bangladeshi E-Waste Image Dataset for Objec/valid/images/IMG_20250805_205024_jpg.rf.d712c687a82bbe88f51807560183469b.jpg,Plastic Waste,unknown,,pcb,,0.7296446561813354,0.9480631351470947,0.7105365991592407,1.1187227964401245,pcb,,0.8686041831970215,0.9080896377563477,0.8023521304130554,1.089596152305603,0.7105365991592407,0.019108057022094727,0.8023521304130554,0.06625205278396606
Custom Bangladeshi E-Waste Image Dataset for Objec/valid/images/IMG_20250805_205104_jpg.rf.13fe8b932124c1d9b7a12c0fe5709be4.jpg,Plastic Waste,unknown,,pcb,,0.7514797449111938,0.9822113513946533,0.7218189239501953,1.15055251121521,pcb,,0.8772515058517456,0.9290024638175964,0.8235397338867188,1.0922605991363525,0.7218189239501953,0.029660820960998535,0.8235397338867188,0.053711771965026855
Custom Bangladeshi E-Waste Image Dataset for Objec/valid/images/IMG_20250805_205124_jpg.rf.78df0cca1428186a7f08938aaa479eef.jpg,Plastic Waste,unknown,,battery,,0.7072396278381348,0.8391954898834229,0.900407612323761,1.0212302207946777,mobile,,0.8900172710418701,0.8380435705184937,0.9391215443611145,1.0310009717941284,0.7072396278381348,0.13195586204528809,0.8380435705184937,0.051973700523376465
Custom Bangladeshi E-Waste Image Dataset for Objec/valid/images/IMG_20250805_205133_jpg.rf.da6d1209d38e2c27558d23a0747f8913.jpg,Plastic Waste,unknown,,battery,,0.7576385736465454,0.8172442317008972,0.9397792816162109,1.0486904382705688,mobile,,0.9017730355262756,0.8187756538391113,0.9825197458267212,0.995388925075531,0.7576385736465454,0.05960565805435181,0.8187756538391113,0.0829973816871643
Custom Bangladeshi E-Waste Image Dataset for Objec/valid/images/IMG_20250805_205153_jpg.rf.d051eed359d1532502032f1ad2bb5cc0.jpg,Plastic Waste,unknown,,battery,,0.6130294799804688,0.7900875210762024,0.7776380777359009,1.088104248046875,battery,,0.6885876655578613,0.7743115425109863,0.8822416067123413,1.0265744924545288,0.6130294799804688,0.16460859775543213,0.6885876655578613,0.085723876953125
Custom Bangladeshi E-Waste Image Dataset for Objec/valid/images/IMG_20250805_205157_jpg.rf.d7bbf7c284859a6aee4930d7716db037.jpg,Plastic Waste,unknown,,battery,,0.8032196164131165,0.804404616355896,0.8736397624015808,0.9945181608200073,mobile,,0.9304056763648987,0.831187903881073,0.9153001308441162,0.9320657253265381,0.8032196164131165,0.001184999942779541,0.831187903881073,0.08411222696304321
Custom Bangladeshi E-Waste Image Dataset for Objec/valid/images/IMG_20250805_205249_jpg.rf.c00f1841c88990f1eb3c331bdd3d2fdd.jpg,Paper Waste,unknown,,battery,,0.4983823299407959,0.7886735200881958,0.9771372079849243,1.0497477054595947,battery,,0.6428905129432678,0.8181622624397278,0.9245558977127075,0.9724512696266174,0.4983823299407959,0.2902911901473999,0.6428905129432678,0.17527174949645996
Custom Bangladeshi E-Waste Image Dataset for Objec/valid/images/IMG_20250805_205335_jpg.rf.0cb1e65a1bd96492d29906f5b00c72e8.jpg,Plastic Waste,unknown,,battery,,0.645667314529419,0.8058896064758301,0.9946756958961487,0.9797552824020386,battery,,0.8090763688087463,0.8444200754165649,1.0148727893829346,0.899932861328125,0.645667314529419,0.16022229194641113,0.8090763688087463,0.035343706607818604
Custom Bangladeshi E-Waste Image Dataset for Objec/valid/images/IMG_20250805_205351_jpg.rf.664851624437e5c6e5c3f253e690d43d.jpg,Plastic Waste,unknown,,battery,,0.7010430097579956,0.8457310199737549,0.9907488822937012,1.0092228651046753,mobile,,0.887896716594696,0.8647740483283997,0.9533877968788147,1.0085530281066895,0.7010430097579956,0.14468801021575928,0.8647740483283997,0.023122668266296387
Custom Bangladeshi E-Waste Image Dataset for Objec/valid/images/IMG_20250805_205402_1_jpg.rf.52b9b8f73f3b91a34da7deb704776245.jpg,Plastic Waste,unknown,,battery,,0.6797951459884644,0.9454362392425537,1.1486537456512451,1.0235611200332642,battery,,0.8508138656616211,0.9248110055923462,1.100768804550171,1.0420877933502197,0.6797951459884644,0.26564109325408936,0.8508138656616211,0.0739971399307251
Custom Bangladeshi E-Waste Image Dataset for Objec/valid/images/IMG_20250805_205429_jpg.rf.0520c084d2fc0652f02f57479cdbf0ba.jpg,Plastic Waste,unknown,,battery,,0.7517015933990479,0.7992996573448181,0.8963958024978638,1.0072156190872192,mobile,,0.910092830657959,0.865175724029541,0.886617124080658,0.9163935780525208,0.7517015933990479,0.047598063945770264,0.865175724029541,0.021441400051116943
Custom Bangladeshi E-Waste Image Dataset for Objec/valid/images/IMG_20250819_235838_jpg.rf.888e800191101bc3b7bdfffcb0475470.jpg,PCB,known,pcb,pcb,1,0.8309940099716187,1.1178123950958252,0.16411328315734863,1.118308663368225,pcb,1,0.8737496137619019,1.1477404832839966,0.1931079626083374,1.1455775499343872,0.16411328315734863,0.66688072681427,0.1931079626083374,0.6806416511535645
Custom Bangladeshi E-Waste Image Dataset for Objec/valid/images/IMG_20250819_235842_1_jpg.rf.1fd64912fd4148466df103ed4f110adc.jpg,PCB,known,pcb,pcb,1,0.8205839395523071,1.1196024417877197,0.14372515678405762,1.09591805934906,pcb,1,0.8735212087631226,1.145372748374939,0.1300484538078308,1.1299240589141846,0.14372515678405762,0.6768587827682495,0.1300484538078308,0.7434727549552917
Custom Bangladeshi E-Waste Image Dataset for Objec/valid/images/IMG_20250819_235842_jpg.rf.a43af71c02ae1c645d1b315ad9980e9d.jpg,PCB,known,pcb,pcb,1,0.8248662948608398,1.1328129768371582,0.13704252243041992,1.0956182479858398,pcb,1,0.8742192387580872,1.157321810722351,0.12837117910385132,1.1286362409591675,0.13704252243041992,0.6878237724304199,0.12837117910385132,0.7458480596542358
Custom Bangladeshi E-Waste Image Dataset for Objec/valid/images/IMG_20250819_235843_jpg.rf.d882244b4742ce69e89e0f0c43b81ec7.jpg,PCB,known,pcb,pcb,1,0.8193790316581726,1.1282566785812378,0.13800549507141113,1.1023244857788086,pcb,1,0.8752480745315552,1.1503692865371704,0.12693434953689575,1.1310306787490845,0.13800549507141113,0.6813735365867615,0.12693434953689575,0.7483137249946594
Custom Bangladeshi E-Waste Image Dataset for Objec/valid/images/IMG_20250819_235853_1_jpg.rf.ae6094b2a084ddac00441c8cf74ac624.jpg,PCB,known,pcb,pcb,1,0.780345618724823,0.9732682704925537,0.21682268381118774,1.0624257326126099,pcb,1,0.8864040970802307,0.9996216297149658,0.1686345338821411,1.0806626081466675,0.21682268381118774,0.5635229349136353,0.1686345338821411,0.7177695631980896
Custom Bangladeshi E-Waste Image Dataset for Objec/valid/images/IMG_20250819_235854_1_jpg.rf.c972ca1131e9d19f42d96feac39ee3ea.jpg,PCB,known,pcb,pcb,1,0.7861674427986145,0.9799141883850098,0.21252429485321045,1.0620391368865967,pcb,1,0.9095898270606995,1.0371376276016235,0.17608517408370972,1.080222725868225,0.21252429485321045,0.573643147945404,0.17608517408370972,0.7335046529769897
Custom Bangladeshi E-Waste Image Dataset for Objec/valid/images/IMG_20250819_235855_jpg.rf.ec4e49eb3acae9ad6cf5993ae2a773e8.jpg,PCB,known,pcb,pcb,1,0.7838230729103088,0.9744619727134705,0.21966534852981567,1.0572339296340942,pcb,1,0.8939652442932129,1.0167021751403809,0.16676020622253418,1.079866647720337,0.21966534852981567,0.5641577243804932,0.16676020622253418,0.7272050380706787
Custom Bangladeshi E-Waste Image Dataset for Objec/valid/images/IMG_20250819_235901_1_jpg.rf.9ea5d881b87f497f931cf97313b89250.jpg,PCB,known,pcb,pcb,1,0.816554844379425,1.00559401512146,0.22938108444213867,0.9640623331069946,pcb,1,0.9305374026298523,1.0603690147399902,0.18026822805404663,1.035626769065857,0.22938108444213867,0.5871737599372864,0.18026822805404663,0.7502691745758057
Custom Bangladeshi E-Waste Image Dataset for Objec/valid/images/IMG_20250819_235902_jpg.rf.c861cb0db3eb318ae1c784dbfe49f3fb.jpg,PCB,known,pcb,pcb,1,0.8199594020843506,0.9855355620384216,0.2312895655632019,0.9458099603652954,pcb,1,0.9319602251052856,1.03428316116333,0.18935000896453857,1.013243556022644,0.2312895655632019,0.5886698365211487,0.18935000896453857,0.7426102161407471
Custom Bangladeshi E-Waste Image Dataset for Objec/valid/images/IMG_20250819_235905_jpg.rf.c4980a6578a9c42efa135812534e86e8.jpg,PCB,known,pcb,pcb,1,0.8059736490249634,1.1026736497879028,0.13186514377593994,1.0863299369812012,pcb,1,0.8781836628913879,1.1317940950393677,0.15215641260147095,1.1227991580963135,0.13186514377593994,0.6741085052490234,0.15215641260147095,0.726027250289917
Custom Bangladeshi E-Waste Image Dataset for Objec/valid/images/IMG_20250819_235908_1_jpg.rf.95f926adcf3efa512b4651b72a29d006.jpg,PCB,known,pcb,pcb,1,0.8101469278335571,1.1091560125350952,0.1349371075630188,1.085801124572754,pcb,1,0.8668330311775208,1.1296205520629883,0.14012539386749268,1.111595630645752,0.1349371075630188,0.6752098202705383,0.14012539386749268,0.7267076373100281
Custom Bangladeshi E-Waste Image Dataset for Objec/valid/images/IMG_20250819_235908_jpg.rf.89fdef3b3a973def9c379873513bb364.jpg,PCB,known,pcb,pcb,1,0.8034233450889587,1.1183487176895142,0.13453668355941772,1.0891528129577637,pcb,1,0.8665879964828491,1.1423065662384033,0.13666152954101562,1.1157020330429077,0.13453668355941772,0.668886661529541,0.13666152954101562,0.7299264669418335
Custom Bangladeshi E-Waste Image Dataset for Objec/valid/images/IMG_20250819_235926_1_jpg.rf.7f3f4609c5055b0420445f0b330dbb3f.jpg,PCB,known,pcb,pcb,1,0.8168373703956604,1.0730352401733398,0.1837019920349121,1.0789704322814941,pcb,1,0.8782334327697754,1.1280866861343384,0.16013067960739136,1.0892363786697388,0.1837019920349121,0.6331353783607483,0.16013067960739136,0.718102753162384
Custom Bangladeshi E-Waste Image Dataset for Objec/valid/images/IMG_20250819_235927_jpg.rf.92ca28607d3583cbb4e47ac76d4d4979.jpg,PCB,known,pcb,pcb,1,0.8144123554229736,1.065578818321228,0.1833476424217224,1.0755338668823242,pcb,1,0.8766143918037415,1.120779275894165,0.15795743465423584,1.0765055418014526,0.1833476424217224,0.6310647130012512,0.15795743465423584,0.7186569571495056
Custom Bangladeshi E-Waste Image Dataset for Objec/valid/images/IMG_20250819_235930_jpg.rf.d83c7b6eba6e84b684277de0e5deeeb4.jpg,PCB,known,pcb,pcb,1,0.8136688470840454,1.0903757810592651,0.1287887692451477,1.0794521570205688,pcb,1,0.8823270201683044,1.110402226448059,0.15055984258651733,1.076406717300415,0.1287887692451477,0.6848800778388977,0.15055984258651733,0.7317671775817871
Custom Bangladeshi E-Waste Image Dataset for Objec/valid/images/IMG_20250819_235934_jpg.rf.2917ec33822c0e587ad4e50feba3a906.jpg,PCB,known,pcb,pcb,1,0.8092290759086609,1.0952427387237549,0.13320767879486084,1.0866529941558838,pcb,1,0.8770684003829956,1.0964024066925049,0.15014326572418213,1.0857601165771484,0.13320767879486084,0.6760213971138,0.15014326572418213,0.7269251346588135
Custom Bangladeshi E-Waste Image Dataset for Objec/valid/images/IMG_20250819_235939_jpg.rf.4a0359ba6a87efcdba7c3845a45e73cb.jpg,PCB,known,pcb,pcb,1,0.8254767060279846,1.1427972316741943,0.13865482807159424,1.0819644927978516,pcb,1,0.8766324520111084,1.1306488513946533,0.12452840805053711,1.1013505458831787,0.13865482807159424,0.6868218779563904,0.12452840805053711,0.7521040439605713
Custom Bangladeshi E-Waste Image Dataset for Objec/valid/images/IMG_20250819_235953_jpg.rf.9187dfa4123f92bf96f0e4822508c0c8.jpg,PCB,known,pcb,pcb,1,0.8165199756622314,0.9819048643112183,0.20263200998306274,1.0542347431182861,pcb,1,0.9156641364097595,1.0187273025512695,0.1814834475517273,1.0901360511779785,0.20263200998306274,0.6138879656791687,0.1814834475517273,0.7341806888580322
Custom Bangladeshi E-Waste Image Dataset for Objec/valid/images/IMG_20250820_000034_1_jpg.rf.97e381996a582bf25eccffc8a22ae7d6.jpg,PCB,known,pcb,pcb,1,0.7854188680648804,1.0023159980773926,0.2661304473876953,0.9212085008621216,pcb,1,0.8513482213020325,1.0414599180221558,0.21715807914733887,1.0191447734832764,0.2661304473876953,0.5192884206771851,0.21715807914733887,0.6341901421546936
Custom Bangladeshi E-Waste Image Dataset for Objec/valid/images/IMG_20250820_000034_jpg.rf.970f72d7de714e380e2f8b49bce4b22a.jpg,PCB,known,pcb,pcb,1,0.7653527855873108,0.9830667972564697,0.28589433431625366,0.9366641044616699,pcb,1,0.8449486494064331,1.0602526664733887,0.22346901893615723,1.013397455215454,0.28589433431625366,0.47945845127105713,0.22346901893615723,0.6214796304702759
Custom Bangladeshi E-Waste Image Dataset for Objec/valid/images/IMG_20250820_000036_jpg.rf.29e8716903573c7a561d3ffa46d798ea.jpg,PCB,known,pcb,pcb,1,0.8180289268493652,1.041454553604126,0.20947778224945068,0.9854364991188049,pcb,1,0.869429349899292,1.0666913986206055,0.18893617391586304,1.0384663343429565,0.20947778224945068,0.6085511445999146,0.18893617391586304,0.680493175983429
Custom Bangladeshi E-Waste Image Dataset for Objec/valid/images/IMG_20250820_000100_jpg.rf.51dd1976b3d96637fa3ddfa23a9f1532.jpg,PCB,known,pcb,pcb,1,0.814814567565918,1.0889850854873657,0.23136472702026367,1.0640901327133179,pcb,1,0.8422097563743591,1.1518566608428955,0.21749120950698853,1.1310912370681763,0.23136472702026367,0.5834498405456543,0.21749120950698853,0.6247185468673706
Custom Bangladeshi E-Waste Image Dataset for Objec/valid/images/IMG_20250820_000135_jpg.rf.c544cb7ae163fca94462a5366dfbeb75.jpg,PCB,known,pcb,pcb,1,0.8266396522521973,1.0572295188903809,0.1629849076271057,1.0255855321884155,pcb,1,0.8520573377609253,1.08576500415802,0.14666926860809326,1.092573881149292,0.1629849076271057,0.6636547446250916,0.14666926860809326,0.705388069152832
Custom Bangladeshi E-Waste Image Dataset for Objec/valid/images/IMG_20250820_000156_jpg.rf.c869c224644d0a8d0fa0126eda24dda9.jpg,PCB,known,pcb,pcb,1,0.8273704051971436,1.156304955482483,0.09687483310699463,1.1051125526428223,pcb,1,0.8623917102813721,1.1383895874023438,0.14000940322875977,1.1057344675064087,0.09687483310699463,0.7304955720901489,0.14000940322875977,0.7223823070526123
Custom Bangladeshi E-Waste Image Dataset for Objec/valid/images/IMG_20250820_000200_jpg.rf.c7a263db062da89abf39061e96a7de27.jpg,PCB,known,pcb,pcb,1,0.8432887196540833,1.1688674688339233,0.09596168994903564,1.1109375953674316,pcb,1,0.8584583401679993,1.1478554010391235,0.14402151107788086,1.1291307210922241,0.09596168994903564,0.7473270297050476,0.14402151107788086,0.7144368290901184
Custom Bangladeshi E-Waste Image Dataset for Objec/valid/images/IMG_20250820_000210_1_jpg.rf.ff97d480f7938169ebf6b45ece2bf008.jpg,PCB,known,pcb,pcb,1,0.842149019241333,1.1103992462158203,0.11516314744949341,1.1034570932388306,pcb,1,0.900432288646698,1.1309070587158203,0.15537190437316895,1.0900745391845703,0.11516314744949341,0.7269858717918396,0.15537190437316895,0.745060384273529
Custom Bangladeshi E-Waste Image Dataset for Objec/valid/images/IMG_20250820_000214_jpg.rf.13a2967d666c5c11a5792b726b7c135a.jpg,PCB,known,pcb,pcb,1,0.9210997223854065,1.1241817474365234,0.07956141233444214,1.094786286354065,pcb,1,0.9580183029174805,1.1105239391326904,0.07988959550857544,1.1096315383911133,0.07956141233444214,0.8415383100509644,0.07988959550857544,0.878128707408905
Custom Bangladeshi E-Waste Image Dataset for Objec/valid/images/IMG_20250820_000314_1_jpg.rf.776e7ba31cde1232fa44c4cd889e499e.jpg,Plastic Waste,unknown,,battery,,0.7136240005493164,0.9000939130783081,0.9805287718772888,1.023046612739563,battery,,0.8484077453613281,0.9110182523727417,0.9913830757141113,1.0538564920425415,0.7136240005493164,0.1864699125289917,0.8484077453613281,0.06261050701141357
Custom Bangladeshi E-Waste Image Dataset for Objec/valid/images/IMG_20250820_000315_jpg.rf.4b4c448d9772f1d4212afa1f8b460b26.jpg,Plastic Waste,unknown,,battery,,0.7197092771530151,0.8842902779579163,0.9757964611053467,1.0324232578277588,battery,,0.8690896034240723,0.9035028219223022,0.9732112288475037,1.0558464527130127,0.7197092771530151,0.16458100080490112,0.8690896034240723,0.03441321849822998
Custom Bangladeshi E-Waste Image Dataset for Objec/valid/images/IMG_20250820_000316_1_jpg.rf.be1578bc456f996747c3eb106972406c.jpg,Plastic Waste,unknown,,battery,,0.7195376753807068,0.8962918519973755,0.9755207896232605,1.0296618938446045,battery,,0.8648770451545715,0.9149293899536133,0.9712610244750977,1.0634196996688843,0.7195376753807068,0.1767541766166687,0.8648770451545715,0.05005234479904175
Custom Bangladeshi E-Waste Image Dataset for Objec/valid/images/IMG_20250820_000316_jpg.rf.0916c882ca1fcb87dbc489b2742f0074.jpg,Plastic Waste,unknown,,battery,,0.7242773771286011,0.8949329853057861,0.9894546866416931,1.0318845510482788,battery,,0.8613148927688599,0.9172280430793762,0.9793422222137451,1.0566316843032837,0.7242773771286011,0.17065560817718506,0.8613148927688599,0.05591315031051636
Custom Bangladeshi E-Waste Image Dataset for Objec/valid/images/IMG_20250820_000329_jpg.rf.6eb3fdff32f72ecc14203b4c5ba7d620.jpg,Plastic Waste,unknown,,battery,,0.7112002372741699,0.896909236907959,0.9647873044013977,1.0689934492111206,battery,,0.8203946352005005,0.9061448574066162,1.0270624160766602,1.0719209909439087,0.7112002372741699,0.18570899963378906,0.8203946352005005,0.08575022220611572
Custom Bangladeshi E-Waste Image Dataset for Objec/valid/images/IMG_20250820_000336_jpg.rf.0283b97d8d42640c2b4d9a59bc1fe4e1.jpg,Plastic Waste,unknown,,battery,,0.8013545274734497,0.8932348489761353,0.9254202842712402,1.0173449516296387,mobile,,0.9023897647857666,0.8952517509460449,0.9500503540039062,1.0768870115280151,0.8013545274734497,0.09188032150268555,0.8952517509460449,0.00713801383972168
Custom Bangladeshi E-Waste Image Dataset for Objec/valid/images/IMG_20250820_000345_jpg.rf.f5ce578c3eae046df54c887265f22e42.jpg,Plastic Waste,unknown,,battery,,0.7524591684341431,0.8900227546691895,1.0279000997543335,1.037649393081665,battery,,0.8303849697113037,0.9106833338737488,1.0596715211868286,1.0623788833618164,0.7524591684341431,0.1375635862350464,0.8303849697113037,0.08029836416244507
Custom Bangladeshi E-Waste Image Dataset for Objec/valid/images/IMG_20250820_000353_1_jpg.rf.0519cb952916091e16e482ae9c5889e0.jpg,Plastic Waste,unknown,,battery,,0.7859399318695068,0.8452904224395752,1.0488227605819702,1.0259872674942017,mobile,,0.8621634840965271,0.85308837890625,1.049827218055725,1.0626256465911865,0.7859399318695068,0.05935049057006836,0.85308837890625,0.0090751051902771
Custom Bangladeshi E-Waste Image Dataset for Objec/valid/images/IMG_20250820_000353_jpg.rf.5130ed00883caa78894f8b7970890a4c.jpg,Plastic Waste,unknown,,battery,,0.764431893825531,0.8464576005935669,1.0387756824493408,1.0278807878494263,battery,,0.8505624532699585,0.8676176071166992,1.0509570837020874,1.0656307935714722,0.764431893825531,0.08202570676803589,0.8505624532699585,0.017055153846740723
Custom Bangladeshi E-Waste Image Dataset for Objec/valid/images/IMG_20250820_000354_jpg.rf.767fa0a99a8459de046f875309d39f4e.jpg,Plastic Waste,unknown,,battery,,0.7853533029556274,0.8174331188201904,1.0414659976959229,1.0313160419464111,mobile,,0.8708924055099487,0.8490151166915894,1.0418251752853394,1.056166172027588,0.7853533029556274,0.03207981586456299,0.8490151166915894,0.021877288818359375
Custom Bangladeshi E-Waste Image Dataset for Objec/valid/images/IMG_20250820_000400_1_jpg.rf.19d37a3e87ee1b6e09deb768a8d87036.jpg,Plastic Waste,unknown,,battery,,0.7757413983345032,0.9516743421554565,0.9270321130752563,1.0727508068084717,mobile,,0.9125304818153381,0.8944909572601318,0.9731217622756958,1.1164209842681885,0.7757413983345032,0.15129071474075317,0.8944909572601318,0.0180395245552063
Custom Bangladeshi E-Waste Image Dataset for Objec/valid/images/IMG_20250822_135857_jpg.rf.203ff1d415de4f0edb8dd6bc5850cb1c.jpg,Keyboard,known,input_peripheral,input_peripheral,1,1.1338587999343872,1.1259796619415283,1.0838022232055664,0.14410001039505005,input_peripheral,1,1.1498117446899414,1.1929304599761963,1.0637381076812744,0.16886061429977417,0.14410001039505005,0.9397022128105164,0.16886061429977417,0.8948774933815002
Custom Bangladeshi E-Waste Image Dataset for Objec/valid/images/IMG_20250822_135903_jpg.rf.a4113502495933e697f731c4c8f73979.jpg,Keyboard,known,input_peripheral,input_peripheral,1,1.157500147819519,1.0936880111694336,1.0738731622695923,0.15174978971481323,input_peripheral,1,1.1494752168655396,1.179751992225647,1.0644735097885132,0.17934399843215942,0.15174978971481323,0.922123372554779,0.17934399843215942,0.8851295113563538
Custom Bangladeshi E-Waste Image Dataset for Objec/valid/images/IMG_20250822_135905_jpg.rf.38ad275938f82a1a7dd66f5e6ea0abbc.jpg,Keyboard,known,input_peripheral,input_peripheral,1,1.1630228757858276,1.1012420654296875,1.0660614967346191,0.15764492750167847,input_peripheral,1,1.1585584878921509,1.181760311126709,1.0601197481155396,0.18842536211013794,0.15764492750167847,0.9084165692329407,0.18842536211013794,0.8716943860054016
Custom Bangladeshi E-Waste Image Dataset for Objec/valid/images/IMG_20250822_135913_1_jpg.rf.e523beb553e404e87d04d9f51fc707e6.jpg,Keyboard,known,input_peripheral,input_peripheral,1,1.185958981513977,1.1614043712615967,1.042662501335144,0.17259681224822998,input_peripheral,1,1.1703357696533203,1.168501615524292,1.0509083271026611,0.2263602614402771,0.17259681224822998,0.8700656890869141,0.2263602614402771,0.824548065662384
Custom Bangladeshi E-Waste Image Dataset for Objec/valid/images/IMG_20250822_135916_jpg.rf.54e0cfb108f147792a3d93ccd555bd96.jpg,Keyboard,known,input_peripheral,input_peripheral,1,1.1837295293807983,1.154888391494751,1.0420801639556885,0.1725948452949524,input_peripheral,1,1.1631112098693848,1.1674953699111938,1.048984408378601,0.21800434589385986,0.1725948452949524,0.8694853186607361,0.21800434589385986,0.8309800624847412
Custom Bangladeshi E-Waste Image Dataset for Objec/valid/images/IMG_20250822_135922_jpg.rf.c8af085579a9a9e77f321ea5cb54a42c.jpg,Keyboard,known,input_peripheral,pcb,3,0.7119051814079285,0.9147432446479797,0.6539844274520874,0.7852282524108887,pcb,3,0.7791054844856262,0.9892199635505676,0.6597740650177002,0.8587279319763184,0.6539844274520874,0.057920753955841064,0.6597740650177002,0.11933141946792603
Custom Bangladeshi E-Waste Image Dataset for Objec/valid/images/IMG_20250822_135926_jpg.rf.aec0150c69b71db21d3875a85d27febe.jpg,Keyboard,known,input_peripheral,pcb,3,0.7120050191879272,0.9032567739486694,0.6206705570220947,0.8082773685455322,pcb,3,0.781785249710083,0.9692568778991699,0.6248248815536499,0.8362022638320923,0.6206705570220947,0.09133446216583252,0.6248248815536499,0.1569603681564331
Custom Bangladeshi E-Waste Image Dataset for Objec/valid/images/IMG_20250822_135928_jpg.rf.19a6acb4bf9635132865bde5ab1b90ce.jpg,Keyboard,known,input_peripheral,pcb,3,0.7128792405128479,0.9223827719688416,0.6199007034301758,0.7838317155838013,pcb,3,0.7836260795593262,0.9846768379211426,0.6508246660232544,0.792332112789154,0.6199007034301758,0.09297853708267212,0.6508246660232544,0.13280141353607178
Custom Bangladeshi E-Waste Image Dataset for Objec/valid/images/IMG_20250822_135943_jpg.rf.77556fead8d7f313c04b78a1c7ced099.jpg,Keyboard,known,input_peripheral,input_peripheral,1,1.156493902206421,1.0801727771759033,1.0477229356765747,0.15844780206680298,input_peripheral,1,1.1480730772018433,1.155218482017517,1.053017020225525,0.18294334411621094,0.15844780206680298,0.8892751336097717,0.18294334411621094,0.870073676109314
Custom Bangladeshi E-Waste Image Dataset for Objec/valid/images/IMG_20250822_135959_jpg.rf.747ef13a209afed24d680b1235359ce1.jpg,Medical Waste,unknown,,input_peripheral,,1.155147910118103,1.096846103668213,1.0603786706924438,0.15508073568344116,input_peripheral,,1.1479626893997192,1.1704626083374023,1.0542054176330566,0.1984715461730957,0.15508073568344116,0.9052979350090027,0.1984715461730957,0.8557338714599609
Custom Bangladeshi E-Waste Image Dataset for Objec/valid/images/IMG_20250822_140003_1_jpg.rf.0e78a2a48ca922c8698712970b716051.jpg,Keyboard,known,input_peripheral,input_peripheral,1,1.1292078495025635,1.1019357442855835,1.0504571199417114,0.15115928649902344,input_peripheral,1,1.0922911167144775,1.1390223503112793,1.0678608417510986,0.18771874904632568,0.15115928649902344,0.899297833442688,0.18771874904632568,0.880142092704773
Custom Bangladeshi E-Waste Image Dataset for Objec/valid/images/IMG_20250822_140200_jpg.rf.af2503a2670d2f94e469c0740775525b.jpg,Keyboard,known,input_peripheral,input_peripheral,1,1.0998237133026123,1.1074120998382568,1.0142130851745605,0.14595526456832886,input_peripheral,1,1.1092274188995361,1.1688544750213623,1.0392045974731445,0.1516844630241394,0.14595526456832886,0.8682578206062317,0.1516844630241394,0.8875201344490051
Custom Bangladeshi E-Waste Image Dataset for Objec/valid/images/IMG_20250822_140206_jpg.rf.9a95dad9141a8c4d803a765ebc67123d.jpg,Keyboard,known,input_peripheral,input_peripheral,1,1.1134443283081055,1.0927060842514038,1.020554542541504,0.13828450441360474,input_peripheral,1,1.0832433700561523,1.1318564414978027,1.0030871629714966,0.16670352220535278,0.13828450441360474,0.8822700381278992,0.16670352220535278,0.8363836407661438
Custom Bangladeshi E-Waste Image Dataset for Objec/valid/images/IMG_20250822_140209_jpg.rf.608de97ce5b2e1d47b651f54ad16e4e9.jpg,Keyboard,known,input_peripheral,input_peripheral,1,1.128870964050293,1.0733757019042969,1.022741675376892,0.14000201225280762,input_peripheral,1,1.0829378366470337,1.1303387880325317,1.0346617698669434,0.1398693323135376,0.14000201225280762,0.8827396631240845,0.1398693323135376,0.8947924375534058
Custom Bangladeshi E-Waste Image Dataset for Objec/valid/images/IMG_20250822_140221_jpg.rf.fa562f352e53a236baf68ee2df8906c2.jpg,Keyboard,known,input_peripheral,input_peripheral,1,1.0986087322235107,1.089092493057251,1.0312151908874512,0.1445828676223755,input_peripheral,1,1.1088454723358154,1.1597161293029785,1.0270384550094604,0.18593943119049072,0.1445828676223755,0.8866323232650757,0.18593943119049072,0.8410990238189697
Custom Bangladeshi E-Waste Image Dataset for Objec/valid/images/IMG_20250822_140231_jpg.rf.45142812a6aa538af37f8cd70f09b99a.jpg,Keyboard,known,input_peripheral,battery,2,0.6760189533233643,0.8266555666923523,0.8166602849960327,0.8020321726799011,input_peripheral,1,0.8071029782295227,1.0248746871948242,0.9424077868461609,0.7311255931854248,0.6760189533233643,0.12601321935653687,0.7311255931854248,0.0759773850440979
Custom Bangladeshi E-Waste Image Dataset for Objec/valid/images/IMG_20250822_140233_jpg.rf.2b75d6ba55115782567fe155a8719eb4.jpg,Keyboard,known,input_peripheral,battery,2,0.6970941424369812,0.8143633008003235,0.8054597973823547,0.7967324256896973,input_peripheral,1,0.8622174263000488,1.0151549577713013,0.9425082206726074,0.668105959892273,0.6970941424369812,0.09963828325271606,0.668105959892273,0.19411146640777588
Custom Bangladeshi E-Waste Image Dataset for Objec/valid/images/IMG_20250822_140248_jpg.rf.961c47dc7a9179c5684484af5d6a9b4f.jpg,Keyboard,known,input_peripheral,battery,3,0.6641798615455627,0.746626615524292,0.9151646494865417,0.8847558498382568,battery,2,0.831064760684967,0.9727804660797119,0.9873403906822205,0.8612805008888245,0.6641798615455627,0.08244675397872925,0.831064760684967,0.030215740203857422
Custom Bangladeshi E-Waste Image Dataset for Objec/valid/images/IMG_20250822_140303_jpg.rf.68c84f598eda90d3ed815a15f1ac931e.jpg,Keyboard,known,input_peripheral,input_peripheral,1,1.1671234369277954,1.1897635459899902,0.9978200197219849,0.16721701622009277,input_peripheral,1,1.1471478939056396,1.1965631246566772,1.0221892595291138,0.21827620267868042,0.16721701622009277,0.8306030035018921,0.21827620267868042,0.8039130568504333
Custom Bangladeshi E-Waste Image Dataset for Objec/valid/images/IMG_20250822_140307_jpg.rf.2a87ece5d03144e4209ff05bb0e44ae4.jpg,Keyboard,known,input_peripheral,input_peripheral,1,1.1703168153762817,1.171433925628662,1.0031356811523438,0.17452484369277954,input_peripheral,1,1.1437573432922363,1.1725984811782837,1.0114444494247437,0.24335235357284546,0.17452484369277954,0.8286108374595642,0.24335235357284546,0.7680920958518982
Custom Bangladeshi E-Waste Image Dataset for Objec/valid/images/IMG_20250822_140315_jpg.rf.e6810dc36be004b7118803ae8905dbd9.jpg,Keyboard,known,input_peripheral,input_peripheral,1,1.1645222902297974,1.1870708465576172,1.0265034437179565,0.17283982038497925,input_peripheral,1,1.1328089237213135,1.1914050579071045,1.0406279563903809,0.20826274156570435,0.17283982038497925,0.8536636233329773,0.20826274156570435,0.8323652148246765
Custom Bangladeshi E-Waste Image Dataset for Objec/valid/images/IMG_20250822_140349_jpg.rf.6460419b61231e8fd594a77eb8f62b1a.jpg,Mouse,known,input_peripheral,input_peripheral,1,1.124592661857605,0.9656903147697449,1.1185966730117798,0.118327796459198,input_peripheral,1,1.1024739742279053,1.0089850425720215,1.081236720085144,0.15844005346298218,0.118327796459198,0.8473625183105469,0.15844005346298218,0.8505449891090393
Custom Bangladeshi E-Waste Image Dataset for Objec/valid/images/IMG_20250822_140358_jpg.rf.c30ba2b8f50a8ba82dc91a6dc1df5dc0.jpg,Mouse,known,input_peripheral,input_peripheral,1,0.9676321148872375,0.9300069212913513,1.0152589082717896,0.2542151212692261,input_peripheral,1,1.0274657011032104,1.0127593278884888,1.0133541822433472,0.21840393543243408,0.2542151212692261,0.6757918000221252,0.21840393543243408,0.7943553924560547
Custom Bangladeshi E-Waste Image Dataset for Objec/valid/images/IMG_20250822_140413_jpg.rf.73cf4af821a990defde96ed1db5c0d92.jpg,Mouse,known,input_peripheral,input_peripheral,1,0.8929134607315063,0.8764170408248901,0.8798519968986511,0.3527567386627197,input_peripheral,1,0.8896887302398682,0.9659032225608826,0.8461288809776306,0.35223114490509033,0.3527567386627197,0.5236603021621704,0.35223114490509033,0.4938977360725403
Custom Bangladeshi E-Waste Image Dataset for Objec/valid/images/IMG_20250822_140415_jpg.rf.c9c893e4913eaf11e5f8216c8a12839b.jpg,Mouse,known,input_peripheral,input_peripheral,1,0.8880725502967834,0.9045904278755188,0.8845080137252808,0.31187283992767334,input_peripheral,1,0.8610690236091614,0.9649744033813477,0.8094046115875244,0.4022740125656128,0.31187283992767334,0.5726351737976074,0.4022740125656128,0.4071305990219116
Custom Bangladeshi E-Waste Image Dataset for Objec/valid/images/IMG_20250822_140429_jpg.rf.5cdd4a2e6db7fcffa0b8ac686d2182fb.jpg,Mouse,known,input_peripheral,input_peripheral,1,0.8132718205451965,0.7824006080627441,0.903117835521698,0.47649258375167847,input_peripheral,1,0.8062007427215576,0.8297659754753113,0.8390353322029114,0.6935931444168091,0.47649258375167847,0.3059080243110657,0.6935931444168091,0.11260759830474854
Custom Bangladeshi E-Waste Image Dataset for Objec/valid/images/IMG_20250822_140438_jpg.rf.abf8602d67cb2faf0f4e87678daa3eae.jpg,Mouse,known,input_peripheral,input_peripheral,1,1.1229044198989868,1.0976461172103882,1.0606746673583984,0.12807679176330566,input_peripheral,1,1.1218384504318237,1.1069530248641968,1.0743820667266846,0.14188385009765625,0.12807679176330566,0.9325978755950928,0.14188385009765625,0.9324982166290283
Custom Bangladeshi E-Waste Image Dataset for Objec/valid/images/IMG_20250822_140536_jpg.rf.1d37da9c3159ab3c2ca3613706626ac7.jpg,Paper Waste,unknown,,battery,,0.8140413761138916,0.9527921676635742,0.8630226850509644,1.0943915843963623,pcb,,0.9781402349472046,0.9718449115753174,0.9065256714820862,1.0626821517944336,0.8140413761138916,0.048981308937072754,0.9065256714820862,0.0653192400932312
Custom Bangladeshi E-Waste Image Dataset for Objec/valid/images/IMG_20250822_140538_jpg.rf.ac48c9f6c937875957fe3fe945c55063.jpg,Paper Waste,unknown,,battery,,0.8202536106109619,0.9619056582450867,0.8493948578834534,1.0972063541412354,pcb,,0.9520866274833679,0.9476436376571655,0.8925100564956665,1.0633518695831299,0.8202536106109619,0.029141247272491455,0.8925100564956665,0.05513358116149902
Custom Bangladeshi E-Waste Image Dataset for Objec/valid/images/IMG_20250822_140541_jpg.rf.a8e4182a5555f7534f1c1b8cedc611d2.jpg,Paper Waste,unknown,,pcb,,0.8663052916526794,1.021600604057312,0.8507307767868042,1.080795407295227,pcb,,0.9973105788230896,0.9840734004974365,0.9276565313339233,1.0621027946472168,0.8507307767868042,0.015574514865875244,0.9276565313339233,0.056416869163513184
Custom Bangladeshi E-Waste Image Dataset for Objec/valid/images/IMG_20250822_140542_jpg.rf.1e3b8260fa03431f2c0a20a56bbdc207.jpg,Paper Waste,unknown,,pcb,,0.8692708611488342,0.9933085441589355,0.8584024906158447,1.074583649635315,pcb,,1.0022470951080322,0.9800426363945007,0.931391179561615,1.0494318008422852,0.8584024906158447,0.010868370532989502,0.931391179561615,0.04865145683288574
Custom Bangladeshi E-Waste Image Dataset for Objec/valid/images/IMG_20250822_140550_jpg.rf.157e8675527ee0441318dbceefb7faac.jpg,Paper Waste,unknown,,mobile,,0.8716497421264648,0.79277104139328,0.9078772068023682,1.0455509424209595,mobile,,0.9671360850334167,0.8243394494056702,0.9597172737121582,0.9717006087303162,0.79277104139328,0.07887870073318481,0.8243394494056702,0.13537782430648804
Custom Bangladeshi E-Waste Image Dataset for Objec/valid/images/IMG_20250822_140602_jpg.rf.803619495847fccb4b011bb9212f9db8.jpg,Paper Waste,unknown,,battery,,0.855846643447876,0.859088122844696,0.8728792071342468,1.078631043434143,mobile,,0.9416755437850952,0.8573962450027466,0.9030463099479675,1.0145785808563232,0.855846643447876,0.0032414793968200684,0.8573962450027466,0.04565006494522095
Custom Bangladeshi E-Waste Image Dataset for Objec/valid/images/IMG_20250822_140646_jpg.rf.9ae49dafb5760e7c9f69b373eae94719.jpg,Paper Waste,unknown,,mobile,,0.8646163940429688,0.815322995185852,0.8210654854774475,1.1093113422393799,mobile,,0.9461581110954285,0.8213019371032715,0.9251338839530945,1.044049620628357,0.815322995185852,0.005742490291595459,0.8213019371032715,0.103831946849823
Custom Bangladeshi E-Waste Image Dataset for Objec/valid/images/IMG_20250822_140734_jpg.rf.22901ffbca3572a3cd4c501aecfa6853.jpg,Paper Waste,unknown,,battery,,0.5754834413528442,0.8010740280151367,0.8786681890487671,1.1068456172943115,battery,,0.7167267799377441,0.816504955291748,0.9438503980636597,1.03679621219635,0.5754834413528442,0.22559058666229248,0.7167267799377441,0.0997781753540039
Custom Bangladeshi E-Waste Image Dataset for Objec/valid/images/IMG_20250822_140747_jpg.rf.4ee99021b5c5fb0627ca3fc9852b6499.jpg,Paper Waste,unknown,,battery,,0.46942269802093506,0.8936998248100281,0.8638336658477783,1.0770057439804077,battery,,0.6488864421844482,0.8904933333396912,0.9223076701164246,1.0456664562225342,0.46942269802093506,0.39441096782684326,0.6488864421844482,0.24160689115524292
Custom Bangladeshi E-Waste Image Dataset for Objec/valid/images/IMG_20250822_140822_jpg.rf.04e7125331b3909f0634109dc0b408d0.jpg,Paper Waste,unknown,,battery,,0.6593683958053589,0.7123323678970337,0.8477992415428162,1.0961740016937256,mobile,,0.8104358315467834,0.8064624071121216,0.8785945773124695,1.0359145402908325,0.6593683958053589,0.052963972091674805,0.8064624071121216,0.003973424434661865
Custom Bangladeshi E-Waste Image Dataset for Objec/valid/images/IMG_20250822_140835_jpg.rf.0ee465b61929f73d654324d4c2fd96ff.jpg,Paper Waste,unknown,,battery,,0.5886870622634888,0.7475281357765198,0.8952756524085999,1.0572082996368408,battery,,0.6662175059318542,0.8361107707023621,0.9091041684150696,0.9785215258598328,0.5886870622634888,0.158841073513031,0.6662175059318542,0.1698932647705078
Custom Bangladeshi E-Waste Image Dataset for Objec/valid/images/IMG_20250822_140902_jpg.rf.b5185070d5fb1ca4c0cf2d5600eabd3e.jpg,Paper Waste,unknown,,battery,,0.5661336779594421,0.7655389308929443,0.9599152207374573,1.0717601776123047,battery,,0.7004152536392212,0.8324475288391113,0.9627365469932556,1.0187395811080933,0.5661336779594421,0.1994052529335022,0.7004152536392212,0.13203227519989014
Custom Bangladeshi E-Waste Image Dataset for Objec/valid/images/IMG_20250822_140911_jpg.rf.0f42fb9d4a920e720922ead9fe0522c4.jpg,Paper Waste,unknown,,battery,,0.6217586994171143,0.7451673746109009,0.9171549677848816,1.079680323600769,battery,,0.7291623950004578,0.8487946391105652,0.9005588889122009,1.0084937810897827,0.6217586994171143,0.12340867519378662,0.7291623950004578,0.11963224411010742
Custom Bangladeshi E-Waste Image Dataset for Objec/valid/images/IMG_20250822_141128_jpg.rf.d04cbd43b9303f09b0ecd3390456ce54.jpg,Metal Waste,unknown,,battery,,0.6079196929931641,1.0014660358428955,0.7897692322731018,1.0510404109954834,pcb,,0.7877203226089478,0.9837857484817505,0.7745398879051208,1.026687741279602,0.6079196929931641,0.18184953927993774,0.7745398879051208,0.013180434703826904
Custom Bangladeshi E-Waste Image Dataset for Objec/valid/images/IMG_20250822_141129_jpg.rf.21c061d725a9b581f232e702d54e912a.jpg,Metal Waste,unknown,,battery,,0.6197603344917297,0.984208345413208,0.7950882315635681,1.0625557899475098,pcb,,0.7975823879241943,0.977685272693634,0.7796962261199951,1.0265411138534546,0.6197603344917297,0.17532789707183838,0.7796962261199951,0.01788616180419922
Custom Bangladeshi E-Waste Image Dataset for Objec/valid/images/IMG_20250822_141131_jpg.rf.6bc9d7c9d12a91707c423c70f7639835.jpg,Metal Waste,unknown,,battery,,0.6106820106506348,0.9868178963661194,0.7872369289398193,1.0579601526260376,pcb,,0.7757461071014404,0.9872968792915344,0.7510177493095398,1.0239471197128296,0.6106820106506348,0.17655491828918457,0.7510177493095398,0.024728357791900635
Custom Bangladeshi E-Waste Image Dataset for Objec/valid/images/IMG_20250822_141149_jpg.rf.4b59e7ba12c09c342a35a073665af02b.jpg,Metal Waste,unknown,,battery,,0.7252196073532104,0.8732662796974182,0.8273633718490601,1.003015398979187,pcb,,0.8194441199302673,0.9495849013328552,0.7796312570571899,1.0275393724441528,0.7252196073532104,0.10214376449584961,0.7796312570571899,0.03981286287307739
Custom Bangladeshi E-Waste Image Dataset for Objec/valid/images/IMG_20250822_141152_jpg.rf.55ac8b24a683a0bf4164cb577c94d795.jpg,Metal Waste,unknown,,battery,,0.7194476127624512,0.8586035966873169,0.8390103578567505,1.0212846994400024,pcb,,0.8196642398834229,0.930439829826355,0.7881414294242859,1.0200612545013428,0.7194476127624512,0.11956274509429932,0.7881414294242859,0.03152281045913696
Custom Bangladeshi E-Waste Image Dataset for Objec/valid/images/IMG_20250822_141222_jpg.rf.3606b8fe8ba522369748b13f049cb41e.jpg,Metal Waste,unknown,,battery,,0.6619848012924194,0.8044275045394897,0.8561667203903198,1.0388033390045166,pcb,,0.8248512744903564,0.8830954432487488,0.8097085356712341,1.0383555889129639,0.6619848012924194,0.1424427032470703,0.8097085356712341,0.015142738819122314
Custom Bangladeshi E-Waste Image Dataset for Objec/valid/images/IMG_20250822_141223_jpg.rf.7b2a5a2c88a30385f9f63b64f3b1438a.jpg,Metal Waste,unknown,,battery,,0.6684954166412354,0.8131314516067505,0.8533039093017578,1.0586830377578735,pcb,,0.8557537794113159,0.86903977394104,0.8493657112121582,1.015070915222168,0.6684954166412354,0.14463603496551514,0.8493657112121582,0.006388068199157715
Custom Bangladeshi E-Waste Image Dataset for Objec/valid/images/IMG_20250822_141228_jpg.rf.fe06eaea6abaa58741174df4f5e1a6f9.jpg,Metal Waste,unknown,,battery,,0.7232458591461182,0.8362155556678772,0.7998553514480591,1.085496187210083,pcb,,0.8150080442428589,0.8793204426765442,0.7882498502731323,1.0595139265060425,0.7232458591461182,0.07660949230194092,0.7882498502731323,0.026758193969726562
Custom Bangladeshi E-Waste Image Dataset for Objec/valid/images/IMG_20250822_141229_jpg.rf.3175c54eb0b7cbc79dc68678bf68c44b.jpg,Metal Waste,unknown,,battery,,0.7219274044036865,0.8341353535652161,0.7922269105911255,1.093401551246643,pcb,,0.8135822415351868,0.8822925090789795,0.7795037031173706,1.0633931159973145,0.7219274044036865,0.07029950618743896,0.7795037031173706,0.03407853841781616
Custom Bangladeshi E-Waste Image Dataset for Objec/valid/images/IMG_20250822_141253_jpg.rf.40de7b91241d10afa26f632a1ea635a1.jpg,Metal Waste,unknown,,battery,,0.6241907477378845,0.8816016912460327,1.005736231803894,1.0509124994277954,battery,,0.7656782269477844,0.8511462211608887,0.9778230786323547,1.0184977054595947,0.6241907477378845,0.2574109435081482,0.7656782269477844,0.08546799421310425
Custom Bangladeshi E-Waste Image Dataset for Objec/valid/images/IMG_20250822_141254_jpg.rf.ae0614dc175ab58dc857e843b6359740.jpg,Metal Waste,unknown,,battery,,0.6263502836227417,0.8914618492126465,1.028011441230774,1.061630129814148,battery,,0.756872832775116,0.871757984161377,1.0148775577545166,1.0311346054077148,0.6263502836227417,0.2651115655899048,0.756872832775116,0.11488515138626099
Custom Bangladeshi E-Waste Image Dataset for Objec/valid/images/IMG_20250822_141258_jpg.rf.122f8c4ee7a623e175ce06117421ee93.jpg,Metal Waste,unknown,,battery,,0.6092689037322998,0.8495256900787354,0.9499579668045044,1.0744940042495728,battery,,0.6793683767318726,0.8853836059570312,0.949874758720398,1.0536645650863647,0.6092689037322998,0.24025678634643555,0.6793683767318726,0.2060152292251587
Custom Bangladeshi E-Waste Image Dataset for Objec/valid/images/IMG_20250822_141305_jpg.rf.fa7b0cea316ab546fd49d38ac85d21b4.jpg,Metal Waste,unknown,,battery,,0.6584396362304688,0.8617715835571289,0.9403138756752014,1.0445326566696167,battery,,0.774085283279419,0.8592388033866882,0.9488612413406372,1.0210258960723877,0.6584396362304688,0.20333194732666016,0.774085283279419,0.08515352010726929
Custom Bangladeshi E-Waste Image Dataset for Objec/valid/images/IMG_20250822_141400_jpg.rf.3c8f9349ed83353c3f03a134a18ccddf.jpg,Light Bulb,unknown,,battery,,0.5752527713775635,0.9246856570243835,0.9295362830162048,0.9607040286064148,battery,,0.7628179788589478,0.951913595199585,0.8654487133026123,0.945618212223053,0.5752527713775635,0.34943288564682007,0.7628179788589478,0.10263073444366455
Custom Bangladeshi E-Waste Image Dataset for Objec/valid/images/IMG_20250822_141404_jpg.rf.6d91b77b58587f431efaf185b2d12dc3.jpg,Light Bulb,unknown,,battery,,0.5679452419281006,0.9284271001815796,0.926499605178833,0.9425275325775146,battery,,0.7776683568954468,0.9521332383155823,0.8660252690315247,0.9167404770851135,0.5679452419281006,0.3585543632507324,0.7776683568954468,0.08835691213607788
Custom Bangladeshi E-Waste Image Dataset for Objec/valid/images/IMG_20250822_141521_jpg.rf.f00f29234fc515ddbf32ce164f0696f7.jpg,Metal Waste,unknown,,mobile,,0.8164843320846558,0.7893680930137634,0.946871280670166,0.8740006685256958,input_peripheral,,0.9191728830337524,0.8447476625442505,0.9440579414367676,0.8089655637741089,0.7893680930137634,0.027116239070892334,0.8089655637741089,0.0357820987701416
Custom Bangladeshi E-Waste Image Dataset for Objec/valid/images/IMG_20250822_141646_jpg.rf.11f5f05bc852a5072685b294082a9bd4.jpg,Metal Waste,unknown,,mobile,,0.8132034540176392,0.7968106865882874,0.9525506496429443,0.9988645315170288,mobile,,0.9313403964042664,0.7503308057785034,0.9501876831054688,0.9665891528129578,0.7968106865882874,0.016392767429351807,0.7503308057785034,0.18100959062576294
Custom Bangladeshi E-Waste Image Dataset for Objec/valid/images/IMG_20250822_141648_jpg.rf.39751b3d0eab5b8589bd8a7f66e470f3.jpg,Metal Waste,unknown,,mobile,,0.810781717300415,0.7914042472839355,0.9676998853683472,0.9739764332771301,mobile,,0.9028434753417969,0.7664921879768372,0.9332107901573181,0.9521123170852661,0.7914042472839355,0.019377470016479492,0.7664921879768372,0.13635128736495972
Custom Bangladeshi E-Waste Image Dataset for Objec/valid/images/IMG_20250822_141653_jpg.rf.bb972a8631d3de0718c5d1ffd4343be6.jpg,Metal Waste,unknown,,mobile,,0.8275012969970703,0.8125940561294556,0.9974594712257385,0.9905140995979309,mobile,,0.9181554317474365,0.7875146865844727,0.9702841639518738,0.9654684662818909,0.8125940561294556,0.014907240867614746,0.7875146865844727,0.13064074516296387
Custom Bangladeshi E-Waste Image Dataset for Objec/valid/images/IMG_20250822_141829_jpg.rf.603fa265dc03c8197e4c9cbd7309a87e.jpg,Metal Waste,unknown,,pcb,,0.8465548157691956,0.9170454144477844,0.6528271436691284,1.1318840980529785,pcb,,0.9334433078765869,0.8979103565216064,0.6658775806427002,1.1035481691360474,0.6528271436691284,0.19372767210006714,0.6658775806427002,0.23203277587890625
Custom Bangladeshi E-Waste Image Dataset for Objec/valid/images/IMG_20250822_141842_jpg.rf.7a9582080e653d425ea4bf8a3174f20a.jpg,Metal Waste,unknown,,pcb,,0.8004584312438965,0.9642044901847839,0.6252941489219666,1.1563369035720825,pcb,,0.912869930267334,0.9381117224693298,0.6499618291854858,1.1136767864227295,0.6252941489219666,0.17516428232192993,0.6499618291854858,0.26290810108184814
Custom Bangladeshi E-Waste Image Dataset for Objec/valid/images/IMG_20250822_141855_jpg.rf.c95b8c3c3fe8c9792ced7ada96376cee.jpg,Metal Waste,unknown,,pcb,,0.8696556091308594,0.8973913192749023,0.7254557013511658,1.1215044260025024,pcb,,0.9588519334793091,0.9154548645019531,0.8034278154373169,1.061548113822937,0.7254557013511658,0.1441999077796936,0.8034278154373169,0.11202704906463623
Custom Bangladeshi E-Waste Image Dataset for Objec/valid/images/IMG_20250822_141856_1_jpg.rf.1bc44332dd4a5e9d1ae7d3fae7140043.jpg,Metal Waste,unknown,,pcb,,0.8749991059303284,0.8909781575202942,0.7530942559242249,1.1170835494995117,pcb,,0.9431304931640625,0.929951548576355,0.8162867426872253,1.054567813873291,0.7530942559242249,0.12190485000610352,0.8162867426872253,0.11366480588912964
Custom Bangladeshi E-Waste Image Dataset for Objec/valid/images/IMG_20250822_141901_jpg.rf.82df290e826cff4bbe4e7564e4d3d55a.jpg,Metal Waste,unknown,,pcb,,0.800356388092041,1.0236046314239502,0.5996682643890381,1.1679372787475586,pcb,,0.895513117313385,0.9613335132598877,0.6523175239562988,1.1108845472335815,0.5996682643890381,0.20068812370300293,0.6523175239562988,0.24319559335708618
Custom Bangladeshi E-Waste Image Dataset for Objec/valid/images/IMG_20250822_141902_jpg.rf.c34a6a4144430ca6059dc71c1e0db09c.jpg,Metal Waste,unknown,,pcb,,0.8143892288208008,1.0109282732009888,0.6117343902587891,1.1675623655319214,pcb,,0.893945038318634,0.9535508155822754,0.6525942087173462,1.1137521266937256,0.6117343902587891,0.20265483856201172,0.6525942087173462,0.24135082960128784
Custom Bangladeshi E-Waste Image Dataset for Objec/valid/images/IMG_20250822_141908_jpg.rf.55d3fa75b66fbe62edfb7ee0a549c51a.jpg,Metal Waste,unknown,,pcb,,0.8460416793823242,1.0564289093017578,0.5904698967933655,1.1607751846313477,pcb,,0.9144809246063232,0.9639485478401184,0.6654124855995178,1.110472321510315,0.5904698967933655,0.25557178258895874,0.6654124855995178,0.24906843900680542
Custom Bangladeshi E-Waste Image Dataset for Objec/valid/images/IMG_20250822_141912_jpg.rf.a4bd5cf3a4f731dd35569d24581eab1a.jpg,Metal Waste,unknown,,pcb,,0.8596863746643066,1.044155240058899,0.6020643711090088,1.177606225013733,pcb,,0.9284246563911438,0.9554499387741089,0.7137746214866638,1.0963671207427979,0.6020643711090088,0.25762200355529785,0.7137746214866638,0.21465003490447998
Custom Bangladeshi E-Waste Image Dataset for Objec/valid/images/IMG_20250822_141916_jpg.rf.be4a2db8b9366d41d0d4dde47b888ddf.jpg,Metal Waste,unknown,,pcb,,0.8121157884597778,0.9772763252258301,0.6305778622627258,1.1629638671875,pcb,,0.9089753031730652,0.9423543810844421,0.6350626945495605,1.1211496591567993,0.6305778622627258,0.181537926197052,0.6350626945495605,0.27391260862350464
Custom Bangladeshi E-Waste Image Dataset for Objec/valid/images/IMG_20250822_142028_jpg.rf.e397cba6a075cfa8e1d5c9edfa40abcd.jpg,Plastic Waste,unknown,,battery,,0.5635558366775513,0.903908371925354,1.0917954444885254,1.066857099533081,battery,,0.7139132022857666,0.8614845275878906,1.0399837493896484,1.0404348373413086,0.5635558366775513,0.34035253524780273,0.7139132022857666,0.14757132530212402
Custom Bangladeshi E-Waste Image Dataset for Objec/valid/images/IMG_20250822_142029_jpg.rf.e13f709f722a9c85a631db36a33b3c99.jpg,Plastic Waste,unknown,,battery,,0.5804988145828247,0.9008945226669312,1.0692681074142456,1.085006833076477,battery,,0.7176742553710938,0.8796149492263794,1.0401948690414429,1.044498085975647,0.5804988145828247,0.32039570808410645,0.7176742553710938,0.16194069385528564
Custom Bangladeshi E-Waste Image Dataset for Objec/valid/images/IMG_20250822_142030_jpg.rf.f32349d4aff512b88a4ff86f3dfdb4b4.jpg,Plastic Waste,unknown,,battery,,0.5743097066879272,0.8923426866531372,1.0860333442687988,1.0669337511062622,battery,,0.741574764251709,0.8752517700195312,1.0603382587432861,1.0108939409255981,0.5743097066879272,0.31803297996520996,0.741574764251709,0.13367700576782227
Custom Bangladeshi E-Waste Image Dataset for Objec/valid/images/IMG_20250822_142043_jpg.rf.fc636330f59e0bb10d2155f33a223a08.jpg,Plastic Waste,unknown,,battery,,0.5920249223709106,0.8375349044799805,1.0403212308883667,1.0795998573303223,battery,,0.6945687532424927,0.8625556230545044,1.029739499092102,1.0044790506362915,0.5920249223709106,0.24550998210906982,0.6945687532424927,0.16798686981201172
Custom Bangladeshi E-Waste Image Dataset for Objec/valid/images/IMG_20250822_142044_jpg.rf.06aed6639286974ef38a3fe5c06eacd7.jpg,Plastic Waste,unknown,,battery,,0.5924588441848755,0.8475961685180664,1.0416873693466187,1.0802955627441406,battery,,0.6888515949249268,0.8794417381286621,1.0310585498809814,1.0037274360656738,0.5924588441848755,0.2551373243331909,0.6888515949249268,0.19059014320373535
Custom Bangladeshi E-Waste Image Dataset for Objec/valid/images/IMG_20250822_142053_jpg.rf.3867619f5e714c25ddc1b4d3fd5c017b.jpg,Plastic Waste,unknown,,battery,,0.7144314050674438,0.9267796874046326,1.0560654401779175,1.0755054950714111,battery,,0.8077750205993652,0.9421529769897461,1.0480995178222656,1.0978928804397583,0.7144314050674438,0.21234828233718872,0.8077750205993652,0.13437795639038086
Custom Bangladeshi E-Waste Image Dataset for Objec/valid/images/IMG_20250822_142056_jpg.rf.b7703fbec5d58b50f229e4b293f38193.jpg,Plastic Waste,unknown,,battery,,0.7046679258346558,0.9204813838005066,1.0529965162277222,1.075330376625061,battery,,0.8088893294334412,0.9304888844490051,1.0510773658752441,1.1022841930389404,0.7046679258346558,0.21581345796585083,0.8088893294334412,0.12159955501556396
Custom Bangladeshi E-Waste Image Dataset for Objec/valid/images/IMG_20250822_142129_jpg.rf.5f8da18536b8ae2bf9b982f14b4c96fb.jpg,Plastic Waste,unknown,,battery,,0.7582091093063354,0.9532181024551392,0.9495611786842346,1.0632007122039795,battery,,0.8636423349380493,0.9379224181175232,0.9677347540855408,1.1162678003311157,0.7582091093063354,0.19135206937789917,0.8636423349380493,0.07428008317947388
Custom Bangladeshi E-Waste Image Dataset for Objec/valid/images/IMG_20250822_142147_jpg.rf.94cd758475f73a6586d112cda87ac370.jpg,Plastic Waste,unknown,,battery,,0.7831913232803345,0.9282749891281128,0.960582435131073,1.053627610206604,mobile,,0.9011009335517883,0.8835896849632263,1.0125012397766113,1.0847119092941284,0.7831913232803345,0.14508366584777832,0.8835896849632263,0.01751124858856201
Custom Bangladeshi E-Waste Image Dataset for Objec/valid/images/IMG_20250822_142225_jpg.rf.fb98ee37ad43b9c50c7034721f3dbd67.jpg,Paper Waste,unknown,,battery,,0.7535964846611023,0.8847797513008118,0.9133551716804504,1.1418044567108154,battery,,0.8467763066291809,0.8913970589637756,0.9476483464241028,1.0839341878890991,0.7535964846611023,0.13118326663970947,0.8467763066291809,0.04462075233459473
Custom Bangladeshi E-Waste Image Dataset for Objec/valid/images/IMG_20250822_142304_jpg.rf.c18fa1ce465e9f581ae75f1ae07a2d6e.jpg,Paper Waste,unknown,,battery,,0.6691645383834839,0.77730393409729,0.9265289306640625,1.0586572885513306,mobile,,0.7969176769256592,0.7515534162521362,0.9353412389755249,0.992588222026825,0.6691645383834839,0.10813939571380615,0.7515534162521362,0.04536426067352295
Custom Bangladeshi E-Waste Image Dataset for Objec/valid/images/IMG_20250822_142307_jpg.rf.6985e2ff119f053d79c5cd2b999bcaf0.jpg,Paper Waste,unknown,,battery,,0.6083977222442627,0.7782283425331116,0.9078236818313599,1.0743979215621948,mobile,,0.8019437789916992,0.7760181427001953,0.9333718419075012,1.0082210302352905,0.6083977222442627,0.16983062028884888,0.7760181427001953,0.025925636291503906
Custom Bangladeshi E-Waste Image Dataset for Objec/valid/images/IMG_20250822_142311_jpg.rf.c4e392ccddf8ad5a76d6b7ebd2af9357.jpg,Paper Waste,unknown,,battery,,0.5959064960479736,0.803153395652771,0.9534928202629089,1.0691384077072144,battery,,0.7674139738082886,0.7975104451179504,0.9528064131736755,1.0518136024475098,0.5959064960479736,0.20724689960479736,0.7674139738082886,0.030096471309661865
Custom Bangladeshi E-Waste Image Dataset for Objec/valid/images/IMG_20250822_142342_jpg.rf.ceb5aff32fe6166c40b8c272335bfac1.jpg,Glass Waste,unknown,,battery,,0.7948213219642639,0.8105123043060303,0.9881221652030945,1.0752493143081665,mobile,,0.8923239707946777,0.8440800905227661,0.9776628613471985,1.0715456008911133,0.7948213219642639,0.015690982341766357,0.8440800905227661,0.04824388027191162
Custom Bangladeshi E-Waste Image Dataset for Objec/valid/images/IMG_20250822_142344_1_jpg.rf.8f765dcd882b126ac960dac36973502f.jpg,Glass Waste,unknown,,battery,,0.7921889424324036,0.8168483972549438,1.0086909532546997,1.0404353141784668,mobile,,0.8817455172538757,0.8552114367485046,0.9709208607673645,1.0459355115890503,0.7921889424324036,0.024659454822540283,0.8552114367485046,0.026534080505371094
Custom Bangladeshi E-Waste Image Dataset for Objec/valid/images/IMG_20250822_142447_jpg.rf.611b1d466302e0701e663863efb9b414.jpg,Glass Waste,unknown,,battery,,0.7069929838180542,0.8308427333831787,1.0283868312835693,1.0562511682510376,battery,,0.7972626686096191,0.8325744867324829,1.0110089778900146,1.0892369747161865,0.7069929838180542,0.12384974956512451,0.7972626686096191,0.03531181812286377
Custom Bangladeshi E-Waste Image Dataset for Objec/valid/images/IMG_20250822_142449_jpg.rf.ec0829394e6827c6e6b3a946d2be4cc1.jpg,Glass Waste,unknown,,battery,,0.6882027983665466,0.844436764717102,1.0370006561279297,1.067482352256775,battery,,0.7930046319961548,0.8319604396820068,1.0301450490951538,1.0852031707763672,0.6882027983665466,0.15623396635055542,0.7930046319961548,0.03895580768585205
Custom Bangladeshi E-Waste Image Dataset for Objec/valid/images/IMG_20250822_142454_jpg.rf.43c1991162c3bd2e61f256e6622b31fa.jpg,Glass Waste,unknown,,battery,,0.695083737373352,0.7993389964103699,0.9611622095108032,1.1092342138290405,battery,,0.8115983009338379,0.8616088628768921,0.9849517941474915,1.1201075315475464,0.695083737373352,0.10425525903701782,0.8115983009338379,0.0500105619430542
Custom Bangladeshi E-Waste Image Dataset for Objec/valid/images/IMG_20250822_142543_1_jpg.rf.9a3e254df2a0aaccb8b52089b859148c.jpg,Glass Waste,unknown,,mobile,,0.7755948901176453,0.7549706697463989,0.9476402401924133,1.0396983623504639,mobile,,0.8777744770050049,0.7696539759635925,0.9381023645401001,1.072677493095398,0.7549706697463989,0.020624220371246338,0.7696539759635925,0.10812050104141235
Custom Bangladeshi E-Waste Image Dataset for Objec/valid/images/IMG_20250822_142548_jpg.rf.4ac24ef581df9e286c86a6971b2eb3df.jpg,Glass Waste,unknown,,battery,,0.7201837301254272,0.7724557518959045,0.9766713976860046,1.0044071674346924,mobile,,0.7944599986076355,0.7937206029891968,0.9734410047531128,1.0216668844223022,0.7201837301254272,0.052272021770477295,0.7937206029891968,0.0007393956184387207
Custom Bangladeshi E-Waste Image Dataset for Objec/valid/images/IMG_20250822_142549_jpg.rf.ceaa32446f155ab02be4bf2521046d48.jpg,Glass Waste,unknown,,battery,,0.7325202226638794,0.7627061009407043,0.9921658635139465,1.005064845085144,battery,,0.7883897423744202,0.7958458065986633,1.0144771337509155,0.9913890361785889,0.7325202226638794,0.03018587827682495,0.7883897423744202,0.007456064224243164
Custom Bangladeshi E-Waste Image Dataset for Objec/valid/images/IMG_20250822_142641_jpg.rf.8c53c0a70d12a8c6f500f068513722a9.jpg,Glass Waste,unknown,,mobile,,0.8606594800949097,0.8430023789405823,1.0730798244476318,1.0384507179260254,mobile,,0.9944992661476135,0.917856752872467,1.0852081775665283,1.0435113906860352,0.8430023789405823,0.017657101154327393,0.917856752872467,0.07664251327514648
Custom Bangladeshi E-Waste Image Dataset for Objec/valid/images/IMG_20250822_142657_jpg.rf.58ea4181b25be25584110b5acf982290.jpg,Metal Waste,unknown,,battery,,0.5361053943634033,0.8266845345497131,0.948114812374115,1.0305293798446655,battery,,0.6148585081100464,0.8634871244430542,0.8980410695075989,1.087294340133667,0.5361053943634033,0.2905791401863098,0.6148585081100464,0.2486286163330078
Custom Bangladeshi E-Waste Image Dataset for Objec/valid/images/IMG_20250822_142700_jpg.rf.1b1b96a910bab5a045120227520e980e.jpg,Metal Waste,unknown,,battery,,0.5636389255523682,0.819633960723877,1.0126678943634033,0.9844886064529419,battery,,0.6870688199996948,0.8618636131286621,0.9292420148849487,1.035127878189087,0.5636389255523682,0.2559950351715088,0.6870688199996948,0.17479479312896729
Custom Bangladeshi E-Waste Image Dataset for Objec/valid/images/IMG_20250822_142701_jpg.rf.e2beb72d40601f34ecc2babc20e39cbf.jpg,Metal Waste,unknown,,battery,,0.5636230707168579,0.8191511631011963,1.0046159029006958,1.00283944606781,battery,,0.6739616990089417,0.8445574045181274,0.915373682975769,1.039911150932312,0.5636230707168579,0.2555280923843384,0.6739616990089417,0.1705957055091858
Custom Bangladeshi E-Waste Image Dataset for Objec/valid/images/IMG_20250822_142724_jpg.rf.f1175648ba92010e656112ae9834dd19.jpg,Organic Waste,unknown,,mobile,,0.7820632457733154,0.7368581295013428,0.9049903750419617,1.00657320022583,mobile,,0.8973867297172546,0.8056955337524414,0.8716378211975098,0.9445390701293945,0.7368581295013428,0.045205116271972656,0.8056955337524414,0.06594228744506836
Custom Bangladeshi E-Waste Image Dataset for Objec/valid/images/IMG_20250822_142804_jpg.rf.fb06cbf7b84f3dd5dc33eaf41b62a3ae.jpg,Organic Waste,unknown,,pcb,,0.8952735662460327,0.8389911651611328,0.7996623516082764,1.049134612083435,mobile,,1.0024056434631348,0.8528941869735718,0.8656708002090454,0.9549712538719177,0.7996623516082764,0.039328813552856445,0.8528941869735718,0.012776613235473633
Custom Bangladeshi E-Waste Image Dataset for Objec/valid/images/IMG_20250822_142827_jpg.rf.8f7b2bc720099c73bbcbdd6c5aff925f.jpg,Organic Waste,unknown,,mobile,,0.8767312169075012,0.7864996194839478,0.8031376600265503,1.066153645515442,pcb,,1.0191895961761475,0.8257886171340942,0.7883896827697754,1.0379931926727295,0.7864996194839478,0.01663804054260254,0.7883896827697754,0.03739893436431885
Custom Bangladeshi E-Waste Image Dataset for Objec/valid/images/IMG_20250822_142829_jpg.rf.5faf7c8183280d9471c626777c35e5af.jpg,Organic Waste,unknown,,pcb,,0.886599063873291,0.8062422275543213,0.7778002023696899,1.0791481733322144,pcb,,1.004651427268982,0.8459608554840088,0.7929667234420776,1.0523922443389893,0.7778002023696899,0.028442025184631348,0.7929667234420776,0.05299413204193115
Custom Bangladeshi E-Waste Image Dataset for Objec/valid/images/IMG_20250822_142834_jpg.rf.94471c4aef69c01f2ef6a963d13c9db7.jpg,Organic Waste,unknown,,pcb,,0.8385438323020935,0.9129160046577454,0.7344963550567627,1.0881328582763672,pcb,,0.9624077081680298,0.929556131362915,0.8453534245491028,1.0598227977752686,0.7344963550567627,0.10404747724533081,0.8453534245491028,0.08420270681381226
Custom Bangladeshi E-Waste Image Dataset for Objec/valid/images/IMG_20250822_142926_jpg.rf.0175a116ebd90ff39ddffc3abdc8ad3a.jpg,Organic Waste,unknown,,pcb,,0.936658501625061,0.8902674913406372,0.7045008540153503,1.0548101663589478,pcb,,1.0075355768203735,0.9272100925445557,0.8111110925674438,1.0534576177597046,0.7045008540153503,0.18576663732528687,0.8111110925674438,0.11609899997711182
Custom Bangladeshi E-Waste Image Dataset for Objec/valid/images/IMG_20250822_142939_jpg.rf.1a54873e532c007420ad255c6374b81a.jpg,Organic Waste,unknown,,pcb,,0.9009006023406982,0.8525753021240234,0.7254424691200256,1.0319000482559204,pcb,,1.0037927627563477,0.8477354049682617,0.7970856428146362,1.0107531547546387,0.7254424691200256,0.1271328330039978,0.7970856428146362,0.05064976215362549
Custom Bangladeshi E-Waste Image Dataset for Objec/valid/images/IMG_20250822_230546_jpg.rf.9b86d914136a43f3b15ed814e1ba72e2.jpg,Medical Waste,unknown,,battery,,0.7658423781394958,0.8417651653289795,0.9414175748825073,1.0593042373657227,battery,,0.8538482785224915,0.8874540328979492,0.9376080632209778,1.0262783765792847,0.7658423781394958,0.07592278718948364,0.8538482785224915,0.033605754375457764
Custom Bangladeshi E-Waste Image Dataset for Objec/valid/images/IMG_20250822_230548_1_jpg.rf.9a9c3ddc6ee19eb65c26219d87dc5d06.jpg,Medical Waste,unknown,,battery,,0.7734043598175049,0.8334468603134155,0.9431955814361572,1.0392512083053589,mobile,,0.8933151960372925,0.87714022397995,0.9647805094718933,0.9975079298019409,0.7734043598175049,0.060042500495910645,0.87714022397995,0.01617497205734253
Custom Bangladeshi E-Waste Image Dataset for Objec/valid/images/IMG_20250822_230612_1_jpg.rf.e5395ae6aed69c08216490e1b18f2a41.jpg,Medical Waste,unknown,,battery,,0.7234670519828796,0.940420925617218,0.896691620349884,1.0293302536010742,battery,,0.8254557251930237,0.9007738828659058,0.9086486101150513,0.9967678189277649,0.7234670519828796,0.1732245683670044,0.8254557251930237,0.07531815767288208
Custom Bangladeshi E-Waste Image Dataset for Objec/valid/images/IMG_20250822_230619_jpg.rf.5983ad2a144f44e71170695c9d31409f.jpg,Medical Waste,unknown,,battery,,0.6986445188522339,0.9494178891181946,0.9172160029411316,1.042930006980896,battery,,0.8019179701805115,0.9100178480148315,0.9078899621963501,0.9984553456306458,0.6986445188522339,0.2185714840888977,0.8019179701805115,0.10597199201583862
Custom Bangladeshi E-Waste Image Dataset for Objec/valid/images/IMG_20250822_230620_1_jpg.rf.eb30e72a6bb7352e5f67aa4e0631bf62.jpg,Medical Waste,unknown,,battery,,0.7110153436660767,0.9299197196960449,0.9105305075645447,1.0405691862106323,battery,,0.7959654331207275,0.9009658098220825,0.9048655033111572,0.9914078712463379,0.7110153436660767,0.19951516389846802,0.7959654331207275,0.10500037670135498
Custom Bangladeshi E-Waste Image Dataset for Objec/valid/images/IMG_20250822_230620_jpg.rf.06b9f9e804854a1d95c72910c49cbcfc.jpg,Medical Waste,unknown,,battery,,0.7077322006225586,0.9256318807601929,0.9138331413269043,1.0279498100280762,battery,,0.7972084283828735,0.901667058467865,0.9049899578094482,0.9900038838386536,0.7077322006225586,0.2061009407043457,0.7972084283828735,0.10445863008499146
Custom Bangladeshi E-Waste Image Dataset for Objec/valid/images/IMG_20250822_230658_jpg.rf.7ca97965655585e56897f2cf66ee8a21.jpg,Medical Waste,unknown,,battery,,0.6508121490478516,0.94538414478302,0.8286561965942383,1.0778589248657227,battery,,0.8140067458152771,0.8834178447723389,0.8996899724006653,1.0125021934509277,0.6508121490478516,0.17784404754638672,0.8140067458152771,0.06941109895706177
Custom Bangladeshi E-Waste Image Dataset for Objec/valid/images/IMG_20250822_230721_jpg.rf.da4a0e6b5ec0694bd49b1a5e9736dc69.jpg,Medical Waste,unknown,,battery,,0.6738666296005249,0.8094585537910461,0.8141094446182251,1.0593663454055786,battery,,0.7870656251907349,0.8211393356323242,0.887231171131134,1.0564658641815186,0.6738666296005249,0.13559192419052124,0.7870656251907349,0.034073710441589355
Custom Bangladeshi E-Waste Image Dataset for Objec/valid/images/IMG_20250822_230722_2_jpg.rf.ec5772d72900b7eccf10fe5a8b5ecf65.jpg,Medical Waste,unknown,,battery,,0.6667017936706543,0.8092467188835144,0.8149241209030151,1.0765223503112793,battery,,0.7681201100349426,0.8351143598556519,0.890856921672821,1.0639787912368774,0.6667017936706543,0.1425449252128601,0.7681201100349426,0.06699424982070923
Custom Bangladeshi E-Waste Image Dataset for Objec/valid/images/IMG_20250822_230723_jpg.rf.c17046dc09580d4021973aee62259ed2.jpg,Medical Waste,unknown,,battery,,0.6432415246963501,0.8050787448883057,0.8240172863006592,1.0750776529312134,battery,,0.7717238068580627,0.8311049938201904,0.8888630867004395,1.0612088441848755,0.6432415246963501,0.16183722019195557,0.7717238068580627,0.059381186962127686
Custom Bangladeshi E-Waste Image Dataset for Objec/valid/images/IMG_20250822_230741_jpg.rf.dc0bedfaa4027479fab23c0976545a6b.jpg,Medical Waste,unknown,,mobile,,0.7584537863731384,0.7245744466781616,0.9022793173789978,1.0601935386657715,battery,,0.7820130586624146,0.7996322512626648,0.9316123723983765,1.0116052627563477,0.7245744466781616,0.03387933969497681,0.7820130586624146,0.017619192600250244
Custom Bangladeshi E-Waste Image Dataset for Objec/valid/images/IMG_20250822_230745_jpg.rf.575284a1f604651d70552dd83a91e217.jpg,Medical Waste,unknown,,battery,,0.7537976503372192,0.8014031052589417,0.8839350938796997,1.060586929321289,battery,,0.7888298034667969,0.8329031467437744,0.903770387172699,1.006282925605774,0.7537976503372192,0.04760545492172241,0.7888298034667969,0.04407334327697754
Custom Bangladeshi E-Waste Image Dataset for Objec/valid/images/IMG_20250822_230751_1_jpg.rf.b6a6bdfa657f14559718f7b530cde398.jpg,Medical Waste,unknown,,mobile,,0.801665186882019,0.7826097011566162,0.8745861053466797,1.0774496793746948,mobile,,0.8427115678787231,0.8378704190254211,0.9161324501037598,1.0478301048278809,0.7826097011566162,0.019055485725402832,0.8378704190254211,0.004841148853302002
Custom Bangladeshi E-Waste Image Dataset for Objec/valid/images/IMG_20250822_230752_jpg.rf.35e62924506878244db8c7a6a3bd88d2.jpg,Medical Waste,unknown,,mobile,,0.8009153604507446,0.7886042594909668,0.8636378645896912,1.0707658529281616,mobile,,0.8435441851615906,0.8343124389648438,0.9061700105667114,1.0515440702438354,0.7886042594909668,0.012311100959777832,0.8343124389648438,0.009231746196746826
Custom Bangladeshi E-Waste Image Dataset for Objec/valid/images/IMG_20250822_230753_jpg.rf.689df5e4539001a17087ec4dadc1a8f6.jpg,Medical Waste,unknown,,mobile,,0.8038198947906494,0.7830033302307129,0.8636540174484253,1.075533390045166,mobile,,0.8444573879241943,0.8385903239250183,0.9010679125785828,1.053279995918274,0.7830033302307129,0.020816564559936523,0.8385903239250183,0.005867063999176025
Custom Bangladeshi E-Waste Image Dataset for Objec/valid/images/IMG_20250822_230813_1_jpg.rf.7476e47179e5626eb1dae94947d63ecc.jpg,Medical Waste,unknown,,battery,,0.7120356559753418,0.8181523084640503,0.8479017019271851,1.0723397731781006,battery,,0.8325908184051514,0.8578285574913025,0.8908435702323914,1.0385154485702515,0.7120356559753418,0.1061166524887085,0.8325908184051514,0.025237739086151123
Custom Bangladeshi E-Waste Image Dataset for Objec/valid/images/IMG_20250822_230815_jpg.rf.e33bbe6f2cbe33baa5df9d78b12e8ff3.jpg,Medical Waste,unknown,,battery,,0.7106020450592041,0.7965000867843628,0.8519330620765686,1.0736695528030396,battery,,0.8272438645362854,0.848432183265686,0.889421284198761,1.0451778173446655,0.7106020450592041,0.08589804172515869,0.8272438645362854,0.021188318729400635
Custom Bangladeshi E-Waste Image Dataset for Objec/valid/images/IMG_20250822_230821_1_jpg.rf.89e9f0260ce520e031d42a8303137089.jpg,Medical Waste,unknown,,battery,,0.715846061706543,0.7910728454589844,0.8398470878601074,1.060118556022644,battery,,0.843363881111145,0.8438615798950195,0.8706664443016052,1.0322197675704956,0.715846061706543,0.0752267837524414,0.843363881111145,0.0004976987838745117
Custom Bangladeshi E-Waste Image Dataset for Objec/valid/images/IMG_20250822_230827_jpg.rf.9a8644527cf59c24a31f2c1e3b4ea3df.jpg,Medical Waste,unknown,,battery,,0.8142596483230591,0.8515901565551758,0.873328685760498,1.0729525089263916,mobile,,0.8832031488418579,0.8583879470825195,0.9100839495658875,1.0169304609298706,0.8142596483230591,0.0373305082321167,0.8583879470825195,0.02481520175933838
Custom Bangladeshi E-Waste Image Dataset for Objec/valid/images/IMG_20250822_230835_1_jpg.rf.78bc9584cde36a60887e51004af74a2d.jpg,Medical Waste,unknown,,battery,,0.8132309913635254,0.8254840970039368,0.8819571137428284,1.0831040143966675,mobile,,0.8639889359474182,0.845058798789978,0.9225590229034424,1.010392427444458,0.8132309913635254,0.012253105640411377,0.845058798789978,0.018930137157440186
Custom Bangladeshi E-Waste Image Dataset for Objec/valid/images/IMG_20250822_230854_jpg.rf.9c314eeda637c0dad4f5bd468e63aab5.jpg,Medical Waste,unknown,,battery,,0.6436855792999268,0.9893437623977661,0.83510422706604,1.0494444370269775,battery,,0.7525593042373657,0.870400071144104,0.9013650417327881,1.0480477809906006,0.6436855792999268,0.19141864776611328,0.7525593042373657,0.11784076690673828
Custom Bangladeshi E-Waste Image Dataset for Objec/valid/images/IMG_20250822_230903_jpg.rf.a9b7287aa11fac499dfd7ca29aa0deef.jpg,Medical Waste,unknown,,battery,,0.6379386186599731,0.9457544088363647,0.837540864944458,1.0928317308425903,battery,,0.783622145652771,0.8479804396629333,0.9011766314506531,1.061609148979187,0.6379386186599731,0.19960224628448486,0.783622145652771,0.06435829401016235
Custom Bangladeshi E-Waste Image Dataset for Objec/valid/images/IMG_20250822_230931_jpg.rf.509ffd53ecb557d345b1a8a2f5209d16.jpg,Medical Waste,unknown,,battery,,0.7353177070617676,0.9471441507339478,0.9605780839920044,0.9580956697463989,battery,,0.8868195414543152,0.9506675601005554,0.9973896741867065,0.889313280582428,0.7353177070617676,0.21182644367218018,0.8868195414543152,0.002493739128112793
Custom Bangladeshi E-Waste Image Dataset for Objec/valid/images/IMG_20250822_230933_1_jpg.rf.3f6180d0eafd9fbe45146868a29db733.jpg,Medical Waste,unknown,,battery,,0.7335073947906494,0.9547353982925415,0.960564911365509,0.9505918025970459,battery,,0.892208456993103,0.9585503935813904,0.9959779977798462,0.897145688533783,0.7335073947906494,0.21708440780639648,0.892208456993103,0.004937231540679932
Custom Bangladeshi E-Waste Image Dataset for Objec/valid/images/IMG_20250822_230938_jpg.rf.b91df5902019d0f975281f7edc4e3536.jpg,Medical Waste,unknown,,battery,,0.7306368350982666,0.982212483882904,0.9501048922538757,0.906785786151886,battery,,0.8673107624053955,0.9765803217887878,0.989560067653656,0.8960336446762085,0.7306368350982666,0.17614895105361938,0.8673107624053955,0.02872288227081299
Custom Bangladeshi E-Waste Image Dataset for Objec/valid/images/IMG_20250822_230958_jpg.rf.3ff6f850517b140bf05487bad41f4856.jpg,Medical Waste,unknown,,battery,,0.739689826965332,0.9376856684684753,0.9747216105461121,0.8884001970291138,input_peripheral,,0.8950480818748474,0.9526386260986328,0.9914584159851074,0.8864163160324097,0.739689826965332,0.14871037006378174,0.8864163160324097,0.008631765842437744
Custom Bangladeshi E-Waste Image Dataset for Objec/valid/images/IMG_20250822_231001_jpg.rf.7d12e708419aa7d24fa12367919b1773.jpg,Medical Waste,unknown,,battery,,0.7338366508483887,0.9276143312454224,0.9726110100746155,0.8951542377471924,input_peripheral,,0.8941298723220825,0.9446192383766174,0.9891294240951538,0.8875831365585327,0.7338366508483887,0.1613175868988037,0.8875831365585327,0.006546735763549805
Custom Bangladeshi E-Waste Image Dataset for Objec/valid/images/IMG_20250822_231007_jpg.rf.a259e4afd2671043dd2b5456f54a9969.jpg,Medical Waste,unknown,,battery,,0.7431980967521667,0.7990781664848328,0.9082551002502441,0.9815948605537415,mobile,,0.9122191667556763,0.8679682612419128,1.0012606382369995,0.9543275237083435,0.7431980967521667,0.055880069732666016,0.8679682612419128,0.04425090551376343
Custom Bangladeshi E-Waste Image Dataset for Objec/valid/images/IMG_20250822_231016_1_jpg.rf.e0532c96badf0153ba5cd901938cfe64.jpg,Medical Waste,unknown,,battery,,0.7508008480072021,0.7960876822471619,0.8923941254615784,0.911726176738739,mobile,,0.9491797089576721,0.8242454528808594,0.9772356152534485,0.9150065779685974,0.7508008480072021,0.04528683423995972,0.8242454528808594,0.09076112508773804
Custom Bangladeshi E-Waste Image Dataset for Objec/valid/images/IMG_20250822_231023_jpg.rf.b7e0470728ee2c7f32c5449ca7a5ebc8.jpg,Medical Waste,unknown,,mobile,,0.7425144910812378,0.6953579187393188,0.9618301391601562,0.9316194653511047,mobile,,0.9733163118362427,0.7776898145675659,1.0271652936935425,0.9062208533287048,0.6953579187393188,0.047156572341918945,0.7776898145675659,0.12853103876113892
Custom Bangladeshi E-Waste Image Dataset for Objec/valid/images/IMG_20250822_231026_1_jpg.rf.704c7620ee3d47cdaf574daa82eb82ad.jpg,Medical Waste,unknown,,mobile,,0.7354798316955566,0.7124455571174622,0.9613363742828369,0.9675402641296387,mobile,,0.9546595811843872,0.8048010468482971,1.0213984251022339,0.9261656999588013,0.7124455571174622,0.023034274578094482,0.8048010468482971,0.12136465311050415
Custom Bangladeshi E-Waste Image Dataset for Objec/valid/images/IMG_20250822_231027_jpg.rf.7ec416e4c92466fa1d067f07ea2a3bdd.jpg,Medical Waste,unknown,,mobile,,0.7271597385406494,0.7210088968276978,0.9654757380485535,0.9581146836280823,mobile,,0.9503622055053711,0.8004711866378784,1.0289461612701416,0.9287245869636536,0.7210088968276978,0.00615084171295166,0.8004711866378784,0.12825340032577515
Custom Bangladeshi E-Waste Image Dataset for Objec/valid/images/IMG_20250822_231032_jpg.rf.6c242755da7f4bfc18e5981b795dd799.jpg,Medical Waste,unknown,,mobile,,0.7515312433242798,0.7512556314468384,0.9419279098510742,0.9724464416503906,mobile,,0.9389817714691162,0.8230298161506653,1.0350372791290283,0.9426405429840088,0.7512556314468384,0.00027561187744140625,0.8230298161506653,0.11595195531845093
Custom Bangladeshi E-Waste Image Dataset for Objec/valid/images/IMG_20250822_231041_jpg.rf.346f5a63c08aad57e0c7a85c28d464a2.jpg,Medical Waste,unknown,,battery,,0.7229058146476746,0.8995168805122375,0.9527670741081238,0.9268571734428406,battery,,0.8526575565338135,0.9219111204147339,0.9960498213768005,0.904632568359375,0.7229058146476746,0.176611065864563,0.8526575565338135,0.05197501182556152
Custom Bangladeshi E-Waste Image Dataset for Objec/valid/images/IMG_20250822_231042_jpg.rf.7ad16f08586ce4a58be881bfa013f4d4.jpg,Medical Waste,unknown,,battery,,0.7242902517318726,0.8983787894248962,0.9522395133972168,0.928291380405426,battery,,0.8520662188529968,0.9227601289749146,0.9914036989212036,0.9142280220985413,0.7242902517318726,0.17408853769302368,0.8520662188529968,0.062161803245544434
Custom Bangladeshi E-Waste Image Dataset for Objec/valid/images/IMG_20250822_231124_1_jpg.rf.15f6be87893a7f3e91d86d821962f40f.jpg,Battery Waste,known,battery,battery,1,0.5086613893508911,0.8820152282714844,0.7609339952468872,1.0843441486358643,battery,1,0.5562220811843872,0.8862476348876953,0.8151833415031433,1.0432358980178833,0.5086613893508911,0.2522726058959961,0.5562220811843872,0.2589612603187561
Custom Bangladeshi E-Waste Image Dataset for Objec/valid/images/IMG_20250822_231125_jpg.rf.712cf5e8bb04d06029470cfebfd9db8a.jpg,Battery Waste,known,battery,battery,1,0.4740082621574402,0.9035376310348511,0.7766706943511963,1.0824036598205566,battery,1,0.4198855757713318,0.9207659959793091,0.8093085885047913,1.0585646629333496,0.4740082621574402,0.3026624321937561,0.4198855757713318,0.3894230127334595
Custom Bangladeshi E-Waste Image Dataset for Objec/valid/images/IMG_20250822_231134_jpg.rf.76bc5a7c35544dbfd4c168ab5ec537e3.jpg,Battery Waste,known,battery,battery,1,0.4256296157836914,0.9349666237831116,0.7915436625480652,1.0377305746078491,battery,1,0.42897629737854004,0.9601430296897888,0.8066759705543518,1.0359245538711548,0.4256296157836914,0.3659140467643738,0.42897629737854004,0.37769967317581177
Custom Bangladeshi E-Waste Image Dataset for Objec/valid/images/IMG_20250822_231135_jpg.rf.5eab8abfbf6ce0006e47452bb4e351aa.jpg,Battery Waste,known,battery,battery,1,0.4282739758491516,0.9369880557060242,0.7877951860427856,1.0351418256759644,battery,1,0.41364413499832153,0.9534879922866821,0.8066479563713074,1.0383687019348145,0.4282739758491516,0.35952121019363403,0.41364413499832153,0.39300382137298584
Custom Bangladeshi E-Waste Image Dataset for Objec/valid/images/IMG_20250822_231136_1_jpg.rf.dfd740b56687c8a262b0ca3521ea517e.jpg,Battery Waste,known,battery,battery,1,0.38896501064300537,0.9358915090560913,0.7708576321601868,1.018646001815796,battery,1,0.41446393728256226,0.9503506422042847,0.8134268522262573,1.0042576789855957,0.38896501064300537,0.3818926215171814,0.41446393728256226,0.39896291494369507
Custom Bangladeshi E-Waste Image Dataset for Objec/valid/images/IMG_20250822_231153_jpg.rf.c0581636936ffd3f551a62ae4e3aadb3.jpg,Battery Waste,known,battery,battery,1,0.6904586553573608,0.7247967720031738,0.8865252733230591,1.0628323554992676,mobile,2,0.8449951410293579,0.7740830779075623,0.8621097207069397,0.999526858329773,0.6904586553573608,0.03433811664581299,0.7740830779075623,0.07091206312179565
Custom Bangladeshi E-Waste Image Dataset for Objec/valid/images/IMG_20250822_231201_1_jpg.rf.3ee4562ffda16d4de26bfe881d3c0a8b.jpg,Battery Waste,known,battery,battery,1,0.5741444826126099,0.7564836144447327,0.8636810183525085,1.0293891429901123,battery,1,0.8116108179092407,0.8440233469009399,0.8617846369743347,1.0041587352752686,0.5741444826126099,0.1823391318321228,0.8116108179092407,0.03241252899169922
Custom Bangladeshi E-Waste Image Dataset for Objec/valid/images/IMG_20250822_231201_jpg.rf.44bc2d8fc2946f343332124c030baa7e.jpg,Battery Waste,known,battery,battery,1,0.6049995422363281,0.7545675039291382,0.868587076663971,1.0497254133224487,battery,1,0.7050841450691223,0.8250339031219482,0.8590233325958252,1.006339430809021,0.6049995422363281,0.14956796169281006,0.7050841450691223,0.11994975805282593
Custom Bangladeshi E-Waste Image Dataset for Objec/valid/images/IMG_20250822_231211_1_jpg.rf.81b7eb1b4bb750b87e50a18ac5a90583.jpg,Battery Waste,known,battery,battery,1,0.6076944470405579,0.7759400606155396,0.9099633693695068,1.058261752128601,battery,1,0.840949296951294,0.8638981580734253,0.8880943059921265,0.9899423122406006,0.6076944470405579,0.1682456135749817,0.840949296951294,0.022948861122131348
Custom Bangladeshi E-Waste Image Dataset for Objec/valid/images/IMG_20250822_231220_1_jpg.rf.32d046cd028697cf3c99f250db87866d.jpg,Battery Waste,known,battery,battery,1,0.4750569462776184,0.7941349744796753,0.8679796457290649,1.0489051342010498,battery,1,0.4418787956237793,0.9016871452331543,0.8945879340171814,1.022506833076477,0.4750569462776184,0.3190780282020569,0.4418787956237793,0.4527091383934021
Custom Bangladeshi E-Waste Image Dataset for Objec/valid/images/IMG_20250822_231221_1_jpg.rf.187ee67700b833c74c2c876f9f8165c7.jpg,Battery Waste,known,battery,battery,1,0.4791245460510254,0.7924651503562927,0.8682005405426025,1.0582096576690674,battery,1,0.37805914878845215,0.9057092070579529,0.9012035131454468,1.0254971981048584,0.4791245460510254,0.31334060430526733,0.37805914878845215,0.5231443643569946
Custom Bangladeshi E-Waste Image Dataset for Objec/valid/images/IMG_20250822_231238_1_jpg.rf.6b34d7600d1352cab6f4fa768e169697.jpg,Battery Waste,known,battery,battery,1,0.7839794158935547,0.8299088478088379,0.8503739833831787,1.0565284490585327,mobile,3,0.9427961111068726,0.8557941317558289,0.8987854719161987,0.9825882911682129,0.7839794158935547,0.0459294319152832,0.8557941317558289,0.04299134016036987
Custom Bangladeshi E-Waste Image Dataset for Objec/valid/images/IMG_20250822_231240_jpg.rf.0be8aa7a50a7759b7663c4d15fee22ee.jpg,Battery Waste,known,battery,battery,1,0.7730523347854614,0.8308293223381042,0.83997642993927,1.0661301612854004,mobile,3,0.9175206422805786,0.8554482460021973,0.8818868398666382,0.9977441430091858,0.7730523347854614,0.05777698755264282,0.8554482460021973,0.026438593864440918
Custom Bangladeshi E-Waste Image Dataset for Objec/valid/images/IMG_20250822_231241_jpg.rf.d6ccb4191c62c428828b1cebbd503123.jpg,Battery Waste,known,battery,battery,1,0.7826485633850098,0.8153107762336731,0.8425055742263794,1.07398521900177,mobile,3,0.9171924591064453,0.8580111861228943,0.8878971934318542,1.0087226629257202,0.7826485633850098,0.03266221284866333,0.8580111861228943,0.02988600730895996
Custom Bangladeshi E-Waste Image Dataset for Objec/valid/images/IMG_20250822_231254_jpg.rf.b3dfdd482b858b6fb25f930221870e93.jpg,Battery Waste,known,battery,battery,1,0.7369632720947266,0.8126460909843445,0.8508007526397705,1.0460960865020752,mobile,3,0.9003080129623413,0.8466956615447998,0.8700543642044067,0.9850103259086609,0.7369632720947266,0.07568281888961792,0.8466956615447998,0.023358702659606934
Custom Bangladeshi E-Waste Image Dataset for Objec/valid/images/IMG_20250822_231335_1_jpg.rf.ecd1de70506fa76d1d0531ffc12d592d.jpg,Medical Waste,unknown,,battery,,0.7603132724761963,0.8296263217926025,0.8271996974945068,1.0824791193008423,battery,,0.8334559202194214,0.8409816026687622,0.837865948677063,0.9963428974151611,0.7603132724761963,0.06688642501831055,0.8334559202194214,0.0044100284576416016
Custom Bangladeshi E-Waste Image Dataset for Objec/valid/images/IMG_20250822_231353_1_jpg.rf.3d1f9a724e4d806c8d4b9ef932ea6c04.jpg,Medical Waste,unknown,,battery,,0.7313092350959778,0.8420559167861938,0.8612141609191895,1.0286165475845337,mobile,,0.9015536904335022,0.8578939437866211,0.9202568531036377,0.976071298122406,0.7313092350959778,0.11074668169021606,0.8578939437866211,0.043659746646881104
