key,source_class,true_family,nearest_cluster_fused_k12,nearest_cluster_radio_k12,nearest_cluster_fused_k14,strict_prediction_fused_k12,nearest_distance_fused_k12,closed_prediction_fused_k12,strict_prediction_radio_k12,nearest_distance_radio_k12,closed_prediction_radio_k12,strict_prediction_fused_k14,nearest_distance_fused_k14,closed_prediction_fused_k14
Custom Bangladeshi E-Waste Image Dataset for Objec/test/images/IMG_20250803_215632_jpg.rf.e24ffa46f609d1debb2febc7da520dae.jpg,Battery Waste,battery,1,4,0,battery,0.5260200500488281,battery,battery,0.5044586658477783,battery,battery,0.5344610214233398,battery
Custom Bangladeshi E-Waste Image Dataset for Objec/test/images/IMG_20250803_215727_jpg.rf.ed0c24ebb5a6e14c10a1c4d99dbf6530.jpg,Battery Waste,battery,5,3,0,mobile,0.7698584794998169,mobile,mobile,0.8326568007469177,mobile,battery,0.7853642702102661,battery
Custom Bangladeshi E-Waste Image Dataset for Objec/test/images/IMG_20250803_215738_jpg.rf.576b5312e98cc236b1ed1246493119c6.jpg,Battery Waste,battery,5,4,0,mobile,0.7591619491577148,mobile,battery,0.8288317918777466,battery,battery,0.7702506184577942,battery
Custom Bangladeshi E-Waste Image Dataset for Objec/test/images/IMG_20250803_215807_jpg.rf.949f4e1a94325c40ad658940123c68d8.jpg,Battery Waste,battery,1,4,0,battery,0.6741735935211182,battery,battery,0.7274856567382812,battery,battery,0.6710981130599976,battery
Custom Bangladeshi E-Waste Image Dataset for Objec/test/images/IMG_20250803_215810_jpg.rf.bf03fc4486612281e874dcbde3267f8b.jpg,Battery Waste,battery,1,3,0,battery,0.695399284362793,battery,mobile,0.761128306388855,mobile,battery,0.6994165182113647,battery
Custom Bangladeshi E-Waste Image Dataset for Objec/test/images/IMG_20250803_215838_jpg.rf.bac3fad9510b7b1db2b0a13d1b39439f.jpg,Mouse,input_peripheral,7,11,6,input_peripheral,0.12299638986587524,input_peripheral,input_peripheral,0.20576810836791992,input_peripheral,input_peripheral,0.10923564434051514,input_peripheral
Custom Bangladeshi E-Waste Image Dataset for Objec/test/images/IMG_20250803_215849_jpg.rf.9f3b116a634ea1a286d4e6054533b8c7.jpg,Mouse,input_peripheral,7,11,6,input_peripheral,0.27053123712539673,input_peripheral,input_peripheral,0.363817036151886,input_peripheral,input_peripheral,0.3041919469833374,input_peripheral
Custom Bangladeshi E-Waste Image Dataset for Objec/test/images/IMG_20250803_215851_jpg.rf.63c6f85a1160ed7d231558ff0a13e94d.jpg,Mouse,input_peripheral,7,11,6,input_peripheral,0.3184899687767029,input_peripheral,input_peripheral,0.5545130968093872,input_peripheral,input_peripheral,0.3553222417831421,input_peripheral
Custom Bangladeshi E-Waste Image Dataset for Objec/test/images/IMG_20250803_215905_jpg.rf.9ea9ffc023daf5f2d35c1aabb1d51bb7.jpg,Mouse,input_peripheral,7,11,6,input_peripheral,0.08503884077072144,input_peripheral,input_peripheral,0.1621987223625183,input_peripheral,input_peripheral,0.05956006050109863,input_peripheral
Custom Bangladeshi E-Waste Image Dataset for Objec/test/images/IMG_20250803_215914_jpg.rf.8feef1eccb5913579498f857230745d0.jpg,Mouse,input_peripheral,7,11,6,input_peripheral,0.15264606475830078,input_peripheral,input_peripheral,0.17734062671661377,input_peripheral,input_peripheral,0.163016676902771,input_peripheral
Custom Bangladeshi E-Waste Image Dataset for Objec/test/images/IMG_20250803_215922_jpg.rf.2d0d3acf3b2ae57e09ef07ea4f228f4a.jpg,Mouse,input_peripheral,7,11,6,input_peripheral,0.19520729780197144,input_peripheral,input_peripheral,0.2703680992126465,input_peripheral,input_peripheral,0.19705617427825928,input_peripheral
Custom Bangladeshi E-Waste Image Dataset for Objec/test/images/IMG_20250803_220025_jpg.rf.0c5fa936f319339057069716325911b2.jpg,Mobile,mobile,5,3,5,mobile,0.4043838381767273,mobile,mobile,0.4344981908798218,mobile,mobile,0.37321746349334717,mobile
Custom Bangladeshi E-Waste Image Dataset for Objec/test/images/IMG_20250803_220034_jpg.rf.ff0c9e529ddd3dfcdb4934dc21b66ca1.jpg,Mobile,mobile,5,3,5,mobile,0.13380223512649536,mobile,mobile,0.16131287813186646,mobile,mobile,0.14124727249145508,mobile
Custom Bangladeshi E-Waste Image Dataset for Objec/test/images/IMG_20250803_220038_jpg.rf.7649ac00470edad7f06ef522f2ffa0ae.jpg,Mobile,mobile,5,3,5,mobile,0.14304184913635254,mobile,mobile,0.13463836908340454,mobile,mobile,0.15110546350479126,mobile
Custom Bangladeshi E-Waste Image Dataset for Objec/test/images/IMG_20250803_220045_jpg.rf.337135edaed79d430b95b610ec32c0db.jpg,Mobile,mobile,5,3,5,mobile,0.558295488357544,mobile,mobile,0.661634624004364,mobile,mobile,0.5788406133651733,mobile
Custom Bangladeshi E-Waste Image Dataset for Objec/test/images/IMG_20250803_220050_jpg.rf.440e59bfd126dbb87848a17d6ef10ad8.jpg,Mobile,mobile,5,3,5,mobile,0.4646475315093994,mobile,mobile,0.4769982695579529,mobile,mobile,0.48025739192962646,mobile
Custom Bangladeshi E-Waste Image Dataset for Objec/test/images/IMG_20250803_220051_jpg.rf.39ebee3d80d991a2fd3bd1e036ae9b05.jpg,Mobile,mobile,5,3,5,mobile,0.48984837532043457,mobile,mobile,0.4770944118499756,mobile,mobile,0.5019988417625427,mobile
Custom Bangladeshi E-Waste Image Dataset for Objec/test/images/IMG_20250803_220138_jpg.rf.c32f7dc03280433f7176d3be9f2d22a3.jpg,Mobile,mobile,5,3,5,mobile,0.33243322372436523,mobile,mobile,0.3449684977531433,mobile,mobile,0.37449270486831665,mobile
Custom Bangladeshi E-Waste Image Dataset for Objec/test/images/IMG_20250803_220141_jpg.rf.addfdb758aea6542ed458ec7e715f306.jpg,Mobile,mobile,5,3,5,mobile,0.28499776124954224,mobile,mobile,0.3400757908821106,mobile,mobile,0.30702269077301025,mobile
Custom Bangladeshi E-Waste Image Dataset for Objec/test/images/IMG_20250803_220146_jpg.rf.c669407739cff140d229870182988583.jpg,Mobile,mobile,5,3,5,mobile,0.2677870988845825,mobile,mobile,0.3148156404495239,mobile,mobile,0.23795604705810547,mobile
Custom Bangladeshi E-Waste Image Dataset for Objec/test/images/IMG_20250803_220228_jpg.rf.8e94e7ce7153325b8e181e6a1d331ef0.jpg,Mobile,mobile,5,3,5,mobile,0.4357685446739197,mobile,mobile,0.545203685760498,mobile,mobile,0.4426565170288086,mobile
Custom Bangladeshi E-Waste Image Dataset for Objec/test/images/IMG_20250803_220244_jpg.rf.25e694fad0069d6b3720bcfeff342f09.jpg,Mobile,mobile,5,3,5,mobile,0.35709434747695923,mobile,mobile,0.3865516185760498,mobile,mobile,0.36468708515167236,mobile
Custom Bangladeshi E-Waste Image Dataset for Objec/test/images/IMG_20250803_220254_jpg.rf.11410f220a6391f2c4b55aa7acabf966.jpg,Mobile,mobile,5,3,5,mobile,0.4406992197036743,mobile,mobile,0.5501601099967957,mobile,mobile,0.44243675470352173,mobile
Custom Bangladeshi E-Waste Image Dataset for Objec/test/images/IMG_20250803_220256_jpg.rf.3b9f89aa439c4e4d73ed04ed18e16668.jpg,Mobile,mobile,5,3,5,mobile,0.4407344460487366,mobile,mobile,0.5417873859405518,mobile,mobile,0.44039785861968994,mobile
Custom Bangladeshi E-Waste Image Dataset for Objec/test/images/IMG_20250803_220257_jpg.rf.8553c912c825e21ed3ec17bc2f25ff9a.jpg,Mobile,mobile,5,3,5,mobile,0.4458339810371399,mobile,mobile,0.5398228168487549,mobile,mobile,0.4409477710723877,mobile
Custom Bangladeshi E-Waste Image Dataset for Objec/test/images/IMG_20250803_220311_jpg.rf.72c9015fb578049a797e0d93bd65aee3.jpg,Battery Waste,battery,5,3,5,mobile,0.5184072256088257,mobile,mobile,0.587531328201294,mobile,mobile,0.5312403440475464,mobile
Custom Bangladeshi E-Waste Image Dataset for Objec/test/images/IMG_20250803_220320_jpg.rf.10f96e152fbca7bb72a58524897b976a.jpg,Battery Waste,battery,1,4,0,battery,0.2910645604133606,battery,battery,0.2212201952934265,battery,battery,0.2847491502761841,battery
Custom Bangladeshi E-Waste Image Dataset for Objec/test/images/IMG_20250803_220323_1_jpg.rf.573457ae657057432e59564c621a62b2.jpg,Battery Waste,battery,1,4,0,battery,0.2780512571334839,battery,battery,0.1880534291267395,battery,battery,0.2724218964576721,battery
Custom Bangladeshi E-Waste Image Dataset for Objec/test/images/IMG_20250803_220351_jpg.rf.450e818f2d954bda365821a90b9c2a70.jpg,Mobile,mobile,5,3,5,mobile,0.3875889182090759,mobile,mobile,0.43173402547836304,mobile,mobile,0.37182122468948364,mobile
Custom Bangladeshi E-Waste Image Dataset for Objec/test/images/IMG_20250805_203323_jpg.rf.a182df57cbdc73a0a473a3e488e1725f.jpg,Mobile,mobile,2,6,1,unmapped,0.5849286317825317,pcb,unmapped,0.6484616994857788,pcb,unmapped,0.6695728302001953,pcb
Custom Bangladeshi E-Waste Image Dataset for Objec/test/images/IMG_20250805_203327_1_jpg.rf.fa4eadf62370e6bdea8c64d3f20085bf.jpg,Mobile,mobile,2,6,1,unmapped,0.592086911201477,pcb,unmapped,0.7086613774299622,pcb,unmapped,0.6920261979103088,pcb
Custom Bangladeshi E-Waste Image Dataset for Objec/test/images/IMG_20250805_203331_jpg.rf.057cab3983811f47856a15c6f0a2449f.jpg,Mobile,mobile,2,6,1,unmapped,0.4656628370285034,pcb,unmapped,0.5900701284408569,mobile,unmapped,0.5240357518196106,mobile
Custom Bangladeshi E-Waste Image Dataset for Objec/test/images/IMG_20250805_203332_jpg.rf.d41ae9b5b36b9d521c1ca424ad79c0e8.jpg,Mobile,mobile,2,6,1,unmapped,0.4693326950073242,pcb,unmapped,0.533836841583252,mobile,unmapped,0.5283093452453613,mobile
Custom Bangladeshi E-Waste Image Dataset for Objec/test/images/IMG_20250805_203336_jpg.rf.ab9901e1027c275718c876cd3fd594e8.jpg,Mobile,mobile,2,6,1,unmapped,0.5252425074577332,mobile,unmapped,0.651167631149292,mobile,unmapped,0.5774766206741333,mobile
Custom Bangladeshi E-Waste Image Dataset for Objec/test/images/IMG_20250805_203338_1_jpg.rf.bf2025683e05750526dc29fc829b8ac5.jpg,Mobile,mobile,2,6,1,unmapped,0.5168456435203552,pcb,unmapped,0.6017472147941589,mobile,unmapped,0.5692317485809326,pcb
Custom Bangladeshi E-Waste Image Dataset for Objec/test/images/IMG_20250805_203629_jpg.rf.d89fd0de6e89404602d2a25bdad904e4.jpg,PCB,pcb,2,6,12,unmapped,0.5021982192993164,pcb,unmapped,0.6997963190078735,pcb,pcb,0.5650519132614136,pcb
Custom Bangladeshi E-Waste Image Dataset for Objec/test/images/IMG_20250805_203635_jpg.rf.4b7ff9b6be85b3adf4c377982527e6c0.jpg,PCB,pcb,2,6,1,unmapped,0.5117710828781128,pcb,unmapped,0.6489098072052002,pcb,unmapped,0.5881375074386597,pcb
Custom Bangladeshi E-Waste Image Dataset for Objec/test/images/IMG_20250805_203659_jpg.rf.edbe8e689ffc0dc1021c447051c64419.jpg,PCB,pcb,8,10,12,pcb,0.5579920411109924,pcb,pcb,0.3904087543487549,pcb,pcb,0.5921849012374878,pcb
Custom Bangladeshi E-Waste Image Dataset for Objec/test/images/IMG_20250805_203700_jpg.rf.15590bc0a0da9b4cf5f44df567594169.jpg,PCB,pcb,8,10,12,pcb,0.5144025087356567,pcb,pcb,0.37661904096603394,pcb,pcb,0.552528977394104,pcb
Custom Bangladeshi E-Waste Image Dataset for Objec/test/images/IMG_20250805_203805_jpg.rf.ecf4905797f5b1dbc5887402d335664a.jpg,Mobile,mobile,5,3,5,mobile,0.4897810220718384,mobile,mobile,0.5822285413742065,mobile,mobile,0.4898291230201721,mobile
Custom Bangladeshi E-Waste Image Dataset for Objec/test/images/IMG_20250805_203845_jpg.rf.8c15db31b863733a22036fd715b6cc3a.jpg,Mobile,mobile,5,3,5,mobile,0.4535541534423828,mobile,mobile,0.5717272758483887,mobile,mobile,0.4584425091743469,mobile
Custom Bangladeshi E-Waste Image Dataset for Objec/test/images/IMG_20250805_203855_jpg.rf.b93267bbbb8a18ecabe79a8491630cce.jpg,Mobile,mobile,5,3,5,mobile,0.5286245942115784,mobile,mobile,0.7070536017417908,mobile,mobile,0.5548170208930969,mobile
Custom Bangladeshi E-Waste Image Dataset for Objec/test/images/IMG_20250805_203918_jpg.rf.0320c79bd3505204e3c7b6d35a1d716a.jpg,Mobile,mobile,5,3,5,mobile,0.4617537260055542,mobile,mobile,0.5804882049560547,mobile,mobile,0.4689185619354248,mobile
Custom Bangladeshi E-Waste Image Dataset for Objec/test/images/IMG_20250805_203950_jpg.rf.e20c8cf0ae6b59ee38b2a9c2dadbe0eb.jpg,Mobile,mobile,5,3,5,mobile,0.4961089491844177,mobile,mobile,0.5175288915634155,mobile,mobile,0.44617676734924316,mobile
Custom Bangladeshi E-Waste Image Dataset for Objec/test/images/IMG_20250805_204901_jpg.rf.9d14ef5f5e3cd04fa8c617a912987052.jpg,Mouse,input_peripheral,7,11,6,input_peripheral,0.4994758367538452,input_peripheral,input_peripheral,0.5809142589569092,input_peripheral,input_peripheral,0.5382848978042603,input_peripheral
Custom Bangladeshi E-Waste Image Dataset for Objec/test/images/IMG_20250805_205053_jpg.rf.4a5a176714e4c428774a32fbd7e0f915.jpg,Battery Waste,battery,2,6,1,unmapped,0.581096887588501,battery,unmapped,0.7572809457778931,pcb,unmapped,0.6531444787979126,battery
Custom Bangladeshi E-Waste Image Dataset for Objec/test/images/IMG_20250819_235825_jpg.rf.7aa576f7cb02471e8994444cf27fa28c.jpg,PCB,pcb,8,10,12,pcb,0.19271302223205566,pcb,pcb,0.18854206800460815,pcb,pcb,0.1836044192314148,pcb
Custom Bangladeshi E-Waste Image Dataset for Objec/test/images/IMG_20250819_235826_1_jpg.rf.c4b68d324e66f8a22b052b5fc9caf77e.jpg,PCB,pcb,8,10,12,pcb,0.1953730583190918,pcb,pcb,0.19288557767868042,pcb,pcb,0.18828505277633667,pcb
Custom Bangladeshi E-Waste Image Dataset for Objec/test/images/IMG_20250819_235834_jpg.rf.ca82a7a2b1613934ff84e4f2b604624f.jpg,PCB,pcb,8,10,12,pcb,0.17878121137619019,pcb,pcb,0.20862990617752075,pcb,pcb,0.17637979984283447,pcb
Custom Bangladeshi E-Waste Image Dataset for Objec/test/images/IMG_20250819_235854_jpg.rf.1301ce39100af13ea5388ee514c5ae8d.jpg,PCB,pcb,8,10,12,pcb,0.2164745330810547,pcb,pcb,0.177970290184021,pcb,pcb,0.222275972366333,pcb
Custom Bangladeshi E-Waste Image Dataset for Objec/test/images/IMG_20250819_235855_1_jpg.rf.f04c1306dc16b1f9b9278111b7d62f68.jpg,PCB,pcb,8,10,12,pcb,0.2104508876800537,pcb,pcb,0.1648118495941162,pcb,pcb,0.21373134851455688,pcb
Custom Bangladeshi E-Waste Image Dataset for Objec/test/images/IMG_20250819_235901_jpg.rf.dd11536cef119c9a8d77c4ca35e81b59.jpg,PCB,pcb,8,10,12,pcb,0.2382848858833313,pcb,pcb,0.1813226342201233,pcb,pcb,0.25234276056289673,pcb
Custom Bangladeshi E-Waste Image Dataset for Objec/test/images/IMG_20250819_235906_jpg.rf.acb4f57e3be6dbfcdf1c0345f05e42cc.jpg,PCB,pcb,8,10,12,pcb,0.1351136565208435,pcb,pcb,0.14567071199417114,pcb,pcb,0.13282334804534912,pcb
Custom Bangladeshi E-Waste Image Dataset for Objec/test/images/IMG_20250819_235909_jpg.rf.7b6756f0b84eca2fee8652178b358cad.jpg,PCB,pcb,8,10,12,pcb,0.13432854413986206,pcb,pcb,0.15158694982528687,pcb,pcb,0.13007491827011108,pcb
Custom Bangladeshi E-Waste Image Dataset for Objec/test/images/IMG_20250819_235928_1_jpg.rf.bdf2ed5c451e3f0f6f66c14a405fdcf4.jpg,PCB,pcb,8,10,12,pcb,0.1755582094192505,pcb,pcb,0.15051215887069702,pcb,pcb,0.1762182116508484,pcb
Custom Bangladeshi E-Waste Image Dataset for Objec/test/images/IMG_20250819_235946_1_jpg.rf.8062c6fe42dc08b615e1b1d3fd24ee49.jpg,PCB,pcb,8,10,12,pcb,0.17168211936950684,pcb,pcb,0.16905325651168823,pcb,pcb,0.16716265678405762,pcb
Custom Bangladeshi E-Waste Image Dataset for Objec/test/images/IMG_20250819_235946_jpg.rf.81cad422467acab353a93f9d628214c0.jpg,PCB,pcb,8,10,12,pcb,0.17412030696868896,pcb,pcb,0.16522234678268433,pcb,pcb,0.16696757078170776,pcb
Custom Bangladeshi E-Waste Image Dataset for Objec/test/images/IMG_20250819_235956_1_jpg.rf.13c8f40791f750605aa42a1d3e903da9.jpg,PCB,pcb,8,10,12,pcb,0.20513266324996948,pcb,pcb,0.18625980615615845,pcb,pcb,0.21392279863357544,pcb
Custom Bangladeshi E-Waste Image Dataset for Objec/test/images/IMG_20250819_235956_jpg.rf.bca754d8c8474f5b1a13d84dbba205dc.jpg,PCB,pcb,8,10,12,pcb,0.19747281074523926,pcb,pcb,0.18178927898406982,pcb,pcb,0.2112930417060852,pcb
Custom Bangladeshi E-Waste Image Dataset for Objec/test/images/IMG_20250820_000033_jpg.rf.adc972c64f812ec16fb7b709cd8f8d48.jpg,PCB,pcb,8,10,12,pcb,0.2588416337966919,pcb,pcb,0.22929716110229492,pcb,pcb,0.25334078073501587,pcb
Custom Bangladeshi E-Waste Image Dataset for Objec/test/images/IMG_20250820_000035_jpg.rf.3407d126afc41a5158e1ab67a1306b90.jpg,PCB,pcb,8,10,12,pcb,0.22175508737564087,pcb,pcb,0.1826050877571106,pcb,pcb,0.1987723708152771,pcb
Custom Bangladeshi E-Waste Image Dataset for Objec/test/images/IMG_20250820_000047_jpg.rf.c2f82c69a566742b8d1f5b87fd1b9984.jpg,PCB,pcb,8,10,12,pcb,0.2560065984725952,pcb,pcb,0.23661726713180542,pcb,pcb,0.2343151569366455,pcb
Custom Bangladeshi E-Waste Image Dataset for Objec/test/images/IMG_20250820_000050_jpg.rf.d5926835c69464775534ba88b4e245de.jpg,PCB,pcb,8,10,12,pcb,0.2556493282318115,pcb,pcb,0.2313956618309021,pcb,pcb,0.2290891408920288,pcb
Custom Bangladeshi E-Waste Image Dataset for Objec/test/images/IMG_20250820_000054_jpg.rf.61ea31788c45e13dcb66eea5b0503579.jpg,PCB,pcb,8,10,12,pcb,0.2161383032798767,pcb,pcb,0.2331659197807312,pcb,pcb,0.19425302743911743,pcb
Custom Bangladeshi E-Waste Image Dataset for Objec/test/images/IMG_20250820_000059_1_jpg.rf.0a4cc07d817a5083c6dc09505c31b33e.jpg,PCB,pcb,8,10,12,pcb,0.22497642040252686,pcb,pcb,0.21029061079025269,pcb,pcb,0.20191216468811035,pcb
Custom Bangladeshi E-Waste Image Dataset for Objec/test/images/IMG_20250820_000101_jpg.rf.4f68106af83c526406d31efab9a05adc.jpg,PCB,pcb,8,10,12,pcb,0.2080702781677246,pcb,pcb,0.18510490655899048,pcb,pcb,0.1865432858467102,pcb
Custom Bangladeshi E-Waste Image Dataset for Objec/test/images/IMG_20250820_000134_1_jpg.rf.9d5420526a6c553ff0faa51084546ee3.jpg,PCB,pcb,8,10,12,pcb,0.15628653764724731,pcb,pcb,0.1513054370880127,pcb,pcb,0.16141760349273682,pcb
Custom Bangladeshi E-Waste Image Dataset for Objec/test/images/IMG_20250820_000134_jpg.rf.25b23ebf880b183086a384e7c3046fe8.jpg,PCB,pcb,8,10,12,pcb,0.1489652395248413,pcb,pcb,0.15016472339630127,pcb,pcb,0.15559446811676025,pcb
Custom Bangladeshi E-Waste Image Dataset for Objec/test/images/IMG_20250820_000155_1_jpg.rf.0cc062953a4fabb2963a72c41cc6ff8e.jpg,PCB,pcb,8,10,12,pcb,0.10295122861862183,pcb,pcb,0.1336267590522766,pcb,pcb,0.09451889991760254,pcb
Custom Bangladeshi E-Waste Image Dataset for Objec/test/images/IMG_20250820_000158_jpg.rf.21193b8da65fcf0f38601cc8bd4f1b47.jpg,PCB,pcb,8,10,12,pcb,0.10505104064941406,pcb,pcb,0.14817118644714355,pcb,pcb,0.09705400466918945,pcb
Custom Bangladeshi E-Waste Image Dataset for Objec/test/images/IMG_20250820_000208_jpg.rf.8ef14c59eeed172b81cad649377fa976.jpg,PCB,pcb,8,10,12,pcb,0.11720824241638184,pcb,pcb,0.1589457392692566,pcb,pcb,0.11556833982467651,pcb
Custom Bangladeshi E-Waste Image Dataset for Objec/test/images/IMG_20250820_000210_jpg.rf.c7731efde23ccbb6f20b0c3b033dc383.jpg,PCB,pcb,8,10,12,pcb,0.11324095726013184,pcb,pcb,0.1598157286643982,pcb,pcb,0.11128300428390503,pcb
Custom Bangladeshi E-Waste Image Dataset for Objec/test/images/IMG_20250820_000214_1_jpg.rf.a4009d99178ad043ce6e7f504a036d92.jpg,PCB,pcb,8,10,12,pcb,0.08633339405059814,pcb,pcb,0.07943665981292725,pcb,pcb,0.09028679132461548,pcb
Custom Bangladeshi E-Waste Image Dataset for Objec/test/images/IMG_20250822_135900_jpg.rf.453e2314c45b42bcd284114778b8c551.jpg,Keyboard,input_peripheral,0,2,9,input_peripheral,0.14169150590896606,input_peripheral,input_peripheral,0.16705864667892456,input_peripheral,input_peripheral,0.12099587917327881,input_peripheral
Custom Bangladeshi E-Waste Image Dataset for Objec/test/images/IMG_20250822_135906_jpg.rf.3b7d2cbc98e29c0fcb4c76e1ca805446.jpg,Keyboard,input_peripheral,0,2,9,input_peripheral,0.14921867847442627,input_peripheral,input_peripheral,0.17787379026412964,input_peripheral,input_peripheral,0.1238107681274414,input_peripheral
Custom Bangladeshi E-Waste Image Dataset for Objec/test/images/IMG_20250822_135923_jpg.rf.093e30b9e636a584f99200ec22dc90e7.jpg,Keyboard,input_peripheral,8,10,12,pcb,0.671068549156189,pcb,pcb,0.6607311367988586,pcb,pcb,0.679995596408844,pcb
Custom Bangladeshi E-Waste Image Dataset for Objec/test/images/IMG_20250822_135929_jpg.rf.2f0cf54e9747d01974aa628d24d1dde1.jpg,Keyboard,input_peripheral,8,10,12,pcb,0.6479378342628479,pcb,pcb,0.6754443645477295,pcb,pcb,0.6690769195556641,pcb
Custom Bangladeshi E-Waste Image Dataset for Objec/test/images/IMG_20250822_135940_jpg.rf.21280cf79175e652ea82f65d0b9c7f62.jpg,Keyboard,input_peripheral,0,2,9,input_peripheral,0.14272189140319824,input_peripheral,input_peripheral,0.18257731199264526,input_peripheral,input_peripheral,0.13144761323928833,input_peripheral
Custom Bangladeshi E-Waste Image Dataset for Objec/test/images/IMG_20250822_135958_jpg.rf.420daab7fb8b612ee27099a692f61e42.jpg,Keyboard,input_peripheral,0,2,9,input_peripheral,0.16012084484100342,input_peripheral,input_peripheral,0.19906675815582275,input_peripheral,input_peripheral,0.13183581829071045,input_peripheral
Custom Bangladeshi E-Waste Image Dataset for Objec/test/images/IMG_20250822_140008_jpg.rf.8989c657b76686633249aa1103b65e2e.jpg,Keyboard,input_peripheral,0,2,9,input_peripheral,0.14010590314865112,input_peripheral,input_peripheral,0.1773473024368286,input_peripheral,input_peripheral,0.1260155439376831,input_peripheral
Custom Bangladeshi E-Waste Image Dataset for Objec/test/images/IMG_20250822_140009_jpg.rf.f15772bec2401f30e84df176faf9bf5b.jpg,Keyboard,input_peripheral,0,2,9,input_peripheral,0.14341497421264648,input_peripheral,input_peripheral,0.17091429233551025,input_peripheral,input_peripheral,0.12693512439727783,input_peripheral
Custom Bangladeshi E-Waste Image Dataset for Objec/test/images/IMG_20250822_140159_jpg.rf.74aaa63443e33b800cd53eccd5b716e3.jpg,Keyboard,input_peripheral,0,2,9,input_peripheral,0.1461848020553589,input_peripheral,input_peripheral,0.1452978253364563,input_peripheral,input_peripheral,0.12682968378067017,input_peripheral
Custom Bangladeshi E-Waste Image Dataset for Objec/test/images/IMG_20250822_140219_jpg.rf.02ec3714370ecd019073128a348ea140.jpg,Keyboard,input_peripheral,0,2,9,input_peripheral,0.14310044050216675,input_peripheral,input_peripheral,0.1803181767463684,input_peripheral,input_peripheral,0.12572181224822998,input_peripheral
Custom Bangladeshi E-Waste Image Dataset for Objec/test/images/IMG_20250822_140222_jpg.rf.ff63928f6fd759424a21461d4c5e1203.jpg,Keyboard,input_peripheral,0,2,9,input_peripheral,0.13498950004577637,input_peripheral,input_peripheral,0.18270426988601685,input_peripheral,input_peripheral,0.12020182609558105,input_peripheral
Custom Bangladeshi E-Waste Image Dataset for Objec/test/images/IMG_20250822_140223_jpg.rf.1306b02c448e484476bfb44cd9960957.jpg,Keyboard,input_peripheral,0,2,9,input_peripheral,0.13715296983718872,input_peripheral,input_peripheral,0.18785178661346436,input_peripheral,input_peripheral,0.12206560373306274,input_peripheral
Custom Bangladeshi E-Waste Image Dataset for Objec/test/images/IMG_20250822_140225_jpg.rf.853567ed56f80104abe0de86d68a50e1.jpg,Keyboard,input_peripheral,0,2,9,input_peripheral,0.13682180643081665,input_peripheral,input_peripheral,0.17955482006072998,input_peripheral,input_peripheral,0.11864513158798218,input_peripheral
Custom Bangladeshi E-Waste Image Dataset for Objec/test/images/IMG_20250822_140230_jpg.rf.8e21bb8d48cebe5fdff21d1032e62d54.jpg,Keyboard,input_peripheral,1,2,0,battery,0.6768954992294312,battery,input_peripheral,0.6560095548629761,input_peripheral,battery,0.6352019906044006,battery
Custom Bangladeshi E-Waste Image Dataset for Objec/test/images/IMG_20250822_140302_jpg.rf.6eaa141f0ef3721372cbe3dc889dec87.jpg,Keyboard,input_peripheral,0,2,9,input_peripheral,0.17146772146224976,input_peripheral,input_peripheral,0.22373753786087036,input_peripheral,input_peripheral,0.1313120722770691,input_peripheral
Custom Bangladeshi E-Waste Image Dataset for Objec/test/images/IMG_20250822_140304_jpg.rf.c89a1817c375cfb5bd51818eb01621f6.jpg,Keyboard,input_peripheral,0,2,9,input_peripheral,0.1686752438545227,input_peripheral,input_peripheral,0.21142131090164185,input_peripheral,input_peripheral,0.12894487380981445,input_peripheral
Custom Bangladeshi E-Waste Image Dataset for Objec/test/images/IMG_20250822_140308_jpg.rf.8d6f8692a27b5076cdc634ac3a93e8fa.jpg,Keyboard,input_peripheral,0,2,9,input_peripheral,0.1841602325439453,input_peripheral,input_peripheral,0.235539972782135,input_peripheral,input_peripheral,0.13857972621917725,input_peripheral
Custom Bangladeshi E-Waste Image Dataset for Objec/test/images/IMG_20250822_140311_jpg.rf.a3ee07b7977b220b17a4be2eca36ba8f.jpg,Keyboard,input_peripheral,0,2,9,input_peripheral,0.17327255010604858,input_peripheral,input_peripheral,0.20523273944854736,input_peripheral,input_peripheral,0.13408076763153076,input_peripheral
Custom Bangladeshi E-Waste Image Dataset for Objec/test/images/IMG_20250822_140317_jpg.rf.8a8350e9a0119414b9d805cd5d27bb2a.jpg,Keyboard,input_peripheral,0,2,9,input_peripheral,0.16483086347579956,input_peripheral,input_peripheral,0.20794463157653809,input_peripheral,input_peripheral,0.12999284267425537,input_peripheral
Custom Bangladeshi E-Waste Image Dataset for Objec/test/images/IMG_20250822_140350_jpg.rf.37910db6261f9d7b4c8e256400d8771c.jpg,Mouse,input_peripheral,7,11,6,input_peripheral,0.1104506254196167,input_peripheral,input_peripheral,0.15264064073562622,input_peripheral,input_peripheral,0.08425414562225342,input_peripheral
Custom Bangladeshi E-Waste Image Dataset for Objec/test/images/IMG_20250822_140351_jpg.rf.68a8ac2bc7e4380a0e2993e012ff5c19.jpg,Mouse,input_peripheral,7,11,6,input_peripheral,0.11442726850509644,input_peripheral,input_peripheral,0.15469855070114136,input_peripheral,input_peripheral,0.08550149202346802,input_peripheral
Custom Bangladeshi E-Waste Image Dataset for Objec/test/images/IMG_20250822_140359_jpg.rf.9470f9f5d5bab33f64ec56963463294f.jpg,Mouse,input_peripheral,7,11,6,input_peripheral,0.2482898235321045,input_peripheral,input_peripheral,0.17943191528320312,input_peripheral,input_peripheral,0.23293912410736084,input_peripheral
Custom Bangladeshi E-Waste Image Dataset for Objec/test/images/IMG_20250822_140409_jpg.rf.42405a2d8bac9ee2bce25275e0e3d92d.jpg,Mouse,input_peripheral,7,11,6,input_peripheral,0.10047149658203125,input_peripheral,input_peripheral,0.10596650838851929,input_peripheral,input_peripheral,0.07373088598251343,input_peripheral
Custom Bangladeshi E-Waste Image Dataset for Objec/test/images/IMG_20250822_140412_jpg.rf.4ee51e53754b9b6942d000b4469de550.jpg,Mouse,input_peripheral,7,11,6,input_peripheral,0.3525339365005493,input_peripheral,input_peripheral,0.49021196365356445,input_peripheral,input_peripheral,0.3605055809020996,input_peripheral
Custom Bangladeshi E-Waste Image Dataset for Objec/test/images/IMG_20250822_140424_jpg.rf.561505a19b65a4aada84cdaf0084a292.jpg,Mouse,input_peripheral,7,11,6,input_peripheral,0.12447267770767212,input_peripheral,input_peripheral,0.10828554630279541,input_peripheral,input_peripheral,0.09731185436248779,input_peripheral
Custom Bangladeshi E-Waste Image Dataset for Objec/test/images/IMG_20250822_140426_jpg.rf.f5bd5222e11ac436c427f2f5274f611b.jpg,Mouse,input_peripheral,7,11,6,input_peripheral,0.12095212936401367,input_peripheral,input_peripheral,0.11257022619247437,input_peripheral,input_peripheral,0.09530580043792725,input_peripheral
Custom Bangladeshi E-Waste Image Dataset for Objec/test/images/IMG_20250822_140431_jpg.rf.0219dfce4349916a8a0b4c3a90383476.jpg,Mouse,input_peripheral,7,11,6,input_peripheral,0.4822467565536499,input_peripheral,input_peripheral,0.768485963344574,input_peripheral,input_peripheral,0.46004611253738403,input_peripheral
Custom Bangladeshi E-Waste Image Dataset for Objec/test/images/IMG_20250822_140439_jpg.rf.9cefc436b0a5838a8f3e084f24758d45.jpg,Mouse,input_peripheral,7,11,6,input_peripheral,0.10546785593032837,input_peripheral,input_peripheral,0.15779978036880493,input_peripheral,input_peripheral,0.07267588376998901,input_peripheral
Custom Bangladeshi E-Waste Image Dataset for Objec/test/images/IMG_20250822_231124_jpg.rf.454eb5a36ebdb2ad770c60899ed1ff5d.jpg,Battery Waste,battery,1,4,0,battery,0.5077681541442871,battery,battery,0.6907533407211304,battery,battery,0.5034899711608887,battery
Custom Bangladeshi E-Waste Image Dataset for Objec/test/images/IMG_20250822_231126_jpg.rf.7712b4701c0e3c8ad2f513a37cac8107.jpg,Battery Waste,battery,1,4,0,battery,0.513649582862854,battery,battery,0.7251570224761963,battery,battery,0.5082299113273621,battery
Custom Bangladeshi E-Waste Image Dataset for Objec/test/images/IMG_20250822_231151_jpg.rf.2607ab2dc8acaf81e39a0adf8e0950f7.jpg,Battery Waste,battery,1,3,0,battery,0.6697165966033936,battery,mobile,0.7810966372489929,mobile,battery,0.6516709327697754,battery
Custom Bangladeshi E-Waste Image Dataset for Objec/test/images/IMG_20250822_231152_jpg.rf.e62543112ad7bd0d4593d533a2e3f231.jpg,Battery Waste,battery,1,3,0,battery,0.6966327428817749,battery,mobile,0.7675310373306274,mobile,battery,0.6786109209060669,battery
Custom Bangladeshi E-Waste Image Dataset for Objec/test/images/IMG_20250822_231209_1_jpg.rf.fcf651145e2d95b81efe4e9904f3cfed.jpg,Battery Waste,battery,1,4,0,battery,0.5848101377487183,battery,battery,0.8052787780761719,battery,battery,0.5944665670394897,battery
Custom Bangladeshi E-Waste Image Dataset for Objec/test/images/IMG_20250822_231210_jpg.rf.3e928d15c853583abf8b89eff296af81.jpg,Battery Waste,battery,1,4,0,battery,0.5747986435890198,battery,battery,0.6503320932388306,battery,battery,0.5788379907608032,battery
Custom Bangladeshi E-Waste Image Dataset for Objec/test/images/IMG_20250822_231211_jpg.rf.29439c714ba00a43492ccf5b2673e53f.jpg,Battery Waste,battery,1,4,0,battery,0.5845763683319092,battery,battery,0.831645131111145,battery,battery,0.6059707999229431,battery
Custom Bangladeshi E-Waste Image Dataset for Objec/test/images/IMG_20250822_231221_jpg.rf.f1b09c45232ce7f53d9929c1a6024cc0.jpg,Battery Waste,battery,1,4,0,battery,0.5177277326583862,battery,battery,0.5680403709411621,battery,battery,0.5015946626663208,battery
Custom Bangladeshi E-Waste Image Dataset for Objec/test/images/IMG_20250822_231228_1_jpg.rf.8374d1d76854c1115c33fd7b7bedb107.jpg,Battery Waste,battery,1,4,0,battery,0.4442436695098877,battery,battery,0.4701164960861206,battery,battery,0.419413685798645,battery
Custom Bangladeshi E-Waste Image Dataset for Objec/test/images/IMG_20250822_231228_jpg.rf.5878b0c9eb72ca9d1cdcfc596fc61234.jpg,Battery Waste,battery,1,4,0,battery,0.5032894611358643,battery,battery,0.6078110933303833,battery,battery,0.47754138708114624,battery
Custom Bangladeshi E-Waste Image Dataset for Objec/test/images/IMG_20250822_231238_jpg.rf.3c4cd2453b779bbf5224c35672da6c9d.jpg,Battery Waste,battery,1,3,0,battery,0.7874362468719482,battery,mobile,0.8458516597747803,mobile,battery,0.7855541110038757,battery
Custom Bangladeshi E-Waste Image Dataset for Objec/test/images/IMG_20250822_231239_jpg.rf.a708ada26d463e1fc8125634fc78cbf5.jpg,Battery Waste,battery,1,3,0,battery,0.7797075510025024,battery,mobile,0.8533701300621033,mobile,battery,0.7771704196929932,battery
Custom Bangladeshi E-Waste Image Dataset for Objec/test/images/IMG_20250822_231241_1_jpg.rf.08f4254c1a6be413d72d48bc233c8175.jpg,Battery Waste,battery,1,3,0,battery,0.783653736114502,battery,mobile,0.8621727228164673,mobile,battery,0.7828136682510376,battery
Custom Bangladeshi E-Waste Image Dataset for Objec/test/images/IMG_20250822_231256_1_jpg.rf.aea99bc61d2369c19f56241e3f0876cf.jpg,Battery Waste,battery,1,3,0,battery,0.7161563038825989,battery,mobile,0.8521086573600769,mobile,battery,0.7116720080375671,battery
Custom Bangladeshi E-Waste Image Dataset for Objec/train/images/IMG_20250803_215648_jpg.rf.76ccb3808e396afdab350d5bc97f6366.jpg,Battery Waste,battery,1,4,0,battery,0.4711637496948242,battery,battery,0.46190571784973145,battery,battery,0.47886431217193604,battery
Custom Bangladeshi E-Waste Image Dataset for Objec/train/images/IMG_20250803_215648_jpg.rf.c339d9561861e32aec3649527f4423f7.jpg,Battery Waste,battery,1,4,0,battery,0.336478054523468,battery,battery,0.3979308009147644,battery,battery,0.31937623023986816,battery
Custom Bangladeshi E-Waste Image Dataset for Objec/train/images/IMG_20250803_215648_jpg.rf.e06da5e80cf6d6815419245cec540057.jpg,Battery Waste,battery,1,4,0,battery,0.5833221077919006,battery,battery,0.7905736565589905,battery,battery,0.591970682144165,battery
Custom Bangladeshi E-Waste Image Dataset for Objec/train/images/IMG_20250803_215701_jpg.rf.352a524931e1295dac040a7f6381d4f1.jpg,Battery Waste,battery,5,3,5,mobile,0.4355691075325012,mobile,mobile,0.29503142833709717,mobile,mobile,0.4423084855079651,mobile
Custom Bangladeshi E-Waste Image Dataset for Objec/train/images/IMG_20250803_215701_jpg.rf.953215ef1f4ce660a9ce216ed10cd5fe.jpg,Battery Waste,battery,5,3,5,mobile,0.7094249725341797,mobile,mobile,0.7884286046028137,mobile,mobile,0.7220345735549927,mobile
Custom Bangladeshi E-Waste Image Dataset for Objec/train/images/IMG_20250803_215701_jpg.rf.e582db8c0d1f0560b6d54cc15f102097.jpg,Battery Waste,battery,5,3,5,mobile,0.6575911045074463,mobile,mobile,0.7417411804199219,mobile,mobile,0.6758710145950317,mobile
Custom Bangladeshi E-Waste Image Dataset for Objec/train/images/IMG_20250803_215704_jpg.rf.0d941aee39572d80f929eb96b4640aaa.jpg,Battery Waste,battery,5,3,5,mobile,0.6481202840805054,mobile,mobile,0.5748323202133179,mobile,mobile,0.6611965298652649,mobile
Custom Bangladeshi E-Waste Image Dataset for Objec/train/images/IMG_20250803_215704_jpg.rf.9e7e0d24e11f27af943cdf2c6ea3daa4.jpg,Battery Waste,battery,5,3,5,mobile,0.44214123487472534,mobile,mobile,0.4155513644218445,mobile,mobile,0.437139093875885,mobile
Custom Bangladeshi E-Waste Image Dataset for Objec/train/images/IMG_20250803_215704_jpg.rf.f00cf5b73c3af9c585d0df618a428c39.jpg,Battery Waste,battery,5,3,5,mobile,0.674525797367096,mobile,mobile,0.7271299362182617,mobile,mobile,0.6863713264465332,mobile
Custom Bangladeshi E-Waste Image Dataset for Objec/train/images/IMG_20250803_215753_jpg.rf.665f84f766199c759bdabee414daf5ad.jpg,Battery Waste,battery,1,10,0,battery,0.7959348559379578,battery,pcb,0.8532463312149048,pcb,battery,0.7525893449783325,battery
Custom Bangladeshi E-Waste Image Dataset for Objec/train/images/IMG_20250803_215753_jpg.rf.6b4e8f027d529c142a005c8042a782a1.jpg,Battery Waste,battery,1,3,0,battery,0.6097102761268616,battery,mobile,0.7731757164001465,mobile,battery,0.6110242009162903,battery
Custom Bangladeshi E-Waste Image Dataset for Objec/train/images/IMG_20250803_215753_jpg.rf.fcef9d6acea49b62724194527689a086.jpg,Battery Waste,battery,1,4,0,battery,0.7029895782470703,battery,battery,0.8399291634559631,battery,battery,0.702337384223938,battery
Custom Bangladeshi E-Waste Image Dataset for Objec/train/images/IMG_20250803_215755_jpg.rf.02fea5708529fa5762186f65ab447c9e.jpg,Battery Waste,battery,1,4,0,battery,0.6877709031105042,battery,battery,0.8068978786468506,battery,battery,0.6839686036109924,battery
Custom Bangladeshi E-Waste Image Dataset for Objec/train/images/IMG_20250803_215755_jpg.rf.86629ff209a27b91f91ada50042844d8.jpg,Battery Waste,battery,1,3,0,battery,0.597836971282959,battery,mobile,0.7036303281784058,mobile,battery,0.5875625014305115,battery
Custom Bangladeshi E-Waste Image Dataset for Objec/train/images/IMG_20250803_215755_jpg.rf.ee180e7cf5243b0f31a037d431aac714.jpg,Battery Waste,battery,5,3,0,mobile,0.7510362863540649,mobile,mobile,0.8001984357833862,mobile,battery,0.7485277056694031,battery
Custom Bangladeshi E-Waste Image Dataset for Objec/train/images/IMG_20250803_215808_jpg.rf.8a06ce738b95b31fc02705ce61b6d0ad.jpg,Battery Waste,battery,1,4,0,battery,0.6624873280525208,battery,battery,0.763907253742218,battery,battery,0.6593003869056702,battery
Custom Bangladeshi E-Waste Image Dataset for Objec/train/images/IMG_20250803_215808_jpg.rf.c547051ab6eefb114e85665da4474239.jpg,Battery Waste,battery,1,4,0,battery,0.7742106914520264,battery,battery,0.8858615756034851,battery,battery,0.7625052332878113,battery
Custom Bangladeshi E-Waste Image Dataset for Objec/train/images/IMG_20250803_215808_jpg.rf.e0e84a12bb13158f05811974c97c5c67.jpg,Battery Waste,battery,1,10,0,battery,0.7173010110855103,battery,pcb,0.8513832688331604,pcb,battery,0.7062565684318542,battery
Custom Bangladeshi E-Waste Image Dataset for Objec/train/images/IMG_20250803_215901_jpg.rf.121ff2310fe43811f05271b148cae4ef.jpg,Mouse,input_peripheral,7,11,6,input_peripheral,0.0811161994934082,input_peripheral,input_peripheral,0.11698061227798462,input_peripheral,input_peripheral,0.06102752685546875,input_peripheral
Custom Bangladeshi E-Waste Image Dataset for Objec/train/images/IMG_20250803_215901_jpg.rf.1be1b4a53443d0b586d89af085c94314.jpg,Mouse,input_peripheral,7,11,6,input_peripheral,0.07901358604431152,input_peripheral,input_peripheral,0.11365491151809692,input_peripheral,input_peripheral,0.05679476261138916,input_peripheral
Custom Bangladeshi E-Waste Image Dataset for Objec/train/images/IMG_20250803_215901_jpg.rf.c61b8020201c5201a4c17ee00dd313ee.jpg,Mouse,input_peripheral,7,11,6,input_peripheral,0.08624106645584106,input_peripheral,input_peripheral,0.14690768718719482,input_peripheral,input_peripheral,0.06206786632537842,input_peripheral
Custom Bangladeshi E-Waste Image Dataset for Objec/train/images/IMG_20250803_215915_jpg.rf.1c08cb4ae20dd1839fb94bb0705366f4.jpg,Mouse,input_peripheral,7,11,6,input_peripheral,0.16571831703186035,input_peripheral,input_peripheral,0.18880093097686768,input_peripheral,input_peripheral,0.1628853678703308,input_peripheral
Custom Bangladeshi E-Waste Image Dataset for Objec/train/images/IMG_20250803_215915_jpg.rf.b576cb52c32a5518d766f7cae654fb0d.jpg,Mouse,input_peripheral,7,11,6,input_peripheral,0.24005472660064697,input_peripheral,input_peripheral,0.1957879662513733,input_peripheral,input_peripheral,0.20922952890396118,input_peripheral
Custom Bangladeshi E-Waste Image Dataset for Objec/train/images/IMG_20250803_215915_jpg.rf.e940d8c0ac5dd3a490a488180d848a1b.jpg,Mouse,input_peripheral,7,11,6,input_peripheral,0.15697157382965088,input_peripheral,input_peripheral,0.20972442626953125,input_peripheral,input_peripheral,0.16877299547195435,input_peripheral
Custom Bangladeshi E-Waste Image Dataset for Objec/train/images/IMG_20250803_215924_jpg.rf.2527e2e5a72383888bed75c4da4b9c64.jpg,Mouse,input_peripheral,7,11,6,input_peripheral,0.17628061771392822,input_peripheral,input_peripheral,0.21560263633728027,input_peripheral,input_peripheral,0.18089789152145386,input_peripheral
Custom Bangladeshi E-Waste Image Dataset for Objec/train/images/IMG_20250803_215924_jpg.rf.60cf2c8685a834672f27bb979e38da38.jpg,Mouse,input_peripheral,7,11,6,input_peripheral,0.21025705337524414,input_peripheral,input_peripheral,0.23997437953948975,input_peripheral,input_peripheral,0.20922589302062988,input_peripheral
Custom Bangladeshi E-Waste Image Dataset for Objec/train/images/IMG_20250803_215924_jpg.rf.e2ad3babfd30fd6c9cd1cc5c6d3785e2.jpg,Mouse,input_peripheral,7,11,6,input_peripheral,0.2483794093132019,input_peripheral,input_peripheral,0.23562288284301758,input_peripheral,input_peripheral,0.24529248476028442,input_peripheral
Custom Bangladeshi E-Waste Image Dataset for Objec/train/images/IMG_20250803_220022_jpg.rf.1b9bf10def62ebe2424913192f6033b6.jpg,Mobile,mobile,5,3,5,mobile,0.6455267667770386,mobile,mobile,0.639590859413147,mobile,mobile,0.6656599044799805,mobile
Custom Bangladeshi E-Waste Image Dataset for Objec/train/images/IMG_20250803_220022_jpg.rf.2cd6a4959481bac2347cd2b2f4dc6d61.jpg,Mobile,mobile,5,3,5,mobile,0.5090659856796265,mobile,mobile,0.47997522354125977,mobile,mobile,0.47787487506866455,mobile
Custom Bangladeshi E-Waste Image Dataset for Objec/train/images/IMG_20250803_220022_jpg.rf.dc0fdee22f504920709e6321bf117c22.jpg,Mobile,mobile,5,3,5,mobile,0.3840792775154114,mobile,mobile,0.3825104236602783,mobile,mobile,0.35519611835479736,mobile
Custom Bangladeshi E-Waste Image Dataset for Objec/train/images/IMG_20250803_220030_jpg.rf.1f79ea661a57dc1bd9c74db29adb4ec2.jpg,Mobile,mobile,5,3,5,mobile,0.147896409034729,mobile,mobile,0.13810324668884277,mobile,mobile,0.15127503871917725,mobile
Custom Bangladeshi E-Waste Image Dataset for Objec/train/images/IMG_20250803_220030_jpg.rf.760f092cef34c6d36f6e2aed8301671b.jpg,Mobile,mobile,5,3,5,mobile,0.21007370948791504,mobile,mobile,0.31137681007385254,mobile,mobile,0.21810519695281982,mobile
Custom Bangladeshi E-Waste Image Dataset for Objec/train/images/IMG_20250803_220030_jpg.rf.bc24b1cc81bf8a1602888ab65ab72e10.jpg,Mobile,mobile,5,3,5,mobile,0.16784143447875977,mobile,mobile,0.17870664596557617,mobile,mobile,0.185214102268219,mobile
Custom Bangladeshi E-Waste Image Dataset for Objec/train/images/IMG_20250803_220046_jpg.rf.3a0decfaa0e347e8daf2186f2dca2af1.jpg,Mobile,mobile,5,3,5,mobile,0.5635790824890137,mobile,mobile,0.571048378944397,mobile,mobile,0.5862303972244263,mobile
Custom Bangladeshi E-Waste Image Dataset for Objec/train/images/IMG_20250803_220046_jpg.rf.593a44abf20cee25f06845f455285742.jpg,Mobile,mobile,5,3,5,mobile,0.48201632499694824,mobile,mobile,0.566575825214386,mobile,mobile,0.5084836483001709,mobile
Custom Bangladeshi E-Waste Image Dataset for Objec/train/images/IMG_20250803_220046_jpg.rf.e75fd5549c943e12ae1d5c9f747e2c80.jpg,Mobile,mobile,5,3,5,mobile,0.5877782702445984,mobile,mobile,0.6156574487686157,mobile,mobile,0.6092028021812439,mobile
Custom Bangladeshi E-Waste Image Dataset for Objec/train/images/IMG_20250803_220047_jpg.rf.13ad331e1f469809c4b1ba6f0748d0cf.jpg,Mobile,mobile,5,3,5,mobile,0.5241358876228333,mobile,mobile,0.675663948059082,mobile,mobile,0.5427334904670715,mobile
Custom Bangladeshi E-Waste Image Dataset for Objec/train/images/IMG_20250803_220047_jpg.rf.dcce9a993294f06fa6c2078e37f74309.jpg,Mobile,mobile,5,3,5,mobile,0.5580661296844482,mobile,mobile,0.6248146295547485,mobile,mobile,0.5955147743225098,mobile
Custom Bangladeshi E-Waste Image Dataset for Objec/train/images/IMG_20250803_220047_jpg.rf.f69036399cb844d4fa35545cbe8bf18c.jpg,Mobile,mobile,5,3,5,mobile,0.49049681425094604,mobile,mobile,0.5668320059776306,mobile,mobile,0.5163102149963379,mobile
Custom Bangladeshi E-Waste Image Dataset for Objec/train/images/IMG_20250803_220053_jpg.rf.143f84f401009a4e0c09c5b7c33c1ea3.jpg,Mobile,mobile,5,3,5,mobile,0.48108577728271484,mobile,mobile,0.5403060913085938,mobile,mobile,0.4943583011627197,mobile
Custom Bangladeshi E-Waste Image Dataset for Objec/train/images/IMG_20250803_220053_jpg.rf.2aaa4021739cfba02e1bb2e1696ac316.jpg,Mobile,mobile,5,3,5,mobile,0.49207359552383423,mobile,mobile,0.46302497386932373,mobile,mobile,0.5058847665786743,mobile
Custom Bangladeshi E-Waste Image Dataset for Objec/train/images/IMG_20250803_220053_jpg.rf.56719d3db139b1ca520a8b54447c4abd.jpg,Mobile,mobile,5,3,5,mobile,0.565591037273407,mobile,mobile,0.6413050889968872,mobile,mobile,0.5800666213035583,mobile
Custom Bangladeshi E-Waste Image Dataset for Objec/train/images/IMG_20250803_220114_jpg.rf.402c2f2a849eda8b99f516509e711de9.jpg,Mobile,mobile,5,3,5,mobile,0.4377674460411072,mobile,mobile,0.5730214715003967,mobile,mobile,0.4473116993904114,mobile
Custom Bangladeshi E-Waste Image Dataset for Objec/train/images/IMG_20250803_220114_jpg.rf.68d25d49b60c21e990f42a77571309d7.jpg,Mobile,mobile,5,3,5,mobile,0.32091474533081055,mobile,mobile,0.5139279961585999,mobile,mobile,0.3120959997177124,mobile
Custom Bangladeshi E-Waste Image Dataset for Objec/train/images/IMG_20250803_220114_jpg.rf.b245c7433620d8fc6007ccff153e2fb3.jpg,Mobile,mobile,5,3,5,mobile,0.5429474115371704,mobile,mobile,0.7045955657958984,mobile,mobile,0.5553221702575684,mobile
Custom Bangladeshi E-Waste Image Dataset for Objec/train/images/IMG_20250803_220139_jpg.rf.36b05a61cd0dc1dc31f88bba93e1bb4a.jpg,Mobile,mobile,5,3,5,mobile,0.32817935943603516,mobile,mobile,0.3723873496055603,mobile,mobile,0.3661118149757385,mobile
Custom Bangladeshi E-Waste Image Dataset for Objec/train/images/IMG_20250803_220139_jpg.rf.b251b658131e5aa6fd0b7b709752795a.jpg,Mobile,mobile,5,3,5,mobile,0.43685466051101685,mobile,mobile,0.3881567716598511,mobile,mobile,0.495822012424469,mobile
Custom Bangladeshi E-Waste Image Dataset for Objec/train/images/IMG_20250803_220139_jpg.rf.bd9b54c63814502bd5ac48c1d34207ce.jpg,Mobile,mobile,5,3,5,mobile,0.4303656220436096,mobile,mobile,0.4365219473838806,mobile,mobile,0.4693962335586548,mobile
Custom Bangladeshi E-Waste Image Dataset for Objec/train/images/IMG_20250803_220207_jpg.rf.0f17df4cec5b7117887884be5ea29430.jpg,Mobile,mobile,5,3,5,mobile,0.2910997271537781,mobile,mobile,0.28984910249710083,mobile,mobile,0.28678131103515625,mobile
Custom Bangladeshi E-Waste Image Dataset for Objec/train/images/IMG_20250803_220207_jpg.rf.5109122280ff4b0088d809ef5e0ea94a.jpg,Mobile,mobile,5,3,5,mobile,0.3270535469055176,mobile,mobile,0.35547542572021484,mobile,mobile,0.31065261363983154,mobile
Custom Bangladeshi E-Waste Image Dataset for Objec/train/images/IMG_20250803_220207_jpg.rf.d1f6d01c4257a71048f99fea11ad18d9.jpg,Mobile,mobile,5,3,5,mobile,0.40760546922683716,mobile,mobile,0.4298561215400696,mobile,mobile,0.3633164167404175,mobile
Custom Bangladeshi E-Waste Image Dataset for Objec/train/images/IMG_20250803_220226_jpg.rf.b4392a8eca529f4ed6fed45e99eeeb5e.jpg,Mobile,mobile,5,3,5,mobile,0.49958211183547974,mobile,mobile,0.6012147068977356,mobile,mobile,0.5306947231292725,mobile
Custom Bangladeshi E-Waste Image Dataset for Objec/train/images/IMG_20250803_220226_jpg.rf.eb9c0141249018f67e7bdc8bf241a8a2.jpg,Mobile,mobile,5,3,5,mobile,0.522202730178833,mobile,mobile,0.6516323089599609,mobile,mobile,0.5189811587333679,mobile
Custom Bangladeshi E-Waste Image Dataset for Objec/train/images/IMG_20250803_220226_jpg.rf.ff911118579e3a71da019d386eb1d7eb.jpg,Mobile,mobile,5,3,5,mobile,0.42541253566741943,mobile,mobile,0.5429888367652893,mobile,mobile,0.4365522265434265,mobile
Custom Bangladeshi E-Waste Image Dataset for Objec/train/images/IMG_20250803_220242_jpg.rf.7522feb05c688af1d5d44ab984f05a1c.jpg,Mobile,mobile,5,3,5,mobile,0.3848470449447632,mobile,mobile,0.4998670220375061,mobile,mobile,0.3923545479774475,mobile
Custom Bangladeshi E-Waste Image Dataset for Objec/train/images/IMG_20250803_220242_jpg.rf.8d0d22aab4dcc12eed7a126bce99cd55.jpg,Mobile,mobile,5,3,5,mobile,0.4039800763130188,mobile,mobile,0.4749624729156494,mobile,mobile,0.39719367027282715,mobile
Custom Bangladeshi E-Waste Image Dataset for Objec/train/images/IMG_20250803_220242_jpg.rf.c47cf376f90ec8109c0115c6ef00398e.jpg,Mobile,mobile,5,3,5,mobile,0.3711647391319275,mobile,mobile,0.45584458112716675,mobile,mobile,0.37622928619384766,mobile
Custom Bangladeshi E-Waste Image Dataset for Objec/train/images/IMG_20250803_220243_jpg.rf.0b0201bb99cd8531e9b7ca91ed720816.jpg,Mobile,mobile,5,3,5,mobile,0.40550947189331055,mobile,mobile,0.48401641845703125,mobile,mobile,0.3825039267539978,mobile
Custom Bangladeshi E-Waste Image Dataset for Objec/train/images/IMG_20250803_220243_jpg.rf.2b74ac43ae204204eedb898b9845ea08.jpg,Mobile,mobile,5,3,5,mobile,0.3600941300392151,mobile,mobile,0.41972649097442627,mobile,mobile,0.37307101488113403,mobile
Custom Bangladeshi E-Waste Image Dataset for Objec/train/images/IMG_20250803_220243_jpg.rf.c17d27aa58b11aa0475d5b41c8ddbd97.jpg,Mobile,mobile,5,3,5,mobile,0.3509153723716736,mobile,mobile,0.41835248470306396,mobile,mobile,0.3596649765968323,mobile
Custom Bangladeshi E-Waste Image Dataset for Objec/train/images/IMG_20250803_220255_jpg.rf.0bb096336a37b9aa702cc0e8a429e701.jpg,Mobile,mobile,5,3,5,mobile,0.4393681287765503,mobile,mobile,0.5274487733840942,mobile,mobile,0.4637637138366699,mobile
Custom Bangladeshi E-Waste Image Dataset for Objec/train/images/IMG_20250803_220255_jpg.rf.3511615b828854235bed04fcf894a5f5.jpg,Mobile,mobile,5,3,5,mobile,0.43980759382247925,mobile,mobile,0.5496886968612671,mobile,mobile,0.44330084323883057,mobile
Custom Bangladeshi E-Waste Image Dataset for Objec/train/images/IMG_20250803_220255_jpg.rf.4848154bd5d1a0e715eeb042fbeb929b.jpg,Mobile,mobile,5,3,5,mobile,0.4308435320854187,mobile,mobile,0.5403625965118408,mobile,mobile,0.43996042013168335,mobile
Custom Bangladeshi E-Waste Image Dataset for Objec/train/images/IMG_20250803_220312_jpg.rf.07000a53f58fd8b7ca0a0d97613d25f3.jpg,Battery Waste,battery,5,3,5,mobile,0.5359479188919067,mobile,mobile,0.6143579483032227,mobile,mobile,0.5344935655593872,mobile
Custom Bangladeshi E-Waste Image Dataset for Objec/train/images/IMG_20250803_220312_jpg.rf.8fbb3d0ef325d176bd1eb49c8056621d.jpg,Battery Waste,battery,5,3,0,mobile,0.6274141073226929,mobile,mobile,0.7122109532356262,mobile,battery,0.6137323379516602,battery
Custom Bangladeshi E-Waste Image Dataset for Objec/train/images/IMG_20250803_220312_jpg.rf.c5b01155df012f0543c0ea06f87af29e.jpg,Battery Waste,battery,1,3,0,battery,0.7177054286003113,battery,mobile,0.7381106615066528,mobile,battery,0.6912926435470581,battery
Custom Bangladeshi E-Waste Image Dataset for Objec/train/images/IMG_20250803_220321_jpg.rf.18be45e7ac54d6c3c9f1bac80e64585e.jpg,Battery Waste,battery,1,4,0,battery,0.3234841823577881,battery,battery,0.1626119613647461,battery,battery,0.3034853935241699,battery
Custom Bangladeshi E-Waste Image Dataset for Objec/train/images/IMG_20250803_220321_jpg.rf.25adc2d462f062f4163541ffbcb1da33.jpg,Battery Waste,battery,1,4,0,battery,0.3477533459663391,battery,battery,0.23721367120742798,battery,battery,0.3397260904312134,battery
Custom Bangladeshi E-Waste Image Dataset for Objec/train/images/IMG_20250803_220321_jpg.rf.7d603d397b0d570f006ad3ed948b1fd8.jpg,Battery Waste,battery,1,4,0,battery,0.3062551021575928,battery,battery,0.1924349069595337,battery,battery,0.2970360517501831,battery
Custom Bangladeshi E-Waste Image Dataset for Objec/train/images/IMG_20250803_220350_jpg.rf.1f5aa0f107ac49e368b6c16523ac1c14.jpg,Mobile,mobile,5,3,5,mobile,0.4031140208244324,mobile,mobile,0.4533044695854187,mobile,mobile,0.3877370357513428,mobile
Custom Bangladeshi E-Waste Image Dataset for Objec/train/images/IMG_20250803_220350_jpg.rf.51437498308c9763e0717636cb26c374.jpg,Mobile,mobile,5,3,5,mobile,0.4110352396965027,mobile,mobile,0.47208982706069946,mobile,mobile,0.39962685108184814,mobile
Custom Bangladeshi E-Waste Image Dataset for Objec/train/images/IMG_20250803_220350_jpg.rf.cc9680936d403e013dd1e8a4863afe8d.jpg,Mobile,mobile,5,3,5,mobile,0.3840417265892029,mobile,mobile,0.45703208446502686,mobile,mobile,0.37590932846069336,mobile
Custom Bangladeshi E-Waste Image Dataset for Objec/train/images/IMG_20250803_220352_jpg.rf.8d5cd74618268102d6ee8e431e2dc659.jpg,Mobile,mobile,5,3,5,mobile,0.42778515815734863,mobile,mobile,0.4632148742675781,mobile,mobile,0.4132291078567505,mobile
Custom Bangladeshi E-Waste Image Dataset for Objec/train/images/IMG_20250803_220352_jpg.rf.9962226a88efa23a6ca92f4e4337f01f.jpg,Mobile,mobile,5,3,5,mobile,0.29931068420410156,mobile,mobile,0.40744495391845703,mobile,mobile,0.28542548418045044,mobile
Custom Bangladeshi E-Waste Image Dataset for Objec/train/images/IMG_20250803_220352_jpg.rf.af73197979f1b112320f3f06a0058c12.jpg,Mobile,mobile,5,3,5,mobile,0.39864712953567505,mobile,mobile,0.4233162999153137,mobile,mobile,0.3815996050834656,mobile
Custom Bangladeshi E-Waste Image Dataset for Objec/train/images/IMG_20250803_220353_jpg.rf.1a768a733a3016bb320de04418c64568.jpg,Mobile,mobile,5,3,5,mobile,0.32126832008361816,mobile,mobile,0.3819975256919861,mobile,mobile,0.30815964937210083,mobile
Custom Bangladeshi E-Waste Image Dataset for Objec/train/images/IMG_20250803_220353_jpg.rf.38ba2d3b1f3eadc387125573185c1d16.jpg,Mobile,mobile,5,3,5,mobile,0.37346887588500977,mobile,mobile,0.42721235752105713,mobile,mobile,0.362295925617218,mobile
Custom Bangladeshi E-Waste Image Dataset for Objec/train/images/IMG_20250803_220353_jpg.rf.ce1bfbf5249837f379ded71315f8e5a0.jpg,Mobile,mobile,5,3,5,mobile,0.35390758514404297,mobile,mobile,0.40765178203582764,mobile,mobile,0.35090482234954834,mobile
Custom Bangladeshi E-Waste Image Dataset for Objec/train/images/IMG_20250805_203321_jpg.rf.5eee9af99b5e4d1d2a4ee31868b16180.jpg,Mobile,mobile,2,6,1,unmapped,0.5997307300567627,pcb,unmapped,0.687624454498291,pcb,unmapped,0.6735596060752869,pcb
Custom Bangladeshi E-Waste Image Dataset for Objec/train/images/IMG_20250805_203321_jpg.rf.d9ba5210eb68c3c23cb593d8a6d9c888.jpg,Mobile,mobile,2,3,1,unmapped,0.6404944658279419,mobile,mobile,0.7160277366638184,mobile,unmapped,0.6928505897521973,mobile
Custom Bangladeshi E-Waste Image Dataset for Objec/train/images/IMG_20250805_203321_jpg.rf.fda2603315b3ef543f6b3a2d3c796074.jpg,Mobile,mobile,2,6,1,unmapped,0.6219699382781982,pcb,unmapped,0.7011440992355347,pcb,unmapped,0.7086361646652222,mobile
Custom Bangladeshi E-Waste Image Dataset for Objec/train/images/IMG_20250805_203337_jpg.rf.619c09a827a0821443b40ad63fcaba9c.jpg,Mobile,mobile,2,6,1,unmapped,0.5050709843635559,pcb,unmapped,0.602471113204956,mobile,unmapped,0.5553487539291382,mobile
Custom Bangladeshi E-Waste Image Dataset for Objec/train/images/IMG_20250805_203337_jpg.rf.6ce280063c439dcff00dc47da971944f.jpg,Mobile,mobile,2,6,1,unmapped,0.492698609828949,pcb,unmapped,0.5668178796768188,pcb,unmapped,0.5392000675201416,pcb
Custom Bangladeshi E-Waste Image Dataset for Objec/train/images/IMG_20250805_203337_jpg.rf.6da83fbcfaa0da8d3a9211eba95e434d.jpg,Mobile,mobile,2,6,1,unmapped,0.544498085975647,pcb,unmapped,0.6948190927505493,mobile,unmapped,0.6191996932029724,mobile
Custom Bangladeshi E-Waste Image Dataset for Objec/train/images/IMG_20250805_203338_jpg.rf.29bc49ddc66d6aeb9a9b51d1b216f1ec.jpg,Mobile,mobile,2,6,1,unmapped,0.5492343902587891,pcb,unmapped,0.6592040657997131,mobile,unmapped,0.6210257411003113,mobile
Custom Bangladeshi E-Waste Image Dataset for Objec/train/images/IMG_20250805_203338_jpg.rf.68cadbff708a1a27b20e57a030073a53.jpg,Mobile,mobile,2,6,1,unmapped,0.5038708448410034,pcb,unmapped,0.5656466484069824,mobile,unmapped,0.5575596690177917,pcb
Custom Bangladeshi E-Waste Image Dataset for Objec/train/images/IMG_20250805_203338_jpg.rf.967c7c7b3f77ddf047ed91906ea0686d.jpg,Mobile,mobile,2,6,1,unmapped,0.5172462463378906,pcb,unmapped,0.6728737354278564,mobile,unmapped,0.5825574398040771,mobile
Custom Bangladeshi E-Waste Image Dataset for Objec/train/images/IMG_20250805_203631_jpg.rf.1657f6333a95106b19ae986bab71732d.jpg,PCB,pcb,2,6,1,unmapped,0.5269421339035034,pcb,unmapped,0.6903897523880005,pcb,unmapped,0.588915228843689,pcb
Custom Bangladeshi E-Waste Image Dataset for Objec/train/images/IMG_20250805_203631_jpg.rf.678c6dafbdeeb0aa3472251b455af101.jpg,PCB,pcb,2,10,12,unmapped,0.5156855583190918,pcb,pcb,0.41527241468429565,pcb,pcb,0.5624236464500427,pcb
Custom Bangladeshi E-Waste Image Dataset for Objec/train/images/IMG_20250805_203631_jpg.rf.e3f68e5933daaea04eb8b422de352598.jpg,PCB,pcb,2,6,1,unmapped,0.5000629425048828,pcb,unmapped,0.5883851051330566,pcb,unmapped,0.5756758451461792,pcb
Custom Bangladeshi E-Waste Image Dataset for Objec/train/images/IMG_20250805_203632_jpg.rf.40ed0549cea3e717eb754cfcc931f2ea.jpg,PCB,pcb,2,6,1,unmapped,0.5460216403007507,pcb,unmapped,0.671633243560791,pcb,unmapped,0.6084651947021484,pcb
Custom Bangladeshi E-Waste Image Dataset for Objec/train/images/IMG_20250805_203632_jpg.rf.ecbe7898d2f1d45e0f505f74366651a3.jpg,PCB,pcb,2,6,1,unmapped,0.5601577162742615,pcb,unmapped,0.6611239910125732,pcb,unmapped,0.631191611289978,pcb
Custom Bangladeshi E-Waste Image Dataset for Objec/train/images/IMG_20250805_203632_jpg.rf.f162f98659b16d5060fc3a9c0dda1bdf.jpg,PCB,pcb,2,6,12,unmapped,0.5374483466148376,pcb,unmapped,0.7043591737747192,pcb,pcb,0.5889219045639038,pcb
Custom Bangladeshi E-Waste Image Dataset for Objec/train/images/IMG_20250805_203702_jpg.rf.22c59755b274c9d8e13e458bc5a81223.jpg,PCB,pcb,8,10,12,pcb,0.564866304397583,pcb,pcb,0.5504019260406494,pcb,pcb,0.6136171817779541,pcb
Custom Bangladeshi E-Waste Image Dataset for Objec/train/images/IMG_20250805_203702_jpg.rf.2997e07f585cda914efdd301a1bd237b.jpg,PCB,pcb,8,10,12,pcb,0.6063759326934814,pcb,pcb,0.49666327238082886,pcb,pcb,0.6323593258857727,pcb
Custom Bangladeshi E-Waste Image Dataset for Objec/train/images/IMG_20250805_203702_jpg.rf.56db0b8ab84d5446f012137d6083a495.jpg,PCB,pcb,8,10,12,pcb,0.5484999418258667,pcb,pcb,0.44250255823135376,pcb,pcb,0.5890060067176819,pcb
Custom Bangladeshi E-Waste Image Dataset for Objec/train/images/IMG_20250805_203703_jpg.rf.7c272dea552068b70e7282b48d259fbb.jpg,PCB,pcb,8,10,12,pcb,0.5445228815078735,pcb,pcb,0.4316600561141968,pcb,pcb,0.5855060815811157,pcb
Custom Bangladeshi E-Waste Image Dataset for Objec/train/images/IMG_20250805_203703_jpg.rf.835731ce0f85a809685efacd6894618f.jpg,PCB,pcb,8,10,12,pcb,0.5724884867668152,pcb,pcb,0.4548206925392151,pcb,pcb,0.6059534549713135,pcb
Custom Bangladeshi E-Waste Image Dataset for Objec/train/images/IMG_20250805_203703_jpg.rf.e1e5004370d3edbf32cff2ef041e310e.jpg,PCB,pcb,8,10,12,pcb,0.539628267288208,pcb,pcb,0.45348095893859863,pcb,pcb,0.5734483003616333,pcb
Custom Bangladeshi E-Waste Image Dataset for Objec/train/images/IMG_20250805_203804_jpg.rf.23acd615013748d7bdd3d547bb50935a.jpg,Mobile,mobile,5,3,5,mobile,0.5926790237426758,mobile,mobile,0.6761448383331299,mobile,mobile,0.6163539886474609,mobile
Custom Bangladeshi E-Waste Image Dataset for Objec/train/images/IMG_20250805_203804_jpg.rf.2aa2f4ad307106ebef06541aae137975.jpg,Mobile,mobile,5,3,5,mobile,0.5500140190124512,mobile,mobile,0.6648562550544739,mobile,mobile,0.553929328918457,mobile
Custom Bangladeshi E-Waste Image Dataset for Objec/train/images/IMG_20250805_203804_jpg.rf.d0d25dd17b163cc60b1a269ea27346dd.jpg,Mobile,mobile,5,3,5,mobile,0.4918054938316345,mobile,mobile,0.5871405601501465,mobile,mobile,0.4781193733215332,mobile
Custom Bangladeshi E-Waste Image Dataset for Objec/train/images/IMG_20250805_203806_jpg.rf.34c678b8361cf794b5af0e3b63a58a07.jpg,Mobile,mobile,5,3,5,mobile,0.4953513741493225,mobile,mobile,0.6025270223617554,mobile,mobile,0.5334714651107788,mobile
Custom Bangladeshi E-Waste Image Dataset for Objec/train/images/IMG_20250805_203806_jpg.rf.7fd019ac3a6efc21e4b37227c5bb73e1.jpg,Mobile,mobile,5,3,5,mobile,0.4943675398826599,mobile,mobile,0.5974082946777344,mobile,mobile,0.48878681659698486,mobile
Custom Bangladeshi E-Waste Image Dataset for Objec/train/images/IMG_20250805_203806_jpg.rf.a88c5e5ff1cddfe7235a919241c54687.jpg,Mobile,mobile,5,3,5,mobile,0.5197365283966064,mobile,mobile,0.6413652896881104,mobile,mobile,0.5307175517082214,mobile
Custom Bangladeshi E-Waste Image Dataset for Objec/train/images/IMG_20250805_203809_jpg.rf.8369f309373ddafa37f990cc84d96df6.jpg,Mobile,mobile,5,3,5,mobile,0.5738335847854614,mobile,mobile,0.631930947303772,mobile,mobile,0.5543043613433838,mobile
Custom Bangladeshi E-Waste Image Dataset for Objec/train/images/IMG_20250805_203809_jpg.rf.d485d98923b15ece68c49e6175f4a60c.jpg,Mobile,mobile,5,3,5,mobile,0.4461653232574463,mobile,mobile,0.5471518039703369,mobile,mobile,0.44674837589263916,mobile
Custom Bangladeshi E-Waste Image Dataset for Objec/train/images/IMG_20250805_203809_jpg.rf.f06f5be1cc7487eb12962a962b35eff3.jpg,Mobile,mobile,5,3,5,mobile,0.48562806844711304,mobile,mobile,0.5792542695999146,mobile,mobile,0.4594576358795166,mobile
Custom Bangladeshi E-Waste Image Dataset for Objec/train/images/IMG_20250805_203810_jpg.rf.5dea20372f68da2fdbd452fec56b22e4.jpg,Mobile,mobile,5,3,5,mobile,0.6730217933654785,mobile,mobile,0.770044207572937,mobile,mobile,0.6683603525161743,mobile
Custom Bangladeshi E-Waste Image Dataset for Objec/train/images/IMG_20250805_203810_jpg.rf.a2d06f67c179d20800e307f90c6fc2b4.jpg,Mobile,mobile,5,3,5,mobile,0.4685627818107605,mobile,mobile,0.4665358066558838,mobile,mobile,0.4510043263435364,mobile
Custom Bangladeshi E-Waste Image Dataset for Objec/train/images/IMG_20250805_203810_jpg.rf.be30c1ef7d353b90ba6f83aacd045063.jpg,Mobile,mobile,5,8,0,mobile,0.7452224493026733,mobile,unmapped,0.7692890167236328,mobile,battery,0.7574449777603149,battery
Custom Bangladeshi E-Waste Image Dataset for Objec/train/images/IMG_20250805_203811_jpg.rf.3aea3cdfa197fc1c8c2597ab337d7345.jpg,Mobile,mobile,1,3,0,battery,0.6906852722167969,battery,mobile,0.764209508895874,mobile,battery,0.6890784502029419,battery
Custom Bangladeshi E-Waste Image Dataset for Objec/train/images/IMG_20250805_203811_jpg.rf.699b0103080853f83b5e914cd660a1b6.jpg,Mobile,mobile,5,3,5,mobile,0.48483771085739136,mobile,mobile,0.5295271873474121,mobile,mobile,0.4581453204154968,mobile
Custom Bangladeshi E-Waste Image Dataset for Objec/train/images/IMG_20250805_203811_jpg.rf.cacd2c991eef295d45f4243e2a06b1c9.jpg,Mobile,mobile,1,3,0,battery,0.6959333419799805,battery,mobile,0.766974925994873,mobile,battery,0.6929333209991455,battery
Custom Bangladeshi E-Waste Image Dataset for Objec/train/images/IMG_20250805_203846_jpg.rf.66d7b40dd70798c0e6a723d0bdc26269.jpg,Mobile,mobile,5,3,5,mobile,0.4492183327674866,mobile,mobile,0.6030642986297607,mobile,mobile,0.45089417695999146,mobile
Custom Bangladeshi E-Waste Image Dataset for Objec/train/images/IMG_20250805_203846_jpg.rf.9e943104abcc04412073581826afec4d.jpg,Mobile,mobile,5,3,5,mobile,0.584496259689331,mobile,mobile,0.6821399927139282,mobile,mobile,0.5673283934593201,mobile
Custom Bangladeshi E-Waste Image Dataset for Objec/train/images/IMG_20250805_203846_jpg.rf.cfa5e7649e94c6cde734514ca4acd259.jpg,Mobile,mobile,5,3,5,mobile,0.5682384967803955,mobile,mobile,0.6787592172622681,mobile,mobile,0.5530496835708618,mobile
Custom Bangladeshi E-Waste Image Dataset for Objec/train/images/IMG_20250805_203849_jpg.rf.03ad7178d8c57eaa9a3f7c594e4e47bc.jpg,Mobile,mobile,5,3,5,mobile,0.494484007358551,mobile,mobile,0.5743371248245239,mobile,mobile,0.5025763511657715,mobile
Custom Bangladeshi E-Waste Image Dataset for Objec/train/images/IMG_20250805_203849_jpg.rf.839689c3cfa9fe4484b49c220997a6f1.jpg,Mobile,mobile,5,3,5,mobile,0.5201940536499023,mobile,mobile,0.6562027931213379,mobile,mobile,0.5161994695663452,mobile
Custom Bangladeshi E-Waste Image Dataset for Objec/train/images/IMG_20250805_203849_jpg.rf.d31bf4530028b764a92ed062e7127dad.jpg,Mobile,mobile,5,3,5,mobile,0.42872506380081177,mobile,mobile,0.5407737493515015,mobile,mobile,0.422542929649353,mobile
Custom Bangladeshi E-Waste Image Dataset for Objec/train/images/IMG_20250805_203902_jpg.rf.327b0dd828626fc4dc5867660d12285a.jpg,Mobile,mobile,5,3,5,mobile,0.5713419914245605,mobile,mobile,0.6151999831199646,mobile,mobile,0.5626438856124878,mobile
Custom Bangladeshi E-Waste Image Dataset for Objec/train/images/IMG_20250805_203902_jpg.rf.a23fe3b1c30257e8947ef9b1f48a0746.jpg,Mobile,mobile,5,3,5,mobile,0.45203763246536255,mobile,mobile,0.5338507890701294,mobile,mobile,0.45764100551605225,mobile
Custom Bangladeshi E-Waste Image Dataset for Objec/train/images/IMG_20250805_203902_jpg.rf.bb8f8213eb4744ef892e1fd9c46edc8d.jpg,Mobile,mobile,5,3,5,mobile,0.5353187322616577,mobile,mobile,0.6205941438674927,mobile,mobile,0.5279619693756104,mobile
Custom Bangladeshi E-Waste Image Dataset for Objec/train/images/IMG_20250805_203903_1_jpg.rf.a847a14922cb7973b83d4e2f3c655fb5.jpg,Mobile,mobile,5,3,5,mobile,0.4517590403556824,mobile,mobile,0.5453135967254639,mobile,mobile,0.4539603590965271,mobile
Custom Bangladeshi E-Waste Image Dataset for Objec/train/images/IMG_20250805_203903_1_jpg.rf.e6eac1f51cfb25d40b34be0a5ec6f1d5.jpg,Mobile,mobile,5,3,5,mobile,0.49411606788635254,mobile,mobile,0.5963261127471924,mobile,mobile,0.4850773215293884,mobile
Custom Bangladeshi E-Waste Image Dataset for Objec/train/images/IMG_20250805_203903_1_jpg.rf.f5cee8b017104a9e8573eb4524f0ff98.jpg,Mobile,mobile,5,3,5,mobile,0.47053027153015137,mobile,mobile,0.6316009759902954,mobile,mobile,0.5002607107162476,mobile
Custom Bangladeshi E-Waste Image Dataset for Objec/train/images/IMG_20250805_203903_jpg.rf.8f402e3b8d9da9885fbbcabec1f42576.jpg,Mobile,mobile,5,3,5,mobile,0.4634917974472046,mobile,mobile,0.5161924362182617,mobile,mobile,0.4744427800178528,mobile
Custom Bangladeshi E-Waste Image Dataset for Objec/train/images/IMG_20250805_203903_jpg.rf.e34bfc57526f72ced179b5397bc93f15.jpg,Mobile,mobile,5,3,5,mobile,0.4652526378631592,mobile,mobile,0.5299261808395386,mobile,mobile,0.46088510751724243,mobile
Custom Bangladeshi E-Waste Image Dataset for Objec/train/images/IMG_20250805_203903_jpg.rf.f23b1a96ab603bb4dbb0d5dc1b359a97.jpg,Mobile,mobile,5,3,5,mobile,0.43692243099212646,mobile,mobile,0.5369055271148682,mobile,mobile,0.4558090567588806,mobile
Custom Bangladeshi E-Waste Image Dataset for Objec/train/images/IMG_20250805_203907_jpg.rf.842e4fc0cf7a9464305766b439d364c5.jpg,Mobile,mobile,5,3,5,mobile,0.3429284691810608,mobile,mobile,0.3981066346168518,mobile,mobile,0.3548170328140259,mobile
Custom Bangladeshi E-Waste Image Dataset for Objec/train/images/IMG_20250805_203907_jpg.rf.bfe8f9064ad57b8bfa2534f603f5300f.jpg,Mobile,mobile,5,3,5,mobile,0.3919762969017029,mobile,mobile,0.4949572682380676,mobile,mobile,0.40951603651046753,mobile
Custom Bangladeshi E-Waste Image Dataset for Objec/train/images/IMG_20250805_203907_jpg.rf.dd69ee28911b2c95d949c538ac5799d4.jpg,Mobile,mobile,5,3,5,mobile,0.45935261249542236,mobile,mobile,0.5969428420066833,mobile,mobile,0.4684154987335205,mobile
Custom Bangladeshi E-Waste Image Dataset for Objec/train/images/IMG_20250805_203908_jpg.rf.4c4645aca4c09485234d7bb650187ba9.jpg,Mobile,mobile,5,3,5,mobile,0.41519731283187866,mobile,mobile,0.477638304233551,mobile,mobile,0.4037622809410095,mobile
Custom Bangladeshi E-Waste Image Dataset for Objec/train/images/IMG_20250805_203908_jpg.rf.eda7b9d24b1a975e131ef6c9b7f43fe2.jpg,Mobile,mobile,5,3,5,mobile,0.40914982557296753,mobile,mobile,0.5133233070373535,mobile,mobile,0.4242744445800781,mobile
Custom Bangladeshi E-Waste Image Dataset for Objec/train/images/IMG_20250805_203908_jpg.rf.f30f1e3780a6cd716c1f2a3b2f984f8b.jpg,Mobile,mobile,5,3,5,mobile,0.35023510456085205,mobile,mobile,0.45640963315963745,mobile,mobile,0.34549909830093384,mobile
Custom Bangladeshi E-Waste Image Dataset for Objec/train/images/IMG_20250805_203917_jpg.rf.3512fa1899ab4b236c8abd34a2e32b74.jpg,Mobile,mobile,5,3,5,mobile,0.6034373044967651,mobile,mobile,0.682092547416687,mobile,mobile,0.614456832408905,mobile
Custom Bangladeshi E-Waste Image Dataset for Objec/train/images/IMG_20250805_203917_jpg.rf.41ede18eba5e4814a68b0143d4b637b7.jpg,Mobile,mobile,5,3,5,mobile,0.47565436363220215,mobile,mobile,0.5815424919128418,mobile,mobile,0.47400301694869995,mobile
Custom Bangladeshi E-Waste Image Dataset for Objec/train/images/IMG_20250805_203917_jpg.rf.cfecadfe8ec76d0786a7fb3ac71b33db.jpg,Mobile,mobile,5,3,5,mobile,0.5355970859527588,mobile,mobile,0.6325191259384155,mobile,mobile,0.5553221702575684,mobile
Custom Bangladeshi E-Waste Image Dataset for Objec/train/images/IMG_20250805_203922_jpg.rf.9772c2edbd0d2281767d124674a04042.jpg,Mobile,mobile,5,3,5,mobile,0.432918906211853,mobile,mobile,0.5085619688034058,mobile,mobile,0.44619762897491455,mobile
Custom Bangladeshi E-Waste Image Dataset for Objec/train/images/IMG_20250805_203922_jpg.rf.b747b03d920d3d0c33908474edce093c.jpg,Mobile,mobile,5,3,5,mobile,0.3631480932235718,mobile,mobile,0.4622787833213806,mobile,mobile,0.3711268901824951,mobile
Custom Bangladeshi E-Waste Image Dataset for Objec/train/images/IMG_20250805_203922_jpg.rf.fbc486f138d29a49b1f3de783c184c12.jpg,Mobile,mobile,5,3,5,mobile,0.28522753715515137,mobile,mobile,0.3759164810180664,mobile,mobile,0.3004438877105713,mobile
Custom Bangladeshi E-Waste Image Dataset for Objec/train/images/IMG_20250805_203923_jpg.rf.5c6fc3c85b160812cf0a3d80250b24d1.jpg,Mobile,mobile,5,3,5,mobile,0.3155530095100403,mobile,mobile,0.3769826292991638,mobile,mobile,0.327470064163208,mobile
Custom Bangladeshi E-Waste Image Dataset for Objec/train/images/IMG_20250805_203923_jpg.rf.c391e7c791e4efc10d2f5cd5e5ffabea.jpg,Mobile,mobile,5,3,5,mobile,0.33014118671417236,mobile,mobile,0.4278796315193176,mobile,mobile,0.35238224267959595,mobile
Custom Bangladeshi E-Waste Image Dataset for Objec/train/images/IMG_20250805_203923_jpg.rf.d38a90effba05a5b6fd5e7ac1cef65ec.jpg,Mobile,mobile,5,3,5,mobile,0.41402125358581543,mobile,mobile,0.5545111894607544,mobile,mobile,0.41432660818099976,mobile
Custom Bangladeshi E-Waste Image Dataset for Objec/train/images/IMG_20250805_204855_jpg.rf.0aff6682a72494fb8dd291d2a26ac637.jpg,Mouse,input_peripheral,7,11,6,input_peripheral,0.13463151454925537,input_peripheral,input_peripheral,0.1944718360900879,input_peripheral,input_peripheral,0.12126559019088745,input_peripheral
Custom Bangladeshi E-Waste Image Dataset for Objec/train/images/IMG_20250805_204855_jpg.rf.8c71e4a52fb3f629b6021c3e1ed0fe3e.jpg,Mouse,input_peripheral,7,11,6,input_peripheral,0.15019363164901733,input_peripheral,input_peripheral,0.245375394821167,input_peripheral,input_peripheral,0.12731945514678955,input_peripheral
Custom Bangladeshi E-Waste Image Dataset for Objec/train/images/IMG_20250805_204855_jpg.rf.cd746920b4ab6721cc2120e7a1ecef0f.jpg,Mouse,input_peripheral,7,11,6,input_peripheral,0.20446187257766724,input_peripheral,input_peripheral,0.20443058013916016,input_peripheral,input_peripheral,0.19311392307281494,input_peripheral
Custom Bangladeshi E-Waste Image Dataset for Objec/train/images/IMG_20250805_204856_jpg.rf.12965a47deed1f631b0ae71724ee2c79.jpg,Mouse,input_peripheral,7,11,6,input_peripheral,0.1737205982208252,input_peripheral,input_peripheral,0.2031395435333252,input_peripheral,input_peripheral,0.1515980362892151,input_peripheral
Custom Bangladeshi E-Waste Image Dataset for Objec/train/images/IMG_20250805_204856_jpg.rf.44c3a08862dc9c78a19bbbc2542480e8.jpg,Mouse,input_peripheral,7,11,6,input_peripheral,0.16794878244400024,input_peripheral,input_peripheral,0.33644866943359375,input_peripheral,input_peripheral,0.1345319151878357,input_peripheral
Custom Bangladeshi E-Waste Image Dataset for Objec/train/images/IMG_20250805_204856_jpg.rf.e08888e70fa869a6e775c5e234cb481d.jpg,Mouse,input_peripheral,7,11,6,input_peripheral,0.12978357076644897,input_peripheral,input_peripheral,0.20468652248382568,input_peripheral,input_peripheral,0.10798615217208862,input_peripheral
Custom Bangladeshi E-Waste Image Dataset for Objec/train/images/IMG_20250805_204857_jpg.rf.4d75171ac4457b75cd1625816a1913cd.jpg,Mouse,input_peripheral,7,11,6,input_peripheral,0.2240614891052246,input_peripheral,input_peripheral,0.2135414481163025,input_peripheral,input_peripheral,0.22131383419036865,input_peripheral
Custom Bangladeshi E-Waste Image Dataset for Objec/train/images/IMG_20250805_204857_jpg.rf.77d0b4deb2ea3e9d8b47b81ba4210644.jpg,Mouse,input_peripheral,7,11,6,input_peripheral,0.15938836336135864,input_peripheral,input_peripheral,0.2746025323867798,input_peripheral,input_peripheral,0.13333040475845337,input_peripheral
Custom Bangladeshi E-Waste Image Dataset for Objec/train/images/IMG_20250805_204857_jpg.rf.d1d4c2762a0c4654fb4a19e3354f884e.jpg,Mouse,input_peripheral,7,11,6,input_peripheral,0.13207226991653442,input_peripheral,input_peripheral,0.2043159008026123,input_peripheral,input_peripheral,0.11492198705673218,input_peripheral
Custom Bangladeshi E-Waste Image Dataset for Objec/train/images/IMG_20250805_204904_jpg.rf.26c3c769979b6631f4634cda07d3f1d8.jpg,Mouse,input_peripheral,7,11,6,input_peripheral,0.5570869445800781,input_peripheral,input_peripheral,0.6458832025527954,input_peripheral,input_peripheral,0.5816931128501892,input_peripheral
Custom Bangladeshi E-Waste Image Dataset for Objec/train/images/IMG_20250805_204904_jpg.rf.5e74e0ef60ecaef19c8265d85520a2c5.jpg,Mouse,input_peripheral,7,11,6,input_peripheral,0.5127694606781006,input_peripheral,input_peripheral,0.4877646565437317,input_peripheral,input_peripheral,0.5497452020645142,input_peripheral
Custom Bangladeshi E-Waste Image Dataset for Objec/train/images/IMG_20250805_204904_jpg.rf.bdc17d24a1113d6accaee3e599438454.jpg,Mouse,input_peripheral,7,11,6,input_peripheral,0.4152759909629822,input_peripheral,input_peripheral,0.3456665873527527,input_peripheral,input_peripheral,0.4672941565513611,input_peripheral
Custom Bangladeshi E-Waste Image Dataset for Objec/train/images/IMG_20250819_235826_jpg.rf.b2d7a1c6a7e91964d06337b719db27de.jpg,PCB,pcb,8,10,12,pcb,0.1923985481262207,pcb,pcb,0.17869943380355835,pcb,pcb,0.18668192625045776,pcb
Custom Bangladeshi E-Waste Image Dataset for Objec/train/images/IMG_20250819_235826_jpg.rf.e1cda6acd15acc46d9b606b3643a9d78.jpg,PCB,pcb,8,10,12,pcb,0.22529160976409912,pcb,pcb,0.19909381866455078,pcb,pcb,0.22052127122879028,pcb
Custom Bangladeshi E-Waste Image Dataset for Objec/train/images/IMG_20250819_235826_jpg.rf.e20e7d149a403fde5e6f612c0d3e4de2.jpg,PCB,pcb,8,10,12,pcb,0.2276768684387207,pcb,pcb,0.18796348571777344,pcb,pcb,0.2318320870399475,pcb
Custom Bangladeshi E-Waste Image Dataset for Objec/train/images/IMG_20250819_235827_jpg.rf.327889f36d8a3ce465f7c81f2cde3b3d.jpg,PCB,pcb,8,10,12,pcb,0.19605809450149536,pcb,pcb,0.17471414804458618,pcb,pcb,0.18643367290496826,pcb
Custom Bangladeshi E-Waste Image Dataset for Objec/train/images/IMG_20250819_235827_jpg.rf.872fd4cc67ccc22252dd31bc56dbe9d2.jpg,PCB,pcb,8,10,12,pcb,0.2230704426765442,pcb,pcb,0.18254023790359497,pcb,pcb,0.21754908561706543,pcb
Custom Bangladeshi E-Waste Image Dataset for Objec/train/images/IMG_20250819_235827_jpg.rf.b56beb717cc4d883b3a5437bb3522ea2.jpg,PCB,pcb,8,10,12,pcb,0.2851479649543762,pcb,pcb,0.22001498937606812,pcb,pcb,0.2968689203262329,pcb
Custom Bangladeshi E-Waste Image Dataset for Objec/train/images/IMG_20250819_235833_1_jpg.rf.9337aaa6e20a1cb461c56ca7363fb3c6.jpg,PCB,pcb,8,10,12,pcb,0.17896848917007446,pcb,pcb,0.20428478717803955,pcb,pcb,0.1755782961845398,pcb
Custom Bangladeshi E-Waste Image Dataset for Objec/train/images/IMG_20250819_235833_1_jpg.rf.dcef1a3f0a7eda0b3c290505ce1f908e.jpg,PCB,pcb,8,10,12,pcb,0.15761321783065796,pcb,pcb,0.17124521732330322,pcb,pcb,0.1588546633720398,pcb
Custom Bangladeshi E-Waste Image Dataset for Objec/train/images/IMG_20250819_235833_1_jpg.rf.f6c48dee6875446d95bacd72dcbb6e8d.jpg,PCB,pcb,8,10,12,pcb,0.14771056175231934,pcb,pcb,0.1760205626487732,pcb,pcb,0.15071040391921997,pcb
Custom Bangladeshi E-Waste Image Dataset for Objec/train/images/IMG_20250819_235833_jpg.rf.2409897b6612a6a4e525868cd4cadd98.jpg,PCB,pcb,8,10,12,pcb,0.17823487520217896,pcb,pcb,0.22253572940826416,pcb,pcb,0.17509347200393677,pcb
Custom Bangladeshi E-Waste Image Dataset for Objec/train/images/IMG_20250819_235833_jpg.rf.24f599bfd1785a8d2b210fd2e588adda.jpg,PCB,pcb,8,10,12,pcb,0.15315604209899902,pcb,pcb,0.19561994075775146,pcb,pcb,0.1478050947189331,pcb
Custom Bangladeshi E-Waste Image Dataset for Objec/train/images/IMG_20250819_235833_jpg.rf.6d464dfdc463efdd8691b50eb965a8a9.jpg,PCB,pcb,8,10,12,pcb,0.1555999517440796,pcb,pcb,0.19824552536010742,pcb,pcb,0.16342735290527344,pcb
Custom Bangladeshi E-Waste Image Dataset for Objec/train/images/IMG_20250819_235841_jpg.rf.5cc56590068da32c0381ac61fc1da53c.jpg,PCB,pcb,8,10,12,pcb,0.13940393924713135,pcb,pcb,0.13420379161834717,pcb,pcb,0.13623929023742676,pcb
Custom Bangladeshi E-Waste Image Dataset for Objec/train/images/IMG_20250819_235841_jpg.rf.b9ad0db1b6e9f309483ae53a0c248caf.jpg,PCB,pcb,8,10,12,pcb,0.13780665397644043,pcb,pcb,0.15043026208877563,pcb,pcb,0.13361918926239014,pcb
Custom Bangladeshi E-Waste Image Dataset for Objec/train/images/IMG_20250819_235841_jpg.rf.f33515ea53b3bc14a2f71a2f9d40979f.jpg,PCB,pcb,8,10,12,pcb,0.13508689403533936,pcb,pcb,0.123310387134552,pcb,pcb,0.1253684163093567,pcb
Custom Bangladeshi E-Waste Image Dataset for Objec/train/images/IMG_20250819_235853_jpg.rf.5f0155bba8eee5c25be2d8a8268ff930.jpg,PCB,pcb,8,10,12,pcb,0.24570798873901367,pcb,pcb,0.1975693702697754,pcb,pcb,0.2518816590309143,pcb
Custom Bangladeshi E-Waste Image Dataset for Objec/train/images/IMG_20250819_235853_jpg.rf.984063f06b8407e53c598e7d03212546.jpg,PCB,pcb,8,10,12,pcb,0.2293354868888855,pcb,pcb,0.17760145664215088,pcb,pcb,0.23562228679656982,pcb
Custom Bangladeshi E-Waste Image Dataset for Objec/train/images/IMG_20250819_235853_jpg.rf.e95c8d2b451c6f2c57a329213addcc46.jpg,PCB,pcb,8,10,12,pcb,0.20479649305343628,pcb,pcb,0.1671837568283081,pcb,pcb,0.20745760202407837,pcb
Custom Bangladeshi E-Waste Image Dataset for Objec/train/images/IMG_20250819_235900_1_jpg.rf.4f228b35a40657a9d4044001db65e10b.jpg,PCB,pcb,8,10,12,pcb,0.22544598579406738,pcb,pcb,0.17982596158981323,pcb,pcb,0.24141579866409302,pcb
Custom Bangladeshi E-Waste Image Dataset for Objec/train/images/IMG_20250819_235900_1_jpg.rf.57a2a1ee0bc5a191af8768b4ba08b10b.jpg,PCB,pcb,8,10,12,pcb,0.2691717743873596,pcb,pcb,0.16484975814819336,pcb,pcb,0.280784010887146,pcb
Custom Bangladeshi E-Waste Image Dataset for Objec/train/images/IMG_20250819_235900_1_jpg.rf.7352d4ef616661ac2a4bad6eae3a3f54.jpg,PCB,pcb,8,10,12,pcb,0.24962276220321655,pcb,pcb,0.19164621829986572,pcb,pcb,0.26507604122161865,pcb
Custom Bangladeshi E-Waste Image Dataset for Objec/train/images/IMG_20250819_235900_jpg.rf.5c3de33bdc0b69b007d1023306ba07d8.jpg,PCB,pcb,8,10,12,pcb,0.2350195050239563,pcb,pcb,0.1856345534324646,pcb,pcb,0.2517796754837036,pcb
Custom Bangladeshi E-Waste Image Dataset for Objec/train/images/IMG_20250819_235900_jpg.rf.6a52ed16b3e904dbb37cf87a33d579db.jpg,PCB,pcb,8,10,12,pcb,0.29602283239364624,pcb,pcb,0.2204686403274536,pcb,pcb,0.31120431423187256,pcb
Custom Bangladeshi E-Waste Image Dataset for Objec/train/images/IMG_20250819_235900_jpg.rf.b4277f1586a60855f09b0696d171fdf2.jpg,PCB,pcb,8,10,12,pcb,0.2283083200454712,pcb,pcb,0.1678289771080017,pcb,pcb,0.23906737565994263,pcb
Custom Bangladeshi E-Waste Image Dataset for Objec/train/images/IMG_20250819_235907_jpg.rf.7ae45ca7af4b7827d2d24fba32dcdbf0.jpg,PCB,pcb,8,10,12,pcb,0.13442569971084595,pcb,pcb,0.12186306715011597,pcb,pcb,0.12490767240524292,pcb
Custom Bangladeshi E-Waste Image Dataset for Objec/train/images/IMG_20250819_235907_jpg.rf.7d73c55c193ae7f68b0884b679a6a5f0.jpg,PCB,pcb,8,10,12,pcb,0.13537853956222534,pcb,pcb,0.14062631130218506,pcb,pcb,0.14205831289291382,pcb
Custom Bangladeshi E-Waste Image Dataset for Objec/train/images/IMG_20250819_235907_jpg.rf.d63aaf136cd0322154184382e639011a.jpg,PCB,pcb,8,10,12,pcb,0.13378393650054932,pcb,pcb,0.1388838291168213,pcb,pcb,0.13099533319473267,pcb
Custom Bangladeshi E-Waste Image Dataset for Objec/train/images/IMG_20250819_235925_jpg.rf.91c6765f10574f255077172d89d2caae.jpg,PCB,pcb,8,10,12,pcb,0.18292784690856934,pcb,pcb,0.16908931732177734,pcb,pcb,0.1795511245727539,pcb
Custom Bangladeshi E-Waste Image Dataset for Objec/train/images/IMG_20250819_235925_jpg.rf.c85cb13fba72e1f692229736e1c9cbdc.jpg,PCB,pcb,8,10,12,pcb,0.16301119327545166,pcb,pcb,0.16630804538726807,pcb,pcb,0.16995632648468018,pcb
Custom Bangladeshi E-Waste Image Dataset for Objec/train/images/IMG_20250819_235925_jpg.rf.e0154f001c0f26be286c2cc093aaabdf.jpg,PCB,pcb,8,10,12,pcb,0.1634526252746582,pcb,pcb,0.15745532512664795,pcb,pcb,0.1697760820388794,pcb
Custom Bangladeshi E-Waste Image Dataset for Objec/train/images/IMG_20250819_235926_jpg.rf.5983903af53dce51a327cc7540eb58e3.jpg,PCB,pcb,8,10,12,pcb,0.15902769565582275,pcb,pcb,0.1865045428276062,pcb,pcb,0.1753026843070984,pcb
Custom Bangladeshi E-Waste Image Dataset for Objec/train/images/IMG_20250819_235926_jpg.rf.ac67185bc562c73e91f11d0bfa925857.jpg,PCB,pcb,8,10,12,pcb,0.17558550834655762,pcb,pcb,0.16588300466537476,pcb,pcb,0.18806886672973633,pcb
Custom Bangladeshi E-Waste Image Dataset for Objec/train/images/IMG_20250819_235926_jpg.rf.ffb7712672f76f98dee67b1df8d7b8ab.jpg,PCB,pcb,8,10,12,pcb,0.18504029512405396,pcb,pcb,0.16755938529968262,pcb,pcb,0.1847575306892395,pcb
Custom Bangladeshi E-Waste Image Dataset for Objec/train/images/IMG_20250819_235927_1_jpg.rf.7e9741f402fcea1372755cb7cd6649b7.jpg,PCB,pcb,8,10,12,pcb,0.17849183082580566,pcb,pcb,0.15564745664596558,pcb,pcb,0.17782443761825562,pcb
Custom Bangladeshi E-Waste Image Dataset for Objec/train/images/IMG_20250819_235927_1_jpg.rf.ed18264df4db0cae5795751ce944d39c.jpg,PCB,pcb,8,10,12,pcb,0.1656901240348816,pcb,pcb,0.1820802092552185,pcb,pcb,0.17702293395996094,pcb
Custom Bangladeshi E-Waste Image Dataset for Objec/train/images/IMG_20250819_235927_1_jpg.rf.f8a0e7f49a44c4a4a79aa60ead7189e9.jpg,PCB,pcb,8,10,12,pcb,0.1814483404159546,pcb,pcb,0.1802031397819519,pcb,pcb,0.1858653426170349,pcb
Custom Bangladeshi E-Waste Image Dataset for Objec/train/images/IMG_20250819_235928_jpg.rf.36d5ec7eefbc6efec833554b1d4ac641.jpg,PCB,pcb,8,10,12,pcb,0.19576787948608398,pcb,pcb,0.17168086767196655,pcb,pcb,0.21286273002624512,pcb
Custom Bangladeshi E-Waste Image Dataset for Objec/train/images/IMG_20250819_235928_jpg.rf.b3dbf770a072f44ac84db5bdc8dc64cf.jpg,PCB,pcb,8,10,12,pcb,0.1838342547416687,pcb,pcb,0.17075598239898682,pcb,pcb,0.1891343593597412,pcb
Custom Bangladeshi E-Waste Image Dataset for Objec/train/images/IMG_20250819_235928_jpg.rf.f8dcbd7206160ff642fdc452991acfba.jpg,PCB,pcb,8,10,12,pcb,0.1773166060447693,pcb,pcb,0.1519039273262024,pcb,pcb,0.1794995665550232,pcb
Custom Bangladeshi E-Waste Image Dataset for Objec/train/images/IMG_20250819_235931_1_jpg.rf.1c5ef6e9426591451e46158830a6e8ff.jpg,PCB,pcb,8,10,12,pcb,0.1451670527458191,pcb,pcb,0.15884065628051758,pcb,pcb,0.15234583616256714,pcb
Custom Bangladeshi E-Waste Image Dataset for Objec/train/images/IMG_20250819_235931_1_jpg.rf.48aad5803e90f0cad1e763779e117869.jpg,PCB,pcb,8,10,12,pcb,0.13342636823654175,pcb,pcb,0.14385581016540527,pcb,pcb,0.12969952821731567,pcb
Custom Bangladeshi E-Waste Image Dataset for Objec/train/images/IMG_20250819_235931_1_jpg.rf.b9de271e4f49e0e8ee11c9abbdbd0963.jpg,PCB,pcb,8,10,12,pcb,0.14915025234222412,pcb,pcb,0.16325163841247559,pcb,pcb,0.15709412097930908,pcb
Custom Bangladeshi E-Waste Image Dataset for Objec/train/images/IMG_20250819_235931_2_jpg.rf.13a2291cd8f07b383435a932bbcc4e6a.jpg,PCB,pcb,8,10,12,pcb,0.1344704031944275,pcb,pcb,0.16407179832458496,pcb,pcb,0.14703840017318726,pcb
Custom Bangladeshi E-Waste Image Dataset for Objec/train/images/IMG_20250819_235931_2_jpg.rf.1da186201cc0134a95c319f5bd461506.jpg,PCB,pcb,8,10,12,pcb,0.13137942552566528,pcb,pcb,0.14150744676589966,pcb,pcb,0.13000768423080444,pcb
Custom Bangladeshi E-Waste Image Dataset for Objec/train/images/IMG_20250819_235931_2_jpg.rf.1e335b9ccf7afd458984a2f39e40d4d4.jpg,PCB,pcb,8,10,12,pcb,0.15410912036895752,pcb,pcb,0.15690726041793823,pcb,pcb,0.17031067609786987,pcb
Custom Bangladeshi E-Waste Image Dataset for Objec/train/images/IMG_20250819_235931_jpg.rf.3cb170679607c57b460bd88ead86fbcf.jpg,PCB,pcb,8,10,12,pcb,0.14980804920196533,pcb,pcb,0.16794824600219727,pcb,pcb,0.157456636428833,pcb
Custom Bangladeshi E-Waste Image Dataset for Objec/train/images/IMG_20250819_235931_jpg.rf.77d23c98f55860087e7fd7f473a589c3.jpg,PCB,pcb,8,10,12,pcb,0.13065534830093384,pcb,pcb,0.1467113494873047,pcb,pcb,0.12757861614227295,pcb
Custom Bangladeshi E-Waste Image Dataset for Objec/train/images/IMG_20250819_235931_jpg.rf.d5ced1897ee4346a1e8c2150e1b361c7.jpg,PCB,pcb,8,10,12,pcb,0.13969671726226807,pcb,pcb,0.15431755781173706,pcb,pcb,0.1544983983039856,pcb
Custom Bangladeshi E-Waste Image Dataset for Objec/train/images/IMG_20250819_235932_jpg.rf.3f13693d20c0bace735a8339d587b81d.jpg,PCB,pcb,8,10,12,pcb,0.1430550217628479,pcb,pcb,0.15616315603256226,pcb,pcb,0.1411624550819397,pcb
Custom Bangladeshi E-Waste Image Dataset for Objec/train/images/IMG_20250819_235932_jpg.rf.5cea6e7ea1f13d753518611d4d2efce0.jpg,PCB,pcb,8,10,12,pcb,0.13599687814712524,pcb,pcb,0.15895062685012817,pcb,pcb,0.13542664051055908,pcb
Custom Bangladeshi E-Waste Image Dataset for Objec/train/images/IMG_20250819_235932_jpg.rf.7eb413a2a0ebac74c1082b29663c9f10.jpg,PCB,pcb,8,10,12,pcb,0.15483063459396362,pcb,pcb,0.1638246774673462,pcb,pcb,0.1629267930984497,pcb
Custom Bangladeshi E-Waste Image Dataset for Objec/train/images/IMG_20250819_235933_jpg.rf.6843a58d482baffde8f245b0070b7d10.jpg,PCB,pcb,8,10,12,pcb,0.1314324140548706,pcb,pcb,0.1546938419342041,pcb,pcb,0.1344701051712036,pcb
Custom Bangladeshi E-Waste Image Dataset for Objec/train/images/IMG_20250819_235933_jpg.rf.e5df846d7a280a73e7dff66e92c9c839.jpg,PCB,pcb,8,10,12,pcb,0.16805577278137207,pcb,pcb,0.16434365510940552,pcb,pcb,0.17962127923965454,pcb
Custom Bangladeshi E-Waste Image Dataset for Objec/train/images/IMG_20250819_235933_jpg.rf.ea620f92da408fc1883707f83850fd16.jpg,PCB,pcb,8,10,12,pcb,0.15065592527389526,pcb,pcb,0.1529209017753601,pcb,pcb,0.15763801336288452,pcb
Custom Bangladeshi E-Waste Image Dataset for Objec/train/images/IMG_20250819_235935_jpg.rf.302fc296b598bd7c3675df7aa6046f12.jpg,PCB,pcb,8,10,12,pcb,0.15465408563613892,pcb,pcb,0.1657359004020691,pcb,pcb,0.16522955894470215,pcb
Custom Bangladeshi E-Waste Image Dataset for Objec/train/images/IMG_20250819_235935_jpg.rf.947c7d6abb2bfdea2afc1c8723d0650c.jpg,PCB,pcb,8,10,12,pcb,0.15412014722824097,pcb,pcb,0.15148717164993286,pcb,pcb,0.15172803401947021,pcb
Custom Bangladeshi E-Waste Image Dataset for Objec/train/images/IMG_20250819_235935_jpg.rf.f880e81c4de3ff8371c019cf04ebbbc2.jpg,PCB,pcb,8,10,12,pcb,0.17158687114715576,pcb,pcb,0.1617676019668579,pcb,pcb,0.17784714698791504,pcb
Custom Bangladeshi E-Waste Image Dataset for Objec/train/images/IMG_20250819_235939_1_jpg.rf.6b3ceff1f99e5d0f9c0da48d741dc194.jpg,PCB,pcb,8,10,12,pcb,0.1206122636795044,pcb,pcb,0.12726062536239624,pcb,pcb,0.11967694759368896,pcb
Custom Bangladeshi E-Waste Image Dataset for Objec/train/images/IMG_20250819_235939_1_jpg.rf.931ed695627484bca0104b1f555a917c.jpg,PCB,pcb,8,10,12,pcb,0.128290593624115,pcb,pcb,0.1351286768913269,pcb,pcb,0.12151437997817993,pcb
Custom Bangladeshi E-Waste Image Dataset for Objec/train/images/IMG_20250819_235939_1_jpg.rf.b710cd6cd3eb0effdb1af8f40c76cd0d.jpg,PCB,pcb,8,10,12,pcb,0.13553166389465332,pcb,pcb,0.12462717294692993,pcb,pcb,0.12825649976730347,pcb
Custom Bangladeshi E-Waste Image Dataset for Objec/train/images/IMG_20250819_235940_jpg.rf.3b87b043167b40d19d7a004562e01afd.jpg,PCB,pcb,8,10,12,pcb,0.13701587915420532,pcb,pcb,0.1530664563179016,pcb,pcb,0.13495832681655884,pcb
Custom Bangladeshi E-Waste Image Dataset for Objec/train/images/IMG_20250819_235940_jpg.rf.54817df1e3cd5ced4cf7c53fe2af04ee.jpg,PCB,pcb,8,10,12,pcb,0.12659138441085815,pcb,pcb,0.1613801121711731,pcb,pcb,0.12064504623413086,pcb
Custom Bangladeshi E-Waste Image Dataset for Objec/train/images/IMG_20250819_235940_jpg.rf.a146ae24a8868a71bc834274714dec21.jpg,PCB,pcb,8,10,12,pcb,0.138994038105011,pcb,pcb,0.12689071893692017,pcb,pcb,0.13240283727645874,pcb
Custom Bangladeshi E-Waste Image Dataset for Objec/train/images/IMG_20250819_235941_jpg.rf.00fbb35093f27895819dcdc665799546.jpg,PCB,pcb,8,10,12,pcb,0.13801103830337524,pcb,pcb,0.16154760122299194,pcb,pcb,0.13170278072357178,pcb
Custom Bangladeshi E-Waste Image Dataset for Objec/train/images/IMG_20250819_235941_jpg.rf.750bdd0e08434174a181f8664f603ec3.jpg,PCB,pcb,8,10,12,pcb,0.13541269302368164,pcb,pcb,0.13042032718658447,pcb,pcb,0.1307470202445984,pcb
Custom Bangladeshi E-Waste Image Dataset for Objec/train/images/IMG_20250819_235941_jpg.rf.b308d64ae965a701bbdd93a07173b8fb.jpg,PCB,pcb,8,10,12,pcb,0.12799954414367676,pcb,pcb,0.16258656978607178,pcb,pcb,0.1279277205467224,pcb
Custom Bangladeshi E-Waste Image Dataset for Objec/train/images/IMG_20250819_235945_1_jpg.rf.0540c766a891daaa8892e63bbe6e9a33.jpg,PCB,pcb,8,10,12,pcb,0.16510474681854248,pcb,pcb,0.16811156272888184,pcb,pcb,0.17274510860443115,pcb
Custom Bangladeshi E-Waste Image Dataset for Objec/train/images/IMG_20250819_235945_1_jpg.rf.1c9d068686309f2a2e0fb9b20fd7105b.jpg,PCB,pcb,8,10,12,pcb,0.15591496229171753,pcb,pcb,0.15487146377563477,pcb,pcb,0.1618068814277649,pcb
Custom Bangladeshi E-Waste Image Dataset for Objec/train/images/IMG_20250819_235945_1_jpg.rf.248beef281bf4f880d9226c3f526e422.jpg,PCB,pcb,8,10,12,pcb,0.16831165552139282,pcb,pcb,0.16772407293319702,pcb,pcb,0.16323912143707275,pcb
Custom Bangladeshi E-Waste Image Dataset for Objec/train/images/IMG_20250819_235945_jpg.rf.4b18a9226a923f8ab01e2acb3b4d2e8e.jpg,PCB,pcb,8,10,12,pcb,0.1706385612487793,pcb,pcb,0.1771649718284607,pcb,pcb,0.16719889640808105,pcb
Custom Bangladeshi E-Waste Image Dataset for Objec/train/images/IMG_20250819_235945_jpg.rf.89889dbac90f64bbc06f8e46f062f8f8.jpg,PCB,pcb,8,10,12,pcb,0.1579744815826416,pcb,pcb,0.1664910912513733,pcb,pcb,0.16308718919754028,pcb
Custom Bangladeshi E-Waste Image Dataset for Objec/train/images/IMG_20250819_235945_jpg.rf.e5d00926f86ea5152329881800d64f7c.jpg,PCB,pcb,8,10,12,pcb,0.13765674829483032,pcb,pcb,0.1616082787513733,pcb,pcb,0.14045614004135132,pcb
Custom Bangladeshi E-Waste Image Dataset for Objec/train/images/IMG_20250819_235951_1_jpg.rf.1e45ae423970c119d47ae780d5daf4f7.jpg,PCB,pcb,8,10,12,pcb,0.2181870937347412,pcb,pcb,0.1673833131790161,pcb,pcb,0.22304368019104004,pcb
Custom Bangladeshi E-Waste Image Dataset for Objec/train/images/IMG_20250819_235951_1_jpg.rf.506960f993e62d4d9e69e10eb46ee6f5.jpg,PCB,pcb,8,10,12,pcb,0.19912809133529663,pcb,pcb,0.18097031116485596,pcb,pcb,0.2049759030342102,pcb
Custom Bangladeshi E-Waste Image Dataset for Objec/train/images/IMG_20250819_235951_1_jpg.rf.7ec4c0884282019772b2aa077bdc3dda.jpg,PCB,pcb,8,10,12,pcb,0.19285356998443604,pcb,pcb,0.1764211654663086,pcb,pcb,0.20421874523162842,pcb
Custom Bangladeshi E-Waste Image Dataset for Objec/train/images/IMG_20250819_235951_jpg.rf.4de6acc3d1063ed79d9edf34a855ce99.jpg,PCB,pcb,8,10,12,pcb,0.2010098695755005,pcb,pcb,0.19255685806274414,pcb,pcb,0.20889389514923096,pcb
Custom Bangladeshi E-Waste Image Dataset for Objec/train/images/IMG_20250819_235951_jpg.rf.642d1d6a5778449ced86c743deeca8e0.jpg,PCB,pcb,8,10,12,pcb,0.2017415165901184,pcb,pcb,0.1641886830329895,pcb,pcb,0.20512831211090088,pcb
Custom Bangladeshi E-Waste Image Dataset for Objec/train/images/IMG_20250819_235951_jpg.rf.819c8a8c9521476d3a654acbe6663e87.jpg,PCB,pcb,8,10,12,pcb,0.20640987157821655,pcb,pcb,0.18614327907562256,pcb,pcb,0.21354985237121582,pcb
Custom Bangladeshi E-Waste Image Dataset for Objec/train/images/IMG_20250819_235952_jpg.rf.e3da93e10bebcefb29b3999f41eb70d5.jpg,PCB,pcb,8,10,12,pcb,0.20966321229934692,pcb,pcb,0.192435622215271,pcb,pcb,0.21887320280075073,pcb
Custom Bangladeshi E-Waste Image Dataset for Objec/train/images/IMG_20250819_235952_jpg.rf.f156bc4e90be2bff0d8fe517c83eff24.jpg,PCB,pcb,8,10,12,pcb,0.2085546851158142,pcb,pcb,0.1884174942970276,pcb,pcb,0.21795684099197388,pcb
Custom Bangladeshi E-Waste Image Dataset for Objec/train/images/IMG_20250819_235952_jpg.rf.f8a465c32a96181a730c7bd89678b4b0.jpg,PCB,pcb,8,10,12,pcb,0.2244197130203247,pcb,pcb,0.1836732029914856,pcb,pcb,0.23679041862487793,pcb
Custom Bangladeshi E-Waste Image Dataset for Objec/train/images/IMG_20250819_235957_1_jpg.rf.2f4957b01fefb6be31e70b169bc81d6e.jpg,PCB,pcb,8,10,12,pcb,0.24498695135116577,pcb,pcb,0.20417368412017822,pcb,pcb,0.24796992540359497,pcb
Custom Bangladeshi E-Waste Image Dataset for Objec/train/images/IMG_20250819_235957_1_jpg.rf.8395b3c2109ab1b121449f163cf7c81d.jpg,PCB,pcb,8,10,12,pcb,0.21602338552474976,pcb,pcb,0.18538397550582886,pcb,pcb,0.2208738923072815,pcb
Custom Bangladeshi E-Waste Image Dataset for Objec/train/images/IMG_20250819_235957_1_jpg.rf.d2c71ed5ccdafcea226d07a1c0390fdc.jpg,PCB,pcb,8,10,12,pcb,0.2358264923095703,pcb,pcb,0.1857982873916626,pcb,pcb,0.2438480257987976,pcb
Custom Bangladeshi E-Waste Image Dataset for Objec/train/images/IMG_20250819_235957_jpg.rf.345331a30acb0ffa13d29caa63e79ac6.jpg,PCB,pcb,8,10,12,pcb,0.2087017297744751,pcb,pcb,0.1904112696647644,pcb,pcb,0.22128725051879883,pcb
Custom Bangladeshi E-Waste Image Dataset for Objec/train/images/IMG_20250819_235957_jpg.rf.633a6accb649850c5f9f815dd2daf693.jpg,PCB,pcb,8,10,12,pcb,0.23237872123718262,pcb,pcb,0.2004845142364502,pcb,pcb,0.23080575466156006,pcb
Custom Bangladeshi E-Waste Image Dataset for Objec/train/images/IMG_20250819_235957_jpg.rf.fe2e10aa65fb879923c8a5661ee81f51.jpg,PCB,pcb,8,10,12,pcb,0.25880134105682373,pcb,pcb,0.19311225414276123,pcb,pcb,0.2616742253303528,pcb
Custom Bangladeshi E-Waste Image Dataset for Objec/train/images/IMG_20250820_000046_jpg.rf.5a78b1a77621f1e7dac1468cc20e4a1d.jpg,PCB,pcb,8,10,12,pcb,0.25390565395355225,pcb,pcb,0.22092187404632568,pcb,pcb,0.24240916967391968,pcb
Custom Bangladeshi E-Waste Image Dataset for Objec/train/images/IMG_20250820_000046_jpg.rf.d24becf76d739c4f3e297b3e2e31aeab.jpg,PCB,pcb,8,10,12,pcb,0.25209134817123413,pcb,pcb,0.2402418851852417,pcb,pcb,0.22737687826156616,pcb
Custom Bangladeshi E-Waste Image Dataset for Objec/train/images/IMG_20250820_000046_jpg.rf.f2ae0e6c88435d107cfe009e23548707.jpg,PCB,pcb,8,10,12,pcb,0.2763795256614685,pcb,pcb,0.2358805537223816,pcb,pcb,0.262382447719574,pcb
Custom Bangladeshi E-Waste Image Dataset for Objec/train/images/IMG_20250820_000048_1_jpg.rf.86ca16facaf2ab9f3a1c33299292646c.jpg,PCB,pcb,8,10,12,pcb,0.25216424465179443,pcb,pcb,0.21807706356048584,pcb,pcb,0.22842228412628174,pcb
Custom Bangladeshi E-Waste Image Dataset for Objec/train/images/IMG_20250820_000048_1_jpg.rf.aa13921058012471c45bdeda08c55dd6.jpg,PCB,pcb,8,10,12,pcb,0.26997703313827515,pcb,pcb,0.22509896755218506,pcb,pcb,0.2588770389556885,pcb
Custom Bangladeshi E-Waste Image Dataset for Objec/train/images/IMG_20250820_000048_1_jpg.rf.b37aba09cd0709aaf55cc7ea3c02a6b3.jpg,PCB,pcb,8,10,12,pcb,0.26809269189834595,pcb,pcb,0.21776741743087769,pcb,pcb,0.2652091979980469,pcb
Custom Bangladeshi E-Waste Image Dataset for Objec/train/images/IMG_20250820_000048_jpg.rf.6a99fa63000cac5c466630531a0a9129.jpg,PCB,pcb,8,10,12,pcb,0.23841100931167603,pcb,pcb,0.21456009149551392,pcb,pcb,0.21485811471939087,pcb
Custom Bangladeshi E-Waste Image Dataset for Objec/train/images/IMG_20250820_000048_jpg.rf.7f6cb14db6467f137cd5dd0c9b6d5d66.jpg,PCB,pcb,8,10,12,pcb,0.2517240643501282,pcb,pcb,0.2069087028503418,pcb,pcb,0.23014265298843384,pcb
Custom Bangladeshi E-Waste Image Dataset for Objec/train/images/IMG_20250820_000048_jpg.rf.cd693d74c403a7625022385e3d5a6538.jpg,PCB,pcb,8,10,12,pcb,0.26405370235443115,pcb,pcb,0.23486077785491943,pcb,pcb,0.24881041049957275,pcb
Custom Bangladeshi E-Waste Image Dataset for Objec/train/images/IMG_20250820_000049_jpg.rf.26540d406f184ae32723acd4561ef80d.jpg,PCB,pcb,8,10,12,pcb,0.27897030115127563,pcb,pcb,0.24041533470153809,pcb,pcb,0.25964999198913574,pcb
Custom Bangladeshi E-Waste Image Dataset for Objec/train/images/IMG_20250820_000049_jpg.rf.80b6d289f5e0b8c6e35ca7223f0cb605.jpg,PCB,pcb,8,10,12,pcb,0.2446386218070984,pcb,pcb,0.22383081912994385,pcb,pcb,0.21981698274612427,pcb
Custom Bangladeshi E-Waste Image Dataset for Objec/train/images/IMG_20250820_000049_jpg.rf.cd093257660b9cf0d8d43b7de34d0540.jpg,PCB,pcb,8,10,12,pcb,0.24796080589294434,pcb,pcb,0.21101611852645874,pcb,pcb,0.2337016463279724,pcb
Custom Bangladeshi E-Waste Image Dataset for Objec/train/images/IMG_20250820_000054_1_jpg.rf.80d1ae2beb041addbdbdbc47644b8d1d.jpg,PCB,pcb,8,10,12,pcb,0.18872761726379395,pcb,pcb,0.18499517440795898,pcb,pcb,0.1803777813911438,pcb
Custom Bangladeshi E-Waste Image Dataset for Objec/train/images/IMG_20250820_000054_1_jpg.rf.9e9b4eeb4faf247b3ec77298b1b4ffe4.jpg,PCB,pcb,8,10,12,pcb,0.21619147062301636,pcb,pcb,0.2128470540046692,pcb,pcb,0.19246304035186768,pcb
Custom Bangladeshi E-Waste Image Dataset for Objec/train/images/IMG_20250820_000054_1_jpg.rf.b962b0e7852494c5a31aa83ebae357d6.jpg,PCB,pcb,8,10,12,pcb,0.2190588116645813,pcb,pcb,0.21422350406646729,pcb,pcb,0.20152366161346436,pcb
Custom Bangladeshi E-Waste Image Dataset for Objec/train/images/IMG_20250820_000059_jpg.rf.6adc5dc6f10c99459626fb574c520246.jpg,PCB,pcb,8,10,12,pcb,0.21884173154830933,pcb,pcb,0.23490941524505615,pcb,pcb,0.19628334045410156,pcb
Custom Bangladeshi E-Waste Image Dataset for Objec/train/images/IMG_20250820_000059_jpg.rf.93fd6de806faa21919d0afb5896d77bd.jpg,PCB,pcb,8,10,12,pcb,0.21712547540664673,pcb,pcb,0.22003847360610962,pcb,pcb,0.20783239603042603,pcb
Custom Bangladeshi E-Waste Image Dataset for Objec/train/images/IMG_20250820_000059_jpg.rf.9a84d4801ec388c2f04bebc3f932a724.jpg,PCB,pcb,8,10,12,pcb,0.2175130844116211,pcb,pcb,0.21922630071640015,pcb,pcb,0.21177566051483154,pcb
Custom Bangladeshi E-Waste Image Dataset for Objec/train/images/IMG_20250820_000102_jpg.rf.0109ff5146c49cc5304123753ac02049.jpg,PCB,pcb,8,10,12,pcb,0.20296311378479004,pcb,pcb,0.187042236328125,pcb,pcb,0.1894490122795105,pcb
Custom Bangladeshi E-Waste Image Dataset for Objec/train/images/IMG_20250820_000102_jpg.rf.047465f2a37585d7120c630340744e4b.jpg,PCB,pcb,8,10,12,pcb,0.2158861756324768,pcb,pcb,0.20917242765426636,pcb,pcb,0.21511155366897583,pcb
Custom Bangladeshi E-Waste Image Dataset for Objec/train/images/IMG_20250820_000102_jpg.rf.0745bc5223417da97575c6571b7dea9c.jpg,PCB,pcb,8,10,12,pcb,0.22052836418151855,pcb,pcb,0.211181640625,pcb,pcb,0.19457173347473145,pcb
Custom Bangladeshi E-Waste Image Dataset for Objec/train/images/IMG_20250820_000124_1_jpg.rf.1e490acb1f4ec7a74e5b206a58dc97de.jpg,PCB,pcb,8,10,12,pcb,0.20829641819000244,pcb,pcb,0.2007896900177002,pcb,pcb,0.20908522605895996,pcb
Custom Bangladeshi E-Waste Image Dataset for Objec/train/images/IMG_20250820_000124_1_jpg.rf.589bacae602642c1f219722e859112bb.jpg,PCB,pcb,8,10,12,pcb,0.2115415334701538,pcb,pcb,0.20901721715927124,pcb,pcb,0.2150895595550537,pcb
Custom Bangladeshi E-Waste Image Dataset for Objec/train/images/IMG_20250820_000124_1_jpg.rf.6c7d06e69245ff12a1f8943bec247158.jpg,PCB,pcb,8,10,12,pcb,0.20726794004440308,pcb,pcb,0.208831787109375,pcb,pcb,0.21051126718521118,pcb
Custom Bangladeshi E-Waste Image Dataset for Objec/train/images/IMG_20250820_000127_jpg.rf.1cd11b1b49dea06042f3597002d6027f.jpg,PCB,pcb,8,10,12,pcb,0.2237502932548523,pcb,pcb,0.210809588432312,pcb,pcb,0.2312728762626648,pcb
Custom Bangladeshi E-Waste Image Dataset for Objec/train/images/IMG_20250820_000127_jpg.rf.31d53463012a14d67f26f317d0c7d044.jpg,PCB,pcb,8,10,12,pcb,0.23887908458709717,pcb,pcb,0.2388451099395752,pcb,pcb,0.25328314304351807,pcb
Custom Bangladeshi E-Waste Image Dataset for Objec/train/images/IMG_20250820_000127_jpg.rf.73821a43e2c8e80ca521764e9643f033.jpg,PCB,pcb,8,10,12,pcb,0.23072689771652222,pcb,pcb,0.21738994121551514,pcb,pcb,0.24162614345550537,pcb
Custom Bangladeshi E-Waste Image Dataset for Objec/train/images/IMG_20250820_000135_1_jpg.rf.41cfa405ba92c8ae4133bb3c53223e8a.jpg,PCB,pcb,8,10,12,pcb,0.17519718408584595,pcb,pcb,0.18125838041305542,pcb,pcb,0.18566590547561646,pcb
Custom Bangladeshi E-Waste Image Dataset for Objec/train/images/IMG_20250820_000135_1_jpg.rf.625d55dbe1b4800c41a3b569498a17a0.jpg,PCB,pcb,8,10,12,pcb,0.14965295791625977,pcb,pcb,0.15123170614242554,pcb,pcb,0.1552046537399292,pcb
Custom Bangladeshi E-Waste Image Dataset for Objec/train/images/IMG_20250820_000135_1_jpg.rf.a4a9ecde57c74a7f1c0f2a58ee8066a9.jpg,PCB,pcb,8,10,12,pcb,0.18247568607330322,pcb,pcb,0.1533922553062439,pcb,pcb,0.19476056098937988,pcb
Custom Bangladeshi E-Waste Image Dataset for Objec/train/images/IMG_20250820_000154_jpg.rf.1c700361f1c7746d1c142524ef9c0953.jpg,PCB,pcb,8,10,12,pcb,0.1038285493850708,pcb,pcb,0.1372450590133667,pcb,pcb,0.09607887268066406,pcb
Custom Bangladeshi E-Waste Image Dataset for Objec/train/images/IMG_20250820_000154_jpg.rf.8a835b299a537975ce82fcc0ed4b4355.jpg,PCB,pcb,8,10,12,pcb,0.10645794868469238,pcb,pcb,0.13608795404434204,pcb,pcb,0.10772639513015747,pcb
Custom Bangladeshi E-Waste Image Dataset for Objec/train/images/IMG_20250820_000154_jpg.rf.da9c2af097efe3461cc4fce1af31a1d3.jpg,PCB,pcb,8,10,12,pcb,0.12011617422103882,pcb,pcb,0.14381718635559082,pcb,pcb,0.11400669813156128,pcb
Custom Bangladeshi E-Waste Image Dataset for Objec/train/images/IMG_20250820_000155_jpg.rf.cb812c03e1c86a693abd27705504de2d.jpg,PCB,pcb,8,10,12,pcb,0.10546737909317017,pcb,pcb,0.13929063081741333,pcb,pcb,0.09477442502975464,pcb
Custom Bangladeshi E-Waste Image Dataset for Objec/train/images/IMG_20250820_000155_jpg.rf.d616a606eb3cff60e26b416fe3b4f7f5.jpg,PCB,pcb,8,10,12,pcb,0.11465334892272949,pcb,pcb,0.14431703090667725,pcb,pcb,0.11092936992645264,pcb
Custom Bangladeshi E-Waste Image Dataset for Objec/train/images/IMG_20250820_000155_jpg.rf.defc61bfca3b7459653578a0a9fa4dea.jpg,PCB,pcb,8,10,12,pcb,0.11272400617599487,pcb,pcb,0.1703498363494873,pcb,pcb,0.11709076166152954,pcb
Custom Bangladeshi E-Waste Image Dataset for Objec/train/images/IMG_20250820_000208_1_jpg.rf.6791bf4947a150f3df5c8d26df930c64.jpg,PCB,pcb,8,10,12,pcb,0.14928585290908813,pcb,pcb,0.1830647587776184,pcb,pcb,0.1654874086380005,pcb
Custom Bangladeshi E-Waste Image Dataset for Objec/train/images/IMG_20250820_000208_1_jpg.rf.6ceaf7d2f001f1886c48bf6138d06a77.jpg,PCB,pcb,8,10,12,pcb,0.14005541801452637,pcb,pcb,0.15433454513549805,pcb,pcb,0.1552187204360962,pcb
Custom Bangladeshi E-Waste Image Dataset for Objec/train/images/IMG_20250820_000208_1_jpg.rf.ab380142c7dec1bf20a763ba6d75c2ec.jpg,PCB,pcb,8,10,12,pcb,0.1132512092590332,pcb,pcb,0.17136907577514648,pcb,pcb,0.10927212238311768,pcb
Custom Bangladeshi E-Waste Image Dataset for Objec/train/images/IMG_20250820_000209_jpg.rf.45c69cf62f02485203a8869889acba69.jpg,PCB,pcb,8,10,12,pcb,0.11631405353546143,pcb,pcb,0.16881287097930908,pcb,pcb,0.11244118213653564,pcb
Custom Bangladeshi E-Waste Image Dataset for Objec/train/images/IMG_20250820_000209_jpg.rf.9103d79f5c6998ae0a627fcd72aef0b3.jpg,PCB,pcb,8,10,12,pcb,0.12927627563476562,pcb,pcb,0.16218888759613037,pcb,pcb,0.1438734531402588,pcb
Custom Bangladeshi E-Waste Image Dataset for Objec/train/images/IMG_20250820_000209_jpg.rf.e8261b5aacc66c644aafc67272b4aa84.jpg,PCB,pcb,8,10,12,pcb,0.12237244844436646,pcb,pcb,0.15241855382919312,pcb,pcb,0.12365394830703735,pcb
Custom Bangladeshi E-Waste Image Dataset for Objec/train/images/IMG_20250820_000213_jpg.rf.1a56b635f17ef13185a7c09da1ac606a.jpg,PCB,pcb,8,10,12,pcb,0.09119200706481934,pcb,pcb,0.08980071544647217,pcb,pcb,0.10238367319107056,pcb
Custom Bangladeshi E-Waste Image Dataset for Objec/train/images/IMG_20250820_000213_jpg.rf.843769caab6e80c29add98c60ba32f3f.jpg,PCB,pcb,8,10,12,pcb,0.08217531442642212,pcb,pcb,0.11336636543273926,pcb,pcb,0.09569013118743896,pcb
Custom Bangladeshi E-Waste Image Dataset for Objec/train/images/IMG_20250820_000213_jpg.rf.cbc7f714cbc1bce9a15355249ee162c4.jpg,PCB,pcb,8,10,12,pcb,0.0787925124168396,pcb,pcb,0.07651811838150024,pcb,pcb,0.08100384473800659,pcb
Custom Bangladeshi E-Waste Image Dataset for Objec/train/images/IMG_20250822_135858_jpg.rf.6fef6bce27ad1bc4cc43ec098061a9fe.jpg,Keyboard,input_peripheral,0,2,9,input_peripheral,0.1431618332862854,input_peripheral,input_peripheral,0.24635863304138184,input_peripheral,input_peripheral,0.11628085374832153,input_peripheral
Custom Bangladeshi E-Waste Image Dataset for Objec/train/images/IMG_20250822_135858_jpg.rf.cc4979236edf1bd23c0fb7da7e015eed.jpg,Keyboard,input_peripheral,0,2,9,input_peripheral,0.14864581823349,input_peripheral,input_peripheral,0.2365279197692871,input_peripheral,input_peripheral,0.1224324107170105,input_peripheral
Custom Bangladeshi E-Waste Image Dataset for Objec/train/images/IMG_20250822_135858_jpg.rf.d0baa8748bd751f6a85e520f5555735c.jpg,Keyboard,input_peripheral,0,2,9,input_peripheral,0.15149259567260742,input_peripheral,input_peripheral,0.18997788429260254,input_peripheral,input_peripheral,0.12716078758239746,input_peripheral
Custom Bangladeshi E-Waste Image Dataset for Objec/train/images/IMG_20250822_135902_jpg.rf.28d0c524f8d7eeaf10878a58f85a159c.jpg,Keyboard,input_peripheral,0,2,9,input_peripheral,0.18696165084838867,input_peripheral,input_peripheral,0.28941959142684937,input_peripheral,input_peripheral,0.15652936697006226,input_peripheral
Custom Bangladeshi E-Waste Image Dataset for Objec/train/images/IMG_20250822_135902_jpg.rf.74d747b6bf4265df472619033ad67b14.jpg,Keyboard,input_peripheral,0,2,9,input_peripheral,0.14750617742538452,input_peripheral,input_peripheral,0.19442349672317505,input_peripheral,input_peripheral,0.12409955263137817,input_peripheral
Custom Bangladeshi E-Waste Image Dataset for Objec/train/images/IMG_20250822_135902_jpg.rf.bc8ab69e5cb5074ac4c4f9313147a695.jpg,Keyboard,input_peripheral,0,2,9,input_peripheral,0.20372051000595093,input_peripheral,input_peripheral,0.3388456702232361,input_peripheral,input_peripheral,0.18787401914596558,input_peripheral
Custom Bangladeshi E-Waste Image Dataset for Objec/train/images/IMG_20250822_135911_jpg.rf.19d82328828d08b4ab3938370554b2ad.jpg,Keyboard,input_peripheral,0,2,9,input_peripheral,0.17298787832260132,input_peripheral,input_peripheral,0.21597939729690552,input_peripheral,input_peripheral,0.1499561071395874,input_peripheral
Custom Bangladeshi E-Waste Image Dataset for Objec/train/images/IMG_20250822_135911_jpg.rf.267733e05cf43b965f3414443be7d673.jpg,Keyboard,input_peripheral,0,2,9,input_peripheral,0.1871599555015564,input_peripheral,input_peripheral,0.276600182056427,input_peripheral,input_peripheral,0.16947680711746216,input_peripheral
Custom Bangladeshi E-Waste Image Dataset for Objec/train/images/IMG_20250822_135911_jpg.rf.3c17a94c830285c2baab6a963f036a2a.jpg,Keyboard,input_peripheral,0,2,9,input_peripheral,0.17285525798797607,input_peripheral,input_peripheral,0.2394094467163086,input_peripheral,input_peripheral,0.15358269214630127,input_peripheral
Custom Bangladeshi E-Waste Image Dataset for Objec/train/images/IMG_20250822_135913_jpg.rf.1a2398d375a8d8737469f91847530138.jpg,Keyboard,input_peripheral,0,2,9,input_peripheral,0.16935497522354126,input_peripheral,input_peripheral,0.2088291049003601,input_peripheral,input_peripheral,0.1423567533493042,input_peripheral
Custom Bangladeshi E-Waste Image Dataset for Objec/train/images/IMG_20250822_135913_jpg.rf.6c33485360beb75a8c693d889aece589.jpg,Keyboard,input_peripheral,0,2,9,input_peripheral,0.21820956468582153,input_peripheral,input_peripheral,0.3528556823730469,input_peripheral,input_peripheral,0.20279937982559204,input_peripheral
Custom Bangladeshi E-Waste Image Dataset for Objec/train/images/IMG_20250822_135913_jpg.rf.eeb184938e08fe6393c77546ccb4a8b2.jpg,Keyboard,input_peripheral,0,2,9,input_peripheral,0.19754678010940552,input_peripheral,input_peripheral,0.28090929985046387,input_peripheral,input_peripheral,0.1855953335762024,input_peripheral
Custom Bangladeshi E-Waste Image Dataset for Objec/train/images/IMG_20250822_135915_jpg.rf.3b7680f58909d651fd5920b1daaa6aad.jpg,Keyboard,input_peripheral,0,2,9,input_peripheral,0.17377883195877075,input_peripheral,input_peripheral,0.23620057106018066,input_peripheral,input_peripheral,0.15055018663406372,input_peripheral
Custom Bangladeshi E-Waste Image Dataset for Objec/train/images/IMG_20250822_135915_jpg.rf.6e39a8c1794d1e6d744237aa6d00f4fc.jpg,Keyboard,input_peripheral,0,2,9,input_peripheral,0.18147379159927368,input_peripheral,input_peripheral,0.28463512659072876,input_peripheral,input_peripheral,0.16396164894104004,input_peripheral
Custom Bangladeshi E-Waste Image Dataset for Objec/train/images/IMG_20250822_135915_jpg.rf.ba271776cfea93d2958463296ac9479a.jpg,Keyboard,input_peripheral,0,2,9,input_peripheral,0.1648157238960266,input_peripheral,input_peripheral,0.2806837558746338,input_peripheral,input_peripheral,0.15129172801971436,input_peripheral
Custom Bangladeshi E-Waste Image Dataset for Objec/train/images/IMG_20250822_135925_jpg.rf.04443fe2e82a23db600b84c069b411e2.jpg,Keyboard,input_peripheral,8,2,12,pcb,0.7643534541130066,pcb,input_peripheral,0.6592193841934204,input_peripheral,pcb,0.7904696464538574,pcb
Custom Bangladeshi E-Waste Image Dataset for Objec/train/images/IMG_20250822_135925_jpg.rf.82db4dff3831ae794b7739e124b1d6ce.jpg,Keyboard,input_peripheral,8,10,12,pcb,0.6900458335876465,pcb,pcb,0.6633154153823853,pcb,pcb,0.7066558003425598,pcb
Custom Bangladeshi E-Waste Image Dataset for Objec/train/images/IMG_20250822_135925_jpg.rf.e68eec7945eb5e0eef3868278f617976.jpg,Keyboard,input_peripheral,8,10,12,pcb,0.6367495059967041,pcb,pcb,0.6584932804107666,pcb,pcb,0.658003568649292,pcb
Custom Bangladeshi E-Waste Image Dataset for Objec/train/images/IMG_20250822_135926_1_jpg.rf.49e382ff8d6056bb91eb8a655f476da9.jpg,Keyboard,input_peripheral,8,10,12,pcb,0.6340154409408569,pcb,pcb,0.6338203549385071,pcb,pcb,0.6521075963973999,pcb
Custom Bangladeshi E-Waste Image Dataset for Objec/train/images/IMG_20250822_135926_1_jpg.rf.7a925c578dbf9baa260ba0ef8197731b.jpg,Keyboard,input_peripheral,8,10,0,pcb,0.7417250275611877,pcb,pcb,0.7233765721321106,pcb,battery,0.7531045079231262,battery
Custom Bangladeshi E-Waste Image Dataset for Objec/train/images/IMG_20250822_135926_1_jpg.rf.8e7642dca56f35155ff9397829ec2ce5.jpg,Keyboard,input_peripheral,8,10,0,pcb,0.7288230657577515,pcb,pcb,0.6661190986633301,pcb,battery,0.7160559892654419,battery
Custom Bangladeshi E-Waste Image Dataset for Objec/train/images/IMG_20250822_135930_jpg.rf.52e0302c2faac0d942d1bcebe89fea8b.jpg,Keyboard,input_peripheral,8,10,0,pcb,0.6902586221694946,pcb,pcb,0.6549803018569946,pcb,battery,0.6823172569274902,battery
Custom Bangladeshi E-Waste Image Dataset for Objec/train/images/IMG_20250822_135930_jpg.rf.d59eb34474a070386781f4c4ceeb15a3.jpg,Keyboard,input_peripheral,8,10,12,pcb,0.6633093357086182,pcb,pcb,0.6553785800933838,pcb,pcb,0.680299699306488,pcb
Custom Bangladeshi E-Waste Image Dataset for Objec/train/images/IMG_20250822_135930_jpg.rf.f7fbdf58672b10613baf63480a8ad2b6.jpg,Keyboard,input_peripheral,8,10,0,pcb,0.6999465227127075,pcb,pcb,0.6699881553649902,pcb,battery,0.694206714630127,battery
Custom Bangladeshi E-Waste Image Dataset for Objec/train/images/IMG_20250822_135932_jpg.rf.13653e8291d1c070d16796382e0684ac.jpg,Keyboard,input_peripheral,1,10,0,battery,0.7432106137275696,battery,pcb,0.7111724019050598,pcb,battery,0.712069034576416,battery
Custom Bangladeshi E-Waste Image Dataset for Objec/train/images/IMG_20250822_135932_jpg.rf.2345fa521af36542f31f81d8c9c874da.jpg,Keyboard,input_peripheral,8,10,12,pcb,0.6480914354324341,pcb,pcb,0.6616699695587158,pcb,pcb,0.6643835306167603,pcb
Custom Bangladeshi E-Waste Image Dataset for Objec/train/images/IMG_20250822_135932_jpg.rf.ecda9a2591832abc296c9b5bee74230f.jpg,Keyboard,input_peripheral,8,10,0,pcb,0.7118879556655884,pcb,pcb,0.6816434860229492,pcb,battery,0.6909117102622986,battery
Custom Bangladeshi E-Waste Image Dataset for Objec/train/images/IMG_20250822_135941_jpg.rf.0f849286b56295d86dfac80004043e70.jpg,Keyboard,input_peripheral,0,2,9,input_peripheral,0.14183127880096436,input_peripheral,input_peripheral,0.18178772926330566,input_peripheral,input_peripheral,0.12467044591903687,input_peripheral
Custom Bangladeshi E-Waste Image Dataset for Objec/train/images/IMG_20250822_135941_jpg.rf.6c9f4213072cd4fb3f130e103aa4b935.jpg,Keyboard,input_peripheral,0,2,9,input_peripheral,0.1556074619293213,input_peripheral,input_peripheral,0.1765228509902954,input_peripheral,input_peripheral,0.12850439548492432,input_peripheral
Custom Bangladeshi E-Waste Image Dataset for Objec/train/images/IMG_20250822_135941_jpg.rf.b39c996ced2e67dc1020a7a64d1ca943.jpg,Keyboard,input_peripheral,0,2,9,input_peripheral,0.16129082441329956,input_peripheral,input_peripheral,0.19792860746383667,input_peripheral,input_peripheral,0.13744235038757324,input_peripheral
Custom Bangladeshi E-Waste Image Dataset for Objec/train/images/IMG_20250822_135947_jpg.rf.3de7e5999050f8b8f3cce938cfe9c1ce.jpg,Keyboard,input_peripheral,0,2,9,input_peripheral,0.16725397109985352,input_peripheral,input_peripheral,0.23645609617233276,input_peripheral,input_peripheral,0.14017581939697266,input_peripheral
Custom Bangladeshi E-Waste Image Dataset for Objec/train/images/IMG_20250822_135947_jpg.rf.db95a059a2f57fa95d1d44c7c0574851.jpg,Keyboard,input_peripheral,0,2,9,input_peripheral,0.18234390020370483,input_peripheral,input_peripheral,0.3253713846206665,input_peripheral,input_peripheral,0.15468460321426392,input_peripheral
Custom Bangladeshi E-Waste Image Dataset for Objec/train/images/IMG_20250822_135947_jpg.rf.f7d0e15b4604f2859e29fc28c5051ba2.jpg,Keyboard,input_peripheral,0,2,9,input_peripheral,0.23482728004455566,input_peripheral,input_peripheral,0.2605709433555603,input_peripheral,input_peripheral,0.22732871770858765,input_peripheral
Custom Bangladeshi E-Waste Image Dataset for Objec/train/images/IMG_20250822_135949_jpg.rf.0263345d8c2dd414a4e8e7d736839830.jpg,Keyboard,input_peripheral,0,2,9,input_peripheral,0.17271316051483154,input_peripheral,input_peripheral,0.2572357654571533,input_peripheral,input_peripheral,0.1426045298576355,input_peripheral
Custom Bangladeshi E-Waste Image Dataset for Objec/train/images/IMG_20250822_135949_jpg.rf.4aeac769aec7e849bdb0efe1978cc76b.jpg,Keyboard,input_peripheral,0,2,9,input_peripheral,0.1660502552986145,input_peripheral,input_peripheral,0.24308067560195923,input_peripheral,input_peripheral,0.13611632585525513,input_peripheral
Custom Bangladeshi E-Waste Image Dataset for Objec/train/images/IMG_20250822_135949_jpg.rf.a29c2107f57fe17fadfbbc24f0224a9a.jpg,Keyboard,input_peripheral,0,2,9,input_peripheral,0.20447129011154175,input_peripheral,input_peripheral,0.3305991291999817,input_peripheral,input_peripheral,0.17616498470306396,input_peripheral
Custom Bangladeshi E-Waste Image Dataset for Objec/train/images/IMG_20250822_135957_jpg.rf.13e2326857ec937b9229ce60ed079db9.jpg,Keyboard,input_peripheral,0,2,9,input_peripheral,0.1501767635345459,input_peripheral,input_peripheral,0.1876450777053833,input_peripheral,input_peripheral,0.12420481443405151,input_peripheral
Custom Bangladeshi E-Waste Image Dataset for Objec/train/images/IMG_20250822_135957_jpg.rf.552703d26fd874843df52e2b99122951.jpg,Keyboard,input_peripheral,0,2,9,input_peripheral,0.19134265184402466,input_peripheral,input_peripheral,0.3053065538406372,input_peripheral,input_peripheral,0.1539890170097351,input_peripheral
Custom Bangladeshi E-Waste Image Dataset for Objec/train/images/IMG_20250822_135957_jpg.rf.55875c1763d4c1622ad4f4f9c07514c7.jpg,Keyboard,input_peripheral,0,2,9,input_peripheral,0.22505897283554077,input_peripheral,input_peripheral,0.3749297857284546,input_peripheral,input_peripheral,0.2208966612815857,input_peripheral
Custom Bangladeshi E-Waste Image Dataset for Objec/train/images/IMG_20250822_140003_jpg.rf.123e21ac79c68cb181225a8681341aea.jpg,Keyboard,input_peripheral,0,2,9,input_peripheral,0.13646948337554932,input_peripheral,input_peripheral,0.23979520797729492,input_peripheral,input_peripheral,0.11862462759017944,input_peripheral
Custom Bangladeshi E-Waste Image Dataset for Objec/train/images/IMG_20250822_140003_jpg.rf.5edba9ff39edcefc667ddea9729b33ab.jpg,Keyboard,input_peripheral,0,2,9,input_peripheral,0.12479692697525024,input_peripheral,input_peripheral,0.15345865488052368,input_peripheral,input_peripheral,0.10326844453811646,input_peripheral
Custom Bangladeshi E-Waste Image Dataset for Objec/train/images/IMG_20250822_140003_jpg.rf.9208533ecb7a20c8011f5a414cc74270.jpg,Keyboard,input_peripheral,0,2,9,input_peripheral,0.14015686511993408,input_peripheral,input_peripheral,0.1691654920578003,input_peripheral,input_peripheral,0.1288285255432129,input_peripheral
Custom Bangladeshi E-Waste Image Dataset for Objec/train/images/IMG_20250822_140005_jpg.rf.195b765a30d0cfd96916154243033d3e.jpg,Keyboard,input_peripheral,0,2,9,input_peripheral,0.14927399158477783,input_peripheral,input_peripheral,0.1908724308013916,input_peripheral,input_peripheral,0.1339312195777893,input_peripheral
Custom Bangladeshi E-Waste Image Dataset for Objec/train/images/IMG_20250822_140005_jpg.rf.34cbccf05c7d2c3210ae88cc32a7f1b2.jpg,Keyboard,input_peripheral,0,2,9,input_peripheral,0.15808117389678955,input_peripheral,input_peripheral,0.26302570104599,input_peripheral,input_peripheral,0.12898707389831543,input_peripheral
Custom Bangladeshi E-Waste Image Dataset for Objec/train/images/IMG_20250822_140005_jpg.rf.450043366d25170482adf2df1dd6d8ae.jpg,Keyboard,input_peripheral,0,2,9,input_peripheral,0.1443941593170166,input_peripheral,input_peripheral,0.21391528844833374,input_peripheral,input_peripheral,0.12706363201141357,input_peripheral
Custom Bangladeshi E-Waste Image Dataset for Objec/train/images/IMG_20250822_140011_jpg.rf.4ba817efa7531784cd457e7370eee615.jpg,Keyboard,input_peripheral,0,2,9,input_peripheral,0.16473466157913208,input_peripheral,input_peripheral,0.2704463601112366,input_peripheral,input_peripheral,0.14042681455612183,input_peripheral
Custom Bangladeshi E-Waste Image Dataset for Objec/train/images/IMG_20250822_140011_jpg.rf.80cf1016d9e81cc80f1b423f75dc363e.jpg,Keyboard,input_peripheral,0,2,9,input_peripheral,0.12647271156311035,input_peripheral,input_peripheral,0.1537674069404602,input_peripheral,input_peripheral,0.10669511556625366,input_peripheral
Custom Bangladeshi E-Waste Image Dataset for Objec/train/images/IMG_20250822_140011_jpg.rf.c87057932ae26d9b856788ef8b3956e1.jpg,Keyboard,input_peripheral,0,2,9,input_peripheral,0.13449448347091675,input_peripheral,input_peripheral,0.16416651010513306,input_peripheral,input_peripheral,0.120860755443573,input_peripheral
Custom Bangladeshi E-Waste Image Dataset for Objec/train/images/IMG_20250822_140129_jpg.rf.505bb3d99a26a207e71a195c5bf9ed82.jpg,Keyboard,input_peripheral,0,2,9,input_peripheral,0.1471373438835144,input_peripheral,input_peripheral,0.16287410259246826,input_peripheral,input_peripheral,0.13096308708190918,input_peripheral
Custom Bangladeshi E-Waste Image Dataset for Objec/train/images/IMG_20250822_140129_jpg.rf.dec69a666a20dc2067f260a86fef5c8e.jpg,Keyboard,input_peripheral,0,2,9,input_peripheral,0.15069085359573364,input_peripheral,input_peripheral,0.16827207803726196,input_peripheral,input_peripheral,0.13468116521835327,input_peripheral
Custom Bangladeshi E-Waste Image Dataset for Objec/train/images/IMG_20250822_140129_jpg.rf.ebabbd5f925b8274a50fc0c2c3ff279f.jpg,Keyboard,input_peripheral,0,2,9,input_peripheral,0.16744303703308105,input_peripheral,input_peripheral,0.1785508394241333,input_peripheral,input_peripheral,0.13483434915542603,input_peripheral
Custom Bangladeshi E-Waste Image Dataset for Objec/train/images/IMG_20250822_140202_jpg.rf.c0a630e65cc7b8642eff38483bc89ebc.jpg,Keyboard,input_peripheral,0,2,9,input_peripheral,0.1510569453239441,input_peripheral,input_peripheral,0.18327069282531738,input_peripheral,input_peripheral,0.12425500154495239,input_peripheral
Custom Bangladeshi E-Waste Image Dataset for Objec/train/images/IMG_20250822_140202_jpg.rf.d759572e9dd7370e19527cfe9802bd80.jpg,Keyboard,input_peripheral,0,2,9,input_peripheral,0.14734047651290894,input_peripheral,input_peripheral,0.1565496325492859,input_peripheral,input_peripheral,0.13023215532302856,input_peripheral
Custom Bangladeshi E-Waste Image Dataset for Objec/train/images/IMG_20250822_140202_jpg.rf.e796daa4eb60ba47be53f0d32ac84a45.jpg,Keyboard,input_peripheral,0,2,9,input_peripheral,0.15324842929840088,input_peripheral,input_peripheral,0.20239394903182983,input_peripheral,input_peripheral,0.12689310312271118,input_peripheral
Custom Bangladeshi E-Waste Image Dataset for Objec/train/images/IMG_20250822_140208_jpg.rf.56c420fec3a0651d4c6c50df49405659.jpg,Keyboard,input_peripheral,0,2,9,input_peripheral,0.2094721794128418,input_peripheral,input_peripheral,0.1723034381866455,input_peripheral,input_peripheral,0.1644371747970581,input_peripheral
Custom Bangladeshi E-Waste Image Dataset for Objec/train/images/IMG_20250822_140208_jpg.rf.7ce01b155d47798216aaebd83d3b1879.jpg,Keyboard,input_peripheral,0,2,9,input_peripheral,0.14294767379760742,input_peripheral,input_peripheral,0.13832753896713257,input_peripheral,input_peripheral,0.1298220157623291,input_peripheral
Custom Bangladeshi E-Waste Image Dataset for Objec/train/images/IMG_20250822_140208_jpg.rf.e99f9f8c7325cd974749b65b0198473f.jpg,Keyboard,input_peripheral,0,2,9,input_peripheral,0.17037981748580933,input_peripheral,input_peripheral,0.14865779876708984,input_peripheral,input_peripheral,0.1435452103614807,input_peripheral
Custom Bangladeshi E-Waste Image Dataset for Objec/train/images/IMG_20250822_140212_jpg.rf.0301ae90c82083c5bd7138fe4b15c596.jpg,Keyboard,input_peripheral,0,2,9,input_peripheral,0.17524564266204834,input_peripheral,input_peripheral,0.2154676914215088,input_peripheral,input_peripheral,0.14407485723495483,input_peripheral
Custom Bangladeshi E-Waste Image Dataset for Objec/train/images/IMG_20250822_140212_jpg.rf.05f9b5242fe29d37373d1d16ef831ed4.jpg,Keyboard,input_peripheral,0,2,9,input_peripheral,0.15618330240249634,input_peripheral,input_peripheral,0.23459875583648682,input_peripheral,input_peripheral,0.13560670614242554,input_peripheral
Custom Bangladeshi E-Waste Image Dataset for Objec/train/images/IMG_20250822_140212_jpg.rf.fb67ee0228e62c11d02b776fd9189b60.jpg,Keyboard,input_peripheral,0,2,9,input_peripheral,0.15983796119689941,input_peripheral,input_peripheral,0.19463974237442017,input_peripheral,input_peripheral,0.14609158039093018,input_peripheral
Custom Bangladeshi E-Waste Image Dataset for Objec/train/images/IMG_20250822_140213_jpg.rf.00a3618fa12ce90614ebe8f486a8d9f5.jpg,Keyboard,input_peripheral,0,2,9,input_peripheral,0.18744486570358276,input_peripheral,input_peripheral,0.27602022886276245,input_peripheral,input_peripheral,0.16567736864089966,input_peripheral
Custom Bangladeshi E-Waste Image Dataset for Objec/train/images/IMG_20250822_140213_jpg.rf.43c77f39ac1219a1ba0f0b24cc951baf.jpg,Keyboard,input_peripheral,0,2,9,input_peripheral,0.18253815174102783,input_peripheral,input_peripheral,0.25931215286254883,input_peripheral,input_peripheral,0.15259045362472534,input_peripheral
Custom Bangladeshi E-Waste Image Dataset for Objec/train/images/IMG_20250822_140213_jpg.rf.77476117d4d8887ab39102b5110ee86e.jpg,Keyboard,input_peripheral,0,2,9,input_peripheral,0.1656116247177124,input_peripheral,input_peripheral,0.22918391227722168,input_peripheral,input_peripheral,0.14790689945220947,input_peripheral
Custom Bangladeshi E-Waste Image Dataset for Objec/train/images/IMG_20250822_140214_jpg.rf.8b972f6e40c86bc90fb83bd116fc17aa.jpg,Keyboard,input_peripheral,0,2,9,input_peripheral,0.16097897291183472,input_peripheral,input_peripheral,0.22821825742721558,input_peripheral,input_peripheral,0.14133721590042114,input_peripheral
Custom Bangladeshi E-Waste Image Dataset for Objec/train/images/IMG_20250822_140214_jpg.rf.8dddbf74805927908a50b0038856927a.jpg,Keyboard,input_peripheral,0,2,9,input_peripheral,0.1853216290473938,input_peripheral,input_peripheral,0.18734759092330933,input_peripheral,input_peripheral,0.15431487560272217,input_peripheral
Custom Bangladeshi E-Waste Image Dataset for Objec/train/images/IMG_20250822_140214_jpg.rf.b5f702fcd1ac987b28b6aa3068cccb0b.jpg,Keyboard,input_peripheral,0,2,9,input_peripheral,0.27077943086624146,input_peripheral,input_peripheral,0.3983168601989746,input_peripheral,input_peripheral,0.24848312139511108,input_peripheral
Custom Bangladeshi E-Waste Image Dataset for Objec/train/images/IMG_20250822_140218_jpg.rf.62b8084437ec79482ea652792d8bd9a3.jpg,Keyboard,input_peripheral,0,2,9,input_peripheral,0.15013468265533447,input_peripheral,input_peripheral,0.19893395900726318,input_peripheral,input_peripheral,0.1283968687057495,input_peripheral
Custom Bangladeshi E-Waste Image Dataset for Objec/train/images/IMG_20250822_140218_jpg.rf.7a5ac6a375ef2a8546b3fbb42418377c.jpg,Keyboard,input_peripheral,0,2,9,input_peripheral,0.19778966903686523,input_peripheral,input_peripheral,0.26046013832092285,input_peripheral,input_peripheral,0.1680430769920349,input_peripheral
Custom Bangladeshi E-Waste Image Dataset for Objec/train/images/IMG_20250822_140218_jpg.rf.d10bf360ede53ae2e2cf370ab4292a79.jpg,Keyboard,input_peripheral,0,2,9,input_peripheral,0.15728193521499634,input_peripheral,input_peripheral,0.2008482813835144,input_peripheral,input_peripheral,0.1307198405265808,input_peripheral
Custom Bangladeshi E-Waste Image Dataset for Objec/train/images/IMG_20250822_140220_jpg.rf.01fed77ba94ca02e647f7279da326857.jpg,Keyboard,input_peripheral,0,2,9,input_peripheral,0.16315031051635742,input_peripheral,input_peripheral,0.17667657136917114,input_peripheral,input_peripheral,0.1345071792602539,input_peripheral
Custom Bangladeshi E-Waste Image Dataset for Objec/train/images/IMG_20250822_140220_jpg.rf.4766af5207c8659378563f9540ead3f3.jpg,Keyboard,input_peripheral,0,2,9,input_peripheral,0.1410030722618103,input_peripheral,input_peripheral,0.18075954914093018,input_peripheral,input_peripheral,0.12414908409118652,input_peripheral
Custom Bangladeshi E-Waste Image Dataset for Objec/train/images/IMG_20250822_140220_jpg.rf.98dba5b23e2ef3c72807ea20ecf0379a.jpg,Keyboard,input_peripheral,0,2,9,input_peripheral,0.19536399841308594,input_peripheral,input_peripheral,0.2742159366607666,input_peripheral,input_peripheral,0.15953737497329712,input_peripheral
Custom Bangladeshi E-Waste Image Dataset for Objec/train/images/IMG_20250822_140232_jpg.rf.72c3ae9ebcf86f7950084bdd83d2e204.jpg,Keyboard,input_peripheral,1,2,0,battery,0.7479549050331116,battery,input_peripheral,0.801474928855896,input_peripheral,battery,0.6958611011505127,battery
Custom Bangladeshi E-Waste Image Dataset for Objec/train/images/IMG_20250822_140232_jpg.rf.b8e6690e64e731dcec15bfaf3f89e96e.jpg,Keyboard,input_peripheral,1,2,0,battery,0.6925802230834961,battery,input_peripheral,0.7259844541549683,input_peripheral,battery,0.6510352492332458,battery
Custom Bangladeshi E-Waste Image Dataset for Objec/train/images/IMG_20250822_140232_jpg.rf.d848031ee798ec860d4d058368e0f3cd.jpg,Keyboard,input_peripheral,1,8,0,battery,0.7151567339897156,battery,unmapped,0.8052282929420471,battery,battery,0.6591079235076904,battery
Custom Bangladeshi E-Waste Image Dataset for Objec/train/images/IMG_20250822_140234_jpg.rf.453ac610042d83512884dd5332701e4f.jpg,Keyboard,input_peripheral,1,8,0,battery,0.6934390068054199,battery,unmapped,0.8107126951217651,battery,battery,0.641391396522522,battery
Custom Bangladeshi E-Waste Image Dataset for Objec/train/images/IMG_20250822_140234_jpg.rf.88dae280aec8c1d4c716fff1e5ca3208.jpg,Keyboard,input_peripheral,1,2,0,battery,0.701824426651001,battery,input_peripheral,0.6533808708190918,input_peripheral,battery,0.6550129652023315,battery
Custom Bangladeshi E-Waste Image Dataset for Objec/train/images/IMG_20250822_140234_jpg.rf.daccd92efd689843c59377e5bf6031ad.jpg,Keyboard,input_peripheral,1,2,0,battery,0.7358027100563049,battery,input_peripheral,0.6724129915237427,input_peripheral,battery,0.692484974861145,battery
Custom Bangladeshi E-Waste Image Dataset for Objec/train/images/IMG_20250822_140249_jpg.rf.623539e25bf2ca40f06554623a812fa7.jpg,Keyboard,input_peripheral,1,8,0,battery,0.6668862104415894,battery,unmapped,0.8212873339653015,input_peripheral,battery,0.6212384104728699,battery
Custom Bangladeshi E-Waste Image Dataset for Objec/train/images/IMG_20250822_140249_jpg.rf.c7e2d1e11dff8d2aaf6d7f16d8c2fc5a.jpg,Keyboard,input_peripheral,1,4,0,battery,0.6691240072250366,battery,battery,0.8360162973403931,battery,battery,0.6352761387825012,battery
Custom Bangladeshi E-Waste Image Dataset for Objec/train/images/IMG_20250822_140249_jpg.rf.f36aea7fc6e98756cafaafd65eac8d4e.jpg,Keyboard,input_peripheral,1,8,0,battery,0.6815639734268188,battery,unmapped,0.8097705245018005,battery,battery,0.6446660757064819,battery
Custom Bangladeshi E-Waste Image Dataset for Objec/train/images/IMG_20250822_140306_jpg.rf.2b65e0b906ae6e26b0fee4f478dae4d6.jpg,Keyboard,input_peripheral,0,2,9,input_peripheral,0.1633726954460144,input_peripheral,input_peripheral,0.26336079835891724,input_peripheral,input_peripheral,0.12383991479873657,input_peripheral
Custom Bangladeshi E-Waste Image Dataset for Objec/train/images/IMG_20250822_140306_jpg.rf.b35b7c9e54cb1b7e61e0829024a5b8e2.jpg,Keyboard,input_peripheral,0,2,9,input_peripheral,0.16626393795013428,input_peripheral,input_peripheral,0.23530054092407227,input_peripheral,input_peripheral,0.12037372589111328,input_peripheral
Custom Bangladeshi E-Waste Image Dataset for Objec/train/images/IMG_20250822_140306_jpg.rf.e9eeff6fe4aaf1a9adcfff0d62f15bc3.jpg,Keyboard,input_peripheral,0,2,9,input_peripheral,0.16936802864074707,input_peripheral,input_peripheral,0.22775799036026,input_peripheral,input_peripheral,0.13014590740203857,input_peripheral
Custom Bangladeshi E-Waste Image Dataset for Objec/train/images/IMG_20250822_140316_jpg.rf.2120c5421f7bc51322fc49657684b069.jpg,Keyboard,input_peripheral,0,2,9,input_peripheral,0.17956751585006714,input_peripheral,input_peripheral,0.275074303150177,input_peripheral,input_peripheral,0.15913301706314087,input_peripheral
Custom Bangladeshi E-Waste Image Dataset for Objec/train/images/IMG_20250822_140316_jpg.rf.3785eb131d82b0273dfe6659c62b0f5d.jpg,Keyboard,input_peripheral,0,2,9,input_peripheral,0.1492655873298645,input_peripheral,input_peripheral,0.19542652368545532,input_peripheral,input_peripheral,0.11726939678192139,input_peripheral
Custom Bangladeshi E-Waste Image Dataset for Objec/train/images/IMG_20250822_140316_jpg.rf.ee07999425e965357a1cf5a45b46d93f.jpg,Keyboard,input_peripheral,0,2,9,input_peripheral,0.16166037321090698,input_peripheral,input_peripheral,0.19038450717926025,input_peripheral,input_peripheral,0.1288779377937317,input_peripheral
Custom Bangladeshi E-Waste Image Dataset for Objec/train/images/IMG_20250822_140348_jpg.rf.0d4ffab7cac89217083f61c6a314e3a1.jpg,Mouse,input_peripheral,7,11,6,input_peripheral,0.13895529508590698,input_peripheral,input_peripheral,0.24955159425735474,input_peripheral,input_peripheral,0.10467547178268433,input_peripheral
Custom Bangladeshi E-Waste Image Dataset for Objec/train/images/IMG_20250822_140348_jpg.rf.b7c6805264b959f590bdcf75e79c9aec.jpg,Mouse,input_peripheral,7,11,6,input_peripheral,0.10857361555099487,input_peripheral,input_peripheral,0.14361411333084106,input_peripheral,input_peripheral,0.08046692609786987,input_peripheral
Custom Bangladeshi E-Waste Image Dataset for Objec/train/images/IMG_20250822_140348_jpg.rf.f4ef031e14d03c552307e10946b57fad.jpg,Mouse,input_peripheral,7,11,6,input_peripheral,0.15093231201171875,input_peripheral,input_peripheral,0.1905517578125,input_peripheral,input_peripheral,0.11254090070724487,input_peripheral
Custom Bangladeshi E-Waste Image Dataset for Objec/train/images/IMG_20250822_140357_jpg.rf.132d836a5146a45721d34a68723e7b97.jpg,Mouse,input_peripheral,7,11,6,input_peripheral,0.3212538957595825,input_peripheral,input_peripheral,0.27672702074050903,input_peripheral,input_peripheral,0.31121939420700073,input_peripheral
Custom Bangladeshi E-Waste Image Dataset for Objec/train/images/IMG_20250822_140357_jpg.rf.2b56fb3e17893ca8dd961ae1d89851ed.jpg,Mouse,input_peripheral,7,11,6,input_peripheral,0.23394298553466797,input_peripheral,input_peripheral,0.22655081748962402,input_peripheral,input_peripheral,0.24218976497650146,input_peripheral
Custom Bangladeshi E-Waste Image Dataset for Objec/train/images/IMG_20250822_140357_jpg.rf.cdc5b11e90cdf7087a79e06c53477378.jpg,Mouse,input_peripheral,7,11,6,input_peripheral,0.2649343013763428,input_peripheral,input_peripheral,0.23380744457244873,input_peripheral,input_peripheral,0.24446040391921997,input_peripheral
Custom Bangladeshi E-Waste Image Dataset for Objec/train/images/IMG_20250822_140407_jpg.rf.81ad563e6ed99b3f70bfd1ed79e8a054.jpg,Mouse,input_peripheral,7,11,6,input_peripheral,0.0856439471244812,input_peripheral,input_peripheral,0.0992082953453064,input_peripheral,input_peripheral,0.06278395652770996,input_peripheral
Custom Bangladeshi E-Waste Image Dataset for Objec/train/images/IMG_20250822_140407_jpg.rf.ab22ac301c256adb2a0b6119aafc0585.jpg,Mouse,input_peripheral,7,11,6,input_peripheral,0.17751741409301758,input_peripheral,input_peripheral,0.2115299105644226,input_peripheral,input_peripheral,0.13329970836639404,input_peripheral
Custom Bangladeshi E-Waste Image Dataset for Objec/train/images/IMG_20250822_140407_jpg.rf.b1392790d9f45f1a10e688ee57903042.jpg,Mouse,input_peripheral,7,11,6,input_peripheral,0.14170211553573608,input_peripheral,input_peripheral,0.2396675944328308,input_peripheral,input_peripheral,0.11875021457672119,input_peripheral
Custom Bangladeshi E-Waste Image Dataset for Objec/train/images/IMG_20250822_140408_jpg.rf.61f8634ee075628b4808de0f10f76426.jpg,Mouse,input_peripheral,7,11,6,input_peripheral,0.09368228912353516,input_peripheral,input_peripheral,0.10231447219848633,input_peripheral,input_peripheral,0.07018649578094482,input_peripheral
Custom Bangladeshi E-Waste Image Dataset for Objec/train/images/IMG_20250822_140408_jpg.rf.70a84bdd9725c8665b44d30389ee2e18.jpg,Mouse,input_peripheral,7,11,6,input_peripheral,0.1413276195526123,input_peripheral,input_peripheral,0.25588828325271606,input_peripheral,input_peripheral,0.10910588502883911,input_peripheral
Custom Bangladeshi E-Waste Image Dataset for Objec/train/images/IMG_20250822_140408_jpg.rf.7a389ee497d9c582d745d82c8b755209.jpg,Mouse,input_peripheral,7,11,6,input_peripheral,0.13036853075027466,input_peripheral,input_peripheral,0.2665124535560608,input_peripheral,input_peripheral,0.09901249408721924,input_peripheral
Custom Bangladeshi E-Waste Image Dataset for Objec/train/images/IMG_20250822_140423_jpg.rf.639d108ff90ef8fa1b3bf5479a0505f7.jpg,Mouse,input_peripheral,7,11,6,input_peripheral,0.16041713953018188,input_peripheral,input_peripheral,0.15104126930236816,input_peripheral,input_peripheral,0.128545880317688,input_peripheral
Custom Bangladeshi E-Waste Image Dataset for Objec/train/images/IMG_20250822_140423_jpg.rf.c9f979e6c17194879f56ff3f8991394e.jpg,Mouse,input_peripheral,7,11,6,input_peripheral,0.1296095848083496,input_peripheral,input_peripheral,0.15406543016433716,input_peripheral,input_peripheral,0.0963028073310852,input_peripheral
Custom Bangladeshi E-Waste Image Dataset for Objec/train/images/IMG_20250822_140423_jpg.rf.fa3f9dab56d32a5d61e5b3cf07d0fc92.jpg,Mouse,input_peripheral,7,11,6,input_peripheral,0.12030637264251709,input_peripheral,input_peripheral,0.10705667734146118,input_peripheral,input_peripheral,0.0974036455154419,input_peripheral
Custom Bangladeshi E-Waste Image Dataset for Objec/train/images/IMG_20250822_140425_jpg.rf.122c5ab7c7b343c2b5272baa83937f24.jpg,Mouse,input_peripheral,7,11,6,input_peripheral,0.14730966091156006,input_peripheral,input_peripheral,0.15059822797775269,input_peripheral,input_peripheral,0.10439783334732056,input_peripheral
Custom Bangladeshi E-Waste Image Dataset for Objec/train/images/IMG_20250822_140425_jpg.rf.97391f5895d34a4f6bb9d6d307cc0cf4.jpg,Mouse,input_peripheral,7,11,6,input_peripheral,0.12811952829360962,input_peripheral,input_peripheral,0.11203145980834961,input_peripheral,input_peripheral,0.10466420650482178,input_peripheral
Custom Bangladeshi E-Waste Image Dataset for Objec/train/images/IMG_20250822_140425_jpg.rf.a0d207aeca11bc4339893ccc30a7771b.jpg,Mouse,input_peripheral,7,11,6,input_peripheral,0.14647620916366577,input_peripheral,input_peripheral,0.13930422067642212,input_peripheral,input_peripheral,0.11212015151977539,input_peripheral
Custom Bangladeshi E-Waste Image Dataset for Objec/train/images/IMG_20250822_140430_jpg.rf.122afd8993d44c452a4724a71eac2411.jpg,Mouse,input_peripheral,7,11,6,input_peripheral,0.4669037461280823,input_peripheral,input_peripheral,0.5724999904632568,input_peripheral,input_peripheral,0.42966222763061523,input_peripheral
Custom Bangladeshi E-Waste Image Dataset for Objec/train/images/IMG_20250822_140430_jpg.rf.1308c21eeec2fc8e7a0277bd5c477b48.jpg,Mouse,input_peripheral,7,11,6,input_peripheral,0.5181571841239929,input_peripheral,input_peripheral,0.5042516589164734,input_peripheral,input_peripheral,0.48453986644744873,input_peripheral
Custom Bangladeshi E-Waste Image Dataset for Objec/train/images/IMG_20250822_140430_jpg.rf.6f1beccf547c0b9db05959b0a464af9a.jpg,Mouse,input_peripheral,7,11,6,input_peripheral,0.4647477865219116,input_peripheral,input_peripheral,0.6957073211669922,input_peripheral,input_peripheral,0.4498635530471802,input_peripheral
Custom Bangladeshi E-Waste Image Dataset for Objec/train/images/IMG_20250822_140441_jpg.rf.a6651450bb57c78f5c428aa6bdf77f7d.jpg,Mouse,input_peripheral,7,11,6,input_peripheral,0.1537676453590393,input_peripheral,input_peripheral,0.18488872051239014,input_peripheral,input_peripheral,0.11591345071792603,input_peripheral
Custom Bangladeshi E-Waste Image Dataset for Objec/train/images/IMG_20250822_140441_jpg.rf.bce3f04c7141da2e975b262fc1b112ef.jpg,Mouse,input_peripheral,7,11,6,input_peripheral,0.1264735460281372,input_peripheral,input_peripheral,0.19969141483306885,input_peripheral,input_peripheral,0.0844501256942749,input_peripheral
Custom Bangladeshi E-Waste Image Dataset for Objec/train/images/IMG_20250822_140441_jpg.rf.d99db4b2a0a71bfe4704ec865491339f.jpg,Mouse,input_peripheral,7,11,6,input_peripheral,0.10563904047012329,input_peripheral,input_peripheral,0.12639153003692627,input_peripheral,input_peripheral,0.06796962022781372,input_peripheral
Custom Bangladeshi E-Waste Image Dataset for Objec/train/images/IMG_20250822_14044_jpg.rf.b4b8c82e45e10713916c08bc18a2c10e.jpg,Mouse,input_peripheral,7,11,6,input_peripheral,0.10470277070999146,input_peripheral,input_peripheral,0.12523633241653442,input_peripheral,input_peripheral,0.07915312051773071,input_peripheral
Custom Bangladeshi E-Waste Image Dataset for Objec/train/images/IMG_20250822_14044_jpg.rf.f2b5966dbd0c3355be733bde15022758.jpg,Mouse,input_peripheral,7,11,6,input_peripheral,0.11177933216094971,input_peripheral,input_peripheral,0.13664191961288452,input_peripheral,input_peripheral,0.07004475593566895,input_peripheral
Custom Bangladeshi E-Waste Image Dataset for Objec/train/images/IMG_20250822_14044_jpg.rf.f7ef8539efc67a46d4c113425d562eb1.jpg,Mouse,input_peripheral,7,11,6,input_peripheral,0.15129393339157104,input_peripheral,input_peripheral,0.2054210901260376,input_peripheral,input_peripheral,0.10650652647018433,input_peripheral
Custom Bangladeshi E-Waste Image Dataset for Objec/train/images/IMG_20250822_1404_jpg.rf.2cd9837753ee6d0d88108a199e2accae.jpg,Mouse,input_peripheral,7,11,6,input_peripheral,0.13275235891342163,input_peripheral,input_peripheral,0.15853476524353027,input_peripheral,input_peripheral,0.09931576251983643,input_peripheral
Custom Bangladeshi E-Waste Image Dataset for Objec/train/images/IMG_20250822_1404_jpg.rf.3e7704b7dfc0571c15acb1edab6e1ddb.jpg,Mouse,input_peripheral,7,11,6,input_peripheral,0.10280311107635498,input_peripheral,input_peripheral,0.13876843452453613,input_peripheral,input_peripheral,0.06774604320526123,input_peripheral
Custom Bangladeshi E-Waste Image Dataset for Objec/train/images/IMG_20250822_1404_jpg.rf.f6eceaca7339451dedbca316a7efa85e.jpg,Mouse,input_peripheral,7,11,6,input_peripheral,0.11475712060928345,input_peripheral,input_peripheral,0.12542074918746948,input_peripheral,input_peripheral,0.07282477617263794,input_peripheral
Custom Bangladeshi E-Waste Image Dataset for Objec/train/images/IMG_20250822_231125_1_jpg.rf.055929b00c16ff17c6d4a49b7cef58a9.jpg,Battery Waste,battery,1,4,0,battery,0.4934893846511841,battery,battery,0.4328621029853821,battery,battery,0.4688507318496704,battery
Custom Bangladeshi E-Waste Image Dataset for Objec/train/images/IMG_20250822_231125_1_jpg.rf.24e5f0335754fa334350f28e5fc26691.jpg,Battery Waste,battery,1,4,0,battery,0.598565936088562,battery,battery,0.7912634015083313,battery,battery,0.6111632585525513,battery
Custom Bangladeshi E-Waste Image Dataset for Objec/train/images/IMG_20250822_231125_1_jpg.rf.51f8307cc11b5cddecd0ca3e02555e70.jpg,Battery Waste,battery,1,4,0,battery,0.6211872696876526,battery,battery,0.7338289618492126,battery,battery,0.6043974161148071,battery
Custom Bangladeshi E-Waste Image Dataset for Objec/train/images/IMG_20250822_231134_1_jpg.rf.19857d21bf15db9b7b5a3e2669c53f03.jpg,Battery Waste,battery,1,4,0,battery,0.45045530796051025,battery,battery,0.4093400835990906,battery,battery,0.4210594892501831,battery
Custom Bangladeshi E-Waste Image Dataset for Objec/train/images/IMG_20250822_231134_1_jpg.rf.3f4911838e7d399e2c29009938d92851.jpg,Battery Waste,battery,1,4,0,battery,0.48986750841140747,battery,battery,0.4597588777542114,battery,battery,0.47393369674682617,battery
Custom Bangladeshi E-Waste Image Dataset for Objec/train/images/IMG_20250822_231134_1_jpg.rf.82a4dc567acd78e78794d5bba1b3300a.jpg,Battery Waste,battery,1,4,0,battery,0.5152850151062012,battery,battery,0.4464261531829834,battery,battery,0.4680286645889282,battery
Custom Bangladeshi E-Waste Image Dataset for Objec/train/images/IMG_20250822_231135_1_jpg.rf.40d27b8048589bd7f6a91ff8c07f1d84.jpg,Battery Waste,battery,1,4,0,battery,0.4754810333251953,battery,battery,0.44185805320739746,battery,battery,0.451957643032074,battery
Custom Bangladeshi E-Waste Image Dataset for Objec/train/images/IMG_20250822_231135_1_jpg.rf.9c3779c2a1dd1c261e91e6a7e74a3e6b.jpg,Battery Waste,battery,1,4,0,battery,0.41940730810165405,battery,battery,0.406108558177948,battery,battery,0.4023209810256958,battery
Custom Bangladeshi E-Waste Image Dataset for Objec/train/images/IMG_20250822_231135_1_jpg.rf.d42078c33df83bcadfbe932693eb51fb.jpg,Battery Waste,battery,1,4,0,battery,0.5506078004837036,battery,battery,0.4391096830368042,battery,battery,0.530717134475708,battery
Custom Bangladeshi E-Waste Image Dataset for Objec/train/images/IMG_20250822_231136_jpg.rf.744ffa1266ae25359cf64542d5c6e0ef.jpg,Battery Waste,battery,1,4,0,battery,0.40196657180786133,battery,battery,0.38225919008255005,battery,battery,0.3793867230415344,battery
Custom Bangladeshi E-Waste Image Dataset for Objec/train/images/IMG_20250822_231136_jpg.rf.892f7aaf1ac6a2fe9c249f6744bb872e.jpg,Battery Waste,battery,1,4,0,battery,0.4470619559288025,battery,battery,0.411568820476532,battery,battery,0.42407435178756714,battery
Custom Bangladeshi E-Waste Image Dataset for Objec/train/images/IMG_20250822_231136_jpg.rf.facafbb903d0e49f4895b43e2448f178.jpg,Battery Waste,battery,1,4,0,battery,0.47230207920074463,battery,battery,0.41858547925949097,battery,battery,0.4412682056427002,battery
Custom Bangladeshi E-Waste Image Dataset for Objec/train/images/IMG_20250822_231137_jpg.rf.082d8b78b35dc56a1b88168f6e387d7d.jpg,Battery Waste,battery,1,4,0,battery,0.46135467290878296,battery,battery,0.47379112243652344,battery,battery,0.4315968155860901,battery
Custom Bangladeshi E-Waste Image Dataset for Objec/train/images/IMG_20250822_231137_jpg.rf.96ed63464751f15129b76e9093788b0a.jpg,Battery Waste,battery,1,4,0,battery,0.4841952323913574,battery,battery,0.5213260650634766,battery,battery,0.4552094340324402,battery
Custom Bangladeshi E-Waste Image Dataset for Objec/train/images/IMG_20250822_231137_jpg.rf.af50867b8ea72e358cc90be68f1b3739.jpg,Battery Waste,battery,1,4,0,battery,0.4164004921913147,battery,battery,0.4128330945968628,battery,battery,0.3943368196487427,battery
Custom Bangladeshi E-Waste Image Dataset for Objec/train/images/IMG_20250822_231138_1_jpg.rf.0ac4f5a7cb3daffeb355a4abc877a794.jpg,Battery Waste,battery,1,4,0,battery,0.47466278076171875,battery,battery,0.4510558247566223,battery,battery,0.44534003734588623,battery
Custom Bangladeshi E-Waste Image Dataset for Objec/train/images/IMG_20250822_231138_1_jpg.rf.3868dbe6e9b2118cafab7f0bd82fa478.jpg,Battery Waste,battery,1,4,0,battery,0.41191744804382324,battery,battery,0.3980296850204468,battery,battery,0.3925829529762268,battery
Custom Bangladeshi E-Waste Image Dataset for Objec/train/images/IMG_20250822_231138_1_jpg.rf.793734fc9cc4adbb935973beb2fd4034.jpg,Battery Waste,battery,1,4,0,battery,0.5170096158981323,battery,battery,0.40219712257385254,battery,battery,0.49142986536026,battery
Custom Bangladeshi E-Waste Image Dataset for Objec/train/images/IMG_20250822_231138_jpg.rf.0edbeb921cea2c27bf09a0a7aea04b04.jpg,Battery Waste,battery,1,4,0,battery,0.4147912859916687,battery,battery,0.3984556794166565,battery,battery,0.3936806917190552,battery
Custom Bangladeshi E-Waste Image Dataset for Objec/train/images/IMG_20250822_231138_jpg.rf.327c80badfebf025a88bbe352e1fd3cc.jpg,Battery Waste,battery,1,4,0,battery,0.4605572819709778,battery,battery,0.4452292323112488,battery,battery,0.4328123927116394,battery
Custom Bangladeshi E-Waste Image Dataset for Objec/train/images/IMG_20250822_231138_jpg.rf.c2066d8066e40dd14cf4c6af5b886414.jpg,Battery Waste,battery,1,4,0,battery,0.4838930368423462,battery,battery,0.4449959397315979,battery,battery,0.4553282856941223,battery
Custom Bangladeshi E-Waste Image Dataset for Objec/train/images/IMG_20250822_231153_1_jpg.rf.055d65f1f0714e9fda6d890f79bc15ab.jpg,Battery Waste,battery,1,3,0,battery,0.7214731574058533,battery,mobile,0.780703067779541,mobile,battery,0.701335608959198,battery
Custom Bangladeshi E-Waste Image Dataset for Objec/train/images/IMG_20250822_231153_1_jpg.rf.0ccc4241354b45d12d7828899bc92f05.jpg,Battery Waste,battery,1,4,0,battery,0.7325258255004883,battery,battery,0.8527650833129883,battery,battery,0.7218152284622192,battery
Custom Bangladeshi E-Waste Image Dataset for Objec/train/images/IMG_20250822_231153_1_jpg.rf.f19abd752876b09f640fce636287ab42.jpg,Battery Waste,battery,1,10,0,battery,0.7473199963569641,battery,pcb,0.8493518829345703,pcb,battery,0.7196569442749023,battery
Custom Bangladeshi E-Waste Image Dataset for Objec/train/images/IMG_20250822_231155_jpg.rf.504426a470f2b291095627bb367e7dad.jpg,Battery Waste,battery,1,8,0,battery,0.7630686163902283,battery,unmapped,0.8838367462158203,pcb,battery,0.7598879337310791,battery
Custom Bangladeshi E-Waste Image Dataset for Objec/train/images/IMG_20250822_231155_jpg.rf.656e96d585807828d9bd58402edf9500.jpg,Battery Waste,battery,1,3,0,battery,0.6894823312759399,battery,mobile,0.7844138145446777,mobile,battery,0.6756703853607178,battery
Custom Bangladeshi E-Waste Image Dataset for Objec/train/images/IMG_20250822_231155_jpg.rf.af8d1320d7a24080846ef501f2abf92c.jpg,Battery Waste,battery,1,8,0,battery,0.7495970129966736,battery,unmapped,0.8632506728172302,mobile,battery,0.7538955211639404,battery
Custom Bangladeshi E-Waste Image Dataset for Objec/train/images/IMG_20250822_231200_jpg.rf.0f6db813145281c72c353be21cbd72aa.jpg,Battery Waste,battery,1,4,0,battery,0.5819286108016968,battery,battery,0.7118641138076782,battery,battery,0.5671477317810059,battery
Custom Bangladeshi E-Waste Image Dataset for Objec/train/images/IMG_20250822_231200_jpg.rf.81019355e8515e8e16bfa79d6ab2b910.jpg,Battery Waste,battery,1,4,0,battery,0.5447627305984497,battery,battery,0.6467794179916382,battery,battery,0.5473601818084717,battery
Custom Bangladeshi E-Waste Image Dataset for Objec/train/images/IMG_20250822_231200_jpg.rf.ff53aaba394c0304da0a909829ab90c5.jpg,Battery Waste,battery,1,4,0,battery,0.5486612319946289,battery,battery,0.632817804813385,battery,battery,0.5386385917663574,battery
Custom Bangladeshi E-Waste Image Dataset for Objec/train/images/IMG_20250822_231202_jpg.rf.1763ce102999536a602ed04b81bf0435.jpg,Battery Waste,battery,1,4,0,battery,0.5713202953338623,battery,battery,0.7071927785873413,battery,battery,0.574653685092926,battery
Custom Bangladeshi E-Waste Image Dataset for Objec/train/images/IMG_20250822_231202_jpg.rf.9985948cecec55daa36ed7a5c51b5073.jpg,Battery Waste,battery,1,4,0,battery,0.5907630324363708,battery,battery,0.6234855651855469,battery,battery,0.5700147151947021,battery
Custom Bangladeshi E-Waste Image Dataset for Objec/train/images/IMG_20250822_231202_jpg.rf.f9ca8ef5be33db85e95f12d237090966.jpg,Battery Waste,battery,1,4,0,battery,0.5921288728713989,battery,battery,0.6055775284767151,battery,battery,0.568493127822876,battery
Custom Bangladeshi E-Waste Image Dataset for Objec/train/images/IMG_20250822_231209_jpg.rf.4c130981a9fbbd3987e2dd770795972d.jpg,Battery Waste,battery,1,4,0,battery,0.5574332475662231,battery,battery,0.8423703908920288,battery,battery,0.5783869028091431,battery
Custom Bangladeshi E-Waste Image Dataset for Objec/train/images/IMG_20250822_231209_jpg.rf.5fbcecd2f828c4d73be632426a997488.jpg,Battery Waste,battery,1,4,0,battery,0.557204008102417,battery,battery,0.8031463623046875,battery,battery,0.5639023780822754,battery
Custom Bangladeshi E-Waste Image Dataset for Objec/train/images/IMG_20250822_231209_jpg.rf.71062767ff841e54501edf3ddc7a9c7a.jpg,Battery Waste,battery,1,4,0,battery,0.5774316787719727,battery,battery,0.7844798564910889,battery,battery,0.5839930772781372,battery
Custom Bangladeshi E-Waste Image Dataset for Objec/train/images/IMG_20250822_231210_1_jpg.rf.7e7d56093797517d49417300b1eceb44.jpg,Battery Waste,battery,1,4,0,battery,0.6002587080001831,battery,battery,0.8249900341033936,battery,battery,0.5977922677993774,battery
Custom Bangladeshi E-Waste Image Dataset for Objec/train/images/IMG_20250822_231210_1_jpg.rf.b643e8ffe7294d17bcf888a766981b1a.jpg,Battery Waste,battery,1,4,0,battery,0.6219379901885986,battery,battery,0.8064970374107361,battery,battery,0.6189397573471069,battery
Custom Bangladeshi E-Waste Image Dataset for Objec/train/images/IMG_20250822_231210_1_jpg.rf.bf5f830d9485eb8d3bf5ca84d009a28d.jpg,Battery Waste,battery,1,4,0,battery,0.6011264324188232,battery,battery,0.8363131880760193,battery,battery,0.6072801351547241,battery
Custom Bangladeshi E-Waste Image Dataset for Objec/train/images/IMG_20250822_231219_jpg.rf.03d08967efba3804f23ba15aac3d4cca.jpg,Battery Waste,battery,1,4,0,battery,0.5295330286026001,battery,battery,0.5891627073287964,battery,battery,0.5056362152099609,battery
Custom Bangladeshi E-Waste Image Dataset for Objec/train/images/IMG_20250822_231219_jpg.rf.152f0425291ed55f66ec4bea49524c43.jpg,Battery Waste,battery,1,4,0,battery,0.6170058250427246,battery,battery,0.7052541375160217,battery,battery,0.5909850597381592,battery
Custom Bangladeshi E-Waste Image Dataset for Objec/train/images/IMG_20250822_231219_jpg.rf.392d276fdfc40327967ce3017eaf01ac.jpg,Battery Waste,battery,1,4,0,battery,0.5452470779418945,battery,battery,0.6743319034576416,battery,battery,0.5214247703552246,battery
Custom Bangladeshi E-Waste Image Dataset for Objec/train/images/IMG_20250822_231220_jpg.rf.2b36d46a7e22d101be3c9448b72ef6f1.jpg,Battery Waste,battery,1,4,0,battery,0.5143259763717651,battery,battery,0.5709285736083984,battery,battery,0.5015440583229065,battery
Custom Bangladeshi E-Waste Image Dataset for Objec/train/images/IMG_20250822_231220_jpg.rf.847cf565415d2346e0fabc16a3fb1f28.jpg,Battery Waste,battery,1,4,0,battery,0.48555266857147217,battery,battery,0.5692337155342102,battery,battery,0.4688500761985779,battery
Custom Bangladeshi E-Waste Image Dataset for Objec/train/images/IMG_20250822_231220_jpg.rf.9c02b05d7b7b49ba3c228d2dc9bf9b7e.jpg,Battery Waste,battery,1,4,0,battery,0.5970531702041626,battery,battery,0.4970196485519409,battery,battery,0.5499953031539917,battery
Custom Bangladeshi E-Waste Image Dataset for Objec/train/images/IMG_20250822_231222_jpg.rf.44ed716c90773067e2cf27b0d901024b.jpg,Battery Waste,battery,1,4,0,battery,0.4660702347755432,battery,battery,0.40207070112228394,battery,battery,0.43573498725891113,battery
Custom Bangladeshi E-Waste Image Dataset for Objec/train/images/IMG_20250822_231222_jpg.rf.6da281988f9a7ad6de6a237c773340b0.jpg,Battery Waste,battery,1,4,0,battery,0.49637770652770996,battery,battery,0.46020811796188354,battery,battery,0.4669967293739319,battery
Custom Bangladeshi E-Waste Image Dataset for Objec/train/images/IMG_20250822_231222_jpg.rf.a82c3365421ee2a0e83bc207acc9927d.jpg,Battery Waste,battery,1,4,0,battery,0.5314593315124512,battery,battery,0.5257176160812378,battery,battery,0.49501311779022217,battery
Custom Bangladeshi E-Waste Image Dataset for Objec/train/images/IMG_20250822_231226_jpg.rf.a384c4024b55ba7bf2eda542344eef69.jpg,Battery Waste,battery,1,4,0,battery,0.5124058127403259,battery,battery,0.8139207363128662,battery,battery,0.5026828050613403,battery
Custom Bangladeshi E-Waste Image Dataset for Objec/train/images/IMG_20250822_231226_jpg.rf.af949f552ee40abb9ba0d2ea22afdb16.jpg,Battery Waste,battery,1,4,0,battery,0.6337354183197021,battery,battery,0.8326518535614014,battery,battery,0.623921275138855,battery
Custom Bangladeshi E-Waste Image Dataset for Objec/train/images/IMG_20250822_231226_jpg.rf.f5c80448ec1e3edadd7fe58129065dd8.jpg,Battery Waste,battery,1,4,0,battery,0.5596812963485718,battery,battery,0.6703899502754211,battery,battery,0.5375338792800903,battery
Custom Bangladeshi E-Waste Image Dataset for Objec/train/images/IMG_20250822_231227_jpg.rf.03756de636cf7cc1ebd60892c444e82f.jpg,Battery Waste,battery,1,4,0,battery,0.5842499732971191,battery,battery,0.686281681060791,battery,battery,0.567456841468811,battery
Custom Bangladeshi E-Waste Image Dataset for Objec/train/images/IMG_20250822_231227_jpg.rf.8ff7f770de4f04e022e8f12c213838c1.jpg,Battery Waste,battery,1,4,0,battery,0.522179365158081,battery,battery,0.7307196855545044,battery,battery,0.5055127143859863,battery
Custom Bangladeshi E-Waste Image Dataset for Objec/train/images/IMG_20250822_231227_jpg.rf.e13a9b5400f8a9c58d97fea44a360ba9.jpg,Battery Waste,battery,1,4,0,battery,0.5915523767471313,battery,battery,0.7504989504814148,battery,battery,0.5817469358444214,battery
Custom Bangladeshi E-Waste Image Dataset for Objec/train/images/IMG_20250822_231229_jpg.rf.74aa09b68e143f0d05c0449cf7200946.jpg,Battery Waste,battery,1,4,0,battery,0.5695860981941223,battery,battery,0.726218581199646,battery,battery,0.5761803984642029,battery
Custom Bangladeshi E-Waste Image Dataset for Objec/train/images/IMG_20250822_231229_jpg.rf.9286a8bea2098e273163b8a58657f4c0.jpg,Battery Waste,battery,1,4,0,battery,0.5887284278869629,battery,battery,0.7799496650695801,battery,battery,0.5609769821166992,battery
Custom Bangladeshi E-Waste Image Dataset for Objec/train/images/IMG_20250822_231229_jpg.rf.e7e6036503debb760b34e87faa28dc66.jpg,Battery Waste,battery,1,4,0,battery,0.5012049078941345,battery,battery,0.6193487048149109,battery,battery,0.4752267003059387,battery
Custom Bangladeshi E-Waste Image Dataset for Objec/train/images/IMG_20250822_231239_1_jpg.rf.1b55959316611efa584bdc9a073bc60b.jpg,Battery Waste,battery,1,8,0,battery,0.8026382327079773,battery,unmapped,0.8233963847160339,pcb,battery,0.7961398959159851,battery
Custom Bangladeshi E-Waste Image Dataset for Objec/train/images/IMG_20250822_231239_1_jpg.rf.d7c89c449cafe2a0f21c3245793671f9.jpg,Battery Waste,battery,1,3,0,battery,0.7744727730751038,battery,mobile,0.8489300608634949,mobile,battery,0.7721320390701294,battery
Custom Bangladeshi E-Waste Image Dataset for Objec/train/images/IMG_20250822_231239_1_jpg.rf.ff7c20ffa1b97e6f85e4860b6c2eefbc.jpg,Battery Waste,battery,1,8,0,battery,0.8037552237510681,battery,unmapped,0.79535973072052,pcb,battery,0.8047106266021729,battery
Custom Bangladeshi E-Waste Image Dataset for Objec/train/images/IMG_20250822_231240_1_jpg.rf.29e3db85d081590d2c545b6a25bf448f.jpg,Battery Waste,battery,1,8,0,battery,0.786101758480072,battery,unmapped,0.8212571144104004,pcb,battery,0.7872990369796753,battery
Custom Bangladeshi E-Waste Image Dataset for Objec/train/images/IMG_20250822_231240_1_jpg.rf.4547dfb9464eb55f94020eafbe21c13f.jpg,Battery Waste,battery,1,3,0,battery,0.7627973556518555,battery,mobile,0.8548672795295715,mobile,battery,0.7564325928688049,battery
Custom Bangladeshi E-Waste Image Dataset for Objec/train/images/IMG_20250822_231240_1_jpg.rf.c599e12109d4ea69fd2c676c98f032ff.jpg,Battery Waste,battery,1,8,0,battery,0.8064144849777222,battery,unmapped,0.8394932746887207,pcb,battery,0.790886640548706,battery
Custom Bangladeshi E-Waste Image Dataset for Objec/train/images/IMG_20250822_231255_1_jpg.rf.5f530548951cb35377a1987db865ecc0.jpg,Battery Waste,battery,1,3,0,battery,0.7225199937820435,battery,mobile,0.8403046131134033,mobile,battery,0.714924693107605,battery
Custom Bangladeshi E-Waste Image Dataset for Objec/train/images/IMG_20250822_231255_1_jpg.rf.e32021e200cdfed4065135f35ee4bca8.jpg,Battery Waste,battery,8,10,0,pcb,0.7968589067459106,pcb,pcb,0.8365163803100586,pcb,battery,0.7789346575737,battery
Custom Bangladeshi E-Waste Image Dataset for Objec/train/images/IMG_20250822_231255_1_jpg.rf.e3ebfec65816d16aff257a0db04a3372.jpg,Battery Waste,battery,1,8,0,battery,0.7721556425094604,battery,unmapped,0.8661053776741028,pcb,battery,0.7546699047088623,battery
Custom Bangladeshi E-Waste Image Dataset for Objec/train/images/IMG_20250822_231255_jpg.rf.36ef9257a4993f8d263c5dd4cb7bf7f5.jpg,Battery Waste,battery,1,3,0,battery,0.7438896894454956,battery,mobile,0.842192530632019,mobile,battery,0.7382347583770752,battery
Custom Bangladeshi E-Waste Image Dataset for Objec/train/images/IMG_20250822_231255_jpg.rf.7c431d715c6666390961f2fd29ff327e.jpg,Battery Waste,battery,1,10,0,battery,0.8293704986572266,battery,pcb,0.860729992389679,pcb,battery,0.8124591112136841,battery
Custom Bangladeshi E-Waste Image Dataset for Objec/train/images/IMG_20250822_231255_jpg.rf.874ad060677087d05bc1987392adbfbb.jpg,Battery Waste,battery,1,8,0,battery,0.8116762042045593,battery,unmapped,0.8149254322052002,pcb,battery,0.7805056571960449,battery
Custom Bangladeshi E-Waste Image Dataset for Objec/train/images/IMG_20250822_231256_jpg.rf.77db81774004ef79c28d543c812b7e54.jpg,Battery Waste,battery,1,10,0,battery,0.744196891784668,battery,pcb,0.8634390830993652,pcb,battery,0.7455078363418579,battery
Custom Bangladeshi E-Waste Image Dataset for Objec/train/images/IMG_20250822_231256_jpg.rf.b5c48e1da6f07d1a4053ac81da1a3b2c.jpg,Battery Waste,battery,1,10,0,battery,0.7606319785118103,battery,pcb,0.8570992946624756,pcb,battery,0.7639274597167969,battery
Custom Bangladeshi E-Waste Image Dataset for Objec/train/images/IMG_20250822_231256_jpg.rf.eb79bcac78e20f8fb24d570dc248ba25.jpg,Battery Waste,battery,1,3,0,battery,0.7198495864868164,battery,mobile,0.8417632579803467,mobile,battery,0.7181177139282227,battery
Custom Bangladeshi E-Waste Image Dataset for Objec/train/images/IMG_20250822_231257_jpg.rf.2db20ee5a5e4fda240d26419f21c7ee8.jpg,Battery Waste,battery,1,4,0,battery,0.7185596823692322,battery,battery,0.8795406222343445,battery,battery,0.7172014713287354,battery
Custom Bangladeshi E-Waste Image Dataset for Objec/train/images/IMG_20250822_231257_jpg.rf.9f96d6100cf9c4dab496702706a56721.jpg,Battery Waste,battery,1,3,0,battery,0.7286306619644165,battery,mobile,0.8326049447059631,mobile,battery,0.7207068800926208,battery
Custom Bangladeshi E-Waste Image Dataset for Objec/train/images/IMG_20250822_231257_jpg.rf.faf456eebb5f026fde69eb667b9ae98e.jpg,Battery Waste,battery,1,8,0,battery,0.7461594343185425,battery,unmapped,0.8583978414535522,pcb,battery,0.7390665411949158,battery
Custom Bangladeshi E-Waste Image Dataset for Objec/valid/images/IMG_20250803_215603_jpg.rf.6e8709bdcb9736888dd7c4631b35debc.jpg,Battery Waste,battery,1,4,0,battery,0.6865140199661255,battery,battery,0.7386988997459412,battery,battery,0.6622376441955566,battery
Custom Bangladeshi E-Waste Image Dataset for Objec/valid/images/IMG_20250803_215638_jpg.rf.ba4f3127b341131ea269136e3d2b124e.jpg,Battery Waste,battery,1,4,0,battery,0.3783552050590515,battery,battery,0.37537097930908203,battery,battery,0.3832664489746094,battery
Custom Bangladeshi E-Waste Image Dataset for Objec/valid/images/IMG_20250803_215639_jpg.rf.fbe999007ecf4fd037195142c1702267.jpg,Battery Waste,battery,1,4,0,battery,0.37082505226135254,battery,battery,0.311575710773468,battery,battery,0.3641277551651001,battery
Custom Bangladeshi E-Waste Image Dataset for Objec/valid/images/IMG_20250803_215645_jpg.rf.e82c2404db3f48100de5904104aa16a5.jpg,Battery Waste,battery,1,4,0,battery,0.34827518463134766,battery,battery,0.27737152576446533,battery,battery,0.32866424322128296,battery
Custom Bangladeshi E-Waste Image Dataset for Objec/valid/images/IMG_20250803_215725_jpg.rf.7d5f701994ab8ce96ca5d49e1d276ee3.jpg,Battery Waste,battery,5,3,0,mobile,0.7692029476165771,mobile,mobile,0.851211667060852,mobile,battery,0.7789605259895325,battery
Custom Bangladeshi E-Waste Image Dataset for Objec/valid/images/IMG_20250803_215740_jpg.rf.758acdd6ad672a13af608eafffc805dd.jpg,Battery Waste,battery,5,3,0,mobile,0.7622731328010559,mobile,mobile,0.8159181475639343,mobile,battery,0.7809187173843384,battery
Custom Bangladeshi E-Waste Image Dataset for Objec/valid/images/IMG_20250803_215839_jpg.rf.d7dcc0724669b54ddb7d59f8c836ee98.jpg,Mouse,input_peripheral,7,11,6,input_peripheral,0.12677842378616333,input_peripheral,input_peripheral,0.19682925939559937,input_peripheral,input_peripheral,0.10981947183609009,input_peripheral
Custom Bangladeshi E-Waste Image Dataset for Objec/valid/images/IMG_20250803_215903_jpg.rf.f4d35f59677c39dc89f4ce0148aca47c.jpg,Mouse,input_peripheral,7,11,6,input_peripheral,0.0855487585067749,input_peripheral,input_peripheral,0.16207796335220337,input_peripheral,input_peripheral,0.05950427055358887,input_peripheral
Custom Bangladeshi E-Waste Image Dataset for Objec/valid/images/IMG_20250803_215916_jpg.rf.422a26ebcd2da19f8dbc2846c7a3bd6e.jpg,Mouse,input_peripheral,7,11,6,input_peripheral,0.17122870683670044,input_peripheral,input_peripheral,0.19168353080749512,input_peripheral,input_peripheral,0.17740315198898315,input_peripheral
Custom Bangladeshi E-Waste Image Dataset for Objec/valid/images/IMG_20250803_215921_jpg.rf.84e43de9ae7a629acd537e14400126c6.jpg,Mouse,input_peripheral,7,11,6,input_peripheral,0.19744747877120972,input_peripheral,input_peripheral,0.2584061622619629,input_peripheral,input_peripheral,0.1999855637550354,input_peripheral
Custom Bangladeshi E-Waste Image Dataset for Objec/valid/images/IMG_20250803_220024_jpg.rf.2fc166ace133b8664434156a034ba786.jpg,Mobile,mobile,5,3,5,mobile,0.4024147391319275,mobile,mobile,0.48734867572784424,mobile,mobile,0.3749486207962036,mobile
Custom Bangladeshi E-Waste Image Dataset for Objec/valid/images/IMG_20250803_220031_jpg.rf.980993866f095141d958d78983b61f11.jpg,Mobile,mobile,5,3,5,mobile,0.15721267461776733,mobile,mobile,0.14270824193954468,mobile,mobile,0.1640235185623169,mobile
Custom Bangladeshi E-Waste Image Dataset for Objec/valid/images/IMG_20250803_220037_jpg.rf.a1e1878bef855197a7260cca88694e51.jpg,Mobile,mobile,5,3,5,mobile,0.1391139030456543,mobile,mobile,0.1490933895111084,mobile,mobile,0.14642733335494995,mobile
Custom Bangladeshi E-Waste Image Dataset for Objec/valid/images/IMG_20250803_220117_jpg.rf.0594f79bcf0bff0635472395fec31752.jpg,Mobile,mobile,5,3,5,mobile,0.29044222831726074,mobile,mobile,0.4405755400657654,mobile,mobile,0.28467071056365967,mobile
Custom Bangladeshi E-Waste Image Dataset for Objec/valid/images/IMG_20250803_220119_jpg.rf.64e2198d7a2d24e7786b2bbc40de885d.jpg,Mobile,mobile,5,3,5,mobile,0.29039305448532104,mobile,mobile,0.2737607955932617,mobile,mobile,0.27715200185775757,mobile
Custom Bangladeshi E-Waste Image Dataset for Objec/valid/images/IMG_20250803_220126_jpg.rf.16a1c934ac06cbc5d2ee0f8b4c02e96b.jpg,Mobile,mobile,5,3,5,mobile,0.23054373264312744,mobile,mobile,0.2336152195930481,mobile,mobile,0.2245802879333496,mobile
Custom Bangladeshi E-Waste Image Dataset for Objec/valid/images/IMG_20250803_220127_jpg.rf.29454ccaf0bd8058e12a5925d3619982.jpg,Mobile,mobile,5,3,5,mobile,0.22630053758621216,mobile,mobile,0.21180802583694458,mobile,mobile,0.2252204418182373,mobile
Custom Bangladeshi E-Waste Image Dataset for Objec/valid/images/IMG_20250803_220148_jpg.rf.a4e62c59a53971b3d4a9abbcf8b459b1.jpg,Mobile,mobile,5,3,5,mobile,0.2773626446723938,mobile,mobile,0.29925644397735596,mobile,mobile,0.26302438974380493,mobile
Custom Bangladeshi E-Waste Image Dataset for Objec/valid/images/IMG_20250803_220149_jpg.rf.ea36148ba2419eaf41dc5822d2e5d88a.jpg,Mobile,mobile,5,3,5,mobile,0.2714882493019104,mobile,mobile,0.3100772500038147,mobile,mobile,0.26749956607818604,mobile
Custom Bangladeshi E-Waste Image Dataset for Objec/valid/images/IMG_20250803_220204_jpg.rf.bc112e5f5fe9cdef5d8d26d4e5954183.jpg,Mobile,mobile,5,3,5,mobile,0.30207502841949463,mobile,mobile,0.297204852104187,mobile,mobile,0.27781957387924194,mobile
Custom Bangladeshi E-Waste Image Dataset for Objec/valid/images/IMG_20250803_220206_jpg.rf.de998e9b904dcfe77468124a9e729352.jpg,Mobile,mobile,5,3,5,mobile,0.27303075790405273,mobile,mobile,0.25006067752838135,mobile,mobile,0.2692067623138428,mobile
Custom Bangladeshi E-Waste Image Dataset for Objec/valid/images/IMG_20250803_220227_jpg.rf.c42373ef7c64d08b36804cc7fcad4d15.jpg,Mobile,mobile,5,3,5,mobile,0.4191635251045227,mobile,mobile,0.5399132966995239,mobile,mobile,0.43214941024780273,mobile
Custom Bangladeshi E-Waste Image Dataset for Objec/valid/images/IMG_20250803_220313_jpg.rf.64f586e62091d23ee0746e2a666392b5.jpg,Battery Waste,battery,5,3,5,mobile,0.5141617059707642,mobile,mobile,0.6200761198997498,mobile,mobile,0.5213651657104492,mobile
Custom Bangladeshi E-Waste Image Dataset for Objec/valid/images/IMG_20250803_220320_1_jpg.rf.4004befc73e0f7a956fcd25d6de4037b.jpg,Battery Waste,battery,1,4,0,battery,0.31066393852233887,battery,battery,0.23060882091522217,battery,battery,0.30508387088775635,battery
Custom Bangladeshi E-Waste Image Dataset for Objec/valid/images/IMG_20250803_220322_jpg.rf.4ad5d2a122e2ec7a03c34971a4269fd9.jpg,Battery Waste,battery,1,4,0,battery,0.30362385511398315,battery,battery,0.1791200041770935,battery,battery,0.2929989695549011,battery
Custom Bangladeshi E-Waste Image Dataset for Objec/valid/images/IMG_20250803_220323_jpg.rf.dae4ff08759027feadbee436a4098da3.jpg,Battery Waste,battery,1,4,0,battery,0.3014858365058899,battery,battery,0.20539438724517822,battery,battery,0.30155038833618164,battery
Custom Bangladeshi E-Waste Image Dataset for Objec/valid/images/IMG_20250803_220348_jpg.rf.2f88a5bd0de4e00950763150d344a288.jpg,Mobile,mobile,5,3,5,mobile,0.3772702217102051,mobile,mobile,0.4639335870742798,mobile,mobile,0.3526145815849304,mobile
Custom Bangladeshi E-Waste Image Dataset for Objec/valid/images/IMG_20250803_220349_1_jpg.rf.c2488b27ffdb7b551091ec1aff857cce.jpg,Mobile,mobile,5,3,5,mobile,0.3891507387161255,mobile,mobile,0.41800910234451294,mobile,mobile,0.3762552738189697,mobile
Custom Bangladeshi E-Waste Image Dataset for Objec/valid/images/IMG_20250803_220349_jpg.rf.9a2cadc69014490f60e59e1826cdc947.jpg,Mobile,mobile,5,3,5,mobile,0.39589953422546387,mobile,mobile,0.44624513387680054,mobile,mobile,0.37988024950027466,mobile
Custom Bangladeshi E-Waste Image Dataset for Objec/valid/images/IMG_20250805_203322_jpg.rf.55299a747169161eadaecc211e423a31.jpg,Mobile,mobile,2,6,1,unmapped,0.6307407021522522,pcb,unmapped,0.7205841541290283,pcb,unmapped,0.7201182246208191,battery
Custom Bangladeshi E-Waste Image Dataset for Objec/valid/images/IMG_20250805_203327_jpg.rf.32be60b70e6f9a50917a48881f5ab85a.jpg,Mobile,mobile,2,6,1,unmapped,0.586754322052002,pcb,unmapped,0.6659188270568848,pcb,unmapped,0.6835073828697205,pcb
Custom Bangladeshi E-Waste Image Dataset for Objec/valid/images/IMG_20250805_203328_jpg.rf.593c94263769d9d875503af03e97d8f7.jpg,Mobile,mobile,2,6,1,unmapped,0.567814826965332,pcb,unmapped,0.6548178195953369,pcb,unmapped,0.6673130989074707,mobile
Custom Bangladeshi E-Waste Image Dataset for Objec/valid/images/IMG_20250805_203630_jpg.rf.625b50a472e14f385eb490d10fa695e9.jpg,PCB,pcb,2,6,12,unmapped,0.5309743881225586,pcb,unmapped,0.6799279451370239,pcb,pcb,0.5888497829437256,pcb
Custom Bangladeshi E-Waste Image Dataset for Objec/valid/images/IMG_20250805_203633_jpg.rf.27acce328d6706fec7feeea5d61d3d68.jpg,Battery Waste,battery,2,6,1,unmapped,0.5501266717910767,pcb,unmapped,0.6768327951431274,pcb,unmapped,0.630344033241272,pcb
Custom Bangladeshi E-Waste Image Dataset for Objec/valid/images/IMG_20250805_203634_jpg.rf.637eded8a427107899b3fb52ffa04675.jpg,PCB,pcb,2,6,12,unmapped,0.5312108993530273,pcb,unmapped,0.6723701357841492,pcb,pcb,0.603198230266571,pcb
Custom Bangladeshi E-Waste Image Dataset for Objec/valid/images/IMG_20250805_203705_jpg.rf.642a22214e79d33d0e20441afdd2b4ce.jpg,PCB,pcb,8,10,0,pcb,0.6696991324424744,pcb,pcb,0.5511741638183594,pcb,battery,0.6776663064956665,battery
Custom Bangladeshi E-Waste Image Dataset for Objec/valid/images/IMG_20250805_203803_jpg.rf.46ed623c40ba0974562c6bbf6953d2cf.jpg,Mobile,mobile,5,3,5,mobile,0.4832133650779724,mobile,mobile,0.5936546325683594,mobile,mobile,0.4721492528915405,mobile
Custom Bangladeshi E-Waste Image Dataset for Objec/valid/images/IMG_20250805_203812_jpg.rf.41c07d004c67e427803ca860bc03612b.jpg,Mobile,mobile,5,3,5,mobile,0.46913671493530273,mobile,mobile,0.6660429239273071,mobile,mobile,0.45453953742980957,mobile
Custom Bangladeshi E-Waste Image Dataset for Objec/valid/images/IMG_20250805_203847_jpg.rf.0b7b578193561a5e7b7297568d1862c0.jpg,Mobile,mobile,5,3,5,mobile,0.44459736347198486,mobile,mobile,0.5851593017578125,mobile,mobile,0.4488646388053894,mobile
Custom Bangladeshi E-Waste Image Dataset for Objec/valid/images/IMG_20250805_203851_jpg.rf.30549cb0368d0ebf082a10e12534ea69.jpg,Mobile,mobile,5,3,5,mobile,0.5733069181442261,mobile,mobile,0.7000373601913452,mobile,mobile,0.5971059799194336,mobile
Custom Bangladeshi E-Waste Image Dataset for Objec/valid/images/IMG_20250805_203852_jpg.rf.14242e22d41ed3ca487f99b193502f87.jpg,Mobile,mobile,5,4,5,mobile,0.586435079574585,mobile,battery,0.7264986038208008,battery,mobile,0.60848468542099,mobile
Custom Bangladeshi E-Waste Image Dataset for Objec/valid/images/IMG_20250805_203947_jpg.rf.d549f89d842b21852845f82bff9abb09.jpg,Mobile,mobile,5,3,5,mobile,0.49672752618789673,mobile,mobile,0.5332150459289551,mobile,mobile,0.4537694454193115,mobile
Custom Bangladeshi E-Waste Image Dataset for Objec/valid/images/IMG_20250805_203948_jpg.rf.dbcb8f50ff9c3d8ab30e1018b3995fa7.jpg,Mobile,mobile,5,3,5,mobile,0.505355715751648,mobile,mobile,0.5390686988830566,mobile,mobile,0.4676046371459961,mobile
Custom Bangladeshi E-Waste Image Dataset for Objec/valid/images/IMG_20250805_203949_jpg.rf.c78fa0f75f1aea8e269f90a2c79abeaa.jpg,Mobile,mobile,5,3,5,mobile,0.4993892312049866,mobile,mobile,0.5480170845985413,mobile,mobile,0.4581987261772156,mobile
Custom Bangladeshi E-Waste Image Dataset for Objec/valid/images/IMG_20250805_204853_jpg.rf.00d07d9974c2d7326107af752f44f6b3.jpg,Mouse,input_peripheral,7,11,6,input_peripheral,0.1318223476409912,input_peripheral,input_peripheral,0.19260400533676147,input_peripheral,input_peripheral,0.11067718267440796,input_peripheral
Custom Bangladeshi E-Waste Image Dataset for Objec/valid/images/IMG_20250805_204854_jpg.rf.33200c016aea8eb346be36b6e3165667.jpg,Mouse,input_peripheral,7,11,6,input_peripheral,0.14488816261291504,input_peripheral,input_peripheral,0.20531821250915527,input_peripheral,input_peripheral,0.12364506721496582,input_peripheral
Custom Bangladeshi E-Waste Image Dataset for Objec/valid/images/IMG_20250805_204903_jpg.rf.eb71917bed9892e488f346ccd5a20030.jpg,Mouse,input_peripheral,7,11,6,input_peripheral,0.4795771837234497,input_peripheral,input_peripheral,0.4720616340637207,input_peripheral,input_peripheral,0.5386829376220703,input_peripheral
Custom Bangladeshi E-Waste Image Dataset for Objec/valid/images/IMG_20250819_235838_jpg.rf.888e800191101bc3b7bdfffcb0475470.jpg,PCB,pcb,8,10,12,pcb,0.16411328315734863,pcb,pcb,0.19310802221298218,pcb,pcb,0.16508615016937256,pcb
Custom Bangladeshi E-Waste Image Dataset for Objec/valid/images/IMG_20250819_235842_1_jpg.rf.1fd64912fd4148466df103ed4f110adc.jpg,PCB,pcb,8,10,12,pcb,0.14372503757476807,pcb,pcb,0.1300484538078308,pcb,pcb,0.132540762424469,pcb
Custom Bangladeshi E-Waste Image Dataset for Objec/valid/images/IMG_20250819_235842_jpg.rf.a43af71c02ae1c645d1b315ad9980e9d.jpg,PCB,pcb,8,10,12,pcb,0.13704252243041992,pcb,pcb,0.12837111949920654,pcb,pcb,0.12869077920913696,pcb
Custom Bangladeshi E-Waste Image Dataset for Objec/valid/images/IMG_20250819_235843_jpg.rf.d882244b4742ce69e89e0f0c43b81ec7.jpg,PCB,pcb,8,10,12,pcb,0.13800549507141113,pcb,pcb,0.12693428993225098,pcb,pcb,0.1296951174736023,pcb
Custom Bangladeshi E-Waste Image Dataset for Objec/valid/images/IMG_20250819_235853_1_jpg.rf.ae6094b2a084ddac00441c8cf74ac624.jpg,PCB,pcb,8,10,12,pcb,0.21682268381118774,pcb,pcb,0.1686343550682068,pcb,pcb,0.2202298641204834,pcb
Custom Bangladeshi E-Waste Image Dataset for Objec/valid/images/IMG_20250819_235854_1_jpg.rf.c972ca1131e9d19f42d96feac39ee3ea.jpg,PCB,pcb,8,10,12,pcb,0.21252429485321045,pcb,pcb,0.17608511447906494,pcb,pcb,0.21015429496765137,pcb
Custom Bangladeshi E-Waste Image Dataset for Objec/valid/images/IMG_20250819_235855_jpg.rf.ec4e49eb3acae9ad6cf5993ae2a773e8.jpg,PCB,pcb,8,10,12,pcb,0.21966534852981567,pcb,pcb,0.16676020622253418,pcb,pcb,0.22008025646209717,pcb
Custom Bangladeshi E-Waste Image Dataset for Objec/valid/images/IMG_20250819_235901_1_jpg.rf.9ea5d881b87f497f931cf97313b89250.jpg,PCB,pcb,8,10,12,pcb,0.22938096523284912,pcb,pcb,0.18026822805404663,pcb,pcb,0.24581152200698853,pcb
Custom Bangladeshi E-Waste Image Dataset for Objec/valid/images/IMG_20250819_235902_jpg.rf.c861cb0db3eb318ae1c784dbfe49f3fb.jpg,PCB,pcb,8,10,12,pcb,0.23128950595855713,pcb,pcb,0.1893499493598938,pcb,pcb,0.251526415348053,pcb
Custom Bangladeshi E-Waste Image Dataset for Objec/valid/images/IMG_20250819_235905_jpg.rf.c4980a6578a9c42efa135812534e86e8.jpg,PCB,pcb,8,10,12,pcb,0.13186514377593994,pcb,pcb,0.15215641260147095,pcb,pcb,0.1317657232284546,pcb
Custom Bangladeshi E-Waste Image Dataset for Objec/valid/images/IMG_20250819_235908_1_jpg.rf.95f926adcf3efa512b4651b72a29d006.jpg,PCB,pcb,8,10,12,pcb,0.1349371075630188,pcb,pcb,0.14012539386749268,pcb,pcb,0.13218194246292114,pcb
Custom Bangladeshi E-Waste Image Dataset for Objec/valid/images/IMG_20250819_235908_jpg.rf.89fdef3b3a973def9c379873513bb364.jpg,PCB,pcb,8,10,12,pcb,0.13453668355941772,pcb,pcb,0.13666164875030518,pcb,pcb,0.1304073929786682,pcb
Custom Bangladeshi E-Waste Image Dataset for Objec/valid/images/IMG_20250819_235926_1_jpg.rf.7f3f4609c5055b0420445f0b330dbb3f.jpg,PCB,pcb,8,10,12,pcb,0.18370193243026733,pcb,pcb,0.16013067960739136,pcb,pcb,0.18349534273147583,pcb
Custom Bangladeshi E-Waste Image Dataset for Objec/valid/images/IMG_20250819_235927_jpg.rf.92ca28607d3583cbb4e47ac76d4d4979.jpg,PCB,pcb,8,10,12,pcb,0.18334758281707764,pcb,pcb,0.15795737504959106,pcb,pcb,0.18127506971359253,pcb
Custom Bangladeshi E-Waste Image Dataset for Objec/valid/images/IMG_20250819_235930_jpg.rf.d83c7b6eba6e84b684277de0e5deeeb4.jpg,PCB,pcb,8,10,12,pcb,0.1287887692451477,pcb,pcb,0.15055972337722778,pcb,pcb,0.12624210119247437,pcb
Custom Bangladeshi E-Waste Image Dataset for Objec/valid/images/IMG_20250819_235934_jpg.rf.2917ec33822c0e587ad4e50feba3a906.jpg,PCB,pcb,8,10,12,pcb,0.13320767879486084,pcb,pcb,0.15014326572418213,pcb,pcb,0.1353769302368164,pcb
Custom Bangladeshi E-Waste Image Dataset for Objec/valid/images/IMG_20250819_235939_jpg.rf.4a0359ba6a87efcdba7c3845a45e73cb.jpg,PCB,pcb,8,10,12,pcb,0.13865482807159424,pcb,pcb,0.12452840805053711,pcb,pcb,0.1289273500442505,pcb
Custom Bangladeshi E-Waste Image Dataset for Objec/valid/images/IMG_20250819_235953_jpg.rf.9187dfa4123f92bf96f0e4822508c0c8.jpg,PCB,pcb,8,10,12,pcb,0.20263195037841797,pcb,pcb,0.18148338794708252,pcb,pcb,0.2131475806236267,pcb
Custom Bangladeshi E-Waste Image Dataset for Objec/valid/images/IMG_20250820_000034_1_jpg.rf.97e381996a582bf25eccffc8a22ae7d6.jpg,PCB,pcb,8,10,12,pcb,0.2661304473876953,pcb,pcb,0.21715795993804932,pcb,pcb,0.2509858012199402,pcb
Custom Bangladeshi E-Waste Image Dataset for Objec/valid/images/IMG_20250820_000034_jpg.rf.970f72d7de714e380e2f8b49bce4b22a.jpg,PCB,pcb,8,10,12,pcb,0.28589433431625366,pcb,pcb,0.22346889972686768,pcb,pcb,0.2811771035194397,pcb
Custom Bangladeshi E-Waste Image Dataset for Objec/valid/images/IMG_20250820_000036_jpg.rf.29e8716903573c7a561d3ffa46d798ea.jpg,PCB,pcb,8,10,12,pcb,0.20947766304016113,pcb,pcb,0.18893611431121826,pcb,pcb,0.1871970295906067,pcb
Custom Bangladeshi E-Waste Image Dataset for Objec/valid/images/IMG_20250820_000100_jpg.rf.51dd1976b3d96637fa3ddfa23a9f1532.jpg,PCB,pcb,8,10,12,pcb,0.23136472702026367,pcb,pcb,0.21749120950698853,pcb,pcb,0.2109420895576477,pcb
Custom Bangladeshi E-Waste Image Dataset for Objec/valid/images/IMG_20250820_000135_jpg.rf.c544cb7ae163fca94462a5366dfbeb75.jpg,PCB,pcb,8,10,12,pcb,0.1629849076271057,pcb,pcb,0.14666926860809326,pcb,pcb,0.16866135597229004,pcb
Custom Bangladeshi E-Waste Image Dataset for Objec/valid/images/IMG_20250820_000156_jpg.rf.c869c224644d0a8d0fa0126eda24dda9.jpg,PCB,pcb,8,10,12,pcb,0.09687483310699463,pcb,pcb,0.140009343624115,pcb,pcb,0.09339487552642822,pcb
Custom Bangladeshi E-Waste Image Dataset for Objec/valid/images/IMG_20250820_000200_jpg.rf.c7a263db062da89abf39061e96a7de27.jpg,PCB,pcb,8,10,12,pcb,0.09596168994903564,pcb,pcb,0.14402151107788086,pcb,pcb,0.08396720886230469,pcb
Custom Bangladeshi E-Waste Image Dataset for Objec/valid/images/IMG_20250820_000210_1_jpg.rf.ff97d480f7938169ebf6b45ece2bf008.jpg,PCB,pcb,8,10,12,pcb,0.11516314744949341,pcb,pcb,0.1553717851638794,pcb,pcb,0.11736220121383667,pcb
Custom Bangladeshi E-Waste Image Dataset for Objec/valid/images/IMG_20250820_000214_jpg.rf.13a2967d666c5c11a5792b726b7c135a.jpg,PCB,pcb,8,10,12,pcb,0.07956141233444214,pcb,pcb,0.07988959550857544,pcb,pcb,0.0834314227104187,pcb
Custom Bangladeshi E-Waste Image Dataset for Objec/valid/images/IMG_20250822_135857_jpg.rf.203ff1d415de4f0edb8dd6bc5850cb1c.jpg,Keyboard,input_peripheral,0,2,9,input_peripheral,0.14409995079040527,input_peripheral,input_peripheral,0.16886061429977417,input_peripheral,input_peripheral,0.12132567167282104,input_peripheral
Custom Bangladeshi E-Waste Image Dataset for Objec/valid/images/IMG_20250822_135903_jpg.rf.a4113502495933e697f731c4c8f73979.jpg,Keyboard,input_peripheral,0,2,9,input_peripheral,0.15174973011016846,input_peripheral,input_peripheral,0.17934399843215942,input_peripheral,input_peripheral,0.12212938070297241,input_peripheral
Custom Bangladeshi E-Waste Image Dataset for Objec/valid/images/IMG_20250822_135905_jpg.rf.38ad275938f82a1a7dd66f5e6ea0abbc.jpg,Keyboard,input_peripheral,0,2,9,input_peripheral,0.15764492750167847,input_peripheral,input_peripheral,0.1884252429008484,input_peripheral,input_peripheral,0.12836962938308716,input_peripheral
Custom Bangladeshi E-Waste Image Dataset for Objec/valid/images/IMG_20250822_135913_1_jpg.rf.e523beb553e404e87d04d9f51fc707e6.jpg,Keyboard,input_peripheral,0,2,9,input_peripheral,0.17259681224822998,input_peripheral,input_peripheral,0.2263602614402771,input_peripheral,input_peripheral,0.14718711376190186,input_peripheral
Custom Bangladeshi E-Waste Image Dataset for Objec/valid/images/IMG_20250822_135916_jpg.rf.54e0cfb108f147792a3d93ccd555bd96.jpg,Keyboard,input_peripheral,0,2,9,input_peripheral,0.17259472608566284,input_peripheral,input_peripheral,0.2180042862892151,input_peripheral,input_peripheral,0.14905917644500732,input_peripheral
Custom Bangladeshi E-Waste Image Dataset for Objec/valid/images/IMG_20250822_135922_jpg.rf.c8af085579a9a9e77f321ea5cb54a42c.jpg,Keyboard,input_peripheral,8,10,12,pcb,0.6539844274520874,pcb,pcb,0.6597740650177002,pcb,pcb,0.6720185279846191,pcb
Custom Bangladeshi E-Waste Image Dataset for Objec/valid/images/IMG_20250822_135926_jpg.rf.aec0150c69b71db21d3875a85d27febe.jpg,Keyboard,input_peripheral,8,10,12,pcb,0.6206705570220947,pcb,pcb,0.6248248815536499,pcb,pcb,0.6392230987548828,pcb
Custom Bangladeshi E-Waste Image Dataset for Objec/valid/images/IMG_20250822_135928_jpg.rf.19a6acb4bf9635132865bde5ab1b90ce.jpg,Keyboard,input_peripheral,8,10,12,pcb,0.6199007034301758,pcb,pcb,0.6508246660232544,pcb,pcb,0.6361977458000183,pcb
Custom Bangladeshi E-Waste Image Dataset for Objec/valid/images/IMG_20250822_135943_jpg.rf.77556fead8d7f313c04b78a1c7ced099.jpg,Keyboard,input_peripheral,0,2,9,input_peripheral,0.15844768285751343,input_peripheral,input_peripheral,0.1829434037208557,input_peripheral,input_peripheral,0.13440465927124023,input_peripheral
Custom Bangladeshi E-Waste Image Dataset for Objec/valid/images/IMG_20250822_140003_1_jpg.rf.0e78a2a48ca922c8698712970b716051.jpg,Keyboard,input_peripheral,0,2,9,input_peripheral,0.15115928649902344,input_peripheral,input_peripheral,0.18771862983703613,input_peripheral,input_peripheral,0.13625574111938477,input_peripheral
Custom Bangladeshi E-Waste Image Dataset for Objec/valid/images/IMG_20250822_140200_jpg.rf.af2503a2670d2f94e469c0740775525b.jpg,Keyboard,input_peripheral,0,2,9,input_peripheral,0.14595526456832886,input_peripheral,input_peripheral,0.15168434381484985,input_peripheral,input_peripheral,0.13104897737503052,input_peripheral
Custom Bangladeshi E-Waste Image Dataset for Objec/valid/images/IMG_20250822_140206_jpg.rf.9a95dad9141a8c4d803a765ebc67123d.jpg,Keyboard,input_peripheral,0,2,9,input_peripheral,0.13828450441360474,input_peripheral,input_peripheral,0.166703462600708,input_peripheral,input_peripheral,0.12419241666793823,input_peripheral
Custom Bangladeshi E-Waste Image Dataset for Objec/valid/images/IMG_20250822_140209_jpg.rf.608de97ce5b2e1d47b651f54ad16e4e9.jpg,Keyboard,input_peripheral,0,2,9,input_peripheral,0.14000195264816284,input_peripheral,input_peripheral,0.13986927270889282,input_peripheral,input_peripheral,0.1266356110572815,input_peripheral
Custom Bangladeshi E-Waste Image Dataset for Objec/valid/images/IMG_20250822_140221_jpg.rf.fa562f352e53a236baf68ee2df8906c2.jpg,Keyboard,input_peripheral,0,2,9,input_peripheral,0.1445828676223755,input_peripheral,input_peripheral,0.18593937158584595,input_peripheral,input_peripheral,0.12738990783691406,input_peripheral
Custom Bangladeshi E-Waste Image Dataset for Objec/valid/images/IMG_20250822_140231_jpg.rf.45142812a6aa538af37f8cd70f09b99a.jpg,Keyboard,input_peripheral,1,2,0,battery,0.6760189533233643,battery,input_peripheral,0.7311255931854248,input_peripheral,battery,0.6294214725494385,battery
Custom Bangladeshi E-Waste Image Dataset for Objec/valid/images/IMG_20250822_140233_jpg.rf.2b75d6ba55115782567fe155a8719eb4.jpg,Keyboard,input_peripheral,1,2,0,battery,0.6970940232276917,battery,input_peripheral,0.6681059002876282,input_peripheral,battery,0.6565130949020386,battery
Custom Bangladeshi E-Waste Image Dataset for Objec/valid/images/IMG_20250822_140248_jpg.rf.961c47dc7a9179c5684484af5d6a9b4f.jpg,Keyboard,input_peripheral,1,4,0,battery,0.6641798615455627,battery,battery,0.8310647010803223,battery,battery,0.6284267902374268,battery
Custom Bangladeshi E-Waste Image Dataset for Objec/valid/images/IMG_20250822_140303_jpg.rf.68c84f598eda90d3ed815a15f1ac931e.jpg,Keyboard,input_peripheral,0,2,9,input_peripheral,0.167216956615448,input_peripheral,input_peripheral,0.21827614307403564,input_peripheral,input_peripheral,0.12698572874069214,input_peripheral
Custom Bangladeshi E-Waste Image Dataset for Objec/valid/images/IMG_20250822_140307_jpg.rf.2a87ece5d03144e4209ff05bb0e44ae4.jpg,Keyboard,input_peripheral,0,2,9,input_peripheral,0.17452472448349,input_peripheral,input_peripheral,0.24335229396820068,input_peripheral,input_peripheral,0.13092637062072754,input_peripheral
Custom Bangladeshi E-Waste Image Dataset for Objec/valid/images/IMG_20250822_140315_jpg.rf.e6810dc36be004b7118803ae8905dbd9.jpg,Keyboard,input_peripheral,0,2,9,input_peripheral,0.17283976078033447,input_peripheral,input_peripheral,0.2082626223564148,input_peripheral,input_peripheral,0.13883084058761597,input_peripheral
Custom Bangladeshi E-Waste Image Dataset for Objec/valid/images/IMG_20250822_140349_jpg.rf.6460419b61231e8fd594a77eb8f62b1a.jpg,Mouse,input_peripheral,7,11,6,input_peripheral,0.11832773685455322,input_peripheral,input_peripheral,0.15843993425369263,input_peripheral,input_peripheral,0.09516984224319458,input_peripheral
Custom Bangladeshi E-Waste Image Dataset for Objec/valid/images/IMG_20250822_140358_jpg.rf.c30ba2b8f50a8ba82dc91a6dc1df5dc0.jpg,Mouse,input_peripheral,7,11,6,input_peripheral,0.2542151212692261,input_peripheral,input_peripheral,0.21840393543243408,input_peripheral,input_peripheral,0.24182415008544922,input_peripheral
Custom Bangladeshi E-Waste Image Dataset for Objec/valid/images/IMG_20250822_140413_jpg.rf.73cf4af821a990defde96ed1db5c0d92.jpg,Mouse,input_peripheral,7,11,6,input_peripheral,0.35275667905807495,input_peripheral,input_peripheral,0.35223114490509033,input_peripheral,input_peripheral,0.3525017499923706,input_peripheral
Custom Bangladeshi E-Waste Image Dataset for Objec/valid/images/IMG_20250822_140415_jpg.rf.c9c893e4913eaf11e5f8216c8a12839b.jpg,Mouse,input_peripheral,7,11,6,input_peripheral,0.31187283992767334,input_peripheral,input_peripheral,0.4022740125656128,input_peripheral,input_peripheral,0.32759732007980347,input_peripheral
Custom Bangladeshi E-Waste Image Dataset for Objec/valid/images/IMG_20250822_140429_jpg.rf.5cdd4a2e6db7fcffa0b8ac686d2182fb.jpg,Mouse,input_peripheral,7,11,6,input_peripheral,0.47649258375167847,input_peripheral,input_peripheral,0.6935931444168091,input_peripheral,input_peripheral,0.47189950942993164,input_peripheral
Custom Bangladeshi E-Waste Image Dataset for Objec/valid/images/IMG_20250822_140438_jpg.rf.abf8602d67cb2faf0f4e87678daa3eae.jpg,Mouse,input_peripheral,7,11,6,input_peripheral,0.12807679176330566,input_peripheral,input_peripheral,0.14188385009765625,input_peripheral,input_peripheral,0.08585119247436523,input_peripheral
Custom Bangladeshi E-Waste Image Dataset for Objec/valid/images/IMG_20250822_231124_1_jpg.rf.15f6be87893a7f3e91d86d821962f40f.jpg,Battery Waste,battery,1,4,0,battery,0.5086613297462463,battery,battery,0.5562220811843872,battery,battery,0.5008054971694946,battery
Custom Bangladeshi E-Waste Image Dataset for Objec/valid/images/IMG_20250822_231125_jpg.rf.712cf5e8bb04d06029470cfebfd9db8a.jpg,Battery Waste,battery,1,4,0,battery,0.47400814294815063,battery,battery,0.419885516166687,battery,battery,0.45323508977890015,battery
Custom Bangladeshi E-Waste Image Dataset for Objec/valid/images/IMG_20250822_231134_jpg.rf.76bc5a7c35544dbfd4c168ab5ec537e3.jpg,Battery Waste,battery,1,4,0,battery,0.42562955617904663,battery,battery,0.42897623777389526,battery,battery,0.4091706871986389,battery
Custom Bangladeshi E-Waste Image Dataset for Objec/valid/images/IMG_20250822_231135_jpg.rf.5eab8abfbf6ce0006e47452bb4e351aa.jpg,Battery Waste,battery,1,4,0,battery,0.42827391624450684,battery,battery,0.41364407539367676,battery,battery,0.40763938426971436,battery
Custom Bangladeshi E-Waste Image Dataset for Objec/valid/images/IMG_20250822_231136_1_jpg.rf.dfd740b56687c8a262b0ca3521ea517e.jpg,Battery Waste,battery,1,4,0,battery,0.3889649510383606,battery,battery,0.4144638776779175,battery,battery,0.37658584117889404,battery
Custom Bangladeshi E-Waste Image Dataset for Objec/valid/images/IMG_20250822_231153_jpg.rf.c0581636936ffd3f551a62ae4e3aadb3.jpg,Battery Waste,battery,1,3,0,battery,0.6904586553573608,battery,mobile,0.7740830779075623,mobile,battery,0.6714333295822144,battery
Custom Bangladeshi E-Waste Image Dataset for Objec/valid/images/IMG_20250822_231201_1_jpg.rf.3ee4562ffda16d4de26bfe881d3c0a8b.jpg,Battery Waste,battery,1,4,0,battery,0.5741444826126099,battery,battery,0.8116108179092407,battery,battery,0.579730749130249,battery
Custom Bangladeshi E-Waste Image Dataset for Objec/valid/images/IMG_20250822_231201_jpg.rf.44bc2d8fc2946f343332124c030baa7e.jpg,Battery Waste,battery,1,4,0,battery,0.6049995422363281,battery,battery,0.7050840854644775,battery,battery,0.6064669489860535,battery
Custom Bangladeshi E-Waste Image Dataset for Objec/valid/images/IMG_20250822_231211_1_jpg.rf.81b7eb1b4bb750b87e50a18ac5a90583.jpg,Battery Waste,battery,1,4,0,battery,0.6076945066452026,battery,battery,0.840949296951294,battery,battery,0.6442321538925171,battery
Custom Bangladeshi E-Waste Image Dataset for Objec/valid/images/IMG_20250822_231220_1_jpg.rf.32d046cd028697cf3c99f250db87866d.jpg,Battery Waste,battery,1,4,0,battery,0.4750569462776184,battery,battery,0.4418788552284241,battery,battery,0.44692468643188477,battery
Custom Bangladeshi E-Waste Image Dataset for Objec/valid/images/IMG_20250822_231221_1_jpg.rf.187ee67700b833c74c2c876f9f8165c7.jpg,Battery Waste,battery,1,4,0,battery,0.4791244864463806,battery,battery,0.3780592083930969,battery,battery,0.44647568464279175,battery
Custom Bangladeshi E-Waste Image Dataset for Objec/valid/images/IMG_20250822_231238_1_jpg.rf.6b34d7600d1352cab6f4fa768e169697.jpg,Battery Waste,battery,1,3,0,battery,0.7839794158935547,battery,mobile,0.8557940721511841,mobile,battery,0.7813597917556763,battery
Custom Bangladeshi E-Waste Image Dataset for Objec/valid/images/IMG_20250822_231240_jpg.rf.0be8aa7a50a7759b7663c4d15fee22ee.jpg,Battery Waste,battery,1,3,0,battery,0.7730523347854614,battery,mobile,0.8554482460021973,mobile,battery,0.771416425704956,battery
Custom Bangladeshi E-Waste Image Dataset for Objec/valid/images/IMG_20250822_231241_jpg.rf.d6ccb4191c62c428828b1cebbd503123.jpg,Battery Waste,battery,1,3,0,battery,0.782648503780365,battery,mobile,0.8580111265182495,mobile,battery,0.7825394868850708,battery
Custom Bangladeshi E-Waste Image Dataset for Objec/valid/images/IMG_20250822_231254_jpg.rf.b3dfdd482b858b6fb25f930221870e93.jpg,Battery Waste,battery,1,3,0,battery,0.7369632720947266,battery,mobile,0.846695601940155,mobile,battery,0.7311034798622131,battery
